﻿<?xml version="1.0" encoding="UTF-8" standalone="yes"?>
<!-- edited with XMLSPY v2004 rel. 2 U (http://www.xmlspy.com) by Ed Beach (Firaxis Games) -->
<GameData>
	<BaseGameText>
		<Row Tag="LOC_CIVILIZATION_POLAND_NAME">
			<Text>Polonya</Text>
		</Row>
		<Row Tag="LOC_LEADER_JADWIGA_NAME">
			<Text>Jadwiga</Text>
		</Row>
		<Row Tag="LOC_TRAIT_CIVILIZATION_GOLDEN_LIBERTY_NAME">
			<Text>Altın Özgürlük</Text>
		</Row>
		<Row Tag="LOC_TRAIT_CIVILIZATION_GOLDEN_LIBERTY_DESCRIPTION">
			<Text>Dost bir arazide, Ordugah veya Kale tamamlanırken bitişik peteklere Kültürel Şok. Mevcut hükümetteki bir Askeri politika slotu, bir Joker Kart slotuna dönüştürülür.</Text>
		</Row>
		<Row Tag="LOC_TRAIT_LEADER_LITHUANIAN_UNION_NAME">
			<Text>Litvanya Birliği</Text>
		</Row>
		<Row Tag="LOC_TRAIT_LEADER_LITHUANIAN_UNION_DESCRIPTION">
			<Text>Polonya tarafından kurulan din, bitişik bir şehirde çoğunluk dini haline gelir ve Polonya kültür şoku ile arazi alanını kaybeder. Kutsal Siteler bitişik bölgelerden, standart inanç bitişiklik bonusu kazanır. Tüm Kutsal Emanetler, +2 İnanç, +2 Kültür ve +4 Altın sağlar.</Text>
		</Row>
		<Row Tag="LOC_TRAIT_LEADER_LITHUANIAN_UNION_ALT_DESCRIPTION">
			<Text>Polonya tarafından kurulan din, bitişik bir şehirde çoğunluk dini haline gelir ve Polonya kültür şoku ile arazi alanını kaybeder. Kutsal Siteler bitişik Ordugah bölgeleriden, standart inanç bitişiklik bonusu kazanır. Tüm Kutsal Emanetler, +2 İnanç, +2 Kültür ve +4 Altın sağlar.</Text>
		</Row>
		<Row Tag="LOC_BUILDING_SUKIENNICE_NAME">
			<Text>Kumaş Borsası</Text>
		</Row>
		<Row Tag="LOC_BUILDING_SUKIENNICE_DESCRIPTION">
			<Text>Polonya'ya özgü bir binadır. Bu şehirden hareket eden uluslararası [ICON_TradeRoute] Ticaret Yolları, +2 [ICON_Production] Üretim sağlar; yerel [ICON_TradeRoute] Ticaret Yolları, +4 [ICON_Gold] Altın sağlar.</Text>
		</Row>
		<Row Tag="LOC_UNIT_POLISH_HUSSAR_NAME">
			<Text>Kanatlı Hüssar</Text>
		</Row>
		<Row Tag="LOC_UNIT_POLISH_HUSSAR_DESCRIPTION">
			<Text>Polonya'nın eşsiz Ortaçağ birimi. Daha fazla hasar alan herhangi bir savaşta, Düşman birimlerini kendi bölgesinden savunmaya iter. Geri çekilemeyen savunmacılar ek zarar görür.</Text>
		</Row>
    <Row Tag="LOC_BUILDING_SUKIENNICE_EXPANSION1_DESCRIPTION">
      <Text>Polonya'ya özgü bir bina. Uluslararası [ICON_TradeRoute] Ticaret Bu şehirden gelen Rotalar +2 [ICON_Production] Üretim; yurt içi [ICON_TradeRoute] Ticaret Rotaları +4 [ICON_Gold] Gold kazanıyor. +1 [ICON_TradeRoute] Bu şehirde henüz Deniz Feneri binası bulunmuyorsa Ticaret Güzergah kapasitesi.</Text>
    </Row>
	</BaseGameText>
</GameData>
