﻿<?xml version="1.0" encoding="UTF-8" standalone="yes"?>
<!-- edited with XMLSPY v2004 rel. 2 U (http://www.xmlspy.com) by Ed Beach (Firaxis Games) -->
<GameData>
	<BaseGameText>
		<!-- Civ Info-->
		<Row Tag="LOC_CIVILIZATION_NUBIA_NAME">
			<Text>Nubia</Text>
		</Row>
		<Row Tag="LOC_TRAIT_CIVILIZATION_TA_SETI_NAME">
			<Text>Ta-Seti</Text>
		</Row>
		<Row Tag="LOC_TRAIT_CIVILIZATION_TA_SETI_DESCRIPTION">
			<Text>+%50 [ICON_Production] Değişken birimlere göre üretim. Tüm Ranged birimleri +%50 savaş tecrübesi kazanır. Stratejik kaynaklar üzerindeki mayınlar +1 [ICON_Production] Prodüksiyonu sağlıyor. Bonus ve lüks kaynaklar üzerindeki mayınlar +2 [ICON_Gold] Altın sağlar.</Text>
		</Row>
		<!-- Improvement Info-->
		<Row Tag="LOC_IMPROVEMENT_PYRAMID_NAME">
			<Text>Nubian Piramidi</Text>
		</Row>
		<Row Tag="LOC_IMPROVEMENT_PYRAMID_DESCRIPTION">
			<Text>Duvarcılık ile açılan ve Çöl, Çöl Tepeleri veya Taşkın Planları üzerine inşa edilmesi gereken iyileştirme. +1 [ICON_Faith] İnanç. Bitişik bölgelerden ek verimler alır. +1 [ICON_Food] Yemekler şehir merkezine bitişikse. Bitişik bonuslar veren tüm diğer bölgeler için: eğer bu bölge bitişik ise, uygun verimin +1'i.</Text>
		</Row>
		<!-- Leader Info-->
		<Row Tag="LOC_LEADER_AMANITORE_NAME">
			<Text>Amanitore</Text>
		</Row>
		<Row Tag="LOC_TRAIT_LEADER_KANDAKE_OF_MEROE_NAME">
			<Text>Meroy Kandake</Text>
		</Row>
		<Row Tag="LOC_TRAIT_LEADER_KANDAKE_OF_MEROE_DESCRIPTION">
			<Text>+%20 [ICON_Production] Şehir Merkezine bitişik bir Nubian Piramidi varsa, tüm bölgelere yönelik üretim +%40'a yükseliyor.</Text>
		</Row>
		<!-- Unit Info-->
		<Row Tag="LOC_UNIT_NUBIAN_PITATI_NAME">
			<Text>Pítati Okçu</Text>
		</Row>
		<Row Tag="LOC_UNIT_NUBIAN_PITATI_DESCRIPTION">
			<Text>Okçu yerini Nubian eşsiz Antik dönem birimi. Ekstra [ICON_Movement] Hareketi ile Okçu'dan daha güçlü. Tataryaylı'ya yükseltin.</Text>
		</Row>
		<Row Tag="LOC_ABILITY_NUBIA_RANGED_EXPERIENCE_MODIFIER_DESCRIPTION">
			<Text>+%50 Savaştan kazanılan deneyim. (Ta-Seti)</Text>
		</Row>
	</BaseGameText>
</GameData>
