﻿<?xml version="1.0" encoding="UTF-8" standalone="yes"?>
<GameData>
	<EnglishText>		
		<Row Tag="LOC_PEDIA_CIVILIZATIONS_PAGE_CIVILIZATION_NUBIA_CHAPTER_HISTORY_PARA_1">
			<Text>Kuzey Afrika'daki Nil Nehri'nin Büyük Kıvrımı boyunca yer alan Nubia, Nil Nehri'nin kaynağından Akdeniz'deki ağzına kadar uzanabilecek bir ticaret merkezi olan Kızıl Deniz ile Nil Deltası arasındaki geçit görevi gördü. Maalesef Nubia için, doğrudan Nubia’nın kuzeyine giden Mısırlıların başka fikirleri vardı. İki medeniyet, uzak ülkelerden gelen bir dizi işgalci rekabetlerini kalıcı olarak sona erene kadar, binlerce yıldır ihtiyatlı komşu, fatih ve vassal olarak rol alışverişinde bulunacaktı.</Text>
		</Row>
		<Row Tag="LOC_PEDIA_CIVILIZATIONS_PAGE_CIVILIZATION_NUBIA_CHAPTER_HISTORY_PARA_2">
			<Text>En eski Nubia medeniyeti bugün Sudan olanlarda başladı. Kerma şehir devleti, Nil'in Üçüncü Kataraktının hemen güneyinde bulunan bereketli bir havzada bulunuyordu. Kerma'nın Nil'in yanında ideal konumu onu karada olduğu kadar karada da erişilebilir bir ticaret merkezi haline getirdi. Abanoz ve altın gibi zengin maden varlıklarının keşfi ve kullanılması Kerma'nın yükselişini güçlendirdi. Ticaret zenginlik geldi ve bu zenginlik isteyenlerin baskınlarına neden oldu, ancak ticaretin onu elde etmenin yolu olduğuna tamamen ikna olmadı.</Text>
		</Row>
		<Row Tag="LOC_PEDIA_CIVILIZATIONS_PAGE_CIVILIZATION_NUBIA_CHAPTER_HISTORY_PARA_3">
			<Text>Kerma kentini ve rotalarını güçlendirdi, Nil boyunca etkisini müttefiki köyleri, kaleleri ve ticaret direklerine kadar neredeyse 800 mil (1287 km), yani İlk ila Beşinci Kataraktlar arasındaki mesafeye kadar etkiledi. O zamanlar, Mısır'ın büyüklüğü ve nüfuzu bakımından bir eşleşiyorlardı.</Text>
		</Row>
		<Row Tag="LOC_PEDIA_CIVILIZATIONS_PAGE_CIVILIZATION_NUBIA_CHAPTER_HISTORY_PARA_4">
			<Text>İkinci Binyıl'dan bu yana çok az Kerma hayatta kaldı. İnsanları yazılı bir dili olsaydı, kaybolmasından çok zaman geçti. Krallığın çoğu kaydı Mısır metinlerinde, özellikle de Nubian komşularıyla yapılan çeşitli küçük çatışmalardan kaynaklanmaktadır. Kerma'yı oldukça merkezi bir devlet olarak nitelendirdiler, ancak geniş bir bölgeyi yazılı bir dil olmadan yönetmek göz korkutucu bir iştir.</Text>
		</Row>
		<Row Tag="LOC_PEDIA_CIVILIZATIONS_PAGE_CIVILIZATION_NUBIA_CHAPTER_HISTORY_PARA_5">
			<Text>İkinci Binyıl'dan bu yana çok az Kerma hayatta kaldı. İnsanları yazılı bir dili olsaydı, kaybolmasından çok zaman geçti. Krallığın çoğu kaydı Mısır metinlerinde, özellikle de Nubian komşularıyla yapılan çeşitli küçük çatışmalardan kaynaklanmaktadır. Kerma'yı oldukça merkezi bir devlet olarak nitelendirdiler, ancak geniş bir bölgeyi yazılı bir dil olmadan yönetmek göz korkutucu bir iştir....</Text>
		</Row>
		<Row Tag="LOC_PEDIA_CIVILIZATIONS_PAGE_CIVILIZATION_NUBIA_CHAPTER_HISTORY_PARA_6">
			<Text>Kerma'nın gücü M.Ö. 1580'de zirvesine ulaştı, ancak Hyksos ile kötü niyetli bir ittifak nihai çöküşüne yol açtı. Hyksos, MÖ 17. yy'ın ortalarında Mısır'ın bazı bölgelerini ele geçiren doğudaki işgalcilerdi, ancak isyancı bir nüfus ve Thebes merkezli bir Mısır hanedanı için büyük zorluklar yaşadı. Kerma geriye kalanları oymaya çalıştı, bir keresinde de Mısır'ı ezip geçti.</Text>
		</Row>
		<Row Tag="LOC_PEDIA_CIVILIZATIONS_PAGE_CIVILIZATION_NUBIA_CHAPTER_HISTORY_PARA_7">
			<Text>Neredeyse işe yaradı. Kerma, otuz yıl boyunca, Mısır nihayet devrilinceye ve Hyksos tahakkümlerini sona erdirinceye kadar kendileri için dini ve kültürel eserler alarak Mısır topraklarına girdi. O kadar geniş ve acı verici ki Kerma'nın işgali, Mısırlıların daha sonra tüm kayıtlarını ve Hyksos'un “15. Hanedanlığı” ndan söz etmesini istedi. Yapamadıkları şey, Kerma'daki birikmiş Mısır hazinesini silmekti.</Text>
		</Row>
		<Row Tag="LOC_PEDIA_CIVILIZATIONS_PAGE_CIVILIZATION_NUBIA_CHAPTER_HISTORY_PARA_8">
			<Text>Yine de firavunlar aşağılanmalarını hatırladılar. Thutmosis bir asır sonra Kerma şehrini ele geçirdiğinde ödedim. Ardılı Thutmosis III, daha sonra Jebel Barkal dağı ve yakındaki Napata kenti olan Mısır'ın güney sınırını ilan eden Nubya topraklarına daha da itti.</Text>
		</Row>
		<Row Tag="LOC_PEDIA_CIVILIZATIONS_PAGE_CIVILIZATION_NUBIA_CHAPTER_HISTORY_PARA_9">
			<Text>Nubia, Mısır yönetimi altında yaklaşık dört yüzyıl geçirdi. Elbette pek çok isyan vardı, ama zaman geçtikçe Nubian ve Mısır kültürleri birbirine karışmıştı. Kerma soldu ve sadık Nubia eyaleti sonunda Mısır'ın altının kaynağı, Kızıldeniz'e olan yolu ve okçuları - şimdi Mısır'ın düşmanları tarafından korktular.</Text>
		</Row>
		<Row Tag="LOC_PEDIA_CIVILIZATIONS_PAGE_CIVILIZATION_NUBIA_CHAPTER_HISTORY_PARA_10">
			<Text>10. YY'da Mısır'ın Akdeniz meselelerine odaklanması (ve ardından Mısır'ın Yeni Krallığının çöküşü) Nubia'yı kendi işlerine bıraktı. Yavaş yavaş, önümüzdeki birkaç yüzyıl boyunca, Kush Krallığı, Libyalı prenslerin aşırı genişletilmiş bir Mısır'ı bastırmasıyla öne çıktı.</Text>
		</Row>
		<Row Tag="LOC_PEDIA_CIVILIZATIONS_PAGE_CIVILIZATION_NUBIA_CHAPTER_HISTORY_PARA_11">
			<Text>Garip bir kader saptamasında, Kushite Kralı Piye, Jebel Barkal'daki tapınağını Mısır firavunu Thutmosis III tarafından Libya ara yüzlerinden kurtarmak için Mısır firavunu Thutmosis tarafından yaptırılan bir Mısır tanrısı olan ilahi görevi ilan etti. Ve bununla, Nubian kralı, Nil Deltası'nın kontrolünü ele geçirdi, 25. Hanedanı kurdu ve Mısır'ı eski ihtişamına geri getirmeye çalıştı.</Text>
		</Row>
		<Row Tag="LOC_PEDIA_CIVILIZATIONS_PAGE_CIVILIZATION_NUBIA_CHAPTER_HISTORY_PARA_12">
			<Text>Bir süre için oldu. Piye ve halefleri, uzun zamandan beri dış kontrol altında kaybedilen anıtları, tapınakları ve kamu eserlerini yeniden inşa etmeyi bir öncelik haline getirdi. Mısır kültürünün bu yeniden canlandırılması 25. Hanedan’ın en büyük başarısıydı - ama uzun sürmedi.</Text>
		</Row>
		<Row Tag="LOC_PEDIA_CIVILIZATIONS_PAGE_CIVILIZATION_NUBIA_CHAPTER_HISTORY_PARA_13">
			<Text>Eşekarısı yuvası ne kadar küçük olursa olsun, hızlı bir vuruş yapmak nadiren iyi bir fikirdir. Bu ders, etkisini Yakın Doğu’ya genişletmek isteyen 25. Hanedan’ın birçok firavunda kaybedilmiştir. Bu onları Yakın Doğu'yu felaketleri olarak kabul eden güçlü Neo-Asur İmparatorluğu ile çatışmaya soktu. (Piye’nin, Kenan’ın Neo-Asur’lu üst düzey taşkınlara karşı isyanını desteklemesi sorunlara yardımcı olmadı.) Neo-Asur’un Kralı Esarhaddon, MÖ 674’te Mısır’ı istila ettiğinde konumunu açıkça ortaya koydu. Üç kısa yıl içinde işgalciler 25. Hanedanlığı sürerek Nubia’nın imparatorluğuyla flörtlerine kalıcı olarak son verdiler.</Text>
		</Row>
		<Row Tag="LOC_PEDIA_CIVILIZATIONS_PAGE_CIVILIZATION_NUBIA_CHAPTER_HISTORY_PARA_14">
			<Text>Nubia’nın Mısır’dan çekilmesi nihayetinde kendi lehine sonuçlandı - Neo-Asur’un örneğinden sonra, diğer Akdeniz güçleri Mısır’ı çekiciliği için cazip bir aday bulacaktı. Nubia’nın başkentinin Napata’dan daha uzak Meroe’ye ihtiyatlı bir şekilde yeniden konumlandırılması, Kızıldeniz’deki Yunan tüccarlarına daha sonra Nil’in ticaretinden çok daha kazançlı bir şekilde erişim sağladı. Ayrıca kuzeyden yapılan istilaları caydırdı - ne Persia, Makedon ne de Ptolemaik Mısır, Kush Meroitik Krallığı'na ulaşmak için ciddi bir çaba sarf etti.</Text>
		</Row>
		<Row Tag="LOC_PEDIA_CIVILIZATIONS_PAGE_CIVILIZATION_NUBIA_CHAPTER_HISTORY_PARA_15">
			<Text>Sonra, M.Ö. 25 yılında, Nubia, Roma’yı mahvetti. Roma generali Petronius, Nubia’nın tek gözlü Kandake’sı (veya “kraliçesi”) Amanirenas’la arka arkaya çarptı. Roma kuvvetleri Napata'yı görevden alıp Amun Tapınağı'nı yerle bir ettikten sonra Amanirenas’ın direnişi, Petronius’u barışın fetihten daha elverişli olduğuna ikna edecek kadar sertti. Augustus Sezar, Kush ile Nubia için şaşırtıcı bir şekilde elverişli olan ve onları eski bir savaşçı yerine arkadaş canlısı bir koruyucu olarak gören bir barış anlaşması imzaladı.</Text>
		</Row>
		<Row Tag="LOC_PEDIA_CIVILIZATIONS_PAGE_CIVILIZATION_NUBIA_CHAPTER_HISTORY_PARA_16">
			<Text>Bu yıkım dönemini takiben, Kandake Amanitore tarafından M.Ö. başlayan (hikayesi başka yerlerde ayrıntılı olarak açıklanmıştır), Roma yıkımının ardından Meroitik inşaatçıların şafağı geldi. Bu yeniden inşası, Beja hanedanının kuzeydoğusundaki 1. Yüzyılda Meroe'yi ele geçirmesiyle sona erdi. Beja'nın Nubia'yı genişletme girişimlerine rağmen, iç isyan ve Aksum Krallığı ile çatışması nihai ve kalıcı fetihlerine yol açtı.</Text>
		</Row>
		<Row Tag="LOC_PEDIA_LEADERS_PAGE_LEADER_AMANITORE_QUOTE">
			<Text>Arazinin ne yapmadığını sağlayın. Halkınız bunun için sizi sevecek.</Text>
		</Row>
		<Row Tag="LOC_PEDIA_LEADERS_PAGE_LEADER_AMANITORE_CHAPTER_HISTORY_PARA_1">
			<Text>Kandake Amanitore, dönemin başlangıcında Nubia'ya hükmetti. Düşmanları tarafından korkulan ve halkı tarafından sevilen güçlü bir kraliçe, Kush Krallığının en büyük inşaatçılarından biriydi. Amanitore, bir karışıklık döneminin ardından Yay Ülkesini restore etti. Onun yönetimi uzun sürdü ve çalışmaları sürüyordu.</Text>
		</Row>
		<Row Tag="LOC_PEDIA_LEADERS_PAGE_LEADER_AMANITORE_CHAPTER_HISTORY_PARA_2">
			<Text>En azından tarihçilerin bir araya getirdiği şey buydu. İki bin yıl ve bir ölü dil daha sonra, Amanitore'nin elinde kayan yazı veya diğer belgeler şeklinde yazılı bir kayıt kalmadı. Geride kalan, geride bıraktığı binaların taşlarına oyulmuştur.</Text>
		</Row>
		<Row Tag="LOC_PEDIA_LEADERS_PAGE_LEADER_AMANITORE_CHAPTER_HISTORY_PARA_3">
			<Text>Amanitore'nin hayatının en iğrenç yönü, kraliçe olmadan önceki kişiydi. Gerçekten onun kişiliği bir şifredir. Sadece yorumlayabiliriz. Kandake'nin soyut bir tasviri, zaten boyun eğmiş düşmanlarını acımasızca öldürdüğünü gösteriyor. Asilerin infaz edilmesini emrettiği veya devletin düşmanı olacaklara karşı haklı intikamını ilan eden propaganda mıydı?</Text>
		</Row>
		<Row Tag="LOC_PEDIA_LEADERS_PAGE_LEADER_AMANITORE_CHAPTER_HISTORY_PARA_4">
			<Text>O zaman bile, kraliçe olarak asıl rolünü bulmak zor. Eş-yönetmeni Natakamani'nin çakışan hesapları, neyse ki asla ikisine de olmasa da, onu kocası ya da oğlu olarak gösteriyor. Ayrıca, Amanitore, kayınvalidesi (Natakamani, Amanitore'nin kocasıysa), gerçek annesi (Natakamani, Amanitore'nin oğluysa) veya zaman kaybettiği başka bir ilişki biçimi olan Kandake Amanishakheto'yu başardı.</Text>
		</Row>
		<Row Tag="LOC_PEDIA_LEADERS_PAGE_LEADER_AMANITORE_CHAPTER_HISTORY_PARA_5">
			<Text>Amanitore'nin soyunun bulanık detayları, sahip olduğu rolden daha az önemlidir. Romalıların dediği gibi “kandake” ya da “candace”, kabaca “kraliçe-anne” anlamına gelir, ancak iktidarı elinde bulundurmak için çok genç bir varis adına hükmetti. Bunun yerine, kandaklar, koca konsorsiyumlarla veya krallarla birlikte bir kooperatiflik şeklinde hüküm süren bağımsız kraliçelerdi.</Text>
		</Row>
		<Row Tag="LOC_PEDIA_LEADERS_PAGE_LEADER_AMANITORE_CHAPTER_HISTORY_PARA_6">
			<Text>Amanitore'nin saltanatı ikinci şekli aldı, Natakamani ile eşit olarak. Kraliçe olmadan önce hayatının herhangi bir yönü hakkında yetersiz bilgi var (BCE yaklaşık 1). Yine de, anıtlar her iki eş-yöneticiyi de yetişkin olarak tasvir eder, bu nedenle yönetimi başlamış olduğu zaman en büyük olasılıktaydı. Aslında, Amanitore ve Natakamani tasvirleri kasıtlı olarak ikisini, özellikle zaman için nadir görülen dini yapılarda eşdeğer olarak sunar.</Text>
		</Row>
		<Row Tag="LOC_PEDIA_LEADERS_PAGE_LEADER_AMANITORE_CHAPTER_HISTORY_PARA_7">
			<Text>Mısır ile Nubia ile dostane şartlarda bir Roma saldırısı ve Roma, hiçbir bölgesel çatışma Amanitore'nin saltanatını tehdit etmedi. Nispeten barışçıl zaman ve işbirlikçi ortak yönetim özerkliği Amanitore'nin mirasının ne olacağını takip etmesini sağladı - Meroitik krallığa büyük refah getiren geniş bir inşaat dönemi. Eserleri arasında, Nubia piramitleri ve mezarlarının yapımı, Amun'un Meroe'deki tapınağının restorasyonu ve başkentin yakınındaki rezervuarlar gibi altyapı projeleri yer aldı.</Text>
		</Row>
		<Row Tag="LOC_PEDIA_LEADERS_PAGE_LEADER_AMANITORE_CHAPTER_HISTORY_PARA_8">
			<Text>Amanitore, Napata'daki Amun tapınağını da inşa etti - Roma işgalcilerinin sadece yirmi yıl önce yıktıkları aynı tapınak. Amanitore’nin adı Amun tanrısının adını içerdiğinden, restorasyonunun meşgul kraliçe için bir gurur kaynağı olduğunu varsaymak makul olur. Gerçekten de, çabaları Jebel Barkal'ın en azından eski ihtişamının bir kısmını elde etmesine yardım etti.</Text>
		</Row>
		<Row Tag="LOC_PEDIA_LEADERS_PAGE_LEADER_AMANITORE_CHAPTER_HISTORY_PARA_9">
			<Text>Kraliçe, Roma ile samimi ilişkilere sahip olmasına rağmen, onlarca yıl önce yapılan misilleme saldırıları Mısırlılara (yani, "Roma" dır), Augustus Sezar'ın bronz heykellerini savaş ganimetleri olarak ele geçirmişti. Kıyamet hikayesi, Amanitore'yi, Meroe'deki tapınak merdivenlerinin altındaki bu heykellerden birinin başını aşağıya gömdüğünü, böylece Nubian'ların her zaman Napata'yı yıkmaktan sorumlu olan Roma imparatoru üzerinde yürüdüğünü anlatıyor. (Büyük olasılıkla bunu yapan, selefi olan Kandake Amanirenas idi.) Gerçekten de cenaze töreninden sorumlu olup olmadığına bakılmaksızın, Augustus Sezar'ın "Meroe başı" 20. yüzyılın başlarında, tapınağın uçuşunun altında bulundu. adım.</Text>
		</Row>
		<Row Tag="LOC_PEDIA_LEADERS_PAGE_LEADER_AMANITORE_CHAPTER_HISTORY_PARA_10">
			<Text>Amanitore'nin yükselişini çevreleyen karışıklıkta olduğu gibi, saltanatının sonu hakkında çok az şey biliyoruz. Bazı tahminler ölüm tarihini kabaca M.Ö. 20 olarak belirledi. Hazine avcıları uzun zamandan beri Meroe'deki mezarını yağmaladı.</Text>
		</Row>
		<Row Tag="LOC_PEDIA_LEADERS_PAGE_LEADER_AMANITORE_CHAPTER_HISTORY_PARA_11">
			<Text>Amanitore'un bilinmeyen birçok yönüne rağmen, geride bıraktığı kapsamlı bina programı, daha sonra Kandakes'ten esinlenerek ilham verdi; bu da İkinci Yüzyıl boyunca Meroitik kültürün ve servetlerin gelişmesine yol açtı. Arkeologlar, hükümdarlığı sırasında inşa edilmiş ve yakın zamanda ortaya çıkarılan Nub piramitleri de dahil olmak üzere etkisinin örneklerini ortaya çıkarmaya devam ediyor.</Text>
		</Row>
		<Row Tag="LOC_PEDIA_LEADERS_PAGE_LEADER_AMANITORE_CHAPTER_CAPSULE_BODY">
			<Text>Nubia Yay Ülkesi ve vatandaşlarının okçuları hiçbiri ikinci. Amanitore, tarihi Nubyalıları en büyük bina çılgınlığına yönlendirdi; şehir planlama ve bölge inşaatına duyduğu hayranlıkla burada da aynı şeyi yapıyor.</Text>
		</Row>
		<Row Tag="LOC_PEDIA_LEADERS_PAGE_LEADER_AMANITORE_CHAPTER_DETAILED_BODY">
			<Text>Nubia, duvarcılığa doğru koşarken çöl karoları için agresif bir şekilde keşif yapmak isteyecektir. Ellerinde bu teknoloji ile, şehirlerini aşağıya çekerek her zaman merkezindeki piramitlerinin bir kümesi için çaba gösterebiliyorlar. Bu piramitlerin yanına yerleştirilen bölgeler, vatandaşların gelişimini güçlendirecek şekilde artırılmış verimler sağlayacak. Maden bulmak da önemli bir önceliktir: Tarihsel olarak Mısır'ın tadını çıkardığı tüm maden zenginlikleri Nubia'dan gelmiştir ve bu medeniyet minerallerden de zenginleşebilir. Ve şehirlerini savunmaları gerekiyorsa, kolayca görevi yerine getirmesi gereken dünyanın en iyi menzilli birimleri var.</Text>
		</Row>
		<Row Tag="LOC_BUILDING_JEBEL_BARKAL_QUOTE">
			<Text>“Güney batı köşesinde büyük bir dik kumtaşı kütlesi dağın gövdesinden derin bir çatlak ile ayrıldı… devasa bir heykelin tüm görünümüne sahipti.” [NEWLINE]- E. A. Wallis Budge</Text>
		</Row>
		<Row Tag="LOC_PEDIA_WONDERS_PAGE_BUILDING_JEBEL_BARKAL_CHAPTER_HISTORY_PARA_1">
			<Text>Yalnız bir dağ, Nil'de bir virajın batısındaki Sudan çölünden doğar. Temelinde bir zamanlar eski krallıkların yüzyıllarca hüküm sürdüğü bir saray vardı. Şimdi sadece kalıntılar var.</Text>
		</Row>
		<Row Tag="LOC_PEDIA_WONDERS_PAGE_BUILDING_JEBEL_BARKAL_CHAPTER_HISTORY_PARA_2">
			<Text>Çok uzaklardan kolayca tanınabilir, düz tepeli Jebel Barkal dağı eski zamanlardaki gezginler için bir yol noktasıydı. Nispeten güvenli bir geçiş noktasını gösterdi (Nil'in Dördüncü Kataraktının hemen aşağısında). BCE On Beşinci Yüzyıldan sonra, Mısır'ın en güneydeki sınır şehri olan Napata'nın, 500 yıl sonra, Nubian Kush Krallığı'nın başkenti olacağını belirtti.</Text>
		</Row>		
		<Row Tag="LOC_PEDIA_WONDERS_PAGE_BUILDING_JEBEL_BARKAL_CHAPTER_HISTORY_PARA_3">
			<Text>19. Yüzyıldan bu yana, arkeologlar Jebel Barkal'dan tapınak kalıntıları, dağa oyulmuş taş işçiliği ve bölgenin Mısır işgaline dayanan eski yazıtlar dahil olmak üzere çok sayıda tarihi bilgi kazdılar. Dağın gölgesindeki Nubian piramitleri daha sonra Meroitik krallar ve kraliçeler için mezarlar görevi gördü.</Text>
		</Row>		
		<Row Tag="LOC_PEDIA_UNITS_PAGE_UNIT_NUBIAN_PITATI_CHAPTER_HISTORY_PARA_1">
			<Text>Nubian okçuların yeteneklerine uzun süre saygı gösterildi ve Nil boyunca korkuldu. Yay Ülkesi'nden gelen bu askerler, Mısırlılar için bin yıllık bir dikendi - Mısırlılar buna para atarak başka bir sorunu çözene kadar.</Text>
		</Row>
		<Row Tag="LOC_PEDIA_UNITS_PAGE_UNIT_NUBIAN_PITATI_CHAPTER_HISTORY_PARA_2">
			<Text>Böylece, Nubyalı paralı askerler, Mısırlılar veya Nubialı olsunlar, lehtarlarının çıkarlarını korumak için iyi para verdiler. Bu son derece hareketli okçular az miktarda zırh kullanıyorlardı ve bölgeye özgü yaylar taşıyorlardı. Bununla birlikte, ayırt edici başparmak halkaları, yorgunluğu büyük ölçüde azaltmıştır ve gözlerinin altına uygulanan malakit yüz ifadesi, güneşe doğru ateş ederken doğrulukla okları gevşetmelerini sağlamıştır.</Text>
		</Row>		
		<Row Tag="LOC_PEDIA_IMPROVEMENTS_PAGE_IMPROVEMENT_PYRAMID_CHAPTER_HISTORY_PARA_1">
			<Text>Nubia, tekrar tekrar / tekrar tekrar kapalı çatışma dönemlerinde, kültürünü, Nil'in aşağısındaki güçlü Mısır hanedanlarından etkilenmiş olarak buldu. Nubian mezar gelenekleri sonunda Mısır'ınkine benzemeye başlayacaktı. Nubia’nın Kush Krallığı, ilk Binyıl M.Ö.’de kral ve kraliçelerini piramitlerle gömmeye başladı.</Text>
		</Row>	
		<Row Tag="LOC_PEDIA_IMPROVEMENTS_PAGE_IMPROVEMENT_PYRAMID_CHAPTER_HISTORY_PARA_2">
			<Text>Nubia piramitlerine Mısır'dan çok farklı bir yaklaşım sergiledi. Durumlarını ifşa eden muazzam mezar kompleksleri inşa etmek yerine, daha pratik bir yöntem seçtiler: 26 ft (8 m) genişliğinde bir tabana sahip olmayan daha küçük piramitler, havada keskin bir açıda yükselen dik taraflar ve süslü Piramit mezarından genişletilmiş giriş odası. Hazine avcıları, Nubia'nın düşüşünden bu yana bu piramitlerin çoğunu yağmalasa da, piramitler, Nubia'nın mirasının güçlü bir kanıtı olmaya devam ediyor.</Text>
		</Row>			
	</EnglishText>
</GameData>