﻿<?xml version="1.0" encoding="UTF-8" standalone="yes"?>
<!-- edited with XMLSPY v2004 rel. 2 U (http://www.xmlspy.com) by Ed Beach (Firaxis Games) -->
<GameData>
	<BaseGameText>
		<!-- Civ Info-->
		<Row Tag="LOC_CIVILIZATION_NUBIA_DESCRIPTION">
			<Text>Nubian İmparatorluğu</Text>
		</Row>
		<Row Tag="LOC_CIVILIZATION_NUBIA_ADJECTIVE">
			<Text>Nubian</Text>
		</Row>
		<Row Tag="LOC_CIVINFO_NUBIA_LOCATION">
			<Text>Afrika</Text>
		</Row>
		<Row Tag="LOC_CIVINFO_NUBIA_SIZE">
			<Text>Zirvede, 486.000 kilometrekare (1.26 milyon kilometrekare)</Text>
		</Row>
		<Row Tag="LOC_CIVINFO_NUBIA_POPULATION">
			<Text>Avustralya, Brezilya ve Kuzey Amerika ülkelerinin kullandığı saat uygulaması. 1,15 milyon (zirvede)</Text>
		</Row>
		<Row Tag="LOC_CIVINFO_NUBIA_CAPITAL">
			<Text>Kerma, Nepata, Meroë</Text>
		</Row>
		<Row Tag="LOC_LOADING_INFO_LEADER_AMANITORE">
			<Text>Nubia'nın dikkatli Kraliçesi Amanitore, komuta ettiğiniz imparatorluğu ufku sınır olarak kabul edecek. Bol altını boğanlardan korkma, çünkü okçularınız saçlarını beş yüz adımda parçalayabilirler. Şehirlerin, refah ve dindarlığı bilir, bilge kraliçe, Yay Ülkesi, geçmişini kendi geleceğini inşa ettiği gibi onurlandırır.</Text>
		</Row>
		<!-- Leader Agenda-->
		<Row Tag="LOC_AGENDA_CITY_PLANNER_NAME">
			<Text>Şehir Planlayıcısı</Text>
		</Row>
		<Row Tag="LOC_AGENDA_CITY_PLANNER_DESCRIPTION">
			<Text>Daima her şehirde maksimum ilçe sayısını tutmaya çalışır. Şehirlerini de bu şekilde geliştiren diğer uygarlıklara saygı duyar.</Text>
		</Row>
		<!-- City Names -->
		<Row Tag="LOC_CITY_NAME_MEROE">
			<Text>Meroë</Text>
		</Row>
		<Row Tag="LOC_CITY_NAME_KERMA">
			<Text>Kerma</Text>
		</Row>
		<Row Tag="LOC_CITY_NAME_NAPATA">
			<Text>Napata</Text>
		</Row>
		<Row Tag="LOC_CITY_NAME_NURI">
			<Text>Nuri</Text>
		</Row>
		<Row Tag="LOC_CITY_NAME_EL_KURRU">
			<Text>El-Kurru</Text>
		</Row>
		<Row Tag="LOC_CITY_NAME_KAWA">
			<Text>Kawa</Text>
		</Row>
		<Row Tag="LOC_CITY_NAME_SEDEINGA">
			<Text>Sedeinga</Text>
		</Row>
		<Row Tag="LOC_CITY_NAME_HEH">
			<Text>Heh</Text>
		</Row>
		<Row Tag="LOC_CITY_NAME_QASR_IBRIM">
			<Text>Qasr Ibrim</Text>
		</Row>
		<Row Tag="LOC_CITY_NAME_FARAS">
			<Text>Faras</Text>
		</Row>
		<Row Tag="LOC_CITY_NAME_SHAAT">
			<Text>Shaat</Text>
		</Row>
		<Row Tag="LOC_CITY_NAME_IKEN">
			<Text>Iken</Text>
		</Row>
		<Row Tag="LOC_CITY_NAME_ABU_SIMBEL">
			<Text>Abu Simbel</Text>
		</Row>
		<Row Tag="LOC_CITY_NAME_BUHEN">
			<Text>Buhen</Text>
		</Row>
		<Row Tag="LOC_CITY_NAME_DANGEIL">
			<Text>Dangeil</Text>
		</Row>
		<Row Tag="LOC_CITY_NAME_MIAM">
			<Text>Miam</Text>
		</Row>
		<Row Tag="LOC_CITY_NAME_TOMBOS">
			<Text>Tombos</Text>
		</Row>
		<Row Tag="LOC_CITY_NAME_KURGUS">
			<Text>Kurgus</Text>
		</Row>
		<Row Tag="LOC_CITY_NAME_TOSHKA">
			<Text>Toshka</Text>
		</Row>
		<Row Tag="LOC_CITY_NAME_SOLEB">
			<Text>Soleb</Text>
		</Row>
		<Row Tag="LOC_CITY_NAME_WAD_BAN_NAQA">
			<Text>Wad ban Naqa</Text>
		</Row>
		<Row Tag="LOC_CITY_NAME_DEBBA">
			<Text>Debba</Text>
		</Row>
		<Row Tag="LOC_CITY_NAME_BUGDUMBUSH">
			<Text>Bugdumbush</Text>
		</Row>
		<Row Tag="LOC_CITY_NAME_BAKI">
			<Text>Baki</Text>
		</Row>
		<Row Tag="LOC_CITY_NAME_AMARA">
			<Text>Amara</Text>
		</Row>
		<Row Tag="LOC_CITY_NAME_MUSAWWARAT_ES_SUFRA">
			<Text>Musawwarat es-Sufra</Text>
		</Row>
		<Row Tag="LOC_CITY_NAME_EL_FURA">
			<Text>El Fura</Text>
		</Row>
		<Row Tag="LOC_CITY_NAME_UKMA">
			<Text>Ukma</Text>
		</Row>
		<Row Tag="LOC_CITY_NAME_PEDEME">
			<Text>Pedeme</Text>
		</Row>
		<Row Tag="LOC_CITY_NAME_DEFEIA">
			<Text>Defeia</Text>
		</Row>
		<!-- Citizen Names -->
		<Row Tag="LOC_CITIZEN_NUBIA_MALE_1">
			<Text>Alara</Text>
		</Row>
		<Row Tag="LOC_CITIZEN_NUBIA_MALE_2">
			<Text>Amanislo</Text>
		</Row>
		<Row Tag="LOC_CITIZEN_NUBIA_MALE_3">
			<Text>Apedemak</Text>
		</Row>
		<Row Tag="LOC_CITIZEN_NUBIA_MALE_4">
			<Text>Arensnuphis</Text>
		</Row>
		<Row Tag="LOC_CITIZEN_NUBIA_MALE_5">
			<Text>Arqamani</Text>
		</Row>
		<Row Tag="LOC_CITIZEN_NUBIA_MALE_6">
			<Text>Dedun</Text>
		</Row>
		<Row Tag="LOC_CITIZEN_NUBIA_MALE_7">
			<Text>Mandulis</Text>
		</Row>
		<Row Tag="LOC_CITIZEN_NUBIA_MALE_8">
			<Text>Mut</Text>
		</Row>
		<Row Tag="LOC_CITIZEN_NUBIA_MALE_9">
			<Text>Piye</Text>
		</Row>
		<Row Tag="LOC_CITIZEN_NUBIA_MALE_10">
			<Text>Sebiumeker</Text>
		</Row>
		<Row Tag="LOC_CITIZEN_NUBIA_FEMALE_1">
			<Text>Amanikhatashan</Text>
		</Row>
		<Row Tag="LOC_CITIZEN_NUBIA_FEMALE_2">
			<Text>Amanirenas</Text>
		</Row>
		<Row Tag="LOC_CITIZEN_NUBIA_FEMALE_3">
			<Text>Amanishakheto</Text>
		</Row>
		<Row Tag="LOC_CITIZEN_NUBIA_FEMALE_4">
			<Text>Amenirdis</Text>
		</Row>
		<Row Tag="LOC_CITIZEN_NUBIA_FEMALE_5">
			<Text>Amesemi</Text>
		</Row>
		<Row Tag="LOC_CITIZEN_NUBIA_FEMALE_6">
			<Text>Kadimalo</Text>
		</Row>
		<Row Tag="LOC_CITIZEN_NUBIA_FEMALE_7">
			<Text>Khalese</Text>
		</Row>
		<Row Tag="LOC_CITIZEN_NUBIA_FEMALE_8">
			<Text>Nasala</Text>
		</Row>
		<Row Tag="LOC_CITIZEN_NUBIA_FEMALE_9">
			<Text>Shanakdakheto</Text>
		</Row>
		<Row Tag="LOC_CITIZEN_NUBIA_FEMALE_10">
			<Text>Tabiry</Text>
		</Row>
		<Row Tag="LOC_CITIZEN_NUBIA_MODERN_MALE_1">
			<Text>Barschanbu</Text>
		</Row>
		<Row Tag="LOC_CITIZEN_NUBIA_MODERN_MALE_2">
			<Text>Douddil</Text>
		</Row>
		<Row Tag="LOC_CITIZEN_NUBIA_MODERN_MALE_3">
			<Text>Eirpanome</Text>
		</Row>
		<Row Tag="LOC_CITIZEN_NUBIA_MODERN_MALE_4">
			<Text>Mashshouda</Text>
		</Row>
		<Row Tag="LOC_CITIZEN_NUBIA_MODERN_MALE_5">
			<Text>Orinourta</Text>
		</Row>
		<Row Tag="LOC_CITIZEN_NUBIA_MODERN_MALE_6">
			<Text>Qalidurut</Text>
		</Row>
		<Row Tag="LOC_CITIZEN_NUBIA_MODERN_MALE_7">
			<Text>Semamun</Text>
		</Row>
		<Row Tag="LOC_CITIZEN_NUBIA_MODERN_MALE_8">
			<Text>Shekanda</Text>
		</Row>
		<Row Tag="LOC_CITIZEN_NUBIA_MODERN_MALE_9">
			<Text>Siti</Text>
		</Row>
		<Row Tag="LOC_CITIZEN_NUBIA_MODERN_MALE_10">
			<Text>Tapara</Text>
		</Row>
		<Row Tag="LOC_CITIZEN_NUBIA_MODERN_FEMALE_1">
			<Text>Aideosa</Text>
		</Row>
		<Row Tag="LOC_CITIZEN_NUBIA_MODERN_FEMALE_2">
			<Text>Anthelia</Text>
		</Row>
		<Row Tag="LOC_CITIZEN_NUBIA_MODERN_FEMALE_3">
			<Text>Damasti</Text>
		</Row>
		<Row Tag="LOC_CITIZEN_NUBIA_MODERN_FEMALE_4">
			<Text>Eikkir</Text>
		</Row>
		<Row Tag="LOC_CITIZEN_NUBIA_MODERN_FEMALE_5">
			<Text>Eitou</Text>
		</Row>
		<Row Tag="LOC_CITIZEN_NUBIA_MODERN_FEMALE_6">
			<Text>Genseoua</Text>
		</Row>
		<Row Tag="LOC_CITIZEN_NUBIA_MODERN_FEMALE_7">
			<Text>Iesousyko</Text>
		</Row>
		<Row Tag="LOC_CITIZEN_NUBIA_MODERN_FEMALE_8">
			<Text>Kel</Text>
		</Row>
		<Row Tag="LOC_CITIZEN_NUBIA_MODERN_FEMALE_9">
			<Text>Ouareno</Text>
		</Row>
		<Row Tag="LOC_CITIZEN_NUBIA_MODERN_FEMALE_10">
			<Text>Pongita</Text>
		</Row>
		<!-- Wonders-->
		<Row Tag="LOC_BUILDING_JEBEL_BARKAL_NAME">
			<Text>Jebel Barkal</Text>
		</Row>
		<Row Tag="LOC_BUILDING_JEBEL_BARKAL_DESCRIPTION">
			<Text>Ödüller 2 [ICON_RESOURCE_IRON] Demir. +4 [ICON_Faith] 6 kiremit içindeki tüm şehirlerinize iman sağlar. [NEWLINE][NEWLINE]Çöl (Tepeler) arazisi üzerine inşa edilmeli.</Text>
		</Row>
		<!-- Trait Info-->
		<!-- Diplo Text -->
		<Row Tag="LOC_DIPLO_MODIFIER_CITY_PLANNER_LEADING">
			<Text>Amanitore, şehirlerinizi ilçelerle doldurduğunuz için mutlu.</Text>
		</Row>
		<Row Tag="LOC_DIPLO_MODIFIER_CITY_PLANNER_LAGGING">
			<Text>Amanitore, ilçeleri inşa etmekte geride kaldığın için mutsuz.</Text>
		</Row>
		<!-- Dialog Text -->
		<Row Tag="LOC_DIPLO_ACCEPT_DECLARE_FRIEND_FROM_HUMAN_LEADER_AMANITORE_ANY">
			<Text>Sıcak sözlerin akşam güneşi gibi dinleniyor. Sizi arkadaş aramak için ayrıcalıklıyız.</Text>
		</Row>
		<Row Tag="LOC_DIPLO_REJECT_DECLARE_FRIEND_FROM_HUMAN_LEADER_AMANITORE_ANY">
			<Text>Belki, bir gün, sizin tarafınızdan çok çaba sarf ederek, Nubia sizi bir arkadaş olarak görebilir.</Text>
		</Row>
		<Row Tag="LOC_DIPLO_DECLARE_FRIEND_FROM_AI_LEADER_AMANITORE_ANY">
			<Text>Nubian halkı çok kendi dilinden konuşuyor. Arkadaşlığımızı kamuya duyurmakla resmileştirelim!</Text>
		</Row>
		<Row Tag="LOC_DIPLO_ACCEPT_DECLARE_FRIEND_FROM_AI_LEADER_AMANITORE_ANY">
			<Text>Ne kadar zarifsin.</Text>
		</Row>
		<Row Tag="LOC_DIPLO_REJECT_DECLARE_FRIEND_FROM_AI_LEADER_AMANITORE_ANY">
			<Text>Utanç.</Text>
		</Row>
		<Row Tag="LOC_DIPLO_DECLARE_WAR_FROM_HUMAN_LEADER_AMANITORE_ANY">
			<Text>Tahmin edildiği gibi, sadece nasıl alınacağını biliyorsunuz. Gelin o zaman — yenilginizin şeklini seçin.</Text>
		</Row>
		<Row Tag="LOC_DIPLO_DECLARE_WAR_FROM_AI_LEADER_AMANITORE_ANY">
			<Text>İnce bilenmiş oklarımız var. Onları boğazına serbestçe teslim edeceğiz.</Text>
		</Row>
		<Row Tag="LOC_DIPLO_DELEGATION_FROM_AI_LEADER_AMANITORE_ANY">
			<Text>Heyetimiz iyi niyet getirir. Ayrıca, taze deve ciğeri. Pişirme hatası yapmayın!</Text>
		</Row>
		<Row Tag="LOC_DIPLO_REJECT_DELEGATION_FROM_HUMAN_LEADER_AMANITORE_ANY">
			<Text>Reddetmeliyiz. Mevsimsel sel, konukları ağırlamak için zor bir zaman geçirmiştir.</Text>
		</Row>
		<Row Tag="LOC_DIPLO_ACCEPT_DELEGATION_FROM_HUMAN_LEADER_AMANITORE_ANY">
			<Text>Heyetiniz zarar görmedi. Onlara başkentimizin çevresini göstermek gerçekten bir zevkti.</Text>
		</Row>
		<Row Tag="LOC_DIPLO_DENOUNCE_FROM_HUMAN_LEADER_AMANITORE_ANY">
			<Text>Ne kadar aşağılık bir şey söylemeye cüret edeceğini sormayacağım. Seninle her zaman en kötüsünü bekliyorum.</Text>
		</Row>
		<Row Tag="LOC_DIPLO_DENOUNCE_FROM_AI_LEADER_AMANITORE_ANY">
			<Text>En kötü sele sizsiniz - ortaya çıkmak için tenezzül ettiğinizde, dokunduğunuz her şeyi gizlice kapıyorsunuz. (Sizi Şüphe Eder).</Text>
		</Row>
		<Row Tag="LOC_DIPLO_FIRST_MEET_LEADER_AMANITORE_ANY">
			<Text>Ben Nubialı Amanitore. Muhteşem şehirlerimizde arkadaş olarak gelmeleri şartıyla her şey kabul edilir.</Text>
		</Row>
		<Row Tag="LOC_DIPLO_FIRST_MEET_VISIT_RECIPIENT_LEADER_AMANITORE_ANY">
			<Text>Yakınlarda, şehrimizi ziyaret eder misiniz? Piramitlerimiz özellikle şafakta etkileyici bir siluet sunuyor.</Text>
		</Row>
		<Row Tag="LOC_DIPLO_FIRST_MEET_NEAR_INITIATOR_POSITIVE_LEADER_AMANITORE_ANY">
			<Text>Uygun bir teklif.</Text>
		</Row>
		<Row Tag="LOC_DIPLO_FIRST_MEET_NO_MANS_INFO_EXCHANGE_LEADER_AMANITORE_ANY">
			<Text>Eğer kendi hikayelerinizi paylaşırsanız, size şanlı sermayemizi anlatacağım.</Text>
		</Row>
		<Row Tag="LOC_DIPLO_GREETING_LEADER_AMANITORE_ANY">
			<Text>Konuşabilirsin.</Text>
		</Row>
		<Row Tag="LOC_DIPLO_KUDO_EXIT_LEADER_AMANITORE_ANY">
			<Text>Şehirlerin düzgün bir şekilde inşa edildi. Her görev için gerçekleştirilecek bir yer.</Text>
		</Row>
		<Row Tag="LOC_DIPLO_KUDO_LEADER_AMANITORE_REASON_ANY">
			<Text>(Şehirlerinizi ilçelerle doldurdunuz.)</Text>
		</Row>
		<Row Tag="LOC_DIPLO_WARNING_EXIT_LEADER_AMANITORE_ANY">
			<Text>Şehirleriniz pislikle doludur. Arazinizi neden daha üretken kullanım için kullanmıyorsunuz?</Text>
		</Row>
		<Row Tag="LOC_DIPLO_WARNING_LEADER_AMANITORE_REASON_ANY">
			<Text>(Şehirlerinizi tüm ilçelerle doldurmuyorsunuz.)</Text>
		</Row>
		<Row Tag="LOC_DIPLO_MAKE_PEACE_AI_ACCEPT_DEAL_LEADER_AMANITORE_ANY">
			<Text>Evet. Çok fazla yıkım var. Kaybettiklerimizi yeniden inşa etmeliyiz.</Text>
		</Row>
		<Row Tag="LOC_DIPLO_MAKE_PEACE_AI_REFUSE_DEAL_LEADER_AMANITORE_ANY">
			<Text>Olamaz.</Text>
		</Row>
		<Row Tag="LOC_DIPLO_MAKE_PEACE_FROM_AI_LEADER_AMANITORE_ANY">
			<Text>Halkımız kavgadan yorulur. Bu savaşa bir son vermek istiyorlar.</Text>
		</Row>
		<Row Tag="LOC_DIPLO_ACCEPT_OPEN_BORDERS_FROM_HUMAN_LEADER_AMANITORE_ANY">
			<Text>Tabii ki. Belediye kompozisyon ilkelerimizi alın ve kendiniz yapın.</Text>
		</Row>
		<Row Tag="LOC_DIPLO_REJECT_OPEN_BORDERS_FROM_HUMAN_LEADER_AMANITORE_ANY">
			<Text>Nubian toprakları sakrosançtır. Daha şüpheli bir cetvel, bir istila hazırladığını düşünürdü.</Text>
		</Row>
		<Row Tag="LOC_DIPLO_OPEN_BORDERS_FROM_AI_LEADER_AMANITORE_ANY">
			<Text>Açık sınırlarla, her biri sivil planlama konusundaki çeşitli yaklaşımlarımızdan öğrenebiliriz.</Text>
		</Row>
		<Row Tag="LOC_DIPLO_WARNING_TOO_MANY_TROOPS_NEAR_ME_LEADER_AMANITORE_ANY">
			<Text>Yay Ülkesi, ordunuzun yakınlığını onaylamıyor. Onları hatırlamanızı rica ediyorum.</Text>
		</Row>
		<Row Tag="LOC_DIPLO_WARNING_TOO_MANY_TROOPS_NEAR_ME_AI_RESPONSE_NEGATIVE_LEADER_AMANITORE_ANY">
			<Text>Nubian paralı askerleri gidecekleri yere giderler. Hareketlerini kontrol etmiyorum!</Text>
		</Row>
		<Row Tag="LOC_DIPLO_WARNING_TOO_MANY_TROOPS_NEAR_ME_AI_RESPONSE_POSITIVE_LEADER_AMANITORE_ANY">
			<Text>Bu talihsiz hatayı bana bildirdiğiniz için müteşekkiriz. İyi niyetimizi göstermek için onları geri çekeceğim.</Text>
		</Row>
		<Row Tag="LOC_DIPLO_DEFEAT_FROM_AI_LEADER_AMANITORE_ANY">
			<Text>Nubia reddetmekle birlikte, piramitlerimiz planlarınızın yıkılmasından çok sonra kalacaktır.</Text>
		</Row>
		<Row Tag="LOC_DIPLO_REJECT_MAKE_DEAL_FROM_AI_LEADER_AMANITORE_ANY">
			<Text>Ne kadar hayal kırıklığı.</Text>
		</Row>
		<Row Tag="LOC_DIPLO_ACCEPT_MAKE_DEAL_FROM_AI_LEADER_AMANITORE_ANY">
			<Text>Ne kadar zarifsin.</Text>
		</Row>
	</BaseGameText>
</GameData>
