﻿<?xml version="1.0" encoding="utf-8"?>
<GameData>
	<EnglishText>
		<!--Moments-->
		<Row Tag="LOC_MOMENT_CITY_BUILT_NEAR_FLOODABLE_RIVER">
			<Text>Taskinli Nehir yakininda sehir</Text>
		</Row>
		<Row Tag="LOC_MOMENT_CITY_BUILT_NEAR_FLOODABLE_RIVER_DESCRIPTION">
			<Text>Bir nehrin sular altinda kalabilmesi icin 2 petek icine bir sehir yerlestirildi.</Text>
		</Row>
		<Row Tag="LOC_MOMENT_CITY_BUILT_NEAR_FLOODABLE_RIVER_INSTANCE_DESCRIPTION">
			<Text>{CityName} vatandaslari yeni evlerine adapte olur ve yakindaki nehre karsi dikkatli olun.</Text>
		</Row>
		<Row Tag="LOC_MOMENT_CITY_BUILT_NEAR_VOLCANO">
			<Text>Sehir Volkan Yakininda</Text>
		</Row>
		<Row Tag="LOC_MOMENT_CITY_BUILT_NEAR_VOLCANO_DESCRIPTION">
			<Text>Patlayabilecek bir volkanin 2 petek icine bir sehir yerlestirildi.</Text>
		</Row>
		<Row Tag="LOC_MOMENT_CITY_BUILT_NEAR_VOLCANO_INSTANCE_DESCRIPTION">
			<Text>"İyiyiz" diyor {CityName} vatandaslari. "Butun daglar biraz sigara icer, degil mi?"</Text>
		</Row>
		<Row Tag="LOC_MOMENT_CITY_POWER_GENERATED_FROM_RESOURCE_FIRST">
			<Text>Enerji icin İlk Kaynak Tuketimi</Text>
		</Row>
		<Row Tag="LOC_MOMENT_CITY_POWER_GENERATED_FROM_RESOURCE_FIRST_DESCRIPTION">
			<Text>Medeniyetiniz sehirleri icin [ICON_Power] Gucu uretmek icin bir kaynak kullanir.</Text>
		</Row>
		<Row Tag="LOC_MOMENT_CITY_POWER_GENERATED_FROM_RESOURCE_FIRST_INSTANCE_DESCRIPTION">
			<Text>Cerrahi makine ve sisirme dumani elektrik uretimimizin baslangicini isaretler.</Text>
		</Row>
		<Row Tag="LOC_MOMENT_CITY_POWER_GENERATED_FROM_RESOURCE_FIRST_IN_WORLD">
			<Text>Dunyada Guc İcin İlk Kaynak Tukendi</Text>
		</Row>
		<Row Tag="LOC_MOMENT_CITY_POWER_GENERATED_FROM_RESOURCE_FIRST_IN_WORLD_DESCRIPTION">
			<Text>Uygarliginiz, sehirleri icin Guc ureten bir kaynak tuketen dunyada ilk kisidir.</Text>
		</Row>
		<Row Tag="LOC_MOMENT_CITY_POWER_GENERATED_FROM_RESOURCE_FIRST_IN_WORLD_INSTANCE_DESCRIPTION">
			<Text>Yukselen duman! Ugultu makineleri! Doganin gucu {LOC_GRAMMAR_CIVNAME &lt;&lt; {ActingPlayerCivName}} iktidar ve ilerleme nedeniyle kullanildi!</Text>
		</Row>
		<Row Tag="LOC_MOMENT_CLIMATE_CHANGE_PHASE">
			<Text>İklim Degisikligi Asamasi</Text>
		</Row>
		<Row Tag="LOC_MOMENT_CLIMATE_CHANGE_PHASE_DESCRIPTION">
			<Text>CO2 emisyonlari, dunyadaki iklimi daha tehlikeli bir seviyeye degistirecek kadar artmistir.</Text>
		</Row>
		<Row Tag="LOC_MOMENT_CLIMATE_CHANGE_PHASE_INSTANCE_DESCRIPTION">
			<Text>Dunyanin en zengin {ClimateChangeName}, kuresel cevre icin korkunc sonuclara neden oluyor.</Text>
		</Row>
		<Row Tag="LOC_MOMENT_DISTRICT_CONSTRUCTED_CANAL">
			<Text>Kanal Tamamlandi</Text>
		</Row>
		<Row Tag="LOC_MOMENT_DISTRICT_CONSTRUCTED_CANAL_DESCRIPTION">
			<Text>Medeniyetinizin ilk Kanal bolgesini tamamladiniz.</Text>
		</Row>
		<Row Tag="LOC_MOMENT_DISTRICT_CONSTRUCTED_CANAL_INSTANCE_DESCRIPTION">
			<Text>{CityName} Kanali'nin acilmasi, yenilenen ticaret ve refah getirir.</Text>
		</Row>
		<Row Tag="LOC_MOMENT_GOVERNMENT_ENACTED_TIER_4_FIRST">
			<Text>Birinci Asama 4 Hukumet</Text>
		</Row>
		<Row Tag="LOC_MOMENT_GOVERNMENT_ENACTED_TIER_4_FIRST_DESCRIPTION">
			<Text>Medeniyetiniz ilk asamasini 4 Hukumeti kabul eder.</Text>
		</Row>
		<Row Tag="LOC_MOMENT_GOVERNMENT_ENACTED_TIER_4_FIRST_INSTANCE_DESCRIPTION">
			<Text>Halkimiz siyasal sistemlerini gelistirmeye devam ediyor ve {GovernmentType} devrimci yeni hukumetine tesebbus ediyor.</Text>
		</Row>
		<Row Tag="LOC_MOMENT_GOVERNMENT_ENACTED_TIER_4_FIRST_IN_WORLD">
			<Text>Birinci Asama Dunyadaki 4 Hukumet.</Text>
		</Row>
		<Row Tag="LOC_MOMENT_GOVERNMENT_ENACTED_TIER_4_FIRST_IN_WORLD_DESCRIPTION">
			<Text>Medeniyetiniz, dunyada bir Asama 4 Hukumeti kabul eden ilk kisidir.</Text>
		</Row>
		<Row Tag="LOC_MOMENT_GOVERNMENT_ENACTED_TIER_4_FIRST_IN_WORLD_INSTANCE_DESCRIPTION">
			<Text>Cesur insanlar {LOC_GRAMMAR_CIVNAME &lt;&lt; {ActingPlayerCivName}} yeni bir yonetim cagini baslatan yeni bir {GovernmentType} politik sistemi gelistirdi!</Text>
		</Row>
		<Row Tag="LOC_MOMENT_IMPROVEMENT_CONSTRUCTED_MOUNTAIN_TUNNEL_FIRST">
			<Text>İlk Dag Tuneli</Text>
		</Row>
		<Row Tag="LOC_MOMENT_IMPROVEMENT_CONSTRUCTED_MOUNTAIN_TUNNEL_FIRST_DESCRIPTION">
			<Text>Medeniyetiniz ilk Dag Tuneli'ni insa ediyor.</Text>
		</Row>
		<Row Tag="LOC_MOMENT_IMPROVEMENT_CONSTRUCTED_MOUNTAIN_TUNNEL_FIRST_INSTANCE_DESCRIPTION">
			<Text>Oturun ve size John Henry'nin {LOC_GRAMMAR_CIVNAME &lt;&lt; {ActingPlayerCivName}} 'te ilk dag tunelini nasil kazdigina dair bir sarki soyleyeyim. </Text>
		</Row>
		<Row Tag="LOC_MOMENT_IMPROVEMENT_CONSTRUCTED_MOUNTAIN_TUNNEL_FIRST_IN_WORLD">
			<Text>Dunyanin İlk Dag Tuneli</Text>
		</Row>
		<Row Tag="LOC_MOMENT_IMPROVEMENT_CONSTRUCTED_MOUNTAIN_TUNNEL_FIRST_IN_WORLD_DESCRIPTION">
			<Text>Medeniyetiniz, dunyada bir Dag Tuneli insa eden ilk kisidir.</Text>
		</Row>
		<Row Tag="LOC_MOMENT_IMPROVEMENT_CONSTRUCTED_MOUNTAIN_TUNNEL_FIRST_IN_WORLD_INSTANCE_DESCRIPTION">
			<Text>Daglar {LOC_GRAMMAR_CIVNAME &lt;&lt; {ActingPlayerCivName}}, halkina engel teskil etmiyor, cunku dunyada onlar arasinda bir tunel yapan ilk sehirler.</Text>
		</Row>
		<Row Tag="LOC_MOMENT_IMPROVEMENT_CONSTRUCTED_ON_DISASTER_YIELD_TILE_FIRST">
			<Text>Dogal Afet Sonrasi İlk İyilestirme</Text>
		</Row>
		<Row Tag="LOC_MOMENT_IMPROVEMENT_CONSTRUCTED_ON_DISASTER_YIELD_TILE_FIRST_DESCRIPTION">
			<Text>Medeniyetiniz ilk gelisimini dogal bir felaketle zenginlestirilmis bir karo uzerine insa ediyor.</Text>
		</Row>
		<Row Tag="LOC_MOMENT_IMPROVEMENT_CONSTRUCTED_ON_DISASTER_YIELD_TILE_FIRST_INSTANCE_DESCRIPTION">
			<Text>Adaptif {LOC_GRAMMAR_CIVNAME &lt;&lt; {ActingPlayerCivName}} insanlari, yenilenen topraklardan yararlanan dogal bir felaketten sonra insa edilir.</Text>
		</Row>
		<Row Tag="LOC_MOMENT_IMPROVEMENT_CONSTRUCTED_RENEWABLE_ENERGY_FIRST">
      <Text>İlk Yesil İyilestirme</Text>
    </Row>
    <Row Tag="LOC_MOMENT_IMPROVEMENT_CONSTRUCTED_RENEWABLE_ENERGY_FIRST_DESCRIPTION">
      <Text>Medeniyetiniz, yenilenebilir [ICON_Power] Gucu saglama amacli ilk petek gelistirmesini insa ediyor.</Text>
    </Row>
    <Row Tag="LOC_MOMENT_IMPROVEMENT_CONSTRUCTED_RENEWABLE_ENERGY_FIRST_INSTANCE_DESCRIPTION">
      <Text>simdi temiz guc uretmek icin bir {ImprovementType} insa ettik, belki de {CityName} smogu temizlemeye baslayacaktir.</Text>
    </Row>
    <Row Tag="LOC_MOMENT_IMPROVEMENT_CONSTRUCTED_RENEWABLE_ENERGY_FIRST_IN_WORLD">
      <Text>Dunyadaki İlk Yesil Gelisme</Text>
    </Row>
    <Row Tag="LOC_MOMENT_IMPROVEMENT_CONSTRUCTED_RENEWABLE_ENERGY_FIRST_IN_WORLD_DESCRIPTION">
      <Text>Medeniyetiniz, dunyada yenilenebilir [ICON_Power] Gucu saglamak icin calisan bir karo gelistirmesi yapan ilk kisidir.</Text>
    </Row>
    <Row Tag="LOC_MOMENT_IMPROVEMENT_CONSTRUCTED_RENEWABLE_ENERGY_FIRST_IN_WORLD_INSTANCE_DESCRIPTION">
      <Text>{LOC_GRAMMAR_CIVNAME &lt;&lt; {ActingPlayerCivName}} vatandaslari, {CityName} yakinlarindaki yeni {ImprovementType} acilislarini alkislarken, gunes bulutlardan arinir. Zaten gokyuzu daha temiz gorunuyor!</Text>
    </Row>
    <Row Tag="LOC_MOMENT_MITIGATED_COASTAL_FLOOD">
      <Text>Kiyi Taskinlari Azaltildi</Text>
    </Row>
    <Row Tag="LOC_MOMENT_MITIGATED_COASTAL_FLOOD_DESCRIPTION">
      <Text>Taskin Bariyeriniz kiyi taskinlarindan kaynaklanan yikici zararlari onledi.</Text>
    </Row>
    <Row Tag="LOC_MOMENT_MITIGATED_COASTAL_FLOOD_INSTANCE_DESCRIPTION">
      <Text>Yukselen denizler {CityName} Flood Barrier'e karsi sertlesir, ancak sehir guvenlidir.</Text>
    </Row>
    <Row Tag="LOC_MOMENT_MITIGATED_RIVER_FLOOD">
      <Text>Nehir Seli Azaltildi</Text>
    </Row>
    <Row Tag="LOC_MOMENT_MITIGATED_RIVER_FLOOD_DESCRIPTION">
      <Text>İnsa edilmis altyapiniz bir nehir selinden zarar gormesini onledi.</Text>
    </Row>
    <Row Tag="LOC_MOMENT_MITIGATED_RIVER_FLOOD_INSTANCE_DESCRIPTION">
      <Text>{RiverName} 'in sulari yukseldi, ancak ongorumuz etraftaki topraklarda su basmasini engelledi.</Text>
    </Row>
    <Row Tag="LOC_MOMENT_PLAYER_EARNED_DIPLOMATIC_VICTORY_POINT">
      <Text>Diplomatik Zafer Puani Kazanildi</Text>
    </Row>
    <Row Tag="LOC_MOMENT_PLAYER_EARNED_DIPLOMATIC_VICTORY_POINT_DESCRIPTION">
      <Text>Dunya Kongresi'nden Diplomatik Zafer puanlari kazandiniz.</Text>
    </Row>
    <Row Tag="LOC_MOMENT_PLAYER_EARNED_DIPLOMATIC_VICTORY_POINT_INSTANCE_DESCRIPTION">
      <Text>Dunya medeniyetlerine saygi duyduk ve dusmanlarimiz bile bu gercegi itiraf etmeli.</Text>
    </Row>
    <Row Tag="LOC_MOMENT_PROJECT_FOUNDED_EXOPLANET">
      <Text>Otegezegen Seferi Baslatildi</Text>
    </Row>
    <Row Tag="LOC_MOMENT_PROJECT_FOUNDED_EXOPLANET_DESCRIPTION">
      <Text>Medeniyetinizin uzak bir gezegene seferini baslattiniz.</Text>
    </Row>
    <Row Tag="LOC_MOMENT_PROJECT_FOUNDED_EXOPLANET_INSTANCE_DESCRIPTION">
      <Text>Uzaktaki bir gezegene kesif gezimiz, halkimizin gozyaslariyla dolup tasan umutlu gozlerle izledigi yorungeyi terk ediyor.</Text>
    </Row>
    <Row Tag="LOC_MOMENT_PROJECT_FOUNDED_EXOPLANET_FIRST_IN_WORLD">
      <Text>Dunyanin İlk Otegezegen Seferi Baslatildi</Text>
    </Row>
    <Row Tag="LOC_MOMENT_PROJECT_FOUNDED_EXOPLANET_FIRST_IN_WORLD_DESCRIPTION">
      <Text>Dunyada, uzak bir gezegene bir sefer baslatan ilk kisisin.</Text>
    </Row>
    <Row Tag="LOC_MOMENT_PROJECT_FOUNDED_EXOPLANET_FIRST_IN_WORLD_INSTANCE_DESCRIPTION">
      <Text>{LOC_GRAMMAR_CIVNAME &lt;&lt; {ActingPlayerCivName}} 'den gelen uzay gemisi, yercekiminden, uzak bir dunyaya yerlestiginde, insanlarla, sarf malzemeleriyle ve umuduyla dolu bir yolda kayiyor.</Text>
    </Row>
    <Row Tag="LOC_MOMENT_ROUTE_CREATED_RAILROAD_CONNECTS_TWO_CITIES">
      <Text>İlk Demiryolu Baglantisi</Text>
    </Row>
    <Row Tag="LOC_MOMENT_ROUTE_CREATED_RAILROAD_CONNECTS_TWO_CITIES_DESCRIPTION">
      <Text>Medeniyetiniz, iki sehrinizi birbirine baglamak icin ilk Demiryolunu insa ediyor.</Text>
    </Row>
    <Row Tag="LOC_MOMENT_ROUTE_CREATED_RAILROAD_CONNECTS_TWO_CITIES_INSTANCE_DESCRIPTION">
      <Text>{CityName} &amp; {OtherCityName} Demiryolu sehirlerimizi basariyla bagladi.</Text>
    </Row>
    <Row Tag="LOC_MOMENT_ROUTE_CREATED_RAILROAD_CONNECTS_TWO_CITIES_FIRST_IN_WORLD">
      <Text>Dunyada İlk Demiryolu Baglantisi</Text>
    </Row>
    <Row Tag="LOC_MOMENT_ROUTE_CREATED_RAILROAD_CONNECTS_TWO_CITIES_FIRST_IN_WORLD_DESCRIPTION">
      <Text>Medeniyetiniz, dunyadaki iki kentini birbirine baglayacak bir Demiryolu insa eden ilk sehirdir.</Text>
    </Row>
    <Row Tag="LOC_MOMENT_ROUTE_CREATED_RAILROAD_CONNECTS_TWO_CITIES_FIRST_IN_WORLD_INSTANCE_DESCRIPTION">
      <Text>{LOC_GRAMMAR_CIVNAME &lt;&lt; {ActingPlayerCivName}} halki, {CityName} ve {OtherCityName} arasindaki dunyanin ilk demiryolu hattini tamamladigindan, bir cekic eve altin bir basak, kalabalik bir alkis getirir!</Text>
    </Row>
    <Row Tag="LOC_MOMENT_UNIT_TOURISM_BOMB">
      <Text>İlk Rock Grubu Konseri</Text>
    </Row>
    <Row Tag="LOC_MOMENT_UNIT_TOURISM_BOMB_DESCRIPTION">
      <Text>Medeniyetiniz ilk Rock Grubu konserini veriyor.</Text>
    </Row>
    <Row Tag="LOC_MOMENT_UNIT_TOURISM_BOMB_INSTANCE_DESCRIPTION">
      <Text>Dunyaca unlu grup, {LOC_GRAMMAR_CIVNAME &lt;&lt; {ActingPlayerCivName}} 'den buyuk bir mutlu hayran kitlesine cikti.</Text>
    </Row>
    <Row Tag="LOC_MOMENT_UNIT_TOURISM_BOMB_FIRST_IN_WORLD">
      <Text>Dunyadaki İlk Rock Grubu Konseri</Text>
    </Row>
    <Row Tag="LOC_MOMENT_UNIT_TOURISM_BOMB_FIRST_IN_WORLD_DESCRIPTION">
      <Text>Medeniyetiniz, dunyada bir Rock Grubu konseri yapan ilk kisi.</Text>
    </Row>
    <Row Tag="LOC_MOMENT_UNIT_TOURISM_BOMB_FIRST_IN_WORLD_INSTANCE_DESCRIPTION">
      <Text>Buyuk kalabalik, {LOC_GRAMMAR_CIVNAME &lt;&lt; {ActingPlayerCivName}} grubunun bir yas olarak tanimlayacagi bir konserde sahneye cikmasiyla alkisliyor.</Text>
    </Row>
    <Row Tag="LOC_MOMENT_WORLD_CONGRESS_RESOLUTION_BID_SUCCESSFUL">
      <Text>Dunya Kongresi Karari İhalesi Kazanildi</Text>
    </Row>
    <Row Tag="LOC_MOMENT_WORLD_CONGRESS_RESOLUTION_BID_SUCCESSFUL_DESCRIPTION">
      <Text>Bir cozunurluk teklifini basariyla kazandiniz ve sonucunu belirleyebilirsiniz.</Text>
    </Row>
    <Row Tag="LOC_MOMENT_WORLD_CONGRESS_RESOLUTION_BID_SUCCESSFUL_INSTANCE_DESCRIPTION">
      <Text>Basarili bir cozum icin teklif vererek, Dunya Kongresi'nde iktidara ilk adimi atiyoruz: Dunyanin onceliklerini belirleme kapasitesi.</Text>
    </Row>
    <Row Tag="LOC_MOMENT_WORLD_CONGRESS_RESOLUTION_VOTE_SUCCESSFUL_AS_ONLY_VOTER">
      <Text>Dunya Kongresi Karari Oy Verdi</Text>
    </Row>
    <Row Tag="LOC_MOMENT_WORLD_CONGRESS_RESOLUTION_VOTE_SUCCESSFUL_AS_ONLY_VOTER_DESCRIPTION">
      <Text>Buna oy veren tek kisi olmasina ragmen, sectiginiz cozunurluk bunu degerlendirmek uzere Dunya Kongresine vermistir.</Text>
    </Row>
    <Row Tag="LOC_MOMENT_WORLD_CONGRESS_RESOLUTION_VOTE_SUCCESSFUL_AS_ONLY_VOTER_INSTANCE_DESCRIPTION">
      <Text>Bu Karari one cikaran tek oyumuz, medeniyetimizin Dunya Kongresi'nin vazgecilmez bir uyesi oldugunu gostermektedir.</Text>
    </Row>
    <!--Updates to old Moments-->
    <Row Tag="LOC_MOMENT_PROJECT_FOUNDED_MARS_XP2">
      <Text>Marsli Kolonisi Kuruldu</Text>
    </Row>
    <Row Tag="LOC_MOMENT_PROJECT_FOUNDED_MARS_DESCRIPTION_XP2">
      <Text>Mars'ta bir koloni kurdunuz.</Text>
    </Row>
    <Row Tag="LOC_MOMENT_PROJECT_FOUNDED_MARS_INSTANCE_DESCRIPTION_XP2">
      <Text>Elbette, herkes Mars'ta bir varlik bulabilirdi. Fakat kolonimiz en iyisidir.</Text>
    </Row>
    <Row Tag="LOC_MOMENT_PROJECT_FOUNDED_MARS_FIRST_IN_WORLD_XP2">
      <Text>Dunyanin İlk Marsli Kolonisi Kuruldu</Text>
    </Row>
    <Row Tag="LOC_MOMENT_PROJECT_FOUNDED_MARS_FIRST_IN_WORLD_DESCRIPTION_XP2">
      <Text>Dunyada Mars'ta bir koloni kuran ilk kisisin.</Text>
    </Row>
    <Row Tag="LOC_MOMENT_PROJECT_FOUNDED_MARS_FIRST_IN_WORLD_INSTANCE_DESCRIPTION_XP2">
      <Text>Bir muhendis somurgecileri yeni bir hayata tasiyan, firlatma rampasindan cikan bir roketi izliyor. “Bu gercekten oluyor” diyor. "Mars'a gidiyoruz."</Text>
    </Row>
    <Row Tag="LOC_MOMENT_IMPROVEMENT_CONSTRUCTED_FIRST_UNIQUE_DESCRIPTION_XP2">
      <Text>Muteahhitleriniz bu essiz kiremit iyilestirmeyi ilk defa insa etti.</Text>
		</Row>
		<!--Commemorations-->
		<Row Tag="LOC_MOMENT_CATEGORY_AERONAUTICAL_BONUS_EXPANSION2_GOLDEN_AGE">
			<Text>Gokyuzu ve Yildizlar Altin Cagi:[NEWLINE]Bilgi cagindaysa, Uydular, Nukleer Fuzyon ve Nanoteknoloji icin [ICON_TechBoosted] Eurekas kilidini acar. Gelecek Donemde secildiginde Akilli Malzemeler, ongorucu Sistemler ve Dunya disi Misyonu icin [ICON_TechBoosted] Eurekas'in kilidi acilir. Tum Hava uniteleri icin +%100 DP kazanildi. Aluminyum madenleri her turda +2 daha fazla kaynak biriktiriyor.</Text>
		</Row>
		<Row Tag="LOC_ERA_REVIEW_POPUP_ERA_SCORE_NON_BARBARIAN_UNITS_KILLED_BY_GDR">
			<Text>Adanmislik Bonusu: Dev olum Robotlari tarafindan oldurulen Barbar olmayan birimler (her biri + {1_ScoreIncrement})</Text>
		</Row>
		<Row Tag="LOC_GDR_KILL_OPPONENT_NOTIFICATION">
			<Text>Dev Olum Robotu ile Barbar olmayan bir birimi yok ettiniz.</Text>
		</Row>
		<Row Tag="LOC_MOMENT_CATEGORY_AUTOMATON">
			<Text>Otomat Savasi</Text>
		</Row>
		<Row Tag="LOC_MOMENT_CATEGORY_AUTOMATON_BONUS_GOLDEN_AGE">
			<Text>Otomat Savasi Altin cagi:[NEWLINE]Baskentinizde Dev olum Robotu kazanin. Tur basina 3 [ICON_Resource_Uranium] Uranyum alin. [ICON_Resource_Uranium] Uranyum madenleri tur basina +1 kaynak daha biriktiriyor.</Text>
		</Row>
		<Row Tag="LOC_MOMENT_CATEGORY_AUTOMATON_BONUS_NORMAL_AGE">
			<Text>Otomat Savas Adanmislik Bonusu:[NEWLINE]Bir Dev olum Robotu ile Barbar olmayan bir birimi her oldurdugunuzde +1 Donem Puani kazanin.</Text>
		</Row>
		<Row Tag="LOC_MOMENT_CATEGORY_AUTOMATON_BONUS_DARK_AGE">
			<Text>Otomat Savas Adanmislik Bonusu:[NEWLINE]Bir Dev olum Robotu ile Barbar olmayan bir birimi her oldurdugunuzde +1 Donem Puani kazanin.</Text>
		</Row>
	</EnglishText>
</GameData>
