<?xml version="1.0" encoding="utf-8"?>
<GameData>
	<EnglishText>
		<Row Tag="LOC_TECH_BUTTRESS_NAME">
			<Text>Destek</Text>
		</Row>
		<Row Tag="LOC_TECH_REFINING_NAME">
			<Text>Arıtıcı</Text>
		</Row>
		<Row Tag="LOC_TECH_COMPUTERS_DESCRIPTION">
			<Text>Ek bir Casus olusturma yetenegi verir. +%25 [ICON_Tourism] İmparatorlugunuzda turizm.</Text>
		</Row>
		<Row Tag="LOC_TECH_SEASTEADS_NAME">
			<Text>Deniz Sakinleri</Text>
		</Row>
		<Row Tag="LOC_TECH_SEASTEADS_DESCRIPTION">
			<Text>Ödüller 1 Diplomatik Zafer puanı.</Text>
		</Row>
		<Row Tag="LOC_TECH_ADVANCED_AI_NAME">
			<Text>Gelismis CPU</Text>
		</Row>
		<Row Tag="LOC_TECH_ADVANCED_AI_DESCRIPTION">
			<Text>Dev Ölüm Robotu yükseltme isleminin kilidini açar: Dron Hava SavunmaSI[NEWLINE]+100 [ICON_AntiAir_Large] Anti-Hava Gücü.</Text>
		</Row>
		<Row Tag="LOC_TECH_ADVANCED_POWER_CELLS_NAME">
			<Text>Gelismis Güç Hücreleri</Text>
		</Row>
		<Row Tag="LOC_TECH_ADVANCED_POWER_CELLS_DESCRIPTION">
			<Text>Dev Ölüm Robotunun gelistirilmesinin kilidini açar: Parçacık Isın Kusatma Topu[NEWLINE]sehirler ve Kamplara karsı yapılan saldırılar %100 etkilidir ve +30 [ICON_Ranged] Degisken Gücü kazanır.</Text>
		</Row>
		<Row Tag="LOC_TECH_CYBERNETICS_NAME">
			<Text>Sibernetik</Text>
		</Row>
		<Row Tag="LOC_TECH_CYBERNETICS_DESCRIPTION">
			<Text>Dev Ölüm Robotu güncellemesinin kilidini açar: Gelistirilmis Hareketlilik[NEWLINE]+3 [ICON_Movement] Hareketi. Daglık araziyi geçmek için bir Atlama eylemi gerçeklestirebilir.</Text>
		</Row>
		<Row Tag="LOC_TECH_SMART_MATERIALS_NAME">
			<Text>Akıllı Malzemeler</Text>
		</Row>
		<Row Tag="LOC_TECH_SMART_MATERIALS_DESCRIPTION">
			<Text>Dev Ölüm Robotu yükseltme isleminin kilidini açar: Kara ve deniz birimlerine karsı savunma yaparken Güçlendirilmis Zırh Kaplama [NEWLINE] +10 [ICON_Strength] Savas Gücü.</Text>
		</Row>
		<Row Tag="LOC_TECH_PREDICTIVE_SYSTEMS_NAME">
			<Text>Tahmini Sistemler</Text>
		</Row>
		<Row Tag="LOC_TECH_PREDICTIVE_SYSTEMS_DESCRIPTION">
			<Text>+1 [ICON_Production] Tas Ocagı, Petrol Kuyusu ve Petrol donanımı gelistirmelerine üretim.</Text>
		</Row>
		<Row Tag="LOC_TECH_OFFWORLD_MISSION_NAME">
			<Text>Dünya Dısı Misyonu</Text>
		</Row>
		<Row Tag="LOC_TECH_FUTURE_TECH_XP2_DESCRIPTION">
			<Text>Puanınızı Zafer için puanınızı artırarak, birçok kez tamamlanabilir. Ayrıca tüm sehirlerinize +%5 [ICON_Production] Üretimi her tamamlandıgında sehir projelerine dogru verir.</Text>
		</Row>
		<Row Tag="LOC_BOOST_TRIGGER_ADVANCED_BALLISTICS">
			<Text>2 adet yag santrali insa edin</Text>
		</Row>
		<Row Tag="LOC_BOOST_TRIGGER_BUTTRESS">
			<Text>Klasik bir çag insa et ya da daha sonra merak et</Text>
		</Row>
		<Row Tag="LOC_BOOST_TRIGGER_LONGDESC_BUTTRESS">
			<Text>simdi klasik dünya harikasını tamamladınız, bundan sonra mimarlarınız ne yapacak?</Text>
		</Row>
		<Row Tag="LOC_BOOST_TRIGGER_REFINING">
			<Text>2 Kömür Santrali insa et</Text>
		</Row>
		<Row Tag="LOC_BOOST_TRIGGER_LONGDESC_REFINING">
			<Text>Milletiniz simdi desteklenmektedir. Bununla birlikte, bilim adamlarınız alternatif enerji kaynakları gelistirmek için zaten çok çalısmaktalar.</Text>
		</Row>
		<Row Tag="LOC_BOOST_TRIGGER_CASTLES">
			<Text>6 yerel politika alanı olan bir hükümeti benimseyin.</Text>
		</Row>
		<Row Tag="LOC_BOOST_TRIGGER_COMPUTERS">
			<Text>8 iç politika alanı olan bir hükümet benimseyin.</Text>
		</Row>
		<Row Tag="LOC_BOOST_TRIGGER_MUST_STEAL_NO_GREAT_SCIENTIST">
			<Text>Casus ile artırın.</Text>
		</Row>
		<!--Updates-->
		<Row Tag="LOC_TECH_GUNPOWDER_DESCRIPTION">
			<Text>Tas ocagı iyilestirmeleri +1 [ICON_Production] Üretimi alır.</Text>
		</Row>
		<Row Tag="LOC_TECH_REPLACEABLE_PARTS_DESCRIPTION">
			<Text>Mekanize Tarımda Çiftlik iyilestirmelerini gelistirdi. Bitisik her Çiftlik iyilestirmesi için +1 [ICON_Food] Yiyecek Bitis bonusu. Mera iyilestirmeleri +1 [ICON_Production] Üretimi alır.</Text>
		</Row>
		<Row Tag="LOC_TECH_ROBOTICS_DESCRIPTION">
			<Text>Mera iyilestirmeleri +1 [ICON_Food] Yiyecek alır.</Text>
		</Row>
		<Row Tag="LOC_TECH_SYNTHETIC_MATERIALS_DESCRIPTION">
			<Text>+2 [ICON_Gold] Altın Kamplarına.</Text>
		</Row>
	</EnglishText>
</GameData>
