<?xml version="1.0" encoding="utf-8"?>
<GameData>
	<EnglishText>
		<Row Tag="LOC_NOTIFICATION_PRIDE_MOMENT_RECORDED_MESSAGE">
			<Text>TARiHi AN</Text>
		</Row>
		<Row Tag="LOC_NOTIFICATION_PRIDE_MOMENT_RECORDED_SUMMARY">
			<Text>HALKINIZ TARiHi BiR ANI KUTLUYOR! {1_MomentDescription} (+ {2_EraScoreAmount} Era Puanı)</Text>
		</Row>
		<Row Tag="LOC_NOTIFICATION_GOVERNOR_ESTABLISHED_IN_CITY_MESSAGE">
			<Text>VALi {1_CityName} 'ne YERLESTi</Text>
		</Row>
		<Row Tag="LOC_NOTIFICATION_GOVERNOR_ESTABLISHED_IN_CITY_SUMMARY">
			<Text>VALi {1_GovernorName} SiMDi {2_CityName} 'ne YERLESTi</Text>
		</Row>
		<Row Tag="LOC_NOTIFICATION_GOVERNOR_APPOINTMENT_AVAILABLE_MESSAGE">
			<Text>YENi VALi FIRSATI VAR</Text>
		</Row>
		<Row Tag="LOC_NOTIFICATION_GOVERNOR_APPOINTMENT_AVAILABLE_SUMMARY">
			<Text>YENi BiR VALi atamak veya mevcut bir vali tanıtmak.</Text>
		</Row>
		<Row Tag="LOC_NOTIFICATION_GOVERNOR_OPPORTUNITY_AVAILABLE_MESSAGE">
			<Text>YENi VALi UNVANI VAR</Text>
		</Row>
		<Row Tag="LOC_NOTIFICATION_GOVERNOR_OPPORTUNITY_AVAILABLE_SUMMARY">
			<Text>Mevcut bir [ICON_Governor] Valisini tanıtın veya medeniyetinize yeni bir Vali Atayın.</Text>
		</Row>
		<Row Tag="LOC_ACTION_PANEL_GOVERNOR_OPPORTUNITY">
			<Text>VALi UNVANI</Text>
		</Row>
		<Row Tag="LOC_ACTION_PANEL_GOVERNOR_OPPORTUNITY_TOOLTIP">
			<Text>Varolan bir valiyi tanıtın veya medeniyetinize yeni bir vali tayin edin.</Text>
		</Row>
		<Row Tag="LOC_ACTION_PANEL_GOVERNOR_PROMOTION">
			<Text>VALi TESViKi</Text>
		</Row>
		<Row Tag="LOC_ACTION_PANEL_GOVERNOR_PROMOTION_TOOLTIP">
			<Text>Valilerinizden birini tanıtmak icin bir baslık mevcuttur.</Text>
		</Row>
		<Row Tag="LOC_ACTION_PANEL_GOVERNOR_APPOINTMENT">
			<Text>VALi Randevusu</Text>
		</Row>
		<Row Tag="LOC_ACTION_PANEL_GOVERNOR_APPOINTMENT_TOOLTIP">
			<Text>Medeniyetinize yeni bir Vali tayin edin.</Text>
		</Row>
		<Row Tag="LOC_ACTION_PANEL_CONSIDER_DISLOYAL_CITY">
			<Text>Sakla veya Ücretsiz Sehir</Text>
		</Row>
		<Row Tag="LOC_ACTION_PANEL_CONSIDER_DISLOYAL_CITY_TOOLTIP">
			<Text>Yabancı bir sehir eski sahibine isyan etti, cünkü Sadakati 0'a düstü. Sadakatiniz en güclü olanıdır, bu yüzden medeniyetinize katılmayı alcakgönüllü olarak talep eder.</Text>
		</Row>
		<Row Tag="LOC_NOTIFICATION_GOVERNOR_PROMOTION_AVAILABLE_MESSAGE">
			<Text>VALi TESViKi UYGUN</Text>
		</Row>
		<Row Tag="LOC_NOTIFICATION_GOVERNOR_PROMOTION_AVAILABLE_SUMMARY">
			<Text>VALilerinizden biri icin promosyon yapılabilir.</Text>
		</Row>
		<Row Tag="LOC_NOTIFICATION_GOVERNOR_REMOVED_FROM_CITY_MESSAGE">
			<Text>VALi {1_CityName} 'den KALDIRILDI</Text>
		</Row>
		<Row Tag="LOC_NOTIFICATION_GOVERNOR_REMOVED_FROM_CITY_SUMMARY">
			<Text>VALi {1_GovernorName} ARTIK {2_CityName} 'a ATANMADI.</Text>
		</Row>
		<Row Tag="LOC_NOTIFICATION_GOVERNOR_CHANGED_CITIES_MESSAGE">
			<Text>VALi {1_GovernorName} {2_CityName} ADRESiNE TASINDI.</Text>
		</Row>
		<Row Tag="LOC_NOTIFICATION_GOVERNOR_CHANGED_CITIES_SUMMARY">
			<Text>VALi {1_GovernorName}, {2_CityName} 'den {3_CityName}' e TASINDI</Text>
		</Row>
		<Row Tag="LOC_NOTIFICATION_GOVERNOR_RETURNING_TO_SERVICE_MESSAGE">
			<Text>VALi {1_GovernorName} HiZMETE GERi DONDU.</Text>
		</Row>
		<Row Tag="LOC_NOTIFICATION_GOVERNOR_RETURNING_TO_SERVICE_SUMMARY">
			<Text>VALi {1_GovernorName} HiZMETE GERi DONDU. {2_GovernorTitle} simdi bir Sehre atanabilir.</Text>
		</Row>
		<Row Tag="LOC_NOTIFICATION_CITY_LOSING_CULTURAL_IDENTITY_MESSAGE">
			<Text>SEHiR SADAKAT KAYBEDİYOR</Text>
		</Row>
		<Row Tag="LOC_NOTIFICATION_CITY_LOSING_CULTURAL_IDENTITY_SUMMARY">
			<Text>{1_CityName} sadakatini kaybediyor. Sadakat 0'a ulasırsa, kontrolümüzden ayrilabilir. İstikrar icin sehre bir Vali ata ve oradaki vatandaslarin sadakatini kazan.</Text>
		</Row>
		<Row Tag="LOC_NOTIFICATION_CITY_BECAME_FREE_CITY_MESSAGE">
			<Text>SEHiR SADAKATi BiTTi</Text>
		</Row>
		<Row Tag="LOC_NOTIFICATION_CITY_BECAME_FREE_CITY_SUMMARY">
			<Text>Sadakat 0'a düstügü icin {1_CityName} isyan etti ve özgür sehir oldu. Bunun kontrolünü tekrar kazanmak icin bir kez daha Sadakatinizi orada kullanmaniz veya askeri güc kullanmaniz gerekir.</Text>
		</Row>
		<Row Tag="LOC_NOTIFICATION_CITY_BECAME_CIV_SUMMARY">
			<Text>Sadakat 0'a düstügü icin {1_CityName} isyan etti ve {2_CivName} adlı gruba katıldı. Bunun kontrolünü tekrar kazanmak icin, bir kez daha Sadakatinizi orada kullanmanız veya askeri güc kullanmanız gerekir.</Text>
		</Row>
		<Row Tag="LOC_NOTIFICATION_FOREIGN_CITY_BECAME_FREE_CITY_MESSAGE">
			<Text>YABANCI SEHiR BAGIMSIZLIK KAZANDI</Text>
		</Row>
		<Row Tag="LOC_NOTIFICATION_FOREIGN_CITY_BECAME_FREE_CITY_SUMMARY">
			<Text>{1_CivName} artik {2_CityName} sehrini imparatorluklarinda tutmak icin yeterli Sadakate sahip degil. Sadakat uygulayan veya askeri güc kullanan yakindaki uygarlıklar yakinda bu özgür sehir'in kontrolünü ele gecirebilir.</Text>
		</Row>
		<Row Tag="LOC_NOTIFICATION_FREE_CITY_BECAME_FOREIGN_CITY_MESSAGE">
			<Text>OZGUR SEHiR UYGARLIGI DiLEKCELERi</Text>
		</Row>
		<Row Tag="LOC_NOTIFICATION_FREE_CITY_BECAME_FOREIGN_CITY_SUMMARY">
			<Text>{2_CityName} OZGUR SEHiR DIS BASKIYA KAPILIYOR VE {1_CivName} 'e KATILMAK iSTiYOR.</Text>
		</Row>
		<Row Tag="LOC_NOTIFICATION_WAR_TYPE_GOLDEN_AGE">
			<Text>Altın Cag Savası</Text>
		</Row>
		<Row Tag="LOC_NOTIFICATION_WAR_TYPE_RETRIBUTION">
			<Text>intikam Savası</Text>
		</Row>
		<Row Tag="LOC_NOTIFICATION_WAR_TYPE_IDEOLOGICAL">
			<Text>ideolojik Savas</Text>
		</Row>
		<Row Tag="LOC_NOTIFICATION_TRADING_POST_IMMEDIATELY_CREATED_SUMMARY">
			<Text>[ICON_TradeRoute] Ticaret Rotasini baslatmak, {1_CityName} sehrinde sizin icin bir [ICON_TradingPost] Ticaret Merkezi olusturdu.</Text>
		</Row>
		<Row Tag="LOC_NOTIFICATION_CONSIDER_DISLOYAL_CITY_MESSAGE">
			<Text>Sehiri Tut veya Serbest Bırak</Text>
		</Row>
		<Row Tag="LOC_NOTIFICATION_CONSIDER_DISLOYAL_CITY_SUMMARY">
			<Text>Bir özgür Sehir, bagimsiz kalma arzusunu yitirdi. Sadakatin orada en güclü oldugu icin, alcakgönüllülükle Medeniyetinize katilmayi talep eder.</Text>
		</Row>
		<Row Tag="LOC_NOTIFICATION_SPY_FABRICATE_SCANDAL_SUMMARY">
			<Text>{2_CityName} icindeki ajaniniz {1_unitName}, düsman Elcileri'ni kaldirmayi basardi.</Text>
		</Row>
		<Row Tag="LOC_NOTIFICATION_SPY_FABRICATE_SCANDAL_MESSAGE">
			<Text>FABRiKASYON SKANDALI BASARILI</Text>
		</Row>
		<Row Tag="LOC_NOTIFICATION_SPY_ENEMY_FABRICATE_SCANDAL_SUMMARY">
			<Text>{1_CityName} icindeki bir düsman Casus, Elcilerimizin bazılarını cıkarmayı basardı.</Text>
		</Row>
		<Row Tag="LOC_NOTIFICATION_SPY_ENEMY_FABRICATE_SCANDAL_MESSAGE">
			<Text>DUSMAN FABRiKASYON SKANDALI</Text>
		</Row>
		<Row Tag="LOC_NOTIFICATION_SPY_FOMENT_UNREST_SUMMARY">
			<Text>AJANINIZ {1_unitName}, {2_cityName} kentindeki sahibinin BAGLILIGINI AZALTMAYI BASARDI.</Text>
		</Row>
		<Row Tag="LOC_NOTIFICATION_SPY_FOMENT_UNREST_MESSAGE">
			<Text>YAKLASAN HUZURSUZLUK BASARILI</Text>
		</Row>
		<Row Tag="LOC_NOTIFICATION_SPY_ENEMY_FOMENT_UNREST_SUMMARY">
			<Text>Bir düsman CASUS, {1_cityName} 'de vatandaslarinizin Sadakatini düsürdü.</Text>
		</Row>
		<Row Tag="LOC_NOTIFICATION_SPY_ENEMY_FOMENT_UNREST_MESSAGE">
			<Text>DUSMAN HUZURSUZLUGA UGRADI</Text>
		</Row>
		<Row Tag="LOC_NOTIFICATION_SPY_NEUTRALIZE_GOVERNOR_SUMMARY">
			<Text>AJANINIZ {1_unitName}, {2_cityName} kentindeki düsman valisini nötrlestirmeyi basardi ve onlari {3_turns} tur icin görevden aldİ.</Text>
		</Row>
		<Row Tag="LOC_NOTIFICATION_SPY_NEUTRALIZE_GOVERNOR_MESSAGE">
			<Text>VALi NOTRLESTiRME BASARILI</Text>
		</Row>
		<Row Tag="LOC_NOTIFICATION_SPY_ENEMY_NEUTRALIZE_GOVERNOR_SUMMARY">
			<Text>Düsman Casus, valinizi {2_cityName} sehrinde {1_governorName} belediyesinde etkisiz hale getirmeyi basardı, {3_turns} dönüs icin görevden aldı.</Text>
		</Row>
		<Row Tag="LOC_NOTIFICATION_SPY_ENEMY_NEUTRALIZE_GOVERNOR_MESSAGE">
			<Text>Düsman Casus Tarafsızlastırılmıs Vali</Text>
		</Row>
		<Row Tag="LOC_NOTIFICATION_ALLIANCE_EXPIRED_MESSAGE">
			<Text>İttifakın Süresi Doldu</Text>
		</Row>
		<Row Tag="LOC_NOTIFICATION_ALLIANCE_EXPIRED_SUMMARY">
			<Text>{1_CivName} ile olan İttifakınızın süresi doldu.</Text>
		</Row>
		<Row Tag="LOC_NOTIFICATION_ALLIANCE_LEVELED_MESSAGE">
			<Text>İttifak Seviyesi Arttı</Text>
		</Row>
		<Row Tag="LOC_NOTIFICATION_ALLIANCE_LEVELED_SUMMARY">
			<Text>{1_CivName} ile İttifak seviyeniz arttı.</Text>
		</Row>
		<Row Tag="LOC_NOTIFICATION_EMERGENCY_DECLARED_MESSAGE">
			<Text>Acil Durum Beyanı</Text>
		</Row>
		<Row Tag="LOC_NOTIFICATION_EMERGENCY_DECLARED_SUMMARY">
			<Text>{1_CivName} bir Acil Durum tarafından hedeflendi.</Text>
		</Row>
		<Row Tag="LOC_NOTIFICATION_EMERGENCY_DECLARED_UNKNOWN_TARGET_SUMMARY">
			<Text>Bilinmeyen bir oyuncu Acil durum tarafından hedef alındı.</Text>
		</Row>
		<Row Tag="LOC_NOTIFICATION_EMERGENCY_FAILED_MESSAGE">
			<Text>Acil Durum Tamamlandı</Text>
		</Row>
		<Row Tag="LOC_NOTIFICATION_EMERGENCY_FAILED_TARGET_SUMMARY">
			<Text>Acil durum hedefi basarısız oldu. Ödüllendirildin.</Text>
		</Row>
		<Row Tag="LOC_NOTIFICATION_EMERGENCY_FAILED_SUMMARY">
			<Text>Acil Durum Hedeflemesi {1_CivName} basarısız oldu. {1_CivName} ödüllendirildi.</Text>
		</Row>
		<Row Tag="LOC_NOTIFICATION_EMERGENCY_FAILED_UNKNOWN_TARGET_SUMMARY">
			<Text>Bilinmeyen bir oyuncuyu hedefleyen Acil Durum basarısız oldu.</Text>
		</Row>
		<Row Tag="LOC_NOTIFICATION_EMERGENCY_SUCCEEDED_MESSAGE">
			<Text>Acil Durum Tamamlandı</Text>
		</Row>
		<Row Tag="LOC_NOTIFICATION_EMERGENCY_SUCCEEDED_TARGET_SUMMARY">
			<Text>Acil durum hedefi sizi basardı. Size karsı savasanlar ödüllendirildi.</Text>
		</Row>
		<Row Tag="LOC_NOTIFICATION_EMERGENCY_SUCCEEDED_SUMMARY">
			<Text>Acil Durum hedeflemesi {1_CivName} basarılı oldu. {1_CivName} 'e karsı savasanlar ödüllendirildi.</Text>
		</Row>
		<Row Tag="LOC_NOTIFICATION_EMERGENCY_SUCCEEDED_UNKNOWN_TARGET_SUMMARY">
			<Text>Bilinmeyen bir oyuncuyu hedefleyen Acil Durum basarılı oldu.</Text>
		</Row>
		<Row Tag="LOC_NOTIFICATION_EMERGENCY_AVERTED_MESSAGE">
			<Text>Acil Durum Önlendi</Text>
		</Row>
		<Row Tag="LOC_NOTIFICATION_EMERGENCY_AVERTED_CITY_DESTROYED">
			<Text>{2_CivName} hedefli {1_EmergencyType} hedefi, {3_CityName} yok edildiginden sona erdi.</Text>
		</Row>
		<Row Tag="LOC_NOTIFICATION_EMERGENCY_AVERTED_CITY_RETURNED_ORIGINAL">
			<Text>{2_CivName} hedefli {1_EmergencyType} hedeflemesi, {3_CityName} orijinal sahibine iade edildiginden sona erdi.</Text>
		</Row>
		<Row Tag="LOC_NOTIFICATION_EMERGENCY_AVERTED_CITY_RETURNED_PREVIOUS">
			<Text>{3_CityName} önceki sahibine iade edildiginden {2_CivName} hedefli {1_EmergencyType} sona erdi.</Text>
		</Row>
		<Row Tag="LOC_NOTIFICATION_EMERGENCY_AVERTED_CITY_GIFTED">
			<Text>{3_CityName} artık {2_CivName} 'a ait olmadıgından {2_CivName} hedefli {1_EmergencyType} sona erdi.</Text>
		</Row>
		<Row Tag="LOC_NOTIFICATION_EMERGENCY_AVERTED_TARGET_DEFEATED">
			<Text>{2_CivName} yenildigi icin {2_CivName} hedefli {1_EmergencyType} sona erdi.</Text>
		</Row>
		<Row Tag="LOC_NOTIFICATION_EMERGENCY_NEEDS_ATTENTION_MESSAGE">
			<Text>ACiL DURUM!</Text>
		</Row>
		<Row Tag="LOC_NOTIFICATION_EMERGENCY_NEEDS_ATTENTION_SUMMARY">
			<Text>Acil bir durumun dikkatinize ihtiyaci var.</Text>
		</Row>
		<Row Tag="LOC_NOTIFICATION_DIPLO_PLEDGE_FROM_KEPT_MESSAGE">
			<Text>Size Verilen Rehin</Text>
		</Row>
		<Row Tag="LOC_NOTIFICATION_DIPLO_PLEDGE_FROM_KEPT_SUMMARY">
			<Text>{1_CivName} - {2_PledgeType} tarafindan size verilen rehin yerine getirildi.</Text>
		</Row>
		<Row Tag="LOC_NOTIFICATION_DIPLO_PLEDGE_TO_KEPT_MESSAGE">
			<Text>Taahhüdünüz Yerine Getirildi</Text>
		</Row>
		<Row Tag="LOC_NOTIFICATION_DIPLO_PLEDGE_TO_KEPT_SUMMARY">
			<Text>{1_CivName} - {2_PledgeType} ’a olan taahhüdünüz yerine getirildi.</Text>
		</Row>
		<Row Tag="LOC_NOTIFICATION_DIPLO_PLEDGE_FROM_BROKEN_MESSAGE">
			<Text>Sana verilen rehin</Text>
		</Row>
		<Row Tag="LOC_NOTIFICATION_DIPLO_PLEDGE_FROM_BROKEN_SUMMARY">
			<Text>{1_CivName} 'den {2_PledgeType}' a vermis oldugunuz taahhüt bozuldu.</Text>
		</Row>
		<Row Tag="LOC_NOTIFICATION_DIPLO_PLEDGE_TO_BROKEN_MESSAGE">
			<Text>SOZUN BOZULDU</Text>
		</Row>
		<Row Tag="LOC_NOTIFICATION_DIPLO_PLEDGE_TO_BROKEN_SUMMARY">
			<Text>{1_CivName} - {2_PledgeType} ’a verdiginiz taahhüdünüz bozuldu.</Text>
		</Row>
		<Row Tag="LOC_NOTIFICATION_COMMEMORATION_AVAILABLE_MESSAGE">
			<Text>OZVERi YAP</Text>
		</Row>
		<Row Tag="LOC_NOTIFICATION_COMMEMORATION_AVAILABLE_SUMMARY"> 
			<Text>Oyun yeni bir döneme girdiginden, calisanlarinizi uygarliginiz icin istediginiz gelecege yönlendirebilmek icin bir özveride bulunabilirsiniz.</Text>
		</Row>
		<Row Tag="LOC_NOTIFICATION_QUEST_RECORDED_MESSAGE">
			<Text>BAGLILIK BONUSU TETiKLENDi</Text>
		</Row>
		<Row Tag="LOC_NOTIFICATION_QUEST_RECORDED_SUMMARY">
			<Text>{1_DedicationBonusTriggerSentence} Bu nedenle, tahsis edilmis bonusunuzdan Era Skoru kazanacaksiniz!</Text>
		</Row>
		<!--TUTORIAL EVENTS TEXT-->
	</EnglishText>
</GameData>
