<?xml version="1.0" encoding="utf-8"?>
<GameData>
	<EnglishText>
		<!-- Combat Modifiers -->
		<Row Tag="LOC_GOVERNOR_DESCRIPTOR_PREVIEW_TEXT">
			<Text>(Vali)</Text>
		</Row>
		<Row Tag="LOC_ALLIANCE_DESCRIPTOR_PREVIEW_TEXT">
			<Text>(ittifak)</Text>
		</Row>
		<Row Tag="LOC_COMBAT_PREVIEW_DIPLOMATIC_BONUS">
			<Text>+{1_Value} Son Diplomatik Degisim</Text>
		</Row>
		<Row Tag="LOC_COMBAT_PREVIEW_ESPIONAGE_BONUS">
			<Text>+{1_Value} Intel, rakiplerin hareketleriyle ilgili</Text>
		</Row>
		<Row Tag="LOC_COMBAT_PREVIEW_CITY_COMBAT_BONUS">
			<Text>+{1_Value} Garnizon Komutani</Text>
		</Row>
		<Row Tag="LOC_COMBAT_PREVIEW_ALLIANCE_MILITARY_BUFF">
			<Text>+{1_Value} Askeri ittifak'tan</Text>
		</Row>
		<Row Tag="LOC_COMBAT_PREVIEW_EMERGENCY_MILITARY_BUFF">
			<Text>{1_Value: number +#;-#} Acil Durumdan</Text>
		</Row>
		<Row Tag="LOC_COMBAT_PREVIEW_ALLIANCE_RELIGIOUS_COMBAT_BUFF">
			<Text>+{1_Value} Dini ittifaktan</Text>
		</Row>
		<Row Tag="LOC_COMBAT_PREVIEW_ANTI_AIR_DEFENSE_BONUS_DESC">
			<Text>+{1_Value} Destekli Hava Savunmasi</Text>
		</Row>
		<Row Tag="LOC_COMBAT_PREVIEW_RELIGIOUS_CITY_BONUS">
			<Text>+{1_Value} Büyük Engizisyoncu Vali Tanitimi</Text>
		</Row>
		<Row Tag="LOC_COMBAT_PREVIEW_LESS_EFFECTIVE_VS_LAND_UNITS_DESC">
			<Text>-{1_Value} Kara birimleri vs daha az etkili</Text>
		</Row>
		<Row Tag="LOC_COMBAT_PREVIEW_LESS_EFFECTIVE_VS_NAVAL_UNITS_DESC">
			<Text>-{1_Value} Deniz birimleri vs daha az etkili</Text>
		</Row>
		<Row Tag="LOC_HUD_CITY_GROWTH_OCCUPIED">
			<Text>Mesgul</Text>
		</Row>
		<Row Tag="LOC_REPORTS_LOYALTY">
			<Text>Sadakat</Text>
		</Row>
		<Row Tag="LOC_REPORTS_GOVERNOR">
			<Text>Vali</Text>
		</Row>
		<Row Tag="LOC_POST_COMBAT_LOYALTY_PLUS">
			<Text>[COLOR_LIGHTBLUE]+{1_Num} Sadakat[ENDCOLOR]</Text>
		</Row>
		<Row Tag="LOC_POST_COMBAT_LOYALTY_MINUS">
			<Text>[COLOR_RED]{1_Num} Sadakat[ENDCOLOR]</Text>
		</Row>
		<Row Tag="LOC_HUD_CITY_AMENITIES_LOST_FROM_GOVERNORS">
			<Text>Valilerden Olanaklar:</Text>
		</Row>
		<Row Tag="LOC_HUD_CITY_OCCUPIED_LOYALITY_STATUS">
			<Text>Mesgul: {1_LoyalityStatus}</Text>
		</Row>
		<Row Tag="LOC_NO_GOVERNORS_TITLE_AVAILABLE">
			<Text>Vali Basligi Yok</Text>
		</Row>
		<Row Tag="LOC_GOVERNORS_TITLE">
			<Text>VALiLER</Text>
		</Row>
		<Row Tag="LOC_LOYALTY_PANEL_UNMET_CIV">
			<Text>Karsilanmayan Medeniyet</Text>
		</Row>
		<Row Tag="LOC_GREAT_PEOPLE_PATRONAGE_FAITH_OFF">
			<Text>[COLOR_RED] [ICON_Faith] Harcama patronaja olan inanciniz mevcut politikalarinizdan biri tarafindan devre disi birakildi.[ENDCOLOR]</Text>
		</Row>
		<Row Tag="LOC_GREAT_PEOPLE_PATRONAGE_GOLD_OFF">
			<Text>[COLOR_RED] [ICON_Gold] Harcamada altin harcama, mevcut politikalarinizdan biri tarafindan devre disi birakildi.[ENDCOLOR]</Text>
		</Row>
		<Row Tag="LOC_UNITOPERATIONS_CANNOT_REPAIR_BLOCKED_BY_POLICY">
			<Text>Politika secimi nedeniyle bu bolgede iyilesemez</Text>
		</Row>
		<!-- Alliance Text -->
		<Row Tag="LOC_DIPLOACTION_INVALID_REASON_YOU_HAVE_THIS_ALLIANCE">
			<Text>Baska bir medeniyetle zaten bu tür bir ittifakiniz var.</Text>
		</Row>
		<Row Tag="LOC_DIPLOACTION_INVALID_REASON_THEY_HAVE_THIS_ALLIANCE">
			<Text>{1_OtherCiv} zaten baska bir medeniyetle bu türde bir ittifak'a sahip.</Text>
		</Row>
		<Row Tag="LOC_DIPLOMACY_ALLIANCE_LEVEL_COLON_INPUT">
			<Text>ittifak Seviyesi: {1_AllianceLevel}</Text>
		</Row>
		<Row Tag="LOC_DIPLOMACY_ALLIANCE_LEVEL_COLON">
			<Text>ittifak Seviyesi:</Text>
		</Row>
		<Row Tag="LOC_DIPLOMACY_ALLIANCE_LEVEL">
			<Text>ittifak Seviyesi</Text>
		</Row>
		<Row Tag="LOC_DIPLOMACY_ALLIANCE_POINTS_COLON">
			<Text>ittifak Puanlari:</Text>
		</Row>
		<Row Tag="LOC_DIPLOMACY_ALLIANCE_POINTS_PER_TURN">
			<Text>+{1_PointsPerTurn}</Text>
		</Row>
		<Row Tag="LOC_DIPLOMACY_ALLIANCE_POINTS_NEEDED">
			<Text>/ {1_PointsNeeded}</Text>
		</Row>
		<Row Tag="LOC_DIPLOMACY_ALLIANCE_CURRENT">
			<Text>su anki ittifak: {1_AllianceTypeName}</Text>
		</Row>
		<Row Tag="LOC_DIPLOMACY_ALLIANCE_LEVEL_BUTTON_TOOLTIP">
			<Text>ittifak seviyeniz hakkinda, bu ittifak’tan yararlanabilecekleriniz de dahil olmak üzere, bu liderle ilgili onemli bilgileri gorüntüleyin.</Text>
		</Row>
		<Row Tag="LOC_DIPLOMACY_ALLIANCE_SCIENCE_NAME_LEVEL">
			<Text>Arastirma ittifaki seviyesi {1_AllianceLevel}</Text>
		</Row>
		<Row Tag="LOC_DIPLOMACY_ALLIANCE_CULTURAL_NAME_LEVEL">
			<Text>Kültürel ittifak seviyesi {1_AllianceLevel}</Text>
		</Row>
		<Row Tag="LOC_DIPLOMACY_ALLIANCE_ECONOMIC_NAME_LEVEL">
			<Text>Ekonomik ittifak seviyesi {1_AllianceLevel}</Text>
		</Row>
		<Row Tag="LOC_DIPLOMACY_ALLIANCE_MILITARY_NAME_LEVEL">
			<Text>Askeri ittifak seviyesi {1_AllianceLevel}</Text>
		</Row>
		<Row Tag="LOC_DIPLOMACY_ALLIANCE_RELIGIOUS_NAME_LEVEL">
			<Text>Dini ittifak seviyesi {1_AllianceLevel}</Text>
		</Row>
		<Row Tag="LOC_ALLIANCE_RESEARCH">
			<Text>Arastirma ittifaki</Text>
		</Row>
		<Row Tag="LOC_ALLIANCE_CULTURAL">
			<Text>Kültürel ittifak</Text>
		</Row>
		<Row Tag="LOC_ALLIANCE_MILITARY">
			<Text>Askeri birlik</Text>
		</Row>
		<Row Tag="LOC_ALLIANCE_ECONOMIC">
			<Text>Ekonomik ittifak</Text>
		</Row>
		<Row Tag="LOC_ALLIANCE_RELIGIOUS">
			<Text>Dini ittifak</Text>
		</Row>
		<Row Tag="LOC_DIPLO_CHOICE_ALLIANCE_RESEARCH">
			<Text>Bir Arastirma ittifaki Yapin</Text>
		</Row>
		<Row Tag="LOC_DIPLO_CHOICE_ALLIANCE_CULTURAL">
			<Text>Bir Kültürel ittifak Yapin</Text>
		</Row>
		<Row Tag="LOC_DIPLO_CHOICE_ALLIANCE_MILITARY">
			<Text>Askeri ittifak Yapin</Text>
		</Row>
		<Row Tag="LOC_DIPLO_CHOICE_ALLIANCE_ECONOMIC">
			<Text>Ekonomik ittifak Yapin</Text>
		</Row>
		<Row Tag="LOC_DIPLO_CHOICE_ALLIANCE_RELIGIOUS">
			<Text>Dini ittifak Yapin</Text>
		</Row>
		<Row Tag="LOC_DIPLO_CHOICE_RENEW_ALLIANCE">
			<Text>ittifak Yenile</Text>
		</Row>
		<Row Tag="LOC_DIPLOMACY_ALLIANCES">
			<Text>ittifaklar</Text>
		</Row>
		<Row Tag="LOC_DIPLOMACY_ALLIANCES_TT">
			<Text>Bu gücle bir ittifak onerin</Text>
		</Row>
		<Row Tag="LOC_DIPLOMACY_RENEW_ALLIANCE_TT">
			<Text>su anki ittifakinizin süresini bu gücle uzatmayi onerin</Text>
		</Row>
		<Row Tag="LOC_DIPLOMACY_ALLIANCES_CURRENT_BENEFITS_HEADER">
			<Text>su anki ittifakiniz su avantajlari veriyor:</Text>
		</Row>
		<Row Tag="LOC_DIPLOMACY_ALLIANCES_LEVEL_UP_BENEFITS_HEADER">
			<Text>Bir sonraki ittifak Düzeyinde, ittifaklariniz asagidaki ek avantajlara sahip olacak:</Text>
		</Row>
		<Row Tag="LOC_WORLD_RANKINGS_CULTURE_TOURIST_TOOLTIP_ALLIANCES">
			<Text>{1_Tooltip} [NEWLINE] Genel [ICON_Tourism] Turizm ittifaklar'dan + {2_Percent} Artti</Text>
		</Row>
		<Row Tag="LOC_PLAYER_YIELD_SCIENCE_MODIFIER_FROM_ALLIANCES">
			<Text>{Value : number +#;-#}% ({ActualValue : number +#.#;-#.#}) from Alliances</Text>
		</Row>
		<Row Tag="LOC_PLAYER_YIELD_CULTURE_FROM_ALLIANCES">
			<Text>{Value : number +#.#;-#.#}% ({ActualValue : number +#.#;-#.#}) from Alliances</Text>
		</Row>
		<Row Tag="LOC_PLAYER_YIELD_FAITH_FROM_ALLIANCES">
			<Text>{Value : number +#.#;-#.#} Dini ittifaklar</Text>
		</Row>
		<Row Tag="LOC_ALLIANCE_SHARED_VIS_EFFECT">
			<Text>Paylasilan Gorünürlük</Text>
		</Row>
		<Row Tag="LOC_ALLIANCE_NO_CULTURE_PRESSURE_EFFECT">
			<Text>Müttefiklerin sehirleri seninkilere sadakat baskisi yapmaz, ya da tam tersi</Text>
		</Row>
		<Row Tag="LOC_ALLIANCE_NO_RELIGIOUS_PRESSURE_EFFECT">
			<Text>Müttefikinizin Dini, Dininizin egemen oldugu sehirler üzerinde Dini baski yapmaz;</Text>
		</Row>
		<Row Tag="LOC_ALLIANCE_LV1_MILITARY_EFFECT_1">
			<Text>+5 [ICON_Strength] Sizinle ve müttefikinizle savas halindeki oyuncu birimlerine karsi mücadele gücü</Text>
		</Row>
		<Row Tag="LOC_ALLIANCE_LV1_ECONOMIC_EFFECT_1">
			<Text>+4 [ICON_GOLD] Altindan [ICON_TradeRoute] Müttefikinizden Ticaret Yollari</Text>
		</Row>
		<Row Tag="LOC_ALLIANCE_LV1_ECONOMIC_EFFECT_2">
			<Text>+2 [ICON_GOLD] Altindan [ICON_TradeRoute] Müttefikinizden Ticaret Yollari</Text>
		</Row>
		<Row Tag="LOC_ALLIANCE_LV1_RELIGIOUS_EFFECT_1">
			<Text>+2 [ICON_FAITH] inanctan [ICON_TradeRoute] Müttefikinizden Ticaret Yollari</Text>
		</Row>
		<Row Tag="LOC_ALLIANCE_LV1_RELIGIOUS_EFFECT_2">
			<Text>+1 [ICON_FAITH] inanctan [ICON_TradeRoute] Müttefikinizden Ticaret Yollari</Text>
		</Row>
		<Row Tag="LOC_ALLIANCE_LV1_CULTURAL_EFFECT_1">
			<Text>+2 [ICON_Culture] Kültürden [ICON_TradeRoute] Müttefikinizden Ticaret Yollari</Text>
		</Row>
		<Row Tag="LOC_ALLIANCE_LV1_CULTURAL_EFFECT_2">
			<Text>+1 [ICON_Culture] Kültürden [ICON_TradeRoute] Müttefikinizden Ticaret Yollari</Text>
		</Row>
		<Row Tag="LOC_ALLIANCE_LV1_RESEARCH_EFFECT_1">
			<Text>+2 [ICON_SCIENCE] Bilimden [ICON_TradeRoute] Müttefikinizden Ticaret Yollari</Text>
		</Row>
		<Row Tag="LOC_ALLIANCE_LV1_RESEARCH_EFFECT_2">
			<Text>+1 [ICON_SCIENCE] Bilimden [ICON_TradeRoute] Müttefikinizden Ticaret Yollari</Text>
		</Row>
		<Row Tag="LOC_ALLIANCE_LV2_ECONOMIC_EFFECT_1">
			<Text>Bonus [ICON_Envoy] Müttefiklerinize Bagis Veren Her sehir Devleti icin Elci Puanlari</Text>
		</Row>
		<Row Tag="LOC_ALLIANCE_LV2_MILITARY_EFFECT_1">
			<Text>+15% [ICON_PRODUCTION] Siz veya müttefikiniz savastayken, askeri birimlere yonelik üretim</Text>
		</Row>
		<Row Tag="LOC_ALLIANCE_LV2_RELIGIOUS_EFFECT_1">
			<Text>+10 Müttefik Olmayan Dinlere Karsi Dini Mücadele Gücü</Text>
		</Row>
		<Row Tag="LOC_ALLIANCE_LV2_RESEARCH_EFFECT_1">
			<Text>Her 30 saniyede bir (Standart), müttefikinizin arastirdigi veya gelistirdigi bir teknik icin [ICON_TechBoosted] Eureka'nin kilidini acarsiniz, ancak yapamazsiniz.</Text>
		</Row>
		<Row Tag="LOC_ALLIANCE_LV2_CULTURAL_EFFECT_1">
			<Text>[ICON_District] Bolgelerinizden her biri, o sehirden müttefikinize bir [ICON_TradeRoute] Ticaret Rotaniz varsa, tur basina ilave bir [ICON_GreatPerson] Büyük Kisi Puani verir.</Text>
		</Row>
		<Row Tag="LOC_ALLIANCE_LV3_MILITARY_EFFECT_1">
			<Text>Birimler ücretsiz Promosyon ile baslar</Text>
		</Row>
		<Row Tag="LOC_ALLIANCE_LV3_RELIGIOUS_EFFECT_1">
			<Text>+1 [ICON_FAITH] Müttefiklerinin dinini izleyen [ICON_Citizen] Vatandaslarina inanciniz</Text>
		</Row>
		<Row Tag="LOC_ALLIANCE_LV3_RELIGIOUS_EFFECT_2">
			<Text>Müttefiklerinin dinini takip etmeyen sehirlerde Bonus Dini Baski</Text>
		</Row>
		<Row Tag="LOC_ALLIANCE_LV3_RESEARCH_EFFECT_1">
			<Text>+10% [ICON_SCIENCE] Siz veya müttefikiniz digerinin tamamladigi bir teknolojiyi arastirirken ya da ayni teknolojiyi arastirirken bilim.</Text>
		</Row>
		<Row Tag="LOC_ALLIANCE_LV3_CULTURAL_EFFECT_1">
			<Text>Müttefiklerinizin +20%'sini [ICON Tourism] Turizmden sehirlerden Kazandiniz</Text>
		</Row>
		<Row Tag="LOC_ALLIANCE_LV3_CULTURAL_EFFECT_2">
			<Text>sehirdeki müttefiklerin [ICON_Culture] Kültürünün +10%'unu kazanirsin</Text>
		</Row>
		<Row Tag="LOC_ALLIANCE_LV3_ECONOMIC_EFFECT">
			<Text>Müttefikinizle Suzerain'e ozgü bonuslar paylasin</Text>
		</Row>
		<Row Tag="LOC_ALLIANCE_POINTS_FROM_DEFAULT">
			<Text>{1_Amount} Müttefik oldugun puanlar</Text>
		</Row>
		<Row Tag="LOC_ALLIANCE_POINTS_FROM_TRADE_ROUTES_TO_THEM">
			<Text>[NEWLINE]{1_Amount} Müttefikinize [ICON_TradeRoute] Ticaret Rotasi yaptirmanin puanlari</Text>
		</Row>
		<Row Tag="LOC_ALLIANCE_POINTS_FROM_TRADE_ROUTES_FROM_THEM">
			<Text>[NEWLINE]{1_Amount} Müttefikinizden [ICON_TradeRoute] Ticaret Rotasina sahip olmanin puanlari</Text>
		</Row>
		<Row Tag="LOC_ALLIANCE_POINTS_FROM_COMMON_ENEMY">
			<Text>[NEWLINE]{1_Amount} Ortak bir düsmana savas ilan etmekten</Text>
		</Row>
		<Row Tag="LOC_ALLIANCE_POINTS_FROM_YOUR_MODIFIER">
			<Text>[NEWLINE]{1_Amount} Diger kaynaklardan gelen puanlar</Text>
		</Row>
		<Row Tag="LOC_ALLIANCE_POINTS_FROM_THEIR_MODIFIER">
			<Text>[NEWLINE]{1_Amount} Müttefiklerinin diger kaynaklarindan gelen puanlar</Text>
		</Row>
		<!-- New Government Text -->
		<Row Tag="LOC_GOVT_POLICY_TYPE_DARKAGE">
			<Text>Karanlik cag Politikalari</Text>
		</Row>
		<Row Tag="LOC_GOVT_INHERENT_BONUS_AUTOCRACY_XP1">
			<Text>Bir sehirdeki her hükümet binasi ve sarayi icin tüm getirileri + 1'leyin.</Text>
		</Row>
		<Row Tag="LOC_GOVT_INHERENT_BONUS_OLIGARCHY_XP1">
			<Text>Bütün kara kavgasi, süvari karsiti ve deniz dovüsü sinifi üniteleri +4 [ICON_Strength] Savas Gücü kazanir.</Text>
		</Row>
		<Row Tag="LOC_GOVT_INHERENT_BONUS_CLASSREP_XP1">
			<Text>ilce bulunan tüm sehirler +1 [ICON_Housing] Konut ve +1 [ICON_Amenities] Firsati alir.</Text>
		</Row>
		<Row Tag="LOC_GOVT_INHERENT_BONUS_MONARCHY_XP1">
			<Text>+1 [ICON_Housing] Duvar seviyesi basina konut.</Text>
		</Row>
		<Row Tag="LOC_GOVT_INHERENT_BONUS_THEOCRACY_XP1">
			<Text>+5 [ICON_Religion] Teolojik Mücadelede Dini Mukavemet [NEWLINE] + .5 [ICON_Faith] [ICON_Citizen] Vatandasina inanc [ICON_Governor] Vali olan sehirlerde.</Text>
		</Row>
		<Row Tag="LOC_GOVT_INHERENT_BONUS_MERCHREP_XP1">
			<Text>+10% [ICON_GOLD] Altin [ICON Valisi] Valiligiyle tüm sehirlerde.</Text>
		</Row>
		<Row Tag="LOC_GOVT_INHERENT_BONUS_FASCISM_XP1">
			<Text>Bütün birimler +5 [ICON_Strength] Savas Gücü kazanir. Savas yorgunlugu %15 azaldi.</Text>
		</Row>
		<Row Tag="LOC_GOVT_INHERENT_BONUS_COMMUNISM_XP1">
			<Text>+0.6 [ICON_Production] [ICON_Citizen] Vatandas basina üretim [ICON_Governor] Vali olan sehirlerde.</Text>
		</Row>
		<Row Tag="LOC_GOVT_INHERENT_BONUS_DEMOCRACY_XP1">
			<Text>+1 [ICON_Production] Üretim, +1 [ICON_Housing] ilce basina konut</Text>
		</Row>
		<Row Tag="LOC_GOVT_ACCUMULATED_BONUS_BRIEF_AUTOCRACY_XP1">
			<Text>+10% Harikalara Yonelik Prodüksiyon.</Text>
		</Row>
		<Row Tag="LOC_GOVT_ACCUMULATED_BONUS_BRIEF_OLIGARCHY_XP1">
			<Text>+20% Birim Deneyimi.</Text>
		</Row>
		<Row Tag="LOC_GOVT_ACCUMULATED_BONUS_BRIEF_CLASSREP_XP1">
			<Text>+15% Harika insan puanlari.</Text>
		</Row>
		<Row Tag="LOC_GOVT_ACCUMULATED_BONUS_BRIEF_MONARCHY_XP1">
			<Text>+50% Etki Noktalari.</Text>
		</Row>
		<Row Tag="LOC_GOVT_ACCUMULATED_BONUS_BRIEF_THEOCRACY_XP1">
			<Text>15% [ICON_Faith] Faith ile Satin Almalarda indirim.</Text>
		</Row>
		<Row Tag="LOC_GOVT_ACCUMULATED_BONUS_BRIEF_MERCHREP_XP1">
			<Text>+15% Bolgelere Dogru Üretim.</Text>
		</Row>
		<Row Tag="LOC_GOVT_ACCUMULATED_BONUS_BRIEF_FASCISM_XP1">
			<Text>+50% Birimlere Dogru Üretim.</Text>
		</Row>
		<Row Tag="LOC_GOVT_ACCUMULATED_BONUS_BRIEF_COMMUNISM_XP1">
			<Text>+15% Üretim.</Text>
		</Row>
		<Row Tag="LOC_GOVT_ACCUMULATED_BONUS_BRIEF_DEMOCRACY_XP1">
			<Text>%25 [ICON_Gold] Altin ile Satin Almalarda indirim.</Text>
		</Row>
		<Row Tag="LOC_TOOLTIP_UNLOCKS_POLICY_CARD">
			<Text>{1_PolicyName} Politika Kartinin kilidini acar.</Text>
		</Row>
		<Row Tag="LOC_ABILITY_OLIGARCHY_LEGACY_MELEE_BUFF_MODIFIER_DESCRIPTION">
			<Text>Oligarsik Mirasi'ndan +4</Text>
		</Row>
		<Row Tag="LOC_ABILITY_THEOCRACY_LEGACY_RELIGIOUS_BUFF_MODIFIER_DESCRIPTION">
			<Text>+5 Teokratik Mirastan</Text>
		</Row>
		<Row Tag="LOC_ABILITY_FASCISM_LEGACY_ATTACK_BUFF_MODIFIER_DESCRIPTION">
			<Text>Fasist Mirasi'ndan +4</Text>
		</Row>
		<!-- Governors UI -->
		<Row Tag="LOC_GOVERNORS_SCREEN_TAB_OWNED_GOVERNORS">
			<Text>Mevcut Valiler</Text>
		</Row>
		<Row Tag="LOC_GOVERNORS_SCREEN_TAB_GOVERNOR_CANDIDATES">
			<Text>Adaylar</Text>
		</Row>
		<Row Tag="LOC_GOVERNORS_SCREEN_BUTTON_APPOINT_GOVERNOR">
			<Text>Atama</Text>
		</Row>
		<Row Tag="LOC_GOVERNORS_SCREEN_DETAILS">
			<Text>Detaylar</Text>
		</Row>
		<Row Tag="LOC_GOVERNORS_SCREEN_PROMOTE">
			<Text>Destekle</Text>
		</Row>
		<Row Tag="LOC_GOVERNORS_SCREEN_VIEW_PROMOTIONS">
			<Text>Yetenekleri Gorüntüle</Text>
		</Row>
		<Row Tag="LOC_GOVERNORS_SCREEN_GOVERNOR_ESTABLISHED_IN">
			<Text>YERLESTi:</Text>
		</Row>
		<Row Tag="LOC_GOVERNORS_SCREEN_GOVERNOR_TRANSITIONING_TO">
			<Text>Siyasi iktidarin kurulmasi:</Text>
		</Row>
		<Row Tag="LOC_GOVERNORS_SCREEN_GOVERNOR_NEEDS_ASSIGNMENT">
			<Text>ATANMAK iSTiYOR</Text>
		</Row>
		<Row Tag="LOC_GOVERNOR_ASSIGNMENT_REPLACES">
			<Text>Yerini:</Text>
		</Row>
		<Row Tag="LOC_GOVERNOR_ASSIGNMENT_CONFIRM_REPLACEMENT">
			<Text>VALiYi DEGiSTiRMEK Mi? Bu valinin ayrilmasi, bu sehirdeki valinin yerine gececek.</Text>
		</Row>
		<Row Tag="LOC_GOVERNOR_ASSIGNMENT_PLUS_PRESSURE">
			<Text>{1_Pressure: number +#;-#}</Text>
		</Row>
		<Row Tag="LOC_GOVERNOR_ASSIGNMENT_IS_ESTABLISHED">
			<Text>{1_Name} ({2_Type}) bu sehirde kuruldu</Text>
		</Row>
		<Row Tag="LOC_GOVERNOR_ASSIGNMENT_IS_ESTABLISHING">
			<Text>{1_Name} ({2_Type}) bu sehirde kuruluyor</Text>
		</Row>
		<Row Tag="LOC_GOVERNOR_ASSIGNMENT_NO_GOVERNOR">
			<Text>VALi ATANMAMIS</Text>
		</Row>
		<Row Tag="LOC_GOVERNOR_ASSIGNMENT_CURRENT_IDENTITY_PRESSURE_TOOLTIP">
			<Text>TUR BASINA MEVCUT SADAKAT</Text>
		</Row>
		<Row Tag="LOC_GOVERNOR_ASSIGNMENT_FUTURE_IDENTITY_PRESSURE_TOOLTIP">
			<Text>Bu Vali ile Tur Basina Sadakat Kuruldu</Text>
		</Row>
		<Row Tag="LOC_GOVERNORS_SCREEN_GOVERNOR_TRANSITION_TURNS">
			<Text>{1_NumTurns} TUR</Text>
		</Row>
		<Row Tag="LOC_GOVERNORS_SCREEN_GOVERNOR_TURNS_UNTIL_ESTABLISHED">
			<Text>{1_NumTurns} YERLESENE KADAR TUR</Text>
		</Row>
		<Row Tag="LOC_GOVERNORS_SCREEN_GOVERNOR_NAME_WITH_TURNS">
			<Text>{1_GovernorName} ({2_Turns} {2_Turns : plural 1?Turn; other?Turns;})</Text>
		</Row>
		<Row Tag="LOC_GOVERNORS_SCREEN_NEUTRALIZED">
			<Text>TARAFSIZLIK:</Text>
		</Row>
		<Row Tag="LOC_GOVERNORS_SCREEN_NEUTRALIZED_TURNS_REMAINING">
			<Text>({1_Turns} {1_Turns : plural 1?Turn; other?Turns;})</Text>
		</Row>
		<Row Tag="LOC_GOVERNORS_SCREEN_GOVERNOR_CANDIDATE">
			<Text>VALi ADAYI</Text>
		</Row>
		<Row Tag="LOC_GOVERNORS_SCREEN_GOVERNOR_ASSIGN_TO">
			<Text>{1_GovernorName} su adrese atayin:</Text>
		</Row>
		<Row Tag="LOC_GOVERNORS_BASE_ABILITY_HEADER_TEXT">
			<Text>TEMEL YETENEK: </Text>
		</Row>
		<Row Tag="LOC_GOVERNORS_PROMOTIONS_HEADER_TEXT">
			<Text>YETENEKLER:</Text>
		</Row>
		<Row Tag="LOC_GOVERNORS_SCREEN_CHANGE_ASSIGNMENT">
			<Text>Sehir atamasini degistir</Text>
		</Row>
		<Row Tag="LOC_GOVERNORS_GRANT_PROMOTION">
			<Text>Hibe Yetenegi</Text>
		</Row>
		<Row Tag="LOC_GOVERNORS_GOVERNOR_NEUTRALIZED">
			<Text>Komisyon Disi</Text>
		</Row>
		<Row Tag="LOC_GOVERNORS_CANCEL_PROMOTE_PROMPT">
			<Text>Bu ekrandan cikarsaniz secilen promosyon uygulanmayacaktir. Devam etmek istiyor musunuz?</Text>
		</Row>
		<!-- Governors -->
		<Row Tag="LOC_GOVERNOR_THE_DEFENDER_NAME">
			<Text>Galip</Text>
		</Row>
		<Row Tag="LOC_GOVERNOR_THE_AMBASSADOR_NAME">
			<Text>Amani</Text>
		</Row>
		<Row Tag="LOC_GOVERNOR_THE_CARDINAL_NAME">
			<Text>Moksha</Text>
		</Row>
		<Row Tag="LOC_GOVERNOR_THE_RESOURCE_MANAGER_NAME">
			<Text>Magnus</Text>
		</Row>
		<Row Tag="LOC_GOVERNOR_THE_BUILDER_NAME">
			<Text>Liang</Text>
		</Row>
		<Row Tag="LOC_GOVERNOR_THE_EDUCATOR_NAME">
			<Text>Pingala</Text>
		</Row>
		<Row Tag="LOC_GOVERNOR_THE_MERCHANT_NAME">
			<Text>Reyna</Text>
		</Row>
		<Row Tag="LOC_GOVERNOR_THE_DEFENDER_TITLE">
			<Text>KALE KUMANDANI</Text>
		</Row>
		<Row Tag="LOC_GOVERNOR_THE_AMBASSADOR_TITLE">
			<Text>DiPLOMAT</Text>
		</Row>
		<Row Tag="LOC_GOVERNOR_THE_CARDINAL_TITLE">
			<Text>DiN ADAMI</Text>
		</Row>
		<Row Tag="LOC_GOVERNOR_THE_RESOURCE_MANAGER_TITLE">
			<Text>KAHYA</Text>
		</Row>
		<Row Tag="LOC_GOVERNOR_THE_BUILDER_TITLE">
			<Text>AZA</Text>
		</Row>
		<Row Tag="LOC_GOVERNOR_THE_EDUCATOR_TITLE">
			<Text>EGiTiMCi</Text>
		</Row>
		<Row Tag="LOC_GOVERNOR_THE_MERCHANT_TITLE">
			<Text>FiNANSMAN</Text>
		</Row>
		<Row Tag="LOC_GOVERNOR_THE_DEFENDER_SHORT_TITLE">
			<Text>KALE KUMANDANI</Text>
		</Row>
		<Row Tag="LOC_GOVERNOR_THE_AMBASSADOR_SHORT_TITLE">
			<Text>DiPLOMAT</Text>
		</Row>
		<Row Tag="LOC_GOVERNOR_THE_CARDINAL_SHORT_TITLE">
			<Text>DiN ADAMI</Text>
		</Row>
		<Row Tag="LOC_GOVERNOR_THE_RESOURCE_MANAGER_SHORT_TITLE">
			<Text>KAHYA</Text>
		</Row>
		<Row Tag="LOC_GOVERNOR_THE_BUILDER_SHORT_TITLE">
			<Text>AZA</Text>
		</Row>
		<Row Tag="LOC_GOVERNOR_THE_EDUCATOR_SHORT_TITLE">
			<Text>EGiTiMCi</Text>
		</Row>
		<Row Tag="LOC_GOVERNOR_THE_MERCHANT_SHORT_TITLE">
			<Text>FiNANSoR</Text>
		</Row>
		<Row Tag="LOC_GOVERNOR_THE_DEFENDER_DESCRIPTION">
			<Text>Askeri odakli, bir zamanlar bir sehirde kurulmus olan {LOC_GOVERNOR_THE_DEFENDER_NAME}, onu yabanci tehditlere karsi güclendirmek, korumak ve savunmak icin etkilidir.</Text>
		</Row>
		<Row Tag="LOC_GOVERNOR_THE_AMBASSADOR_DESCRIPTION">
			<Text>Medeniyetiniz icin destek kazanma ve etkisini yakindaki sehirlere yayma becerisi. {LOC_GOVERNOR_THE_AMBASSADOR_NAME} sehir devletinde yabanci gorevlendirilebilecek tek vali.</Text>
		</Row>
		<Row Tag="LOC_GOVERNOR_THE_CARDINAL_DESCRIPTION">
			<Text>[ICON_Religion] Bir sehrin Dini Gücünü ve oradaki dinsel birimleri artirabilecek Manevi ve Dini lider. {LOC_GOVERNOR_THE_CARDINAL_NAME}, [ICON_FAITH] imparatorluguna imanin bir gostergesidir.</Text>
		</Row>
		<Row Tag="LOC_GOVERNOR_THE_RESOURCE_MANAGER_DESCRIPTION">
			<Text>Girisimci ve yetenekli, {LOC_GOVERNOR_THE_RESOURCE_MANAGER_NAME} gerektiginde degerli kaynaklar tedarik edebiliyor. Ayrica, sehirdeki genel [ICON_PRODUCTION] Prodüksiyonunu optimize etme konusunda da yetenekli.</Text>
		</Row>
		<Row Tag="LOC_GOVERNOR_THE_EDUCATOR_DESCRIPTION">
			<Text>{LOC_GOVERNOR_THE_EDUCATOR_NAME}, sehirde [ICON_SCIENCE] Bilimsel ve [ICON_Culture] Kültürel calismalarin gelistirilmesine odaklanmistir. Ayni zamanda, [ICON_GreatPerson] Büyük insanlari sehrine cekmek konusunda da oldukca yetenekli.</Text>
		</Row>
		<Row Tag="LOC_GOVERNOR_THE_MERCHANT_DESCRIPTION">
			<Text>Shrewd ve mali acidan bilgili, {LOC_GOVERNOR_THE_MERCHANT_NAME}, bir sehrin ekonomik gücünü, normalde mümkün olandan daha fazlasini saglamak icin finansman kullanarak güclendirebilir.</Text>
		</Row>
		<Row Tag="LOC_GOVERNOR_THE_BUILDER_DESCRIPTION">
			<Text>Verimlilik konusunda uzman olan {LOC_GOVERNOR_THE_BUILDER_NAME}, insaat ve insaat ile ilgili her konuda uzmandir. Uzman bir planlayici, ayni zamanda sehirde ozel gelismelerin gelisimini denetleyebilir.</Text>
		</Row>
		<!-- Governor Promotions -->
		<Row Tag="LOC_GOVERNOR_PROMOTION_REDOUBT_NAME">
			<Text>Tabya</Text>
		</Row>
		<Row Tag="LOC_GOVERNOR_PROMOTION_REDOUBT_DESCRIPTION">
			<Text>sehir garnizonunu arttirir [ICON_Strength] Savas Gücü +5.</Text>
		</Row>
		<Row Tag="LOC_GOVERNOR_PROMOTION_GARRISON_COMMANDER_NAME">
			<Text>Garnizon komutani</Text>
		</Row>
		<Row Tag="LOC_GOVERNOR_PROMOTION_GARRISON_COMMANDER_DESCRIPTION">
			<Text>sehir sinirlari icinde savunan birimler +5 [ICON_Strength] Combat Strength kazanir.</Text>
		</Row>
		<Row Tag="LOC_GOVERNOR_PROMOTION_EMBRASURE_NAME">
			<Text>Mazgal</Text>
		</Row>
		<Row Tag="LOC_GOVERNOR_PROMOTION_EMBRASURE_DESCRIPTION">
			<Text>sehir, tur basina ek bir [ICON_Ranged] Menzil Vurusu kazandi.</Text>
		</Row>
		<Row Tag="LOC_GOVERNOR_PROMOTION_DEFENSE_LOGISTICS_NAME">
			<Text>Savunma Lojistigi</Text>
		</Row>
		<Row Tag="LOC_GOVERNOR_PROMOTION_SECURITY_EXPERT_NAME">
			<Text>Güvenlik Uzmani</Text>
		</Row>
		<Row Tag="LOC_GOVERNOR_PROMOTION_SECURITY_EXPERT_DESCRIPTION">
			<Text>Düsman Casuslari bu sehirde normalin 2 kat altinda calisiyor.</Text>
		</Row>
		<Row Tag="LOC_GOVERNOR_PROMOTION_DEFENSE_LOGISTICS_DESCRIPTION">
			<Text>sehir kusatma altina alinamaz.</Text>
		</Row>
		<Row Tag="LOC_GOVERNOR_PROMOTION_AIR_DEFENSE_INITIATIVE_NAME">
			<Text>Hava Savunma Girisimi</Text>
		</Row>
		<Row Tag="LOC_GOVERNOR_PROMOTION_AIR_DEFENSE_INITIATIVE_DESCRIPTION">
			<Text>+25 [ICON_Strength] Ucak ve ICBM'lere karsi savunma yaparken, kentin topraklarindaki hava karsiti destek birimlerine karsi mücadele.</Text>
		</Row>
		<Row Tag="LOC_GOVERNOR_PROMOTION_AMBASSADOR_MESSENGER_NAME">
			<Text>Haberci</Text>
		</Row>
		<Row Tag="LOC_GOVERNOR_PROMOTION_AMBASSADOR_MESSENGER_DESCRIPTION">
			<Text>2 [ICON_Envoy] Elcisi olarak gorev yaptigi bir sehir devletine atanabilir.</Text>
		</Row>
		<Row Tag="LOC_SETTLER_LOYALTY_WARNING_TOOLTIP">
			<Text>Yakindaki sehirlerin etkisi burada yerlesik yeni bir sehre {1_LoyaltyPerTurnAmount} Tur basina sadakat uygular. Yeni sehirde bir [ICON_Governor] Valisi kullanmayi veya baska bir yere yerlesmeyi düsünün.</Text>
		</Row>
		<Row Tag="LOC_GOVERNOR_PROMOTION_AMBASSADOR_EMISSARY_NAME">
			<Text>Temsilci</Text>
		</Row>
		<Row Tag="LOC_GOVERNOR_PROMOTION_AMBASSADOR_EMISSARY_DESCRIPTION">
			<Text>9 petek icerisindeki ve size ait olmayan diger sehirler, medeniyetinize karsi tur basina +2 Sadakat kazanir.</Text>
		</Row>
		<Row Tag="LOC_GOVERNOR_PROMOTION_AMBASSADOR_PRESTIGE_NAME">
			<Text>Prestij</Text>
		</Row>
		<Row Tag="LOC_GOVERNOR_PROMOTION_AMBASSADOR_PRESTIGE_DESCRIPTION">
			<Text>9 petek icindeki diger sehirleriniz, medeniyetinize karsi tur basina +2 Sadakat kazaniyor.</Text>
		</Row>
		<Row Tag="LOC_GOVERNOR_PROMOTION_AMBASSADOR_AFFLUENCE_NAME">
			<Text>Bolluk</Text>
		</Row>
		<Row Tag="LOC_GOVERNOR_PROMOTION_AMBASSADOR_AFFLUENCE_DESCRIPTION">
			<Text>Bir sehir devletinde kurulurken, Lüks kaynaklarinin bir kopyasini size sunar.</Text>
		</Row>
		<Row Tag="LOC_GOVERNOR_PROMOTION_AMBASSADOR_PROMOTER_NAME">
			<Text>Organizator</Text>
		</Row>
		<Row Tag="LOC_GOVERNOR_PROMOTION_AMBASSADOR_PROMOTER_DESCRIPTION">
			<Text>+4 [ICON_Amenities] sehirdeki imkanlar.</Text>
		</Row>
		<Row Tag="LOC_GOVERNOR_PROMOTION_AMBASSADOR_PUPPETEER_NAME">
			<Text>KUKLACI</Text>
		</Row>
		<Row Tag="LOC_GOVERNOR_PROMOTION_AMBASSADOR_PUPPETEER_DESCRIPTION">
			<Text>Bir sehir devletinde kurulurken, orada sahip oldugunuz [ICON_Envoy] Elcisi sayisini iki katina cikarir.</Text>
		</Row>
		<Row Tag="LOC_GOVERNOR_PROMOTION_CARDINAL_BISHOP_NAME">
			<Text>DiNCi</Text>
		</Row>
		<Row Tag="LOC_GOVERNOR_PROMOTION_CARDINAL_GRAND_INQUISITOR_NAME">
			<Text>ENGiZiSYON BASKANI</Text>
		</Row>
		<Row Tag="LOC_GOVERNOR_PROMOTION_CARDINAL_DIVINE_ARCHITECT_NAME">
			<Text>ilahi Mimar</Text>
		</Row>
		<Row Tag="LOC_GOVERNOR_PROMOTION_CARDINAL_LAYING_ON_OF_HANDS_NAME">
			<Text>ELLERi SiFALI</Text>
		</Row>
		<Row Tag="LOC_GOVERNOR_PROMOTION_CARDINAL_CITADEL_OF_GOD_NAME">
			<Text>TANRI'NIN KALESi</Text>
		</Row>
		<Row Tag="LOC_GOVERNOR_PROMOTION_CARDINAL_PATRON_SAINT_NAME">
			<Text>KORUYUCU AZiZ</Text>
		</Row>
		<Row Tag="LOC_GOVERNOR_PROMOTION_CARDINAL_BISHOP_DESCRIPTION">
			<Text>Komsu sehirlere olan dini baski bu kentten %100 daha güclü.</Text>
		</Row>
		<Row Tag="LOC_GOVERNOR_PROMOTION_CARDINAL_GRAND_INQUISITOR_DESCRIPTION">
			<Text>+10 [ICON_Religion] Bu kentin peteklerinde teolojik dovüslerde Dini Güc.</Text>
		</Row>
		<Row Tag="LOC_GOVERNOR_PROMOTION_CARDINAL_DIVINE_ARCHITECT_DESCRIPTION">
			<Text>+20% [ICON_Production] Kentte Kutsal Alan binalarina yonelik yapim.</Text>
		</Row>
		<Row Tag="LOC_GOVERNOR_PROMOTION_CARDINAL_LAYING_ON_OF_HANDS_DESCRIPTION">
			<Text>[ICON_Governor] Valinin dini birimleri bu kentin cinilerinde bir sirayla tamamen iyilesir.</Text>
		</Row>
		<Row Tag="LOC_GOVERNOR_PROMOTION_CARDINAL_CITADEL_OF_GOD_DESCRIPTION">
			<Text>sehir, [ICON_Governor] Valisinin oyuncusu tarafindan kurulmamis Dinlerin baskisini ve mücadele etkilerini gormezden geliyor.</Text>
		</Row>
		<Row Tag="LOC_GOVERNOR_PROMOTION_CARDINAL_PATRON_SAINT_DESCRIPTION">
			<Text>sehirde egitimli Havariler ve Savasci Rahipler, ilk tanitimlarini alirken 1 ekstra promosyon alirlar.</Text>
		</Row>
		<Row Tag="LOC_GOVERNOR_PROMOTION_RESOURCE_MANAGER_GROUNDBREAKER_NAME">
			<Text>Zeminkirici</Text>
		</Row>
		<Row Tag="LOC_GOVERNOR_PROMOTION_RESOURCE_MANAGER_GROUNDBREAKER_DESCRIPTION">
			<Text>+50% arsa hasilatlarindan elde edilen verimler ve kentte tasinma ozellikleri.</Text>
		</Row>
		<Row Tag="LOC_GOVERNOR_PROMOTION_RESOURCE_MANAGER_SURPLUS_LOGISTICS_NAME">
			<Text>Arti Lojistik</Text>
		</Row>
		<Row Tag="LOC_GOVERNOR_PROMOTION_RESOURCE_MANAGER_SURPLUS_LOGISTICS_DESCRIPTION">
			<Text>+20% [ICON_Food] sehirde büyüme. Burada sona eren [ICON_TradeRoute] Ticari Yollariniz, baslangic sehirlerine +2 [ICON_Food] Yiyecek saglar.</Text>
		</Row>
		<Row Tag="LOC_GOVERNOR_PROMOTION_RESOURCE_MANAGER_EXPEDITION_NAME">
			<Text>HüKüM</Text>
		</Row>
		<Row Tag="LOC_GOVERNOR_PROMOTION_RESOURCE_MANAGER_EXPEDITION_DESCRIPTION">
			<Text>+20% [ICON_Production] kentte Sanayi Bolgesi binalarina dogru. sehirde yetisen yerlesimciler [ICON_Citizen] Nüfus tüketmiyor.</Text>
		</Row>
		<Row Tag="LOC_GOVERNOR_PROMOTION_RESOURCE_MANAGER_INDUSTRIALIST_NAME">
			<Text>SANAYiCi</Text>
		</Row>
		<Row Tag="LOC_GOVERNOR_PROMOTION_RESOURCE_MANAGER_INDUSTRIALIST_DESCRIPTION">
			<Text>+1 [ICON_Production] sehirdeki her bir Stratejik kaynaktan tur basina üretim.</Text>
		</Row>
		<Row Tag="LOC_GOVERNOR_PROMOTION_RESOURCE_MANAGER_BLACK_MARKETEER_NAME">
			<Text>KARABORSACI</Text>
		</Row>
		<Row Tag="LOC_GOVERNOR_PROMOTION_RESOURCE_MANAGER_BLACK_MARKETEER_DESCRIPTION">
			<Text>Kaynaga bagli birimler olusturmak icin kentte stratejik kaynaklar gerekli degildir.</Text>
		</Row>
		<Row Tag="LOC_GOVERNOR_PROMOTION_RESOURCE_MANAGER_VERTICAL_INTEGRATION_NAME">
			<Text>Dikey entegrasyon</Text>
		</Row>
		<Row Tag="LOC_GOVERNOR_PROMOTION_RESOURCE_MANAGER_VERTICAL_INTEGRATION_DESCRIPTION">
			<Text>Bu sehir, yalnizca ilki degil, yakindaki herhangi bir sanayi bolgesinden [ICON_Production] Prodüksiyonu aldi.</Text>
		</Row>
		<Row Tag="LOC_GOVERNOR_PROMOTION_BUILDER_GUILDMASTER_NAME">
			<Text>LONCA USTASI</Text>
		</Row>
		<Row Tag="LOC_GOVERNOR_PROMOTION_BUILDER_GUILDMASTER_DESCRIPTION">
			<Text>sehirde egitilmis tüm insaatcilar +1 insaat ücreti alirlar.</Text>
		</Row>
		<Row Tag="LOC_GOVERNOR_PROMOTION_INFRASTRUCTURE_NAME">
			<Text>ALTYAPI</Text>
		</Row>
		<Row Tag="LOC_GOVERNOR_PROMOTION_INFRASTRUCTURE_DESCRIPTION">
			<Text>+30% [ICON_Production] City Center ve Government Plaza binalarina yonelik üretim.</Text>
		</Row>
		<Row Tag="LOC_GOVERNOR_PROMOTION_AQUACULTURE_NAME">
			<Text>Su Kültürü</Text>
		</Row>
		<Row Tag="LOC_GOVERNOR_PROMOTION_AQUACULTURE_DESCRIPTION">
			<Text>Balikcilik benzersiz gelisme kentte kiyi arazilerinde insa edilebilir. Verim 1 [ICON_Food] Yiyecek, +1 [ICON_Food] Yiyecek bir deniz kaynagina bitisikse.</Text>
		</Row>
		<Row Tag="LOC_GOVERNOR_PROMOTION_PARKS_RECREATION_NAME">
			<Text>Parklar ve Rekreasyon</Text>
		</Row>
		<Row Tag="LOC_GOVERNOR_PROMOTION_PARKS_RECREATION_DESCRIPTION">
			<Text>Kent Parkinda essiz bir gelisme kentte insa edilebilir. 2 Temyiz ve 1 [ICON_Culture] Kültürü verir. +1 [ICON_Amenities] Suya bitisik ise mükemmellik.</Text>
		</Row>
		<Row Tag="LOC_GOVERNOR_PROMOTION_ZONING_COMMISSIONER_NAME">
			<Text>imar Komisyon Üyesi</Text>
		</Row>
		<Row Tag="LOC_GOVERNOR_PROMOTION_ZONING_COMMISSIONER_DESCRIPTION">
			<Text>+20% [ICON_Production] Kentte ilce insaa dogru üretim.</Text>
		</Row>
		<Row Tag="LOC_GOVERNOR_PROMOTION_ARCHITECT_NAME">
			<Text>Eglence</Text>
		</Row>
		<Row Tag="LOC_GOVERNOR_PROMOTION_ARCHITECT_DESCRIPTION">
			<Text>+30% [ICON_Production] Kentte Eglence Kompleksi ve Su Parki binalarina yonelik yapim.</Text>
		</Row>
		<Row Tag="LOC_GOVERNOR_PROMOTION_EDUCATOR_LIBRARIAN_NAME">
			<Text>Kütüphaneci</Text>
		</Row>
		<Row Tag="LOC_GOVERNOR_PROMOTION_EDUCATOR_LIBRARIAN_DESCRIPTION">
			<Text>15% sehir tarafindan üretilen [ICON_Science] Bilimi ve [ICON_Culture] Kültür artar.</Text>
		</Row>
		<Row Tag="LOC_GOVERNOR_PROMOTION_EDUCATOR_CONNOISSEUR_NAME">
			<Text>Usta</Text>
		</Row>
		<Row Tag="LOC_GOVERNOR_PROMOTION_EDUCATOR_CONNOISSEUR_DESCRIPTION">
			<Text>+%20 [ICON_Production] sehirdeki Tiyatro Meydani binalarina dogru yapim.</Text>
		</Row>
		<Row Tag="LOC_GOVERNOR_PROMOTION_EDUCATOR_RESEARCHER_NAME">
			<Text>Arastirmaci</Text>
		</Row>
		<Row Tag="LOC_GOVERNOR_PROMOTION_EDUCATOR_RESEARCHER_DESCRIPTION">
			<Text>+%20 [ICON_Production] Kentteki kampüs binalarina yonelik üretim.</Text>
		</Row>
		<Row Tag="LOC_GOVERNOR_PROMOTION_EDUCATOR_GRANTS_NAME">
			<Text>Burslar</Text>
		</Row>
		<Row Tag="LOC_GOVERNOR_PROMOTION_EDUCATOR_GRANTS_DESCRIPTION">
			<Text>+%100 [ICON_GreatPerson] sehirde tur basina üretilen Büyük insanlar puani.</Text>
		</Row>
		<Row Tag="LOC_GOVERNOR_PROMOTION_EDUCATOR_ARMS_RACE_PROPONENT_NAME">
			<Text>Silahlanma yarisi savunucusu</Text>
		</Row>
		<Row Tag="LOC_GOVERNOR_PROMOTION_EDUCATOR_ARMS_RACE_PROPONENT_DESCRIPTION">
			<Text>%30 [ICON_Production] sehirdeki tüm nükleer silahlanma projelerinde üretim artisi.</Text>
		</Row>
		<Row Tag="LOC_GOVERNOR_PROMOTION_EDUCATOR_SPACE_INITIATIVE_NAME">
			<Text>Uzay Girisimi</Text>
		</Row>
		<Row Tag="LOC_GOVERNOR_PROMOTION_EDUCATOR_SPACE_INITIATIVE_DESCRIPTION">
			<Text>%30 [ICON_Production] sehirdeki tüm uzay programi projelerinde üretim artisi.</Text>
		</Row>
		<Row Tag="LOC_GOVERNOR_PROMOTION_MERCHANT_LAND_ACQUISITION_NAME">
			<Text>Arazi Edinimi</Text>
		</Row>
		<Row Tag="LOC_GOVERNOR_PROMOTION_MERCHANT_LAND_ACQUISITION_DESCRIPTION">
			<Text>Daha hizli sehirdeki yeni petek kazanin.</Text>
		</Row>
		<Row Tag="LOC_GOVERNOR_PROMOTION_MERCHANT_HARBORMASTER_NAME">
			<Text>Liman Reisi</Text>
		</Row>
		<Row Tag="LOC_GOVERNOR_PROMOTION_MERCHANT_HARBORMASTER_DESCRIPTION">
			<Text>sehirdeki Ticaret Merkezleri ve Limanlar'dan cift bitisik bonuslar.</Text>
		</Row>
		<Row Tag="LOC_GOVERNOR_PROMOTION_MERCHANT_FOREIGN_EXCHANGE_NAME">
			<Text>Doviz</Text>
		</Row>
		<Row Tag="LOC_GOVERNOR_PROMOTION_MERCHANT_FOREIGN_EXCHANGE_DESCRIPTION">
			<Text>+3 [ICON_Gold] Her yabancidan donüs basina altin [ICON_TradeRoute] sehirden gecen Ticaret Rotasi.</Text>
		</Row>
		<Row Tag="LOC_GOVERNOR_PROMOTION_MERCHANT_TARIFFS_NAME">
			<Text>Tarifeler</Text>
		</Row>
		<Row Tag="LOC_GOVERNOR_PROMOTION_MERCHANT_TARIFFS_DESCRIPTION">
			<Text>+3 [ICON Gold] Her sehirde tur basina altin [ICON Trade Route] sehir icinde ve disinda Ticari Hatlar.</Text>
		</Row>
		<Row Tag="LOC_GOVERNOR_PROMOTION_MERCHANT_TAX_COLLECTOR_NAME">
			<Text>Vergi Memuru</Text>
		</Row>
		<Row Tag="LOC_GOVERNOR_PROMOTION_MERCHANT_TAX_COLLECTOR_DESCRIPTION">
			<Text>+2 [ICON_Gold] sehirdeki her bir [ICON_Citizen] Vatandas icin tur basina altin.</Text>
		</Row>
		<Row Tag="LOC_GOVERNOR_PROMOTION_MERCHANT_CONTRACTOR_NAME">
			<Text>Müteahhit</Text>
		</Row>
		<Row Tag="LOC_GOVERNOR_PROMOTION_MERCHANT_CONTRACTOR_DESCRIPTION">
			<Text>[ICON_Gold] Gold ile sehrin ilceler satin almasina izin verir.</Text>
		</Row>
		<Row Tag="LOC_GOVERNOR_PROMOTION_MERCHANT_CURATOR_NAME">
			<Text>Müze Müdürü</Text>
		</Row>
		<Row Tag="LOC_GOVERNOR_PROMOTION_MERCHANT_CURATOR_DESCRIPTION">
			<Text>+100% [ICON_Tourism] sehirde Büyük Sanat, Müzik ve Yazi Eserlerinden Turizm.</Text>
		</Row>
		<Row Tag="LOC_GOVERNOR_ACTION_AVAILABLE">
			<Text>Bir [ICON_Governor] Valisi terfi ettirebilir veya atayabilirsiniz!</Text>
		</Row>
		<!-- Leader Agendas-->
		<Row Tag="LOC_TOOLTIP_SAMPLE_DIPLOMACY_HORN_CHEST_LOINS">
			<Text>Bir sürü asker ve ordusu olan sivilleri sever</Text>
		</Row>
		<Row Tag="LOC_TOOLTIP_SAMPLE_DIPLOMACY_HORSE_LORD">
			<Text>Süvari icin onunla rekabet etmeyen vatandaslari sever</Text>
		</Row>
		<Row Tag="LOC_TOOLTIP_SAMPLE_DIPLOMACY_CULTURAL_ID">
			<Text>Sadakati yüksek olan vatandaslari sever, ancak düsük olanlari begenmez</Text>
		</Row>
		<!-- Unit Abilities-->
		<Row Tag="LOC_ABILITY_ALPINE_TRAINING_NAME">
			<Text>Alp Egitimi</Text>
		</Row>
		<Row Tag="LOC_ABILITY_ALPINE_TRAINING__DESCRIPTION">
			<Text>Tüm kara muharebe birimleri +3'de [ICON_Strength] Muharebe Kuvvetleri kazanir ve Hills'de dovüsürken Kuvvetle Mücadele kazanir ve Matterhorn doga harikasina bitisik hareket ettikten sonra Hills üzerinde daha hizli hareket edebilir.</Text>
		</Row>
		<Row Tag="LOC_ABILITY_ALPINE_TRAINING_COMBAT_HILLS_MODIFIER_DESCRIPTION">
			<Text>+{1_Amount} Tepelerde Savasirken Gücle Mücadele</Text>
		</Row>
		<Row Tag="LOC_ABILITY_RECEIVE_BOMBARD_STRENGTH_BUFF_DESCRIPTION">
			<Text>+{1_Amount} Yardimci Birimin Bombardiman Gücü</Text>
		</Row>
		<Row Tag="LOC_ABILITY_SCOTTISH_HIGHLANDER_DESCRIPTION">
			<Text>+{1_Amount} Tepelerde ve Ormanda Savas Gücü Bonusu</Text>
		</Row>
		<Row Tag="LOC_ABILITY_MONGOLIAN_KESHIG_DESCRIPTION">
			<Text>Hareket eden sivil ve destek birimlerine yüksek [ICON_Movement] Hareket hizlarinda eslik edebilir.</Text>
		</Row>
		<Row Tag="LOC_ABILITY_GEORGIAN_KHEVSURETI_DESCRIPTION">
			<Text>+{1_Amount} Tepe arazisindeki Savas Gücü bonusu.</Text>
		</Row>
		<Row Tag="LOC_ABILITY_MAPUCHE_MALON_RAIDER_DESCRIPTION">
			<Text>+{1_Amount} 4 hektar dostu bolgedeki Savas Gücü bonusu.</Text>
		</Row>
		<Row Tag="LOC_ABILITY_PREVIEW_ZEVEN_PROVINCIEN_DESCRIPTION">
			<Text>+{1_Amount} savunulabilir bolgelere karsi</Text>
		</Row>
		<Row Tag="LOC_ABILITY_DUTCH_ZEVEN_PROVINCIEN_DESCRIPTION">
			<Text>+7 [ICON_Strength] Savunulabilir ilcelere saldirirken Mukavemet.</Text>
		</Row>
		<Row Tag="LOC_ABILITY_CREE_OKIHTCITAW_DESCRIPTION">
			<Text>1 ücretsiz Promosyon ile baslar.</Text>
		</Row>
		<Row Tag="LOC_ABILITY_ZULU_IMPI_DESCRIPTION">
			<Text>+%100 Kusatma bonusu.[NEWLINE][ICON_Bullet] %25 daha hizli deneyim kazanir.</Text>
		</Row>
		<Row Tag="LOC_ABILITY_ORDU_INCREASED_MOVEMENT_NAME">
			<Text>Mogol Bozkir</Text>
		</Row>
		<Row Tag="LOC_ABILITY_ORDU_INCREASED_MOVEMENT_DESCRIPTION">
			<Text>+1 [ICON_Movement] Hareket</Text>
		</Row>
		<Row Tag="LOC_ABILITY_ORDU_TRAINED_UNIT_XP_DESCRIPTION">
			<Text>Ordu'dan +%25 savas deneyimi</Text>
		</Row>
		<Row Tag="LOC_ABILITY_ECONOMIC_GOLDEN_AGE_PLUNDER_IMMUNITY_NAME">
			<Text>Ekonomik Altin cag</Text>
		</Row>
		<Row Tag="LOC_ABILITY_ECONOMIC_GOLDEN_AGE_PLUNDER_IMMUNITY_DESCRIPTION">
			<Text>Bu birimin [ICON_TradeRoute] Ticaret Yolu, düsman birimler tarafindan yagmalanamaz. Ekonomik Altin cagin bir parcasi olarak elde edilmistir.</Text>
		</Row>
		<Row Tag="LOC_ABILITY_INQUISITION_FRIENDLY_TERRITORY_BONUS_NAME">
			<Text>Engizisyon mahkemesi</Text>
		</Row>
		<Row Tag="LOC_ABILITY_INQUISITION_FRIENDLY_TERRITORY_BONUS_DESCRIPTION">
			<Text>+{1_Amount} Dini Mücadele Dost topraklarda güc.</Text>
		</Row>
		<Row Tag="LOC_ABILITY_TWILIGHT_VALOR_ATTACK_BONUS_NAME">
			<Text>Seher Cesareti</Text>
		</Row>
		<Row Tag="LOC_ABILITY_TWILIGHT_VALOR_ATTACK_BONUS_DESCRIPTION">
			<Text>+{1_Amount} Tüm yakin dovüs saldiri birimleri icin Savas Gücü.</Text>
		</Row>
		<Row Tag="LOC_ABILITY_GRANT_MOVEMENT_BONUS_DESCRIPTION">
			<Text>1 petek uzaga kadar hareket etmeye baslayan birimlere +1 [ICON_Movement] Hareketi verir.</Text>
		</Row>
		<Row Tag="LOC_ABILITY_PARADROP_DESCRIPTION">
			<Text>Dost petekten 7 karo uzakliga Paradrop olabilir (Aerodrome veya Airstrip'ten basliyorsa 12).</Text>
		</Row>
		<Row Tag="LOC_ABILITY_TOQUI_XP_FROM_GOVERNOR_DESCRIPTION">
			<Text>+%25 Savastan kazanilan deneyim (Toqui)</Text>
		</Row>
		<Row Tag="LOC_ABILITY_TOQUI_COMBAT_BUFF_VS_GOLDEN_AGE_DESCRIPTION">
			<Text>+10 [ICON_Strength] Altin cagda medeniyetlere karsi savas gücü.[NEWLINE]</Text>
		</Row>
		<Row Tag="LOC_ABILITY_TIMUR_BONUS_EXPERIENCE_DESCRIPTION">
			<Text>+%25 Savastan kazanilan deneyim (Timur)</Text>
		</Row>
		<Row Tag="LOC_ABILITY_DRONE_GRANT_SIEGE_BONUS_DESCRIPTION">
			<Text>1 petek icinde Kusatma sinifi birimlerine +5 [ICON_Bombard] Bombardiman Gücü verir.</Text>
		</Row>
		<Row Tag="LOC_ABILITY_GENGHIS_KHAN_CAVALRY_BONUS_DESCRIPTION">
			<Text>+3 [ICON_Strength] Savas Gücü (Mogol Sürü).</Text>
		</Row>
		<Row Tag="LOC_ABILITY_GENGHIS_KHAN_CAVALRY_CAPTURE_CAVALRY_DESCRIPTION">
			<Text>Yenilen süvari birimlerini yakalayabilme (Mongol Sürü).</Text>
		</Row>
		<!-- Feature -->
		<Row Tag="LOC_FEATURE_REEF_NAME">
			<Text>Resif</Text>
		</Row>
		<!-- Cultural Identity UI-->
		<Row Tag="LOC_CULTURAL_IDENTITY_LOYALTY_SUBSECTION">
			<Text>Sadakat</Text>
		</Row>
		<Row Tag="LOC_CULTURAL_IDENTITY_ACCUMULATED_IDENTITY_SUBSECTION">
			<Text>Birikmis Sadakat</Text>
		</Row>
		<Row Tag="LOC_CULTURAL_IDENTITY_SOURCE_DISTANCE_FROM_CAPITAL">
			<Text>[ICON_Capital] Capital ürününüze yakinlik</Text>
		</Row>
		<Row Tag="LOC_CULTURAL_IDENTITY_LOYALTY">
			<Text>[SIZE:16]{1_Loyalty} [SIZE:12]Sadakat</Text>
		</Row>
		<Row Tag="LOC_CULTURAL_IDENTITY_OF">
			<Text>ile</Text>
		</Row>
		<Row Tag="LOC_CULTURAL_IDENTITY_TOTAL_LOYALTY">
			<Text>[SIZE:16]{1_Loyalty} [SIZE:12]Mümkün</Text>
		</Row>
		<Row Tag="LOC_CULTURAL_IDENTITY_STATUS">
			<Text>Durum:</Text>
		</Row>
		<Row Tag="LOC_CULTURAL_IDENTITY_LOYALTY_LINE">
			<Text>Tur basina sadakat:</Text>
		</Row>
		<Row Tag="LOC_CULTURAL_IDENTITY_PER_TURN_OWNERSHIP">
			<Text>Bu sehrin mülkiyeti</Text>
		</Row>
		<Row Tag="LOC_CULTURAL_IDENTITY_PER_TURN_POPULATION">
			<Text>[ICON_Citizen] Burada yasayan vatandaslar</Text>
		</Row>
		<Row Tag="LOC_CULTURAL_IDENTITY_PER_TURN_MARTIAL_LAW">
			<Text>Mesai Sirasinda Garnizon Birimi</Text>
		</Row>
		<Row Tag="LOC_CULTURAL_IDENTITY_PER_TURN_OCCUPATION">
			<Text>Meslek</Text>
		</Row>
		<Row Tag="LOC_CULTURAL_IDENTITY_PER_TURN_STARVATION">
			<Text>Aclik</Text>
		</Row>
		<Row Tag="LOC_CULTURAL_IDENTITY_PER_TURN_TRADE_ROUTES">
			<Text>[ICON_TradeRoute] Ticaret yollari</Text>
		</Row>
		<Row Tag="LOC_CULTURAL_IDENTITY_PER_TURN_GOVERNOR">
			<Text>[ICON_Governor] Vali buraya yerlestirdi</Text>
		</Row>
		<Row Tag="LOC_CULTURAL_IDENTITY_PER_TURN_HAPPINESS">
			<Text>Mutluluk seviyesi</Text>
		</Row>
		<Row Tag="LOC_CULTURAL_IDENTITY_PER_TURN_RELIGION_MATCHING_FOUNDED">
			<Text>Kurulduktan sonra [ICON_Religion] Din</Text>
		</Row>
		<Row Tag="LOC_CULTURAL_IDENTITY_PER_TURN_RELIGION_MISMATCHING_FOUNDED">
			<Text>Kuruldugun [ICON_Religion] Din takip etmiyorum</Text>
		</Row>
		<Row Tag="LOC_CULTURAL_IDENTITY_PER_TURN_MODIFIERS">
			<Text>Diger etkiler</Text>
		</Row>
		<Row Tag="LOC_CULTURAL_IDENTITY_PER_TURN_ORIGINAL_OWNERSHIP">
			<Text>sehrin asil sahibi olmak</Text>
		</Row>
		<Row Tag="LOC_CULTURAL_IDENTITY_PER_TURN_OWNERSHIP_BEFORE_OCCUPATION">
			<Text>isgal oncesi sehrin sahibi olmak</Text>
		</Row>
		<Row Tag="LOC_CULTURAL_IDENTITY_PER_TURN_FREE_CITIES">
			<Text>Bagimsizlik arzusu</Text>
		</Row>
		<Row Tag="LOC_CULTURAL_IDENTITY_PER_TURN_ALWAYS_LOYAL">
			<Text>Her zaman tamamen sadik</Text>
		</Row>
		<Row Tag="LOC_CULTURAL_IDENTITY_PER_TURN_NEARBY_CITIZEN_PRESSURE">
			<Text>Yakindaki [ICON_Citizen] Vatandaslardan gelen baski</Text>
		</Row>
		<Row Tag="LOC_CULTURAL_IDENTITY_PER_TURN_NEARBY_OWNED_CITIES">
			<Text>Yakinda [ICON_Citizen] Vatandaslar</Text>
		</Row>
		<Row Tag="LOC_CULTURAL_IDENTITY_PER_TURN_NEARBY_FOREIGN_CITIES">
			<Text>Yakindaki rakip [ICON_Citizen] Vatandaslar</Text>
		</Row>
		<Row Tag="LOC_CULTURAL_IDENTITY_PER_TURN_NEARBY_OWNED_GOVERNORS">
			<Text>Yakindaki Diplomat [ICON Governor] Vali</Text>
		</Row>
		<Row Tag="LOC_CULTURAL_IDENTITY_PER_TURN_NEARBY_FOREIGN_GOVERNORS">
			<Text>Yakindaki rakip Diplomat [ICON_Governor] Valiler</Text>
		</Row>
		<Row Tag="LOC_CULTURAL_IDENTITY_PRESSURE_OWNERSHIP">
			<Text>{1_IdentityPressureAmount} sehrin Mülkiyetinden</Text>
		</Row>
		<Row Tag="LOC_CULTURAL_IDENTITY_PRESSURE_POPULATION">
			<Text>{1_IdentityPressureAmount} [ICON_Citizen] sehrin Vatandaslarindan</Text>
		</Row>
		<Row Tag="LOC_CULTURAL_IDENTITY_PRESSURE_AGES">
			<Text>{1_IdentityPressureAmount} Altin veya Karanlik caglardan</Text>
		</Row>
		<Row Tag="LOC_CULTURAL_IDENTITY_PRESSURE_GOVERNOR">
			<Text>{1_IdentityPressureAmount} Diplomat'tan [ICON_Governor] Vali</Text>
		</Row>
		<Row Tag="LOC_CULTURAL_IDENTITY_PRESSURE_MODIFIERS">
			<Text>{1_IdentityPressureAmount} diger etkilerden</Text>
		</Row>
		<Row Tag="LOC_CULTURAL_IDENTITY_SOURCE_OWN_CITIES">
			<Text>9 petek icerisindeki [ICON_Citizen] Vatandaslariniz</Text>
		</Row>
		<Row Tag="LOC_CULTURAL_IDENTITY_SOURCE_MARTIAL_LAW">
			<Text>Sikiyonetim</Text>
		</Row>
		<Row Tag="LOC_CULTURAL_IDENTITY_SOURCE_OCCUPATION">
			<Text>[COLOR_RED]isgal</Text>
		</Row>
		<Row Tag="LOC_CULTURAL_IDENTITY_SOURCE_TRADE_ROUTES">
			<Text>[ICON_TradeRoute] Ticaret Yollari</Text>
		</Row>
		<Row Tag="LOC_CULTURAL_IDENTITY_SOURCE_GOVERNOR">
			<Text>[ICON_Governor] Yerlesik Vali</Text>
		</Row>
		<Row Tag="LOC_CULTURAL_IDENTITY_SOURCE_BASE_DECAY">
			<Text>Dayanak Bozulmasi</Text>
		</Row>
		<Row Tag="LOC_CULTURAL_IDENTITY_SOURCE_HAPPINESS">
			<Text>Vatandas Mutlulugu</Text>
		</Row>
		<Row Tag="LOC_CULTURAL_IDENTITY_SOURCE_UNHAPPINESS">
			<Text>[COLOR_RED]Vatandas Mutsuzlugu</Text>
		</Row>
		<Row Tag="LOC_CULTURAL_IDENTITY_SOURCE_GOLDEN_AND_DARK_AGES">
			<Text>Altin ve Karanlik cag</Text>
		</Row>
		<Row Tag="LOC_CULTURAL_IDENTITY_SOURCE_MISC">
			<Text>Diger Degistiriciler</Text>
		</Row>
		<Row Tag="LOC_CULTURAL_IDENTITY_SOURCE_INDEPENDENCE_DESIRE">
			<Text>[COLOR_RED]Genel huzursuzluk</Text>
		</Row>
		<Row Tag="LOC_CULTURAL_IDENTITY_SOURCE_FOREIGN_CITIES">
			<Text>[COLOR_RED]Diger uygarliklar '[ICON_Citizen] 9 petek icindeki vatandaslar</Text>
		</Row>
		<Row Tag="LOC_CULTURAL_IDENTITY_SOURCE_STARVATION">
			<Text>[COLOR_RED]sehir acliktan olüyor</Text>
		</Row>
		<Row Tag="LOC_CULTURAL_IDENTITY_SOURCE_ADDITIONAL">
			<Text>Ek Kaynaklar</Text>
		</Row>
		<Row Tag="LOC_CULTURAL_IDENTITY_LOYALTY_NO_GROWTH_PENALTY">
			<Text>CEZA YOK</Text>
		</Row>
		<Row Tag="LOC_HUD_CULTURAL_IDENTITY_LENS">
			<Text>Sadakat</Text>
		</Row>
		<Row Tag="LOC_HUD_CULTURAL_IDENTITY_LENS_TOOLTIP">
			<Text>sehirlerin sadakatini ve onu etkileyen sadakat kaynaklarini gosterin.</Text>
		</Row>
		<!-- Disloyal City UI -->
		<Row Tag="LOC_RAZE_CITY_LIBERATE_EXPLANATION">
			<!--New version of base game text used in conquer city UI popup, to describe Liberation effect on Loyalty-->
			<Text>Bir sehri ozgürlestirmek onu eski sahiplerinden birine donecek ve muhtemelen bu medeniyeti tekrar oyuna sokacak.[NEWLINE][NEWLINE]{1_WarmongerInfo}[NEWLINE][NEWLINE].</Text>
		</Row>
		<Row Tag="LOC_DISLOYAL_CITY_HEADER">
			<Text>SEHiR AYAKLANDI</Text>
		</Row>
		<Row Tag="LOC_DISLOYAL_CITY_NAME_LABEL">
			<Text>Sehir Adi:</Text>
		</Row>
		<Row Tag="LOC_DISLOYAL_CITY_POPULATION_LABEL">
			<Text>Nüfus:</Text>
		</Row>
		<Row Tag="LOC_DISLOYAL_CITY_DISTRICTS_LABEL">
			<Text>Mevcut ilce Sayisi:</Text>
		</Row>
		<Row Tag="LOC_DISLOYAL_CITY_CHOOSER_KEEP_BUTTON_LABEL">
			<Text>SEHRi TUT</Text>
		</Row>
		<Row Tag="LOC_DISLOYAL_CITY_CHOOSER_KEEP_EXPLANATION">
			<Text>Bu sehir Tutuldu. imparatorlugunuza katilan bu yeni vatandaslarin Sadakatini güclendirmek icin buraya bir [ICON Valisi] Valisi tasimak isteyebilirsiniz.</Text>
		</Row>
		<Row Tag="LOC_DISLOYAL_CITY_CHOOSER_REFUSE_BUTTON_LABEL">
			<Text>Sehri Reddet</Text>
		</Row>
		<Row Tag="LOC_DISLOYAL_CITY_CHOOSER_REFUSE_EXPLANATION">
			<Text>Bu sehrin imparatorluguna katilmasina izin vermeyi reddet. ozgür Bir sehir olarak kalacak. [NEWLINE] [NEWLINE] Bu sehir, sehirlerinden ve valilerinden aldigin sadakat baskisina karsi bagisiklik kazanacak ve medeniyetine tekrar katilmak istemeyecek. Yine farkli bir medeniyet tarafindan kazanilabilir.</Text>
		</Row>
		<Row Tag="LOC_CITY_YIELD_FROM_LOYALTY_TOOLTIP">
			<Text>{Value : number +#;-#}% ({ActualValue : number +#.#;-#.#}) from {1_LoyaltyLevelName}</Text>
		</Row>
		<Row Tag="LOC_CITY_YIELD_MODIFIER_PER_GOVERNOR_TITLE_TOOLTIP">
			<Text>{Value : number +#;-#}% ({ActualValue : number +#.#;-#.#}) Hwarang cikisli ([ICON_Governor] Vali ile {1} {1 : plural 1?Promotion; other?Promotions;})</Text>
		</Row>
		<Row Tag="LOC_LOYALTY_LEVEL_3_NAME">
			<Text>SADIK</Text>
		</Row>
		<Row Tag="LOC_LOYALTY_LEVEL_2_NAME">
			<Text>Azalan Sadakat</Text>
		</Row>
		<Row Tag="LOC_LOYALTY_LEVEL_1_NAME">
			<Text>Vefasiz</Text>
		</Row>
		<Row Tag="LOC_LOYALTY_LEVEL_0_NAME">
			<Text>Huzursuzluk</Text>
		</Row>
		<Row Tag="LOC_LOYALTY_LEVEL_3_DESCRIPTION">
			<Text>Vatandaslari medeniyetinize sadik</Text>
		</Row>
		<Row Tag="LOC_LOYALTY_LEVEL_2_DESCRIPTION">
			<Text>Vatandaslarin medeniyetinize olan sadakati azaliyor.</Text>
		</Row>
		<Row Tag="LOC_LOYALTY_LEVEL_1_DESCRIPTION">
			<Text>Vatandaslari medeniyetinize sadik.</Text>
		</Row>
		<Row Tag="LOC_LOYALTY_LEVEL_0_DESCRIPTION">
			<Text>Vatandaslari huzursuz durumdalar.</Text>
		</Row>
		<Row Tag="LOC_GLORY_SCORE_BREAKDOWN">
			<Text>{1_Icon}({2_Score}/{3_threshold})</Text>
		</Row>
		<!-- Resources -->
		<Row Tag="LOC_RESOURCE_AMBER_NAME">
			<Text>Kehribar</Text>
		</Row>
		<Row Tag="LOC_RESOURCE_OLIVES_NAME">
			<Text>Zeytin</Text>
		</Row>
		<Row Tag="LOC_RESOURCE_TURTLES_NAME">
			<Text>Kaplumbagalar</Text>
		</Row>
		<!-- HUD -->
		<Row Tag="LOC_HUD_CITY_POPULATION_GRAPH_TOOLTIP">
			<Text>{1_Amount} {2_CivName} {1_Amount : plural 1?Citizen; other?Citizens;}</Text>
		</Row>
		<Row Tag="LOC_HUD_CITY_LOYALTY">
			<Text>{1_LoyaltyAmount} Sadakat ({2_LoyaltyPerTurn : number +#.#;-#.#} per turn)</Text>
		</Row>
		<Row Tag="LOC_HUD_CITY_FULL_LOYALTY">
			<Text>Tam Sadakat</Text>
		</Row>
		<Row Tag="LOC_HUD_CITY_GAINING_LOYALTY">
			<Text>Tam Sadakat {1_Turns} {1_Turns : plural 1?turn; other?turns;}</Text>
		</Row>
		<Row Tag="LOC_HUD_CITY_LOSING_LOYALTY">
			<Text>isyan {1_Turns} {1_Turns : plural 1?turn; other?turns;}</Text>
		</Row>
		<Row Tag="LOC_CITY_GET_UNIT_PRODUCTION_MODIFIER">
			<Text>{Value : number +#.#;-#.#}% birimlere dogru</Text>
		</Row>
		<Row Tag="LOC_CITY_GET_BUILDING_PRODUCTION_MODIFIER">
			<Text>{Value : number +#.#;-#.#}% binalara dogru</Text>
		</Row>
		<Row Tag="LOC_CITY_GET_BUILDING_NON_WONDER_PRODUCTION_MODIFIER">
			<Text>{Value : number +#.#;-#.#}% towards buildings</Text>
		</Row>
		<Row Tag="LOC_HUD_CITY_STABLE_LOYALTY">
			<Text>Vatandas Sadakati degismiyor</Text>
		</Row>
		<Row Tag="LOC_HUD_CITY_CULTURAL_EFFECT">
			<Text>Olumlu veya olumsuz etkisi yoktur</Text>
		</Row>
		<Row Tag="LOC_HUD_CITY_GOVERNOR">
			<Text>Vali</Text>
		</Row>
		<Row Tag="LOC_HUD_CIVICS_TREE_AWARD_GOVERNOR">
			<Text>Odüller 1 [Icon_Governor] Vali Ünvani</Text>
		</Row>
		<Row Tag="LOC_HUD_LAUNCHBAR_GOVERNOR_BUTTON">
			<Text>Valiler[NEWLINE][NEWLINE]Medeniyetinizdeki [Icon_Governor] Valileri gorüntüleyin veya yonetin.</Text>
		</Row>
		<Row Tag="LOC_HUD_LAUNCHBAR_HISTORIAN_BUTTON">
			<Text>Tarih Zaman cizelgesi[NEWLINE][NEWLINE]Medeniyetiniz tarafindan elde edilen Tarihi Anlarin zaman cizelgesini gorüntüleyin.</Text>
		</Row>
		<Row Tag="LOC_HUD_CITY_CULTURE_TOOLTIP">
			<Text>Sadakat ve Valiler</Text>
		</Row>
		<Row Tag="LOC_HUD_CITY_GOVERNOR_ESTABLISHED">
			<Text>sehirde kurulan</Text>
		</Row>
		<Row Tag="LOC_HUD_CITY_GOVERNOR_ASSIGNED_SPECIFIC">
			<Text>[ICON_Governor] {1_GovernorName} sehre atanmis</Text>
		</Row>
		<Row Tag="LOC_HUD_CITY_GOVERNOR_ESTABLISHED_SPECIFIC">
			<Text>[ICON_Governor] {1_GovernorName} sehirde kurulan</Text>
		</Row>
		<Row Tag="LOC_HUD_CITY_NO_GOVERNOR">
			<Text>Atanmamis [ICON_Governor] Vali</Text>
		</Row>
		<Row Tag="LOC_HUD_CITY_NO_GOVERNOR_EFFECT">
			<Text>...</Text>
		</Row>
		<Row Tag="LOC_HUD_CITY_GOVERNOR_TURNS">
			<Text>{1_num} {1_Num : plural 1?turn; other?turns;}.</Text>
		</Row>
		<Row Tag="LOC_CITY_GOLD_FROM_POPULATION">
			<Text>{Value : number +#.#;-#.#} ek vergiden</Text>
		</Row>
		<!-- Loyalty and Identity -->
		<Row Tag="LOC_LOYALTY_STATUS_LOYAL">
			<Text>[COLOR_GREEN]Sadik</Text>
		</Row>
		<Row Tag="LOC_LOYALTY_STATUS_DISLOYAL">
			<Text>[COLOR_RED]Vefasiz</Text>
		</Row>
		<Row Tag="LOC_LOYALTY_PER_TURN_STATUS_GAINING">
			<Text>[COLOR_GREEN][ICON_PressureUp] Yükselen</Text>
		</Row>
		<Row Tag="LOC_LOYALTY_PER_TURN_STATUS_STABLE">
			<Text>Kararli</Text>
		</Row>
		<Row Tag="LOC_LOYALTY_PER_TURN_STATUS_LOSING">
			<Text>[COLOR_RED][ICON_PressureDown] Düsen</Text>
		</Row>
		<Row Tag="LOC_LOYALTY_EFFECT_NONE">
			<Text>Bu sehir sana sadik ve hicbir olumsuz etkisi yok.</Text>
		</Row>
		<Row Tag="LOC_LOYALTY_EFFECT_DANGER_OF_REBELLION_TO_PLAYER">
			<Text>[COLOR_RED]Sadakat 0'a düserse, sehir isyan edecek ve burada en fazla Sadakat olan {1_PlayerName} grubuna katilacak.</Text>
		</Row>
		<Row Tag="LOC_LOYALTY_EFFECT_DANGER_OF_REBELLION_TIED_PLAYERS">
			<Text>[COLOR_RED]Sadakat 0'a düserse, sehir isyan edecek ve burada en fazla Sadakat olan diger uygarliga katilacak.</Text>
		</Row>
		<Row Tag="LOC_LOYALTY_GROWTH_AND_YIELD_EFFECTS_TEXT">
			<Text>sehir Büyümesi: {1_GrowthReduction}%[NEWLINE] sehir Verimi azaltildi {2_YieldPercentage}%</Text>
		</Row>
		<!-- Emergency Text Blocks -->
		<Row Tag="LOC_EMERGENCY_PARTICIPANTS">
			<Text>KATILIMCILAR:</Text>
		</Row>
		<Row Tag="LOC_EMERGENCY_PENDING">
			<Text>Sirasinda {1_TypeEmergency}</Text>
		</Row>
		<Row Tag="LOC_EMERGENCY_ONGOING">
			<Text>Devam eden {1_TypeEmergency}</Text>
		</Row>
		<Row Tag="LOC_EMERGENCY_COMPLETED">
			<Text>Tamamlandi {1_TypeEmergency}</Text>
		</Row>
		<Row Tag="LOC_EMERGENCY_TARGET">
			<Text>Hedef: {1_Target}</Text>
		</Row>
		<Row Tag="LOC_EMERGENCY_YOU_ARE_TARGET">
			<Text>Siz</Text>
		</Row>
		<Row Tag="LOC_EMERGENCY_JOIN">
			<Text>Kabul Et</Text>
		</Row>
		<Row Tag="LOC_EMERGENCY_REJECT">
			<Text>Reddet</Text>
		</Row>
		<Row Tag="LOC_EMERGENCY_TURNS_REMAINING">
			<Text>[ICON_Turn] {1_Turns} Kalan Tur</Text>
		</Row>
		<Row Tag="LOC_EMERGENCY_NO_TURNS_REMAINING">
			<Text>Son [ICON_Turn] Bu Tur</Text>
		</Row>
		<Row Tag="LOC_EMERGENCY_TURNS_OVER">
			<Text>Acil Durum Sona Erdi</Text>
		</Row>
		<Row Tag="LOC_EMERGENCY_BUFFS_EXPLANATION">
			<Text>Bu Acil Durumda:</Text>
		</Row>
		<Row Tag="LOC_EMERGENCY_MEMBER_REWARDS_EXPLANATION">
			<Text>Üyeler basarili olursa:</Text>
		</Row>
		<Row Tag="LOC_EMERGENCY_TARGET_REWARDS_EXPLANATION">
			<Text>Üyeler basarisiz olursa:</Text>
		</Row>
		<Row Tag="LOC_EMERGENCY_MEMBERS_HAVE_WON_REWARDS">
			<Text>Üyelerin kazandigi zafer nedeniyle:</Text>
		</Row>
		<Row Tag="LOC_EMERGENCY_TARGET_HAS_WON_REWARDS">
			<Text>Hedefin zaferi nedeniyle:</Text>
		</Row>
		<Row Tag="LOC_EMERGENCY_COMPLETE_THESE_GOALS">
			<Text>Bu hedefleri tamamlayin:</Text>
		</Row>
		<Row Tag="LOC_EMERGENCY_PENDING_EXPLANATION">
			<Text>Bu Hedefe karsi bir Acil Durum'a katilma sansiniz var. [NEWLINE] {1_GoalsExplanation} [NEWLINE] Basarili olun ve odüllendirileceksiniz. Basarisiz ve Hedef daha da güclenecek. Bu Acil Durum'u Kabul Etmeli veya Reddetmelisiniz.</Text>
		</Row>
		<Row Tag="LOC_EMERGENCY_PENDING_EXPLANATION_DEFENDER">
			<Text>Size karsi bir Acil Durum ilan edildi! [NEWLINE] {1_GoalsExplanation} [NEWLINE] Üyelerin bu hedeflere ulasmalarini basarili bir sekilde onleyin ve odüllendirileceksiniz. Basarisiz ve Üyeler daha da güclenecek.</Text>
		</Row>
		<Row Tag="LOC_EMERGENCY_PENDING_SHORT_DESCRIPTION">
			<Text>BEKLEMEDE: KABUL ET</Text>
		</Row>
		<Row Tag="LOC_EMERGENCY_COMPLETE_MEMBERS_WIN">
			<Text>Üyeler Muzaffer</Text>
		</Row>
		<Row Tag="LOC_EMERGENCY_COMPLETE_TARGET_WIN">
			<Text>Hedef Muzaffer</Text>
		</Row>
		<Row Tag="LOC_EMERGENCY_MEMBER_GOLD_REWARD">
			<Text>Üye medeniyetler, {1_Amount} [ICON_Gold] Gold’un bir potunu boldü.</Text>
		</Row>
		<Row Tag="LOC_EMERGENCY_TARGET_GOLD_REWARD">
			<Text>Hedef, Üye basina [ICON_Gold] {1_Amount} Altin alir.</Text>
		</Row>
		<Row Tag="LOC_EMERGENCY_TARGET_BUFF_DESCRIPTION_IDENTITY_IN_CITY">
			<Text>Hedef, hedef sehirdeki donüs basina +20 Sadakat kazaniyor.</Text>
		</Row>
		<!-- |||||||||  Goal Specific                                                   ||||||||||||| -->
		<!-- |||||||||||||||||||||||||||||||||||||||||||||||||||||||||||||||||||||||||||||||||||||||| -->
		<Row Tag="LOC_EMERGENCY_GOAL_TENTATIVE_CAPTURE_CITIES">
			<Text>Acil Durum'a katilanlarin [ICON_Turn] {Turns} Tur icindeki {TargetName} icinden belirli sehirleri yakalamalari gerekecektir.</Text>
		</Row>
		<Row Tag="LOC_EMERGENCY_GOAL_TENTATIVE_CAPTURE_SPECIFIC_CITY">
			<Text>Acil Servise katilanlarin [ICON_Turn] {Turns} Tur dahilindeki {TargetName} adresinden {CityName} 'i elegecirmeleri gerekecek.</Text>
		</Row>
		<Row Tag="LOC_EMERGENCY_GOAL_CAPTURE_CITIES">
			<Text>Acil Durum Üyeleri, {TargetName} icinden belirli sehirleri yakalamalidir.</Text>
		</Row>
		<Row Tag="LOC_EMERGENCY_GOAL_CAPTURE_SPECIFIC_CITY">
			<Text>Acil Durum Üyeleri, {TargetName} 'den {CityName}' i elegecirmelidir.</Text>
		</Row>
		<Row Tag="LOC_EMERGENCY_GOAL_SHORT_CAPTURE_CITIES">
			<Text>EleGecir {1_CityName}</Text>
		</Row>
		<Row Tag="LOC_EMERGENCY_GOAL_SHORT_CAPTURE_CITIES_DEFENSE">
			<Text>Savun {1_CityName}</Text>
		</Row>
		<Row Tag="LOC_EMERGENCY_GOAL_LIST_CAPTURE_CITY_DEFENSE">
			<Text>Savun {1_CityName} Acil Durumun sonuna kadar</Text>
		</Row>
		<Row Tag="LOC_EMERGENCY_GOAL_LIST_CAPTURE_CITIES">
			<Text>EleGecir {1_CityName} Acil Durumun bitiminden once</Text>
		</Row>
		<!-- |||||||||||||||||||||||||||||||||||||||||||||||||||||||||||||||||||||||||||||||||||||||| -->
		<Row Tag="LOC_EMERGENCY_GOAL_TENTATIVE_UNCONVERT_CITY">
			<Text>Acil Durum'a katilanlarin, {CityName} 'in bir sonraki [ICON_Turn] {Turns} Tur’un {HalfTurns} icin {TargetName} Dinini izlemesini onlemesi gerekecektir.</Text>
		</Row>
		<Row Tag="LOC_EMERGENCY_GOAL_UNCONVERT_CITY">
			<Text>Acil Durum Üyeleri, {CityName} 'in {TargetName}' in [ICON_Turn] {HalfTurns} Tur.</Text>
		</Row>
		<Row Tag="LOC_EMERGENCY_GOAL_SHORT_UNCONVERT_CITY">
			<Text>Kina {NewReligion}</Text>
		</Row>
		<Row Tag="LOC_EMERGENCY_GOAL_SHORT_UNCONVERT_CITY_DEFENSE">
			<Text>Savun {NewReligion}</Text>
		</Row>
		<Row Tag="LOC_EMERGENCY_GOAL_LIST_UNCONVERT_CITY_DEFENSE">
			<Text>{1_CityName} 'de {NewReligion} Baskin Din yapin</Text>
		</Row>
		<Row Tag="LOC_EMERGENCY_GOAL_LIST_UNCONVERT_CITY">
			<Text>{1_CityName} 'de {NewRinigion} Baskin Din olmasini engelleyin</Text>
		</Row>
		<!-- |||||||||||||||||||||||||||||||||||||||||||||||||||||||||||||||||||||||||||||||||||||||| -->
		<Row Tag="LOC_EMERGENCY_GOAL_TENTATIVE_LIBERATE_CITY">
			<Text>Acil Durum'a katilanlarin, {ICON_Turn] {Turns} Tur icindeki {TargetName} kontrolünden {CityName} 'in serbest birakilmasi gerekecek.</Text>
		</Row>
		<Row Tag="LOC_EMERGENCY_GOAL_LIBERATE_CITY">
			<Text>Acil Durum Üyelerinin {sehirAdi} 'ni {HedefAdi}' dan kurtarmasi gerekiyor.</Text>
		</Row>
		<Row Tag="LOC_EMERGENCY_GOAL_SHORT_LIBERATE_CITY">
			<Text>Kurtar {1_CityName}</Text>
		</Row>
		<Row Tag="LOC_EMERGENCY_GOAL_SHORT_LIBERATE_CITY_DEFENSE">
			<Text>Savun {1_CityName}</Text>
		</Row>
		<Row Tag="LOC_EMERGENCY_GOAL_LIST_LIBERATE_CITY_DEFENSE">
			<Text>Acil Durumun sonuna kadar {1_CityName} savun</Text>
		</Row>
		<Row Tag="LOC_EMERGENCY_GOAL_LIST_LIBERATE_CITY">
			<Text>Acil Durumun sona ermesinden once {1_CityName} kurtar</Text>
		</Row>
		<!-- |||||||||  Emergency Specific                                              ||||||||||||| -->
		<!-- |||||||||||||||||||||||||||||||||||||||||||||||||||||||||||||||||||||||||||||||||||||||| -->
		<Row Tag="LOC_EMERGENCY_NAME_MILITARY">
			<Text>Askeri Acil Durum</Text>
		</Row>
		<Row Tag="LOC_EMERGENCY_FLAVOR_MILITARY">
			<Text>"Eger birlesmis olmazsak, o zaman bu bir sehrin kaderi zamanla bize gelecek."</Text>
		</Row>
		<Row Tag="LOC_EMERGENCY_DESCRIPTION_MILITARY">
			<Text>{TargetName}, dünyadaki medeniyetlerin on saflarinda olsa da, {OldCityName} adli esir aldi. {TargetName} 'in kacak basarisi büyük bir endise konusudur.</Text>
		</Row>
		<Row Tag="LOC_EMERGENCY_EXTRA_EFFECTS_MILITARY">
			<Text>Buna ek olarak, tüm üyelerin baris, acik sinirlar ve birbirleriyle paylasilan gorünürlükleri olacaktir. Tüm Üyeler Hedef ile Savasa Gidecek.</Text>
		</Row>
		<Row Tag="LOC_EMERGENCY_MEMBER_BUFF_DESCRIPTION_MILITARY_MOVEMENT">
			<Text>Üye birimler, Hedefin bolgesinde +1 [ICON_Movement] Hareketi kazanir.</Text>
		</Row>
		<Row Tag="LOC_EMERGENCY_MEMBER_BUFF_DESCRIPTION_MILITARY_COMBAT_STRENGTH">
			<Text>Hedef birimler, Üye birimlerle savasirken -2 [ICON_Strength] Savas Gücüne sahiptir.</Text>
		</Row>
		<Row Tag="LOC_EMERGENCY_MEMBER_REWARD_DESCRIPTION_MILITARY_INCREASED_HEALING">
			<Text>Üye birimler Hedefin bolgesinde +5 sifa kazanir.</Text>
		</Row>
		<Row Tag="LOC_EMERGENCY_TARGET_REWARD_DESCRIPTION_MILITARY_CITY_STRIKE">
			<Text>Hedef kazanir +2 [ICON_Strength] sehir Vurusu ile bir Üye birligine saldirirken Gücü ile Mücadele et.</Text>
		</Row>
		<!-- |||||||||||||||||||||||||||||||||||||||||||||||||||||||||||||||||||||||||||||||||||||||| -->
		<Row Tag="LOC_EMERGENCY_MEMBER_BUFF_DESCRIPTION_SETTLEMENT_MOVEMENT">
			<Text>Üye birimler +1 [ICON_Movement] Hareketi kazanir.</Text>
		</Row>
		<Row Tag="LOC_EMERGENCY_TARGET_BUFF_DESCRIPTION_SETTLEMENT_MOVEMENT">
			<Text>Hedef birimler +1 [ICON_Movement] Hareketi kazanir.</Text>
		</Row>
		<Row Tag="LOC_EMERGENCY_MEMBER_REWARD_DESCRIPTION_SETTLEMENT_GOLD_PER_TURN">
			<Text>Üyeler tur basina +1 Altin kazanir.</Text>
		</Row>
		<Row Tag="LOC_EMERGENCY_TARGET_REWARD_DESCRIPTION_SETTLEMENT_GOLD_PER_TURN">
			<Text>Hedef, tur basina +1 Altin kazanir.</Text>
		</Row>
		<!-- |||||||||||||||||||||||||||||||||||||||||||||||||||||||||||||||||||||||||||||||||||||||| -->
		<Row Tag="LOC_EMERGENCY_NAME_CITY_STATE">
			<Text>sehir Devleti Acil Durum</Text>
		</Row>
		<Row Tag="LOC_EMERGENCY_FLAVOR_CITY_STATE">
			<Text>“sehir Devletlerinin bagimsizligini onurlandiriyoruz ve bu fetih icin kor bir bakis acmayacagiz.”</Text>
		</Row>
		<Row Tag="LOC_EMERGENCY_DESCRIPTION_CITY_STATE">
			<Text>{TargetName}, {OldCityName} adli kullaniciyi yakaladi. {OldCityName} 'in fethi büyük bir endise konusudur.</Text>
		</Row>
		<Row Tag="LOC_EMERGENCY_EXTRA_EFFECTS_CITY_STATE">
			<Text>Tüm üyeler birbirleriyle Baris, Acik Sinirlar ve Paylasilan Gorünürlük sahibi olacaktir. Tüm Üyeler Hedef ile Savasa Gidecek.</Text>
		</Row>
		<Row Tag="LOC_EMERGENCY_MEMBER_REWARD_DESCRIPTION_CITY_STATE_GOLD_PER_ENVOY">
			<Text>Üyeler, [ICON_Envoy] Elcilerinin her biri icin tur basina +1 [ICON_Gold] Altin kazanir.</Text>
		</Row>
		<Row Tag="LOC_EMERGENCY_TARGET_REWARD_DESCRIPTION_CITY_STATE_GOLD_FOR_TRADE_ROUTES">
			<Text>Hedef [ICON_TradeRoute] sehir-Devletlere Ticaret Yollari hibe +2 [ICON_Gold] Altin tur basina.</Text>
		</Row>
		<!-- |||||||||||||||||||||||||||||||||||||||||||||||||||||||||||||||||||||||||||||||||||||||| -->
		<Row Tag="LOC_EMERGENCY_NAME_RELIGIOUS">
			<Text>Dini Acil Durum</Text>
		</Row>
		<Row Tag="LOC_EMERGENCY_FLAVOR_RELIGIOUS">
			<Text>"Sadik yükselis cigliklari cennete, ve yeryüzünde, dogru ofkeyle hareket ettik."</Text>
		</Row>
		<Row Tag="LOC_EMERGENCY_DESCRIPTION_RELIGIOUS">
			<Text>{TargetName}, {OldReligion} 'in Kutsal sehri {OldCityName}' i {NewRin} 'e donüstürdü. Gorünen o ki {TargetName} dünyanin diger büyük Dinleri ile baris icinde bir arada yasamak istemiyor.</Text>
		</Row>
		<Row Tag="LOC_EMERGENCY_MEMBER_REWARD_DESCRIPTION_RELIGIOUS_RELICS">
			<Text>Her üye bir kalinti kazanir.</Text>
		</Row>
		<Row Tag="LOC_EMERGENCY_TARGET_REWARD_DESCRIPTION_RELIGIOUS_PRESSURE">
			<Text>Hedefin Dini, yakindaki tüm sehirlerde bir baski patlamasi yayinlar.</Text>
		</Row>
		<!-- |||||||||||||||||||||||||||||||||||||||||||||||||||||||||||||||||||||||||||||||||||||||| -->
		<Row Tag="LOC_EMERGENCY_NAME_SPYING">
			<Text>Acil Durumda Casusluk</Text>
		</Row>
		<Row Tag="LOC_EMERGENCY_DESCRIPTION_SPYING">
			<Text>Herkes casusluk yapiyor, ama bu adam yakalandi! Bu konuda bir seyler yapalim!</Text>
		</Row>
		<Row Tag="LOC_EMERGENCY_GOAL_SPYING">
			<Text>Herkes casusluk yapiyor, ama bu adam yakalandi! Bu konuda bir seyler yapalim!</Text>
		</Row>
		<Row Tag="LOC_EMERGENCY_MEMBER_BUFF_DESCRIPTION_SPYING_ACTION">
			<Text>Üye Spies, Üye sehirler'de yeni bir eylem gerceklestirdi: Lay Trap. Hedef Spy bu sehirde bir Operasyon girisiminde bulunursa, tuzaga yakalanirlar.</Text>
		</Row>
		<Row Tag="LOC_EMERGENCY_MEMBER_REWARD_DESCRIPTION_SPYING_SPY_KILLER">
			<Text>Yakalanan casus oldürüldü.</Text>
		</Row>
		<Row Tag="LOC_EMERGENCY_MEMBER_REWARD_DESCRIPTION_SPYING_FORTITUDE">
			<Text>Hedef'in Üye sehirlerde Casus islemlerini tamamlamasi daha zor olacak.</Text>
		</Row>
		<Row Tag="LOC_EMERGENCY_TARGET_REWARD_DESCRIPTION_SPYING_FREE_SPY">
			<Text>Hedef 1 ek casus kazaniyor.</Text>
		</Row>
		<!-- |||||||||||||||||||||||||||||||||||||||||||||||||||||||||||||||||||||||||||||||||||||||| -->
		<Row Tag="LOC_EMERGENCY_NAME_NUCLEAR">
			<Text>Nükleer Acil Durum</Text>
		</Row>
		<Row Tag="LOC_EMERGENCY_FLAVOR_NUCLEAR">
			<Text>"cirkin kuvvetler, cirkin biter icin kullanilir. Bir daha asla!"</Text>
		</Row>
		<Row Tag="LOC_EMERGENCY_DESCRIPTION_NUCLEAR">
			<Text>{TargetName} dünyadaki en güclü silahi kullandi ve nükleer cin sisesi bitti. Bizim neslimiz el altinda mi?</Text>
		</Row>
		<Row Tag="LOC_EMERGENCY_EXTRA_EFFECTS_NUCLEAR">
			<Text>Buna ek olarak, tüm üyelerin baris, acik sinirlar ve birbirleriyle paylasilan gorünürlükleri olacaktir. Tüm Üyeler Hedef ile Savasa Gidecek.</Text>
		</Row>
		<Row Tag="LOC_EMERGENCY_MEMBER_BUFF_DESCRIPTION_NUCLEAR_MOVEMENT">
			<Text>Üye birimler, Hedefin bolgesinde +1 [ICON_Movement] hareketi kazandi.</Text>
		</Row>
		<Row Tag="LOC_EMERGENCY_MEMBER_BUFF_DESCRIPTION_NUCLEAR_COMBAT_STRENGTH">
			<Text>Hedef birimlerde -2 [ICON_Strength] Üye birimlerle savasirken Mücadele Gücü var</Text>
		</Row>
		<Row Tag="LOC_EMERGENCY_MEMBER_REWARD_DESCRIPTION_NUCLEAR_COMBAT_STRENGTH">
			<Text>Hedef birimlerde -3 [ICON_Strength] Üye birimlerle savasirken Mücadele Gücü var</Text>
		</Row>
		<Row Tag="LOC_EMERGENCY_TARGET_REWARD_DESCRIPTION_NUCLEAR_CULTURE_SCARE">
			<Text>Üye sehirler bir daha az Sadakat baskisi uygulamaktadir.</Text>
		</Row>
		<!-- |||||||||||||||||||||||||||||||||||||||||||||||||||||||||||||||||||||||||||||||||||||||| -->
		<Row Tag="LOC_EMERGENCY_NAME_BACKSTAB">
			<Text>ihanet Acil Durumu</Text>
		</Row>
		<Row Tag="LOC_EMERGENCY_FLAVOR_BACKSTAB">
			<Text>"Acik, dürüst savas, bu aldatici diplomasiden kesinlikle daha az nefretlidir."</Text>
		</Row>
		<Row Tag="LOC_EMERGENCY_DESCRIPTION_BACKSTAB">
			<Text>{TargetName} uzun zamandir bir arkadas olan {OldPlayerName} savasini ilan ederek hain bir darbe yapti! {TargetName} 'in saldirganligindan hicbirinin güvende olmadigi anlasiliyor.</Text>
		</Row>
		<Row Tag="LOC_EMERGENCY_EXTRA_EFFECTS_BACKSTAB">
			<Text>Buna ek olarak, tüm üyelerin baris, acik sinirlar ve birbirleriyle paylasilan gorünürlükleri olacaktir. Tüm Üyeler Hedef ile Savasa Gidecek.</Text>
		</Row>
		<Row Tag="LOC_EMERGENCY_MEMBER_BUFF_DESCRIPTION_BACKSTAB_MOVEMENT">
			<Text>Üye birimler, Hedefin bolgesinde +1 [ICON_Movement] hareketi kazandi.</Text>
		</Row>
		<Row Tag="LOC_EMERGENCY_MEMBER_BUFF_DESCRIPTION_BACKSTAB_COMBAT_STRENGTH">
			<Text>Hedef birimlerde -3 [ICON_Strength] Üye birimlerle savasirken Mücadele Gücü var</Text>
		</Row>
		<Row Tag="LOC_EMERGENCY_MEMBER_BUFF_DESCRIPTION_BACKSTAB_CANCEL_TRADE_ROUTES">
			<Text>Üyeler ve Hedef arasindaki tüm Ticari Yollar iptal edildi.</Text>
		</Row>
		<Row Tag="LOC_EMERGENCY_MEMBER_BUFF_DESCRIPTION_BACKSTAB_TRADING">
			<Text>Üyeler arasindaki tüm Ticari Yollar +2 [ICON_Production] Üretim veriyor.</Text>
		</Row>
		<Row Tag="LOC_EMERGENCY_MEMBER_REWARD_DESCRIPTION_MILITARY_COMBAT_STRENGTH">
			<Text>Hedef birimlerde -3 [ICON_Strength] Üye birimlerle savasirken Mücadele Gücü var</Text>
		</Row>
		<Row Tag="LOC_EMERGENCY_TARGET_REWARD_DESCRIPTION_MILITARY_WAR_WEARINESS">
			<Text>Hedef, Üyelerle savas sirasinda Savasta Yipranma'yi düsürecek.</Text>
		</Row>
		<Row Tag="LOC_EMERGENCY_TAB_COMPLETED">
			<Text>Tamamlandi</Text>
		</Row>
		<!-- |||||||||||||||||||||||||||||||||||||||||||||||||||||||||||||||||||||||||||||||||||||||| -->
		<!--Spy-->
		<Row Tag="LOC_UNITOPERATION_SPY_FABRICATE_SCANDAL_DESCRIPTION">
			<Text>Skandal üretin</Text>
		</Row>
		<Row Tag="LOC_UNITOPERATION_SPY_FOMENT_UNREST_DESCRIPTION">
			<Text>Huzursuzluk cikart</Text>
		</Row>
		<Row Tag="LOC_UNITOPERATION_SPY_NEUTRALIZE_GOVERNOR_DESCRIPTION">
			<Text>Valiyi Notralize Et</Text>
		</Row>
		<Row Tag="LOC_ESPIONAGE_FABRIRCATE_SCANDAL_REWARD">
			<Text>düsmani kaldirmak</Text>
		</Row>
		<Row Tag="LOC_ESPIONAGE_FOMENT_UNREST_REWARD">
			<Text>Sadakati azaltmak ve Sadakatimizi artirmak</Text>
		</Row>
		<Row Tag="LOC_ESPIONAGE_NEUTRALIZE_GOVERNOR_REWARD">
			<Text>Düsmani etkisiz hale getirmek [ICON_Governor] Vali</Text>
		</Row>
		<Row Tag="LOC_SPYMISSIONDETAILS_UNITOPERATION_SPY_FABRICATE_SCANDAL">
			<Text>En iyi rakipleri Elcileri kaybetmeye zorlamak</Text>
		</Row>
		<Row Tag="LOC_SPYMISSIONDETAILS_UNITOPERATION_SPY_FOMENT_UNREST">
			<Text>{1_LoyaltyString} ile düsman sadakatini azaltin</Text>
		</Row>
		<Row Tag="LOC_SPYMISSIONDETAILS_UNITOPERATION_SPY_NEUTRALIZE_GOVERNOR">
			<Text>Düsmani [ICON Governor] Vali'nin {1_TurnString} gorevinden alin</Text>
		</Row>
		<Row Tag="LOC_ESPIONAGE_FABRICATE_SCANDAL_ESTIMATE">
			<Text>{1_Amount} [ICON_Envoy] Elcilerden</Text>
		</Row>
		<Row Tag="LOC_ESPIONAGE_FOMENT_UNREST_ESTIMATE">
			<Text>{1_Amount}</Text>
		</Row>
		<Row Tag="LOC_ESPIONAGE_NEUTRALIZE_GOVERNOR_ESTIMATE">
			<Text>{1_Amount} tur</Text>
		</Row>
		<Row Tag="LOC_PROMOTION_SPY_SMEAR_CAMPAIGN_NAME">
			<Text>Karalama Kampanyasi</Text>
		</Row>
		<Row Tag="LOC_PROMOTION_SPY_COVERT_ACTION_NAME">
			<Text>Gizli Eylem</Text>
		</Row>
		<Row Tag="LOC_PROMOTION_SPY_LICENSE_TO_KILL_NAME">
			<Text>oldürme Lisansi</Text>
		</Row>
		<Row Tag="LOC_PROMOTION_SPY_SMEAR_CAMPAIGN_DESCRIPTION">
			<Text>Skandal 2 seviye daha yasanmis gibi üretilir.</Text>
		</Row>
		<Row Tag="LOC_PROMOTION_SPY_COVERT_ACTION_DESCRIPTION">
			<Text>Kiskirtmak 2 seviye daha deneyimli sanki huzursuzluk.</Text>
		</Row>
		<Row Tag="LOC_PROMOTION_SPY_LICENSE_TO_KILL_DESCRIPTION">
			<Text>Vali'yi, 2 seviye daha deneyimlimis gibi etkisiz hale getirin.</Text>
		</Row>
		<!--Diplomacy modifiers-->
		<Row Tag="LOC_TOOLTIP_SAMPLE_DIPLOMACY_BROKEN_PLEDGE">
			<Text>Birlikleri sinirlarindan tasima sozü verdi</Text>
		</Row>
		<Row Tag="LOC_TOOLTIP_SAMPLE_DIPLOMACY_KEPT_PLEDGE">
			<Text>Birlikleri sinirlarindan tasima sozü verdi</Text>
		</Row>
		<Row Tag="LOC_TOOLTIP_SAMPLE_DIPLOMACY_NO_PLEDGE">
			<Text>Birlikleri tasimak icin bir soz vermemeye karar verdi</Text>
		</Row>
		<!--OPERATIONS AND COMMANDS TEXT-->
		<Row Tag="LOC_UNITCOMMAND_PARADROP_DESCRIPTION">
			<Text>Parasütle Atmak</Text>
		</Row>
		<Row Tag="LOC_UNITCOMMAND_PARADROP_FAILURE_IN_ZOC">
			<Text>Düsman Kontrol Bolgesinde</Text>
		</Row>
		<Row Tag="LOC_UNITCOMMAND_PARADROP_FAILURE_FRIENDLY_TERRITORY">
			<Text>Dostca bolgede olmali veya bir Airstrip veya Havaalanina bitisik olmalidir.</Text>
		</Row>
		<Row Tag="LOC_UNITCOMMAND_PARADROP_FAILURE_REQUIRES_FULL_MOVEMENT">
			<Text>Tam hareket gerektirir</Text>
		</Row>
		<Row Tag="LOC_UNITCOMMAND_PROJECT_PRODUCTION_DESCRIPTION">
			<Text>Bir projeye [ICON_Production] Prodüksiyonu ekleyin. Tur basina sadece bir kere.</Text>
		</Row>
		<Row Tag="LOC_UNITCOMMAND_PRIORITY_TARGET_DESCRIPTION">
			<Text>oncelikli Hedef</Text>
		</Row>
		<Row Tag="LOC_GOVERNOR_IDENTITY_PRESSURE">
			<Text>Tur basina sadakat</Text>
		</Row>
		<Row Tag="LOC_GOVERNOR_DETAILS_TURNS_TO_ESTABLISH">
			<Text>Yerlesmek icin Tur</Text>
		</Row>
		<Row Tag="LOC_GOVERNOR_IDENTITY_PRESSURE_TOOLTIP">
			<Text>Bu Valinin sehre sagladigi medeniyetinize karsi donüs basina sadakat miktari.</Text>
		</Row>
		<Row Tag="LOC_GOVERNOR_TRANSITION_STRENGTH">
			<Text>Gecis Gücü</Text>
		</Row>
		<Row Tag="LOC_GOVERNOR_TRANSITION_STRENGTH_TOOLTIP">
			<Text>Bu valinin bir sehirde kurulma hizi.</Text>
		</Row>
		<Row Tag="LOC_GOVERNOR_ASSIGN_GOVERNOR_TO">
			<Text>Vali'ye Atama...</Text>
		</Row>
		<Row Tag="LOC_GOVERNOR_SELECT_A_CITY">
			<Text>Bir sehir seciniz...</Text>
		</Row>
		<Row Tag="LOC_GOVERNOR_NO_PREVIOUS_GOVERNOR">
			<Text>onceki Vali Yok</Text>
		</Row>
		<Row Tag="LOC_GOVERNOR_TURNS_TO_ESTABLISH">
			<Text>Vali kurulmadan once tur sayisi.</Text>
		</Row>
		<Row Tag="LOC_GOVERNOR_SKILL_TREE">
			<Text>Yetenek Agaci</Text>
		</Row>
		<Row Tag="LOC_GOVERNOR_PROMOTE">
			<Text>Destekle</Text>
		</Row>
		<Row Tag="LOC_GOVERNORS_SCREEN_BUTTON_ASSIGN_GOVERNOR">
			<Text>Atama</Text>
		</Row>
		<Row Tag="LOC_GOVERNORS_SCREEN_BUTTON_REASSIGN_GOVERNOR">
			<Text>Yeniden Ata</Text>
		</Row>
		<Row Tag="LOC_GOVERNORS_SCREEN_ABILITIES">
			<Text>YETENEKLERi</Text>
		</Row>
		<Row Tag="LOC_GOVERNORS_SCREEN_GOVERNOR_ABILITIES">
			<Text>VALi YETENEKLERi</Text>
		</Row>
		<Row Tag="LOC_GOVERNORS_SCREEN_GOVERNOR_ABILITIES_SUBTEXT">
			<Text>Vali isimlerine Terfi Harcama</Text>
		</Row>
		<Row Tag="LOC_GOVERNOR_GOVERNOR_TITLES">
			<Text>Vali Ünvanlari: {1_PointsAvailable}</Text>
		</Row>
		<Row Tag="LOC_GOVERNOR_GOVERNOR_TITLES_AVAILABLE">
			<Text>MEVCUT VALi PUANI: {1_PointsAvailable}</Text>
		</Row>
		<Row Tag="LOC_GOVERNOR_GOVERNOR_TITLES_SPENT">
			<Text>HARCANMIS: {1_PointsSpent}</Text>
		</Row>
		<Row Tag="LOC_HISTORY_TIMELINE_TITLE">
			<Text>{1_PlayerCiv} Tarihcesi</Text>
		</Row>
		<Row Tag="LOC_HISTORY_NEW_MOMENT">
			<Text>{1_PlayerCiv} Tarih Yazdi</Text>
		</Row>
		<Row Tag="LOC_HISTORY_MOMENT_EFFECTS">
			<Text>{1_MomentDate}    \|    Tur {2_MomentTurn}    \|    {3_MomentScore} Era Skor</Text>
		</Row>
		<Row Tag="LOC_HISTORY_MOMENT_EFFECTS_NO_SCORE">
			<Text>{1_MomentDate}    \|    Tur {2_MomentTurn}</Text>
		</Row>
		<Row Tag="LOC_CULTURAL_IDENTITY_LOYALTY_PERCENTAGE">
			<Text>Sadakat: {1_CurrentLoyalty}/{2_MaxLoyalty} ({3_LoyaltyIcon}{4_LoyaltyPerTurn})</Text>
		</Row>
		<Row Tag="LOC_CULTURAL_IDENTITY_POSITIVE_PRESSURE">
			<Text>+{1_Value}</Text>
		</Row>
		<Row Tag="LOC_CULTURAL_IDENTITY_GOVERNORS_PRESSURE_TOOLTIP">
			<Text>[ICON_Governor] Vali buraya yerlesti</Text>
		</Row>
		<Row Tag="LOC_CULTURAL_IDENTITY_MY_CITIES_PRESSURE_TOOLTIP">
			<Text>Sahipleri [ICON_Citizen] 9 petek icindeki vatandaslar</Text>
		</Row>
		<Row Tag="LOC_CULTURAL_IDENTITY_THEIR_CITIES_PRESSURE_TOOLTIP">
			<Text>Diger uygarliklar '[ICON_Citizen] 9 petek icindeki vatandaslar</Text>
		</Row>
		<Row Tag="LOC_CULTURAL_IDENTITY_INDEPENDENCE_PRESSURE_TOOLTIP">
			<Text>Bagimsizlik Arzusu</Text>
		</Row>
		<Row Tag="LOC_CULTURAL_IDENTITY_HAPPINESS_PRESSURE_TOOLTIP">
			<Text>Mutluluk Seviyesi</Text>
		</Row>
		<Row Tag="LOC_CULTURAL_IDENTITY_OTHER_PRESSURE_TOOLTIP">
			<Text>Buradaki diger etkiler</Text>
		</Row>
		<Row Tag="LOC_CULTURAL_IDENTITY_CITY_STATES_PRESSURE_TOOLTIP">
			<Text>sehir Devleti olarak temel güc</Text>
		</Row>
		<Row Tag="LOC_CULTURAL_IDENTITY_FREE_CITIES_PRESSURE_TOOLTIP">
			<Text>ozgür sehir olarak temel güc.</Text>
		</Row>
		<Row Tag="LOC_CULTURAL_IDENTITY_POPULATION_PRESSURE_TOOLTIP">
			<Text>Pressure from nearby [ICON_Citizen] Citizens</Text>
		</Row>
		<Row Tag="LOC_CULTURAL_IDENTITY_POPULATION_PRESSURE_TOOLTIP_MAJOR_CIVS">
			<Text>sehrin sahibine ve yakindaki Vatandaslara ait olan ve farkli bir uygarliga ait olan Vatandaslardan gelen baskinin karsilastirmasina dayanarak +20 ile -20 arasinda degisir. [NEWLINE] [ICON_Bullet] 1 [ICON_Citizen] vatandasi basina basinc [Normalde [NEWLINE] [ ICON_BULLET] [ICON_Capital] Capital [NEWLINE] [ICON_BULLET] 'de Arttirildi Altin caglar, Karanlik caglar ve Ekmek ve Sirkler sehir projesinden etkilenebilir [NEWLINE] [ICON_BULLET] karo basina daha az etkili</Text>
		</Row>
		<Row Tag="LOC_CULTURAL_IDENTITY_POPULATION_PRESSURE_TOOLTIP_MINOR_CIVS">
			<Text>sehrin sahibine ve yakindaki Vatandaslara ait olan ve farkli bir uygarliga ait olan Vatandaslardan gelen baskinin karsilastirmasina dayanarak +20 ile -20 arasinda degisir. [NEWLINE] [ICON_Bullet] 1 [ICON_Citizen] vatandasi basina basinc [Normalde [NEWLINE] [ ICON_BULLET] [ICON_Capital] Capital’de artirildi</Text>
		</Row>
		<!-- Dedications-->
		<Row Tag="LOC_TECH_BOOST_DEDICATION_NOTIFICATION">
			<Text>Bir [ICON_TechBoosted] Eureka'yi tetiklediniz.</Text>
		</Row>
		<Row Tag="LOC_CIVIC_BOOST_DEDICATION_NOTIFICATION">
			<Text>Bir [ICON_CivicBoosted] ilham tetiklediniz.</Text>
		</Row>
		<Row Tag="LOC_RELIGIOUS_CONVERSION_DEDICATION_NOTIFICATION">
			<Text>Bir sehri ilk kez kurdugunuz Din'e donüstürdünüz.</Text>
		</Row>
		<Row Tag="LOC_DISTRICT_COMPLETION_DEDICATION_NOTIFICATION">
			<Text>Yeni bir bolge insa ettiniz.</Text>
		</Row>
		<Row Tag="LOC_TRADE_ROUTE_DEDICATION_NOTIFICATION">
			<Text>[ICON_TradeRoute] Ticaret Rotasini tamamladiniz.</Text>
		</Row>
		<Row Tag="LOC_MAP_DISCOVERY_DEDICATION_NOTIFICATION">
			<Text>Yeni bir Kita veya Doga harikasi kesfettiniz.</Text>
		</Row>
		<Row Tag="LOC_CORPS_KILL_DEDICATION_NOTIFICATION">
			<Text>Bir kolordu yok ettin.</Text>
		</Row>
		<Row Tag="LOC_ARMY_KILL_DEDICATION_NOTIFICATION">
			<Text>Bir orduyu yok ettin.</Text>
		</Row>
		<Row Tag="LOC_NAVAL_UNIT_KILL_DEDICATION_NOTIFICATION">
			<Text>Barbar olmayan bir deniz birligini yok ettiniz.</Text>
		</Row>
		<Row Tag="LOC_SCIENCE_BUILDING_DEDICATION_NOTIFICATION">
			<Text>[ICON_Science] Bilim’e temel bir ürün olarak saglayan bir yapi insa ettiniz.</Text>
		</Row>
		<Row Tag="LOC_CULTURE_BUILDING_DEDICATION_NOTIFICATION">
			<Text>Harika is yuvasi olan bir bina insa ettiniz.</Text>
		</Row>
		<Row Tag="LOC_INDUSTRIAL_BUILDING_DEDICATION_NOTIFICATION">
			<Text>Endüstri cagindan sonra veya daha sonra bir bina insa ettiniz.</Text>
		</Row>
		<Row Tag="LOC_AERODROME_BUILDING_DEDICATION_NOTIFICATION">
			<Text>Aerodrome bolgesinde bir bina insa ettiniz.</Text>
		</Row>
		<Row Tag="LOC_SPY_MISSION_DEDICATION_NOTIFICATION">
			<Text>Basarili bir saldiri Casus islemi tamamladiniz.</Text>
		</Row>
		<Row Tag="LOC_ARTIFACT_EXTRACTION_DEDICATION_NOTIFICATION">
			<Text>Bir [ICON_GreatWork_Artifact] Eseri cikarttiniz.</Text>
		</Row>
		<Row Tag="LOC_GREATPERSON_EARNED_NOTIFICATION">
			<Text>[ICON_GreatPerson] Harika Bir Kisi kazandiniz.</Text>
		</Row>
		<!-- Scoring -->
		<Row Tag="LOC_CATEGORY_ERA_SCORE_NAME">
			<Text>Era Skor</Text>
		</Row>
		<Row Tag="LOC_CITY_STATE_PANEL_HAS_AMBASSADOR_TOOLTIP">
			<Text>Diplomatlarini [ICON_Governor] Valisini bu sehir devletine atayan medeniyetler:</Text>
		</Row>
		<Row Tag="LOC_CITY_STATE_PANEL_HAS_VISIER">
			<Text>Bu sehir devletine Osmanli Büyük Valisi atandi</Text>
		</Row>
		<Row Tag="LOC_CITY_STATE_PANEL_HAS_AMBASSADOR_TOOLTIP_ENTRY">
			<Text>[NEWLINE][ICON_Bullet]{1_CivName} ({2_PlayerName})</Text>
		</Row>
		<Row Tag="LOC_CITY_STATE_PANEL_HAS_AMBASSADOR_TOOLTIP_ENTRY_UNMET">
			<Text>[NEWLINE][ICON_Bullet]{1_CivName}</Text>
		</Row>
		<Row Tag="LOC_CITY_STATE_PANEL_CIV_AMBASSADOR_TOOLTIP">
			<Text>{1_CivName} bu sehir durumuna bir Diplomat atadi.</Text>
		</Row>
		<Row Tag="LOC_CITY_BANNER_HAS_AMBASSADOR_TOOLTIP_ENTRY_LIMITED">
			<Text>[NEWLINE][ICON_Bullet]{1_CivName} ({2_PlayerName})</Text>
		</Row>
		<Row Tag="LOC_CITY_BANNER_HAS_AMBASSADOR_TOOLTIP_ENTRY_FULL">
			<Text>[NEWLINE][ICON_Bullet]{1_CivName} ({2_PlayerName}) - {3_EstablishInfo}</Text>
		</Row>
		<Row Tag="LOC_GOVERNMENT_INHERENT_BONUS">
			<Text>Ana bonus</Text>
		</Row>
		<Row Tag="LOC_GOVERNMENT_ACCUMULATED_BONUS">
			<Text>Kücük bonus</Text>
		</Row>
		<Row Tag="LOC_TECH_SCIENTIFIC_THEORY_DESCRIPTION">
			<Text>+1 [ICON_Food] Ekim Alanindaki Gelismelerden Yiyecekler.</Text>
		</Row>
		<Row Tag="LOC_GAME_MENU_NEW_FEATURES">
			<Text>Yeni ozellikler</Text>
		</Row>
		<Row Tag="LOC_GAME_MENU_NEW_FEATURES_TOOLTIP">
			<Text>Yükselis ve Düsüs genisleme kural kümesindeki yeni ozellikleri gozden gecirin.</Text>
		</Row>
		<Row Tag="LOC_XP1_INTRO_NEXT">
			<Text>ileri</Text>
		</Row>
		<Row Tag="LOC_XP1_INTRO_PREVIOUS">
			<Text>onceki</Text>
		</Row>
		<Row Tag="LOC_XP1_INTRO_CONTINUE">
			<Text>Devam</Text>
		</Row>
		<Row Tag="LOC_XP_INTRO_HIDETHIS">
			<Text>Bunu bir daha gosterme</Text>
		</Row>
		<Row Tag="LOC_END_GAME_MENU_HISTORIAN_BUTTON">
			<Text>Zaman cizelgesi'ni gorüntüle</Text>
		</Row>
		<Row Tag="LOC_END_GAME_MENU_EXPORT_HISTORIAN_BUTTON">
			<Text>Zaman cizelgesi'ni Disari Aktar</Text>
		</Row>
		<Row Tag="LOC_LOYALTY_CITY_IS_LOYAL_TO_TT">
			<Text>sehir {1_CivName} 'e Sadik</Text>
		</Row>
		<Row Tag="LOC_LOYALTY_CITY_WILL_FALL_TO_TT">
			<Text>Sadakat 0'a ulastiginda sehir {1_CivName} 'e düsecek</Text>
		</Row>
		<Row Tag="LOC_LOYALTY_IS_RISING_BY_X_TT">
			<Text>{1_CivName} 'e baglilik artiyor {2_PointsPerTurn} {2_PointsPerTurn : plural 1?point; other?points;} her tur</Text>
		</Row>
		<Row Tag="LOC_LOYALTY_IS_DROPPING_BY_X_TT">
			<Text>{1_CivName} 'e baglilik düsüyor {2_PointsPerTurn} {2_PointsPerTurn : plural 1?point; other?points;} her tur</Text>
		</Row>
		<Row Tag="LOC_LOYALTY_IS_NOT_CHANGING_TT">
			<Text>{1_CivName} 'e sadakat bir sonraki turda degismeyecek</Text>
		</Row>
		<Row Tag="LOC_LOYALTY_STATUS_TT">
			<Text>{1_LoyaltyIcon} SADAKAT {2_CurrentLoyalty}/{3_MaxLoyalty}[NEWLINE]Durum: {4_LoyaltyStatus}</Text>
		</Row>
		<Row Tag="LOC_TECH_TREE_ALLIANCE_TT">
			<Text>Bir sirayla bilim artisi saglamak icin Arastirma Müttefik ile ayni Teknolojiyi aktif olarak arastirin.</Text>
		</Row>
		<Row Tag="LOC_TECH_TREE_ALLIANCE_BONUS_TT">
			<Text>Seviye 3 Arastirma ittifaki Bilim Bonus.[NEWLINE] Müttefik Arastirmanizla ayni Teknolojiyi Arastirmak, sira basina bir bilim artisi saglar.</Text>
		</Row>
		<Row Tag="LOC_LOYALTY_MAX_LOYALTY_TT">
			<Text>sehir tamamen sadik ve tur basina sadakat kazaniyor</Text>
		</Row>
		<Row Tag="LOC_LOYALTY_NO_CHANGE_TT">
			<Text>Degisiklik yok</Text>
		</Row>
		<Row Tag="LOC_LOYALTY_RISING_LOYALTY_TT">
			<Text>Yükselen {1_LoyaltyPerTurn}</Text>
		</Row>
		<Row Tag="LOC_LOYALTY_FALLING_LOYALTY_TT">
			<Text>Düsen {1_LoyaltyPerTurn}</Text>
		</Row>
		<!-- Replay DataSets -->
		<Row Tag="LOC_REPLAYDATASET_ERASCORE_NAME">
			<Text>Tur Basina Donem Puani</Text>
		</Row>
		<Row Tag="LOC_REPLAYDATASET_GOVERNORS_NAME">
			<Text>Toplam Vali</Text>
		</Row>
		<Row Tag="LOC_REPLAYDATASET_GOVERNORTITLES_NAME">
			<Text>Toplam Vali Ünvani</Text>
		</Row>
		<Row Tag="LOC_GOVT_FILTER_DARK">
			<Text>Karanlik</Text>
		</Row>
		<Row Tag="LOC_IMPROVEMENT_FISHERY_NAME">
			<Text>Balikcilik</Text>
		</Row>
		<Row Tag="LOC_IMPROVEMENT_FISHERY_DESCRIPTION">
			<Text>Su Ürünleri tanitimi ile Surveyor Valisi ile bir sehirde insa edilebilir bir [ICON_Governor] Vali benzersiz bir gelisme. Verim 1 [ICON_Food] Yiyecek, +1 ek [ICON_Food] Yiyecek bir deniz kaynagina bitisikse. Bir kiyi arsasina insa edilmelidir.</Text>
		</Row>
		<Row Tag="LOC_IMPROVEMENT_CITY_PARK_NAME">
			<Text>sehir Parki</Text>
		</Row>
		<Row Tag="LOC_IMPROVEMENT_CITY_PARK_DESCRIPTION">
			<Text>Parklar ve Rekreasyon yetenegi ile bir Bilirkisi Valisi ile bir sehirde insa edilebilecek bir [ICON_Governor] Valisi benzersiz bir gelisme. 2 Temyiz ve 1 [ICON_Culture] Kültürü verir. +1 [ICON_Amenities] Suya bitisik ise, mükemmellik. +3 [ICON_CULTURE] Kültür parklari ve Rekreasyon tanitimini iceren bir Anket Valisi olan bir sehirde ise kültür. Baska bir sehir parkina bitisik olamaz.</Text>
		</Row>
		<!-- MISC -->
		<Row Tag="LOC_CIVILIZATION_NOT_ABLE_TO_DECLARE_SURPRISE_WAR">
			<Text>Medeniyetiniz sürpriz bir savas ilan edemez; Buna sehir Devleti'ne savas ilan edilmesi de dahildir.</Text>
		</Row>
		<Row Tag="LOC_LEADER_TRAIT_JERUSALEM_DESCRIPTION_EXPANSION">
			<Text>Kutsal Sitelere sahip olan sehirleriniz sanki Kutsal sehirmis gibi baski yapiyorlar (10 petek icindeki tüm sehirlerde 4x Din baskisi).</Text>
		</Row>
		<!-- Type Traits-->
		<Row Tag="LOC_TYPE_TRAIT_GOVERNOR_POINTS">
			<Text>{1_Amount: number +#,###.#;-#,###.#} [ICON_STAT_GOVERNOR] Yonetici Puanlari</Text>
		</Row>
		<Row Tag="LOC_TYPE_TRAIT_GOVERNOR_POINTS_WITH_REQUIREMENT">
			<Text>{1_Amount: number +#,###.#;-#,###.#} [ICON_STAT_GOVERNOR] Yonetici Puanlari (gerektirir {2_TechOrCivicName})</Text>
		</Row>
		<Row Tag="LOC_TYPE_TRAIT_REQUIRES_GOVERNMENT_TIER">
			<Text>Gerekli Devlet Seviyesi: {1_GovernmentTier}</Text>
		</Row>
	</EnglishText>
</GameData>