﻿<?xml version="1.0" encoding="utf-8"?>
<!-- edited with XMLSPY v2004 rel. 2 U (http://www.xmlspy.com) by Ed Beach (Firaxis Games) -->
<GameData>
	<BaseGameText>
		<!-- Leader Text-->
		<Row Tag="LOC_DIPLO_KUDO_EXIT_LEADER_DIDO_ANY">
			<Text>Refah kentlerinize gelsin - kıyıdan uzakta olanlar.</Text>
		</Row>
		<Row Tag="LOC_DIPLO_WARNING_EXIT_LEADER_DIDO_ANY">
			<Text>Sizin için iddia ettiğiniz topraklara ilgi duymuyoruz - ancak denizler ve kıyılar Fenike'dir.</Text>
		</Row>
		<Row Tag="LOC_DIPLO_KUDO_EXIT_LEADER_ELEANOR_ENGLAND_ANY">
			<Text>Harika şehirleri ortak sınırımıza yakın, muhteşem bir gül bahçesi gibi yerleştirdiğiniz söylendi. Enfes!</Text>
		</Row>
		<Row Tag="LOC_DIPLO_WARNING_EXIT_LEADER_ELEANOR_ENGLAND_ANY">
			<Text>Eğer şehirleri sınırımıza yakın yapmak için kendinize sorun yaşarsanız, en azından onları güzel, müreffeh şehirler haline getirin, bu yüzden manzaradan keyif alabilirim.</Text>
		</Row>
		<Row Tag="LOC_DIPLO_KUDO_EXIT_LEADER_ELEANOR_FRANCE_ANY">
			<Text>Harika şehirleri ortak sınırımıza yakın, muhteşem bir gül bahçesi gibi yerleştirdiğiniz söylendi. Enfes!</Text>
		</Row>
		<Row Tag="LOC_DIPLO_WARNING_EXIT_LEADER_ELEANOR_FRANCE_ANY">
			<Text>Eğer şehirleri sınırımıza yakın yapmak için kendinize sorun yaşarsanız, en azından onları güzel, müreffeh şehirler haline getirin, bu yüzden manzaradan keyif alabilirim.</Text>
		</Row>
		<Row Tag="LOC_DIPLO_KUDO_EXIT_LEADER_KRISTINA_ANY">
			<Text>Yeni bir çalışma aldım ve yakında bir görüntülemeye ev sahipliği yapacağım. Elçileriniz katılmaya davet edildi.</Text>
		</Row>
		<Row Tag="LOC_DIPLO_WARNING_EXIT_LEADER_KRISTINA_ANY">
			<Text>Sanırım, bir odayı birbirine bağladığında sanatın harika olduğunu düşünüyorsun, Philistine.</Text>
		</Row>
		<Row Tag="LOC_DIPLO_KUDO_EXIT_LEADER_KUPE_ANY">
			<Text>Araziniz yeşil kalır ve sularınız temiz ve berraktır. Seçim.</Text>
		</Row>
		<Row Tag="LOC_DIPLO_WARNING_EXIT_LEADER_KUPE_ANY">
			<Text>Karaya pislik kazıyorsun ve denize atıyorsun! Dünyayı boşa harcıyorsun!</Text>
		</Row>
		<Row Tag="LOC_DIPLO_KUDO_EXIT_LEADER_LAURIER_ANY">
			<Text>Uluslararası çatışmanın çözümünde güvenilir bir ortak olduğunu kanıtladınız, Kanada sizi onaylıyor.</Text>
		</Row>
		<Row Tag="LOC_DIPLO_WARNING_EXIT_LEADER_LAURIER_ANY">
			<Text>Neden dünyayı etkileyen krizleri çözmeye yardım etmiyorsunuz? Başkalarının kötü durumundan etkilenmediniz mi?</Text>
		</Row>
		<Row Tag="LOC_DIPLO_KUDO_EXIT_LEADER_MANSA_MUSA_ANY">
			<Text>Benimle sevinin, dostum, çünkü her isteğimizden özgürüz ve vaktimizi Tanrı'nın iradesine ayırabiliriz.</Text>
		</Row>
		<Row Tag="LOC_DIPLO_WARNING_EXIT_LEADER_MANSA_MUSA_ANY">
			<Text>Ne yaptın, Tanrı'nın ödülünü senden aldığını mı? Doğruluk döndüğünü gör!</Text>
		</Row>
		<Row Tag="LOC_DIPLO_KUDO_EXIT_LEADER_MATTHIAS_CORVINUS_ANY">
			<Text>Başarının en hızlı yolu, küçük müttefiklerinizin gücünü artırmaktır, kabul etmiyor musunuz?</Text>
		</Row>
		<Row Tag="LOC_DIPLO_WARNING_EXIT_LEADER_MATTHIAS_CORVINUS_ANY">
			<Text>Yardımcılarına vatanseverlik içinde ödediğini söylüyorlar. Bu ve iki kuruş onlara bir bira alacaktır.</Text>
		</Row>
		<Row Tag="LOC_DIPLO_KUDO_EXIT_LEADER_PACHACUTI_ANY">
			<Text>İnka'nın zirvelerin ustaları olduğunu biliyorsunuz. Bu sizin tarafınızdan bilgelik gösterir.</Text>
		</Row>
		<Row Tag="LOC_DIPLO_WARNING_EXIT_LEADER_PACHACUTI_ANY">
			<Text>İnka, dağların efendisidir. Bu konuda bana meydan okuma. Ovalardan memnun olun.</Text>
		</Row>
		<Row Tag="LOC_DIPLO_KUDO_EXIT_LEADER_SULEIMAN_ANY">
			<Text>Siz de Süleyman'ın bilgeliğine sahip olmalısınız, çünkü milletiniz uyum içinde yaşayan birçok insandan oluşur.</Text>
		</Row>
		<Row Tag="LOC_DIPLO_WARNING_EXIT_LEADER_SULEIMAN_ANY">
			<Text>Dünyanın ustası olsaydın, önce halkının ustası olmalısın - ve bu konuda ustalık belirtileri göstermiyorsun.</Text>
		</Row>
		<Row Tag="LOC_DIPLO_KUDO_LEADER_ANY_REASON_AGENDA_EXPANSIONIST">
			<Text>Arazi talep etme hırsından yoksun olman daha iyi, çünkü alacağın şeyi yönetecek zekâsız olduğuna inanıyorum.</Text>
		</Row>
		<Row Tag="LOC_DIPLO_WARNING_LEADER_ANY_REASON_AGENDA_EXPANSIONIST">
			<Text>Halkınız zayıf ve çok kötü bir şekilde yönetildiğinde, bu tür toprakları kendiniz için talep etmeye nasıl cüret edersiniz?</Text>
		</Row>
		<Row Tag="LOC_DIPLO_KUDO_LEADER_QIN_REASON_EXPANSIONIST">
			<Text>Krallığı sadece şerefimi vurgulayan bir barbar insan olarak kalmayı seçtiğin için memnunum.</Text>
		</Row>
		<Row Tag="LOC_DIPLO_WARNING_LEADER_QIN_REASON_EXPANSIONIST">
			<Text>Ben cennetin altındaki her yerin imparatoruyum. Bu, kendiniz için sahip olmak isteyenler de dahil olmak üzere tüm toprakların haklı olarak benim olduğu anlamına gelir. Bana eşit olmak için çaba göstermeyin.</Text>
		</Row>
		<Row Tag="LOC_DIPLO_KUDO_LEADER_ANY_REASON_AGENDA_FLAT_EARTHER">
			<Text>Sizinle aynı fikirdeyim — Dünyadaki umutlarımızı uzaya zorlamak için çok fazla acil sorun var.</Text>
		</Row>
		<Row Tag="LOC_DIPLO_WARNING_LEADER_ANY_REASON_AGENDA_FLAT_EARTHER">
			<Text>Uzayda bir gelecek hakkında nasıl düşünebilirsiniz, dünyadaki mevcut durumun tüm dikkatinizi vermesi gerektiğinde!</Text>
		</Row>
		<Row Tag="LOC_DIPLO_KUDO_LEADER_CLEOPATRA_REASON_AGENDA_FLAT_EARTHER">
			<Text>Kutsanmış olan, gökleri Tanrılara bırakandır ve aralarında yürümek istememektedir.</Text>
		</Row>
		<Row Tag="LOC_DIPLO_WARNING_LEADER_CLEOPATRA_REASON_AGENDA_FLAT_EARTHER">
			<Text>Güneş tanrısı Amun-Ra'ya ya da gökyüzü tanrıçası Nut'a yaklaşmayın! Senin dokunuşun onları rahatsız ediyor! Dünyanın harabesini getireceksin!</Text>
		</Row>
		<Row Tag="LOC_DIPLO_KUDO_LEADER_ANY_REASON_AGENDA_GREAT_WHITE_FLEET">
			<Text>Büyük donanmalara sahip olanlarımız, dünya çapında irademizi hissettirebilir ve biz denizlerin gerçek ustalarıyız.</Text>
		</Row>
		<Row Tag="LOC_DIPLO_WARNING_LEADER_ANY_REASON_AGENDA_GREAT_WHITE_FLEET">
			<Text>Gemileri inşa etmek ve gücünüzü denizlere yansıtmak için çaba sarf etmeniz gerekiyor, yoksa hiçbir millet size saygı duymayacak.</Text>
		</Row>
		<Row Tag="LOC_DIPLO_KUDO_LEADER_T_ROOSEVELT_REASON_AGENDA_GREAT_WHITE_FLEET">
			<Text>Demek denizdeki üstünlüğümüze meydan okumak mı istiyorsun? Zorba! Ben rekabete zevk veriyorum!</Text>
		</Row>
		<Row Tag="LOC_DIPLO_WARNING_LEADER_T_ROOSEVELT_REASON_AGENDA_GREAT_WHITE_FLEET">
			<Text>Denizler arenasında bu kadar çabuk muhakkak birleşiyor musunuz? Neden kasten egemenliğinizi kısıtlıyorsunuz? Korkuyor musun?</Text>
		</Row>
		<Row Tag="LOC_DIPLO_KUDO_LEADER_ANY_REASON_AGENDA_LOW_FAVOR">
			<Text>Beni bu gezegenin en büyük lideri olarak kabul etmeye hazır olduğunuza sevindim. Zaten diğerleri zamanımın hazır olduğunu fısıldadı.</Text>
		</Row>
		<Row Tag="LOC_DIPLO_WARNING_LEADER_ANY_REASON_AGENDA_HIGH_FAVOR">
			<Text>Ballı sözlerini ve körili iyiliğini görüyorum. Kendiniz için nihai güç arayışında olursunuz ve ulusların size kendi özgür iradeleriyle vermelerini sağlayabilirsiniz.</Text>
		</Row>
		<Row Tag="LOC_DIPLO_KUDO_LEADER_PERICLES_REASON_AGENDA_LOW_FAVOR">
			<Text>İyi bir konuşmaya duyarlı bir çetenin sevincini asla bilemeyeceksiniz, çünkü politika sanatını asla pratik yapmıyorsunuz.</Text>
		</Row>
		<Row Tag="LOC_DIPLO_WARNING_LEADER_PERICLES_REASON_AGENDA_HIGH_FAVOR">
			<Text>Yaptıkların için seni dışlayacağım! Mafya duyguları üzerinde oynamak benim gücümdür!</Text>
		</Row>
		<Row Tag="LOC_DIPLO_KUDO_LEADER_ANY_REASON_AGENDA_LOW_TOURISM">
			<Text>Dünya standartlarında bir tatil isteyen vatandaşlarınız için bir tur paketi başlattık. Anlaşılan, medeniyetinizde bunun gibi bir şey yok.</Text>
		</Row>
		<Row Tag="LOC_DIPLO_WARNING_LEADER_ANY_REASON_AGENDA_HIGH_TOURISM">
			<Text>Dünyanın turistik sitelerinize yol açtığını biliyorum, ama uyarın! İnsanlarımız mavi kot pantolona ve rock müziğine sahiptir ve onları kullanmaktan korkmazlar.</Text>
		</Row>
		<Row Tag="LOC_DIPLO_KUDO_LEADER_MVEMBA_REASON_AGENDA_LOW_TOURISM">
			<Text>İnsanlarının basit bir kültürü var. Eğlenceli ve biraz trajik. Dünyanın geri kalanından öğrenebilirsin.</Text>
		</Row>
		<Row Tag="LOC_DIPLO_WARNING_LEADER_MVEMBA_REASON_AGENDA_HIGH_TOURISM">
			<Text>Canlı ve eşsiz kültürler, popüler kültürünüzün yükselen gelgit tehdidi altındadır.</Text>
		</Row>
		<Row Tag="LOC_DIPLO_KUDO_LEADER_ANY_REASON_AGENDA_INTOLERANT_SAME_RELIGION">
			<Text>Hükmü tek gerçek dini takip eden ve halkının ruhunu koruyan topraklar ne kadar mutlu!</Text>
		</Row>
		<Row Tag="LOC_DIPLO_WARNING_LEADER_ANY_REASON_AGENDA_INTOLERANT_ENCROACHING_RELIGION">
			<Text>Küfür ve sapkınlık deneklerinizin dudaklarından dökülsün! Gerçek dini yeniden canlandırarak, halkınızın ruhunu restore etmelisiniz!</Text>
		</Row>
		<Row Tag="LOC_DIPLO_KUDO_LEADER_PEDRO_REASON_AGENDA_INTOLERANT_SAME_RELIGION">
			<Text>Biliyorsunuz ki iyi bir cetvel, halklarının ruhlarını doğru yolda yönlendirir ve bunu yaparken cennetin nimetlerini onlara getirir.</Text>
		</Row>
		<Row Tag="LOC_DIPLO_WARNING_LEADER_PEDRO_REASON_AGENDA_INTOLERANT_ENCROACHING_RELIGION">
			<Text>Korkarım ki, dini sadakatsizliği, fikirlerin canlı bir karnavalı için yayarsınız.</Text>
		</Row>
		<Row Tag="LOC_DIPLO_KUDO_LEADER_ANY_REASON_AGENDA_LOW_DIPLOVP">
			<Text>Azami özgürlük, yalnızca kendi çıkarlarını gözeten medeniyetlerden gelebilir, öyle değil mi?</Text>
		</Row>
		<Row Tag="LOC_DIPLO_WARNING_LEADER_ANY_REASON_AGENDA_HIGH_DIPLOVP">
			<Text>Siyasi gündeminizi hangi hakla egemen medeniyetime yüklüyorsunuz? İsteğime karşı yönetilmeyi kabul etmiyorum.</Text>
		</Row>
		<Row Tag="LOC_DIPLO_KUDO_LEADER_BARBAROSSA_REASON_AGENDA_LOW_DIPLOVP">
			<Text>Bu siyasi hareketlerin sadece oyun olduğunu, gerçek gücünden yoksun ve yönetim hakkına saygı duymadan olduğunu anladığına sevindim.</Text>
		</Row>
		<Row Tag="LOC_DIPLO_WARNING_LEADER_BARBAROSSA_REASON_AGENDA_HIGH_DIPLOVP">
			<Text>Bu daha büyük siyasi birliği yaratma girişimleriniz, tahtımın otoritesini çalmaya yaklaşıyor. Bu tataya saygı göstermeyenlere kibar davranmam.</Text>
		</Row>
		<Row Tag="LOC_DIPLO_KUDO_LEADER_ANY_REASON_AGENDA_HIGH_PILLAGE">
			<Text>Düşmanların seni alev ve korku ile tanıyor. Gazabından teslim olmak için dua ediyorlar, ama gökler sessiz.</Text>
		</Row>
		<Row Tag="LOC_DIPLO_WARNING_LEADER_ANY_REASON_AGENDA_LOW_PILLAGE">
			<Text>Düşmanların seninle savaşıyor, ama toprağını intikam almak için yağmalamıyorsun. Korkaklık dışında mı? Ya da aşırı bir nezaket?</Text>
		</Row>
		<Row Tag="LOC_DIPLO_KUDO_LEADER_HARDRADA_REASON_AGENDA_HIGH_PILLAGE">
			<Text>İyi! Düşmanlarını, ismin sesinde titreyene kadar ateş ve kılıçla cezalandırıyorsun. Yazık, sen bir Viking olarak doğmadın.</Text>
		</Row>
		<Row Tag="LOC_DIPLO_WARNING_LEADER_HARDRADA_REASON_AGENDA_LOW_PILLAGE">
			<Text>Düşmanlarını cezalandırma cesaretinden yoksun ve topraklarını külden bir çorak toprak haline getirme gücünden yoksunsun. Acıklı.</Text>
		</Row>
		<Row Tag="LOC_DIPLO_KUDO_LEADER_ANY_REASON_AGENDA_TURTLER">
			<Text>İyi çitler iyi komşular yapar ve iyi savunmalar barışçıl bir krallıktır. Topraklarını korumaktan memnun olmana sevindim.</Text>
		</Row>
		<Row Tag="LOC_DIPLO_WARNING_LEADER_ANY_REASON_AGENDA_TURTLER">
			<Text>Savaş ve fethetme çabanızda, olayları öngöremediğiniz olayları harekete geçirirsiniz. Yurtdışına çıkmak ve fethetmek yerine evde kalmak ve korumak daha iyi.</Text>
		</Row>
		<Row Tag="LOC_DIPLO_KUDO_LEADER_HOJO_REASON_AGENDA_TURTLER">
			<Text>Bölge için hırs, hanedanları mahveden tohumdur. Sadece topraklarını savunmak istediğine sevindim.</Text>
		</Row>
		<Row Tag="LOC_DIPLO_WARNING_LEADER_HOJO_REASON_AGENDA_TURTLER">
			<Text>Fetihlerini endişe ile algılıyorum, ama korkudan değil. Japonya'yı istila edersen, rüzgar ve denizlerin yardımımıza gireceğini bil.</Text>
		</Row>
		<Row Tag="LOC_DIPLO_KUDO_LEADER_ANY_REASON_AGENDA_ZEALOT">
			<Text>Tüm yaptıklarımızdan sonra bile, hala kurtarılmak istemeyen bazı ruhlar olduğu için endişeleniyorum.</Text>
		</Row>
		<Row Tag="LOC_DIPLO_WARNING_LEADER_ANY_REASON_AGENDA_ZEALOT">
			<Text>İstersen olsun olmasın, ruhunun kurtuluşunu görmeyi düşünüyorum!</Text>
		</Row>
		<Row Tag="LOC_DIPLO_KUDO_LEADER_MONTEZUMA_REASON_AGENDA_ZEALOT">
			<Text>Doğru inancı seçmiş olmanız iyidir. Muhtemelen bunu benim hayranlığımdan yaptın. Bu anlaşılabilir bir durum.</Text>
		</Row>
		<Row Tag="LOC_DIPLO_WARNING_LEADER_MONTEZUMA_REASON_AGENDA_ZEALOT">
			<Text>Size dinimin bir hediyesini yapıyorum! Neden kabul etmiyorsun Kendini utandıracak ve öbür dünyada yıkımla karşı karşıya kalacaksın!</Text>
		</Row>
		 <Row Tag="LOC_DIPLO_KUDO_LEADER_ANY_REASON_AGENDA_MONEY_GRUBBER">
			<Text>Hazinen oldukça güzel doluyor. Bu kadar güçlü bir gelire sahip olmak her zaman güzeldir, değil mi?</Text>
		</Row>
		<Row Tag="LOC_DIPLO_WARNING_LEADER_ANY_REASON_AGENDA_MONEY_GRUBBER">
			<Text>İmparatorluğun iflasa yöneldi. Borç biriktirirken nasıl hayatta kalabilirsiniz?</Text>
		</Row>
	</BaseGameText>
</GameData>
