﻿<?xml version="1.0" encoding="utf-8"?>
<!-- edited with XMLSPY v2004 rel. 2 U (http://www.xmlspy.com) by Ed Beach (Firaxis Games) -->
<GameData>
	<EnglishText>
		<!--Agenda Names-->
		<Row Tag="LOC_AGENDA_ANGEVIN_EMPIRE_NAME">
			<Text>Angevin İmparatorluğu</Text>
		</Row>
		<Row Tag="LOC_AGENDA_CANADIAN_EXPEDITIONARY_NAME">
			<Text>Kanada Seferi Gücü</Text>
		</Row>
		<Row Tag="LOC_AGENDA_KAITIAKITANGA_NAME">
			<Text>Kaitiakitanga</Text>
		</Row>
		<Row Tag="LOC_AGENDA_LAWGIVER_NAME">
			<Text>Lawgiver</Text>
		</Row>
		<Row Tag="LOC_AGENDA_LORD_OF_MINES_NAME">
			<Text>Madenlerin Efendisi</Text>
		</Row>
		<Row Tag="LOC_AGENDA_RAVEN_BANNER_NAME">
			<Text>Kuzgun Sancak</Text>
		</Row>
		<Row Tag="LOC_AGENDA_PATRON_OF_ARTS_NAME">
			<Text>Bibliyofil</Text>
		</Row>
		<Row Tag="LOC_AGENDA_SAPA_INCA_NAME">
			<Text>Sapa Inca</Text>
		</Row>
		<Row Tag="LOC_AGENDA_SICILIAN_WARS_NAME">
			<Text>Sicilya Savaşları</Text>
		</Row>
		<!--Random Agenda Names-->
		<Row Tag="LOC_AGENDA_DEMAGOGUE_NAME">
			<Text>Demagog</Text>
		</Row>
		<Row Tag="LOC_AGENDA_DESTINATION_CIV_NAME">
			<Text>Hedef Civ</Text>
		</Row>
		<Row Tag="LOC_AGENDA_EXPANSIONIST_NAME">
			<Text>Yayılmacı</Text>
		</Row>
		<Row Tag="LOC_AGENDA_FLAT_EARTHER_NAME">
			<Text>Düz Toprak</Text>
		</Row>
		<Row Tag="LOC_AGENDA_GREAT_WHITE_FLEET_NAME">
			<Text>Büyük Beyaz Filo</Text>
		</Row>
		<Row Tag="LOC_AGENDA_INTOLERANT_NAME">
			<Text>Hoşgörüsüz</Text>
		</Row>
		<Row Tag="LOC_AGENDA_LIBERTARIAN_NAME">
			<Text>Özgürlükçü</Text>
		</Row>
		<Row Tag="LOC_AGENDA_PILLAGER_NAME">
			<Text>Pillager</Text>
		</Row>
		<Row Tag="LOC_AGENDA_TURTLER_NAME">
			<Text>Kaplumbağacı</Text>
		</Row>
		<Row Tag="LOC_AGENDA_ZEALOT_NAME">
			<Text>Fanatik</Text>
		</Row>
		<!--Agenda Description-->
		<Row Tag="LOC_AGENDA_ANGEVIN_EMPIRE_DESCRIPTION">
			<Text>Kalabalık şehirler kurar. Yakındaki şehirleri yüksek [ICON_Citizen] Nüfusu olan medeniyetleri sever. Civardaki ufak şehirleri kolayca uydurabilecek uygarlıklardan hoşlanmaz.</Text>
		</Row>
		<Row Tag="LOC_AGENDA_CANADIAN_EXPEDITIONARY_DESCRIPTION">
			<Text>Olabildiğince çok Acil Durum ve Skorlanmış Müsabakaya yanıt verir. Bu tür etkinliklere katılanları da sever; Katılmayanları beğenmez.</Text>
		</Row>
		<Row Tag="LOC_AGENDA_KAITIAKITANGA_DESCRIPTION">
			<Text>İmparatorluğundaki doğal özellikleri koruyor ve Milli Parklar inşa ediyor. Çevreye saygı duyan vatandaşları sever; gezegene kötü davrananlar hoşlanmıyor.</Text>
		</Row>
		<Row Tag="LOC_AGENDA_LAWGIVER_DESCRIPTION">
			<Text>Vatandaşlarını mutlu ve sadık tutar. Özellikle şehirleri birçok oyuncu tarafından kurulmuşsa, benzer önceliklere sahip olanlardan etkilendim. Mutluluk / sadakat sorunları veya yakalanan az sayıda şehri olanları beğenmez.</Text>
		</Row>
		<Row Tag="LOC_AGENDA_LORD_OF_MINES_DESCRIPTION">
			<Text>[ICON_Gold] Şehirlerden ve [ICON_TradeRoute] Ticaret Yollarından elde edilen altın verimini en üst düzeye çıkarmaya çalışıyor. Benzer davranan medeniyetlere saygı gösterir, yapmayanları sevmez.</Text>
		</Row>
		<Row Tag="LOC_AGENDA_RAVEN_BANNER_DESCRIPTION">
			<Text>[ICON_Gold] Şehirlerden ve [ICON_TradeRoute] Ticaret Yollarından elde edilen altın verimini en üst düzeye çıkarmaya çalışıyor. Benzer davranan medeniyetlere saygı gösterir, yapmayanları sevmez.</Text>
		</Row>
		<Row Tag="LOC_AGENDA_PATRON_OF_ARTS_DESCRIPTION">
			<Text>Herkesten daha çok Büyük Eser sahibi olmak istiyor. Büyük Eserleri ona bırakanları sever, aynı zamanda Büyük Eserleri olanları da beğenmez.</Text>
		</Row>
		<Row Tag="LOC_AGENDA_SAPA_INCA_DESCRIPTION">
			<Text>Dağların yakınında yerleşmek istiyor. Dağlara yakın bölgeleri kendisine bırakanları, Dağlara yakın olanları da sevmiyor.</Text>
		</Row>
		<Row Tag="LOC_AGENDA_SICILIAN_WARS_DESCRIPTION">
			<Text>Kıyı kentlerini yerleştirmek istiyor. İç kesime yerleşenleri sever. Çoğu kıyı kenti olanları beğenmez.</Text>
		</Row>
		<!--Updated Base Game Agenda Descriptions-->
		<Row Tag="LOC_AGENDA_WITH_YOUR_SHIELD_OR_ON_IT_DESCRIPTION">
			<Text>Asla bir barış anlaşmasında öğeleri bırakmaz ve bu yaklaşıma uyan uygarlıkları sever. Teslim olan ya da hiç savaşa girmemiş olan uygarlıkları sevmez. Bu lidere karşı şikayetler normal oranın iki katına düşer.</Text>
		</Row>
		<!--Random Agenda Descriptions-->
		<Row Tag="LOC_AGENDA_DEMAGOGUE_DESCRIPTION">
			<Text>[ICON_FAVOR] Diplomatik Lehine en fazla kazanan medeniyet olmak istiyor, [ICON_FAVOR] Diplomatik Lehine rekabet edenleri beğenmiyor.</Text>
		</Row>
		<Row Tag="LOC_AGENDA_DESTINATION_CIV_DESCRIPTION">
			<Text>[ICON_Tourism] Turizmi ile en fazla medeniyet olmak istiyor, [ICON_Tourism] Turizmi ile yarışanları beğenmiyor.</Text>
		</Row>
		<Row Tag="LOC_AGENDA_FLAT_EARTHER_DESCRIPTION">
			<Text>İnsanlığın dünyayı dolaşmasını veya uzaya gitmesini engellemek istiyor.</Text>
		</Row>
		<Row Tag="LOC_AGENDA_LIBERTARIAN_DESCRIPTION">
			<Text>Diplomatik Zafer kazanmak için güçlü bir girişimde bulunan uygarlıkları beğenmez.</Text>
		</Row>
		<Row Tag="LOC_AGENDA_PILLAGER_DESCRIPTION">
			<Text>Mümkün olduğunca çok sayıda kiremit yağmaya çalışır. Yağan diğer medeniyetlere saygı gösterir.</Text>
		</Row>
		<Row Tag="LOC_AGENDA_TURTLER_DESCRIPTION">
			<Text>Fetihten korunmak istiyor. Diğer oyuncuların orijinal başkentlerini fethetmiş olanları beğenmez.</Text>
		</Row>
		<Row Tag="LOC_AGENDA_ZEALOT_DESCRIPTION">
			<Text>Dini bir zafer kazanmaya çalışır. Dinlerini çoktan kabul etmiş olan vatandaşları sever.</Text>
		</Row>
		<!--City-States-->
		<Row Tag="LOC_CIVILIZATION_AKKAD_NAME">
			<Text>Akkad</Text>
		</Row>
		<Row Tag="LOC_CIVILIZATION_AKKAD_DESCRIPTION">
			<Text>Akkad şehir-devleti</Text>
		</Row>
		<Row Tag="LOC_CIVILIZATION_AKKAD_ADJECTIVE">
			<Text>AkkadLI</Text>
		</Row>
		<Row Tag="LOC_LEADER_TRAIT_AKKAD_NAME">
			<Text>Akkad Hükmeden Bonusu</Text>
		</Row>
		<Row Tag="LOC_LEADER_TRAIT_AKKAD_DESCRIPTION">
			<Text>Yakın ve süvari karşıtı birimin saldırıları, şehrin Duvarlarına tam hasar verir.</Text>
		</Row>
		<Row Tag="LOC_CIVILIZATION_BOLOGNA_NAME">
			<Text>Bologna</Text>
		</Row>
		<Row Tag="LOC_CIVILIZATION_BOLOGNA_DESCRIPTION">
			<Text>Bologna şehir-devleti</Text>
		</Row>
		<Row Tag="LOC_LEADER_TRAIT_BOLOGNA_NAME">
			<Text>Bologna Hükmeden Bonusu</Text>
		</Row>
		<Row Tag="LOC_LEADER_TRAIT_BOLOGNA_DESCRIPTION">
			<Text>Bir binaya sahip bölgeleriniz, +1 [ICON_GreatPerson] Türlerinin Muhteşem Kişi noktası ([ICON_GreatWriter] Büyük Yazar, [ICON_GreatArtist] Büyük Sanatçı ve [ICON_GreatMusician] Büyük Bina ile Tiyatro Meydanı için Büyük Müzisyen) sağlar.</Text>
		</Row>
		<Row Tag="LOC_CIVILIZATION_BOLOGNA_ADJECTIVE">
			<Text>Bolognese</Text>
		</Row>
		<Row Tag="LOC_CIVILIZATION_CAHOKIA_NAME">
			<Text>Cahokia</Text>
		</Row>
		<Row Tag="LOC_CIVILIZATION_CAHOKIA_DESCRIPTION">
			<Text>Cahokia şehir-devleti</Text>
		</Row>
		<Row Tag="LOC_CIVILIZATION_CAHOKIA_ADJECTIVE">
			<Text>Cahokialı</Text>
		</Row>
		<Row Tag="LOC_LEADER_TRAIT_CAHOKIA_NAME">
			<Text>Cahokia Hükmeden Bonusu</Text>
		</Row>
		<Row Tag="LOC_LEADER_TRAIT_CAHOKIA_DESCRIPTION">
			<Text>Müteahhitleriniz şimdi Cahokia Höyükleri geliştirmeleri yapabilir.[NEWLINE][NEWLINE]Cahokia Höyükleri, +3 [ICON_GOLD] Altın sağlar. Şehirler ilk Cahokia Höyük geliştirmesinden +1 [ICON_AMENITIES] İmkân kazandılar. Doğal Tarihi keşfettikten sonra, şehirler ikinci Cahokia Mound geliştirmesinden +1 [ICON_AMENITIES] İmkânı kazanıyor. +1 [ICON_FOOD] Bitişik her 2 Semt için bir kez Feodalizm keşfedildikten sonra veya Bitişik Her Bölge için bir kez Değiştirilebilir Parçalar araştırıldı. +1 [ICON_HOUSING] Konut sağlar. Kültürel Miras keşfedildikten sonra ek bir [ICON_HOUSING] Konut alın. Diğer Cahokia Höyükleri'ne bitişik yapılamaz.</Text>
		</Row>
		<Row Tag="LOC_CIVILIZATION_CARDIFF_NAME">
			<Text>Cardiff</Text>
		</Row>
		<Row Tag="LOC_CIVILIZATION_CARDIFF_DESCRIPTION">
			<Text>Cardiff şehir-devleti</Text>
		</Row>
		<Row Tag="LOC_CIVILIZATION_CARDIFF_ADJECTIVE">
			<Text>Cardiffli</Text>
		</Row>
		<Row Tag="LOC_LEADER_TRAIT_CARDIFF_NAME">
			<Text>Cardiff Hükmeden Bonusu</Text>
		</Row>
		<Row Tag="LOC_LEADER_TRAIT_CARDIFF_DESCRIPTION">
			<Text>Şehirler her Liman binası için +2 [ICON_Power] Gücü kazanıyor.</Text>
		</Row>
		<Row Tag="LOC_CIVILIZATION_FEZ_NAME">
			<Text>Fez</Text>
		</Row>
		<Row Tag="LOC_CIVILIZATION_FEZ_DESCRIPTION">
			<Text>Fez şehir-devleti</Text>
		</Row>
		<Row Tag="LOC_CIVILIZATION_FEZ_ADJECTIVE">
			<Text>Fez</Text>
		</Row>
		<Row Tag="LOC_LEADER_TRAIT_FEZ_NAME">
			<Text>Fez Hükmeden Bonusu</Text>
		</Row>
		<Row Tag="LOC_LEADER_TRAIT_FEZ_DESCRIPTION">
			<Text>Bir şehri ilk defa dönüştürmek için bir birim kullandığınızda, o şehirdeki [ICON_Citizen] Nüfusu başına 20 [ICON_SCIENCE] Bilim kazanın.</Text>
		</Row>
		<Row Tag="LOC_CIVILIZATION_MEXICO_CITY_NAME">
			<Text>Meksika Şehri</Text>
		</Row>
		<Row Tag="LOC_CIVILIZATION_MEXICO_CITY_DESCRIPTION">
			<Text>Meksika Şehri şehir-devleti</Text>
		</Row>
		<Row Tag="LOC_CIVILIZATION_MEXICO_CITY_ADJECTIVE">
			<Text>Meksika Şehri</Text>
		</Row>
		<Row Tag="LOC_LEADER_TRAIT_HATTUSA_EXPANSION2_DESCRIPTION">
			<Text>Açıkladığınız ancak iyileştirmediğiniz her bir tur başına 2 Stratejik kaynak sunar.</Text>
		</Row>
		<Row Tag="LOC_LEADER_TRAIT_MEXICO_CITY_NAME">
			<Text>Meksika Şehri Hükmeden Bonusu</Text>
		</Row>
		<Row Tag="LOC_LEADER_TRAIT_MEXICO_CITY_DESCRIPTION">
			<Text>Organize Sanayi Bölgesi ve Eğlence Kompleksi bölgelerinizden gelen bölgesel etkiler daha fazla 3 karoya ulaşıyor.</Text>
		</Row>
		<Row Tag="LOC_CIVILIZATION_NAZCA_NAME">
			<Text>Nazca</Text>
		</Row>
		<Row Tag="LOC_CIVILIZATION_NAZCA_DESCRIPTION">
			<Text>Nazca şehir-devleti</Text>
		</Row>
		<Row Tag="LOC_CIVILIZATION_NAZCA_ADJECTIVE">
			<Text>Nazca</Text>
		</Row>
		<Row Tag="LOC_LEADER_TRAIT_NAZCA_NAME">
			<Text>Nazca Hükmeden Bonusu</Text>
		</Row>
		<Row Tag="LOC_LEADER_TRAIT_NAZCA_DESCRIPTION">
			<Text>Müteahhitleriniz şimdi Nazca Hattı geliştirmelerini yapabilir.[NEWLINE][NEWLINE]Nazca Hattıları, +1 [ICON_Faith] Bitişik peteklere İnanç sağlıyor. +1 [ICON_Faith] Bir kaynakla bitişik fayanslara olan inanç. +1 [ICON_FOOD] Sivil Servisi keşfettikten sonra bitişikteki Desert ve Desert Hill fayanslarına yiyecek. +1 [ICON_PRODUCTION] Seri Üretim araştırmasından sonra bitişik yassı karolarda üretim. +1 İtiraz. Sadece düz Çölde inşa edilebilir. Bu döşeme kullanılamaz.</Text>
		</Row>
		<Row Tag="LOC_CIVILIZATION_NGAZARGAMU_NAME">
			<Text>Ngazargamu</Text>
		</Row>
		<Row Tag="LOC_CIVILIZATION_NGAZARGAMU_DESCRIPTION">
			<Text>Ngazargamu şehir-devleti</Text>
		</Row>
		<Row Tag="LOC_CIVILIZATION_NGAZARGAMU_ADJECTIVE">
			<Text>Ngazargamu</Text>
		</Row>
		<Row Tag="LOC_LEADER_TRAIT_NGAZARGAMU_NAME">
			<Text>Ngazargamu Hükmeden Bonusu</Text>
		</Row>
		<Row Tag="LOC_LEADER_TRAIT_NGAZARGAMU_DESCRIPTION">
			<Text>Kara savaşı veya Destek birimleri, o şehirdeki her Encampment bölge binası için [ICON_GOLD] Altın ile satın almak için %20 daha ucuzdur.</Text>
		</Row>
		<Row Tag="LOC_CIVILIZATION_RAPA_NUI_NAME">
			<Text>Rapa Nui</Text>
		</Row>
		<Row Tag="LOC_CIVILIZATION_RAPA_NUI_DESCRIPTION">
			<Text>Rapa Nui şehir-devleti</Text>
		</Row>
		<Row Tag="LOC_CIVILIZATION_RAPA_NUI_ADJECTIVE">
			<Text>Rapa Nui</Text>
		</Row>
		<Row Tag="LOC_LEADER_TRAIT_RAPA_NUI_NAME">
			<Text>Rapa Nui Hükmeden Bonusu</Text>
		</Row>
		<Row Tag="LOC_LEADER_TRAIT_RAPA_NUI_DESCRIPTION">
			<Text>Müteahhitleriniz şimdi Moai geliştirmeleri yapabilir.[NEWLINE][NEWLINE]Moai +1 [ICON_Culture] Kültür sağlar. +1 [ICON_Culture] Her 2 komşu Moai için kültür. +2 [ICON_Culture] Bir Volkanik Toprak döşemesine bitişik veya bitişikse kültür. +1 [ICON_Culture] Kıyı veya Göl döşemesine bitişikse kültür. Sivil ve Teknoloji Ağacı'nda ilerlerken ek [ICON_Culture] Kültür ve [ICON_Tourism] Turizm. Plains, Plains Tepeleri, Otlak, Otlak Tepeleri veya Volkanik Toprak üzerine inşa edilebilir. Ormanlık veya Yağmurormanları döşemesine bitişik yerleştirilemez.</Text>
		</Row>
		<Row Tag="LOC_LEADER_TRAIT_ARMAGH_EXPANSION2_DESCRIPTION">
			<Text>Müteahhitleriniz şimdi Manastır iyileştirmeleri yapabilir.[NEWLINE][NEWLINE]Manastırlar +2 [ICON_Faith] İnanç sağlıyor. +15 HP, bu dönüşe saldırmayan kiremit üzerindeki dostça dini birim için şifa veriyor. +1 [ICON_FAITH] Her iki komşu ilçeye de inanç. +1 [ICON_HOUSING] Konut sağlar. Sömürgecilik keşfedildikten sonra ek bir [ICON_HOUSING] Konut alın. Başka bir Manastırın yanına yapılamaz.</Text>
		</Row>
		<Row Tag="LOC_LEADER_TRAIT_LA_VENTA_EXPANSION2_DESCRIPTION">
			<Text>Müteahhitleriniz şimdi Devasa Baş iyileştirmeleri yapabilir.[NEWLINE][NEWLINE]Devasa Başlar +2 [ICON_Faith] İnanç verir. +1 [ICON_Faith] Hümanizm keşfedildikten sonra her 2 komşu Rainforest için veya her komşu Rainforest için inanç. +1 [ICON_Faith] Hümanizm keşfedildikten sonra her iki komşu Woods'a veya her komşu Woods'a olan inanç. [ICON_TOURISM] Turizm [ICON_FAITH] 'den Turizm Bir kez İnanç Uçuş keşfedildi. Kar veya Kar Tepeleri üzerine inşa edilemez.</Text>
		</Row>
		<Row Tag="LOC_LEADER_TRAIT_GRANADA_EXPANSION2_DESCRIPTION">
			<Text>İnşaatçılar şimdi Alcázar geliştirmeleri yapabilir.[NEWLINE][NEWLINE]Alcázar, +2 [ICON_Culture] Kültür sağlar. Karo Temyizinin% 50'sine eşit [ICON_SCIENCE] Bilim sunar. İşgalci birim +4 [ICON_Strength] Savunma Gücü alır ve otomatik olarak 2 kez güçlendirme kazanır. Flight araştırdıktan sonra [ICON_TOURISM] Turizm sağlar. Başka bir Alcázar yanına yapılamaz.</Text>
		</Row>
	</EnglishText>
</GameData>
