<?xml version="1.0" encoding="utf-8"?>
<!-- edited with XMLSPY v2004 rel. 2 U (http://www.xmlspy.com) by Ed Beach (Firaxis Games) -->
<GameData>
	<EnglishText>
		<Row Tag="LOC_GOSSIP_SOURCE_HIGHLEVEL_SPY">
			<Text>Casusunuz, {1_Name}, bunu acıklayan belgeler buldu</Text>
		</Row>
		<Row Tag="LOC_GOSSIP_SPY_DAM_BREACHED_DETECTED">
			<Text>{LOC_GRAMMAR_CIVNAME &lt;&lt; {1_CivName}} {3_SpyPlayer} 'dan gelen bir casusun calısması yüzünden {2_CityName}' de bir baraj kırıldı.</Text>
		</Row>
		<Row Tag="LOC_GOSSIP_SPY_DAM_BREACHED_UNDETECTED">
			<Text>{LOC_GRAMMAR_CIVNAME &lt;&lt; {1_CivName}} bilinmeyen bir casusun calısması yüzünden {2_CityName} 'de baraj ihlal edildi.</Text>
		</Row>
		<Row Tag="LOC_GOSSIP_ROCK_CONCERT">
			<Text>{1_City_Name} gazetesi, {3_BandName} tarafından oynanan konser hakkında "{2_ResultName}" adlı bir inceleme yayınladı.</Text>
		</Row>
		<Row Tag="LOC_GOSSIP_POWERED_CITY">
			<Text>{LOC_GRAMMAR_CIVNAME &lt;&lt; {1_CivName}} {1_CivName : plural 1?has; other?have;} elektriğin büyüsünü {2_CityName} sehrine getirdi.</Text>
		</Row>
		<Row Tag="LOC_GOSSIP_RANDOM_EVENT">
			<Text>{LOC_GRAMMAR_CIVNAME &lt;&lt; {1_CivName}} {1_CivName : plural 1?has; other?have;} bir {2_NaturalDisasterName} 'den önemli bir zarar gördü.</Text>
		</Row>
	</EnglishText>
</GameData>
