<?xml version="1.0" encoding="utf-8"?>
<!-- edited with XMLSPY v2004 rel. 2 U (http://www.xmlspy.com) by Ed Beach (Firaxis Games) -->
<GameData>
	<EnglishText>
		<Row Tag="LOC_BELIEF_GODDESS_OF_FIRE_NAME">
			<Text>ATES TANRICASI</Text>
		</Row>
		<Row Tag="LOC_BELIEF_GODDESS_OF_FIRE_DESCRIPTION">
			<Text>+2 [ICON_FAITH] Jeotermal Çatlaklardan ve Volkanik Topraktan İnanç.</Text>
		</Row>
		<Row Tag="LOC_BELIEF_GOD_OF_CRAFTSMEN_EXPANSION2_DESCRIPTION">
			<Text>+1 [ICON_Production] Üretim ve +1 [ICON_Faith] Geliştirilmiş Stratejik kaynaklardan gelen inanç.</Text>
		</Row>
		<Row Tag="LOC_BELIEF_DIVINE_SPARK_EXPANSION2_DESCRIPTION">
			<Text>+1 [ICON_GreatPerson] Kutsal Alanlardan (Peygamber), Kütüphaneli Kampüslerden (Bilim Adamı) ve Amfitiyatrolu Tiyatro Meydanlarından (Yazar) Büyük Kişi Puanları.</Text>
		</Row>
		<Row Tag="LOC_BELIEF_EARTH_GODDESS_EXPANSION2_DESCRIPTION">
			<Text>Nefes kesen itiraz ile fayans +2 inanç [ICON_Faith].</Text>
		</Row>
		<Row Tag="LOC_BELIEF_GODDESS_OF_THE_HUNT_EXPANSION2_DESCRIPTION">
			<Text>Kamplardan +1 [ICON_Food] Yiyecek ve +1 [ICON_Production] Üretimi.</Text>
		</Row>
		<Row Tag="LOC_BELIEF_GODDESS_OF_FESTIVALS_EXPANSION2_DESCRIPTION">
			<Text>+1 [ICON_Culture] Tarlalardan Kültür.</Text>
		</Row>
		<Row Tag="LOC_BELIEF_FERTILITY_RITES_EXPANSION2_DESCRIPTION">
			<Text>Seçildiğinde başkentinizde bir İnşaatçı alın. Şehir büyüme oranı %10 daha yüksektir.</Text>
		</Row>
		<Row Tag="LOC_BELIEF_RELIGIOUS_SETTLEMENTS_EXPANSION2_DESCRIPTION">
			<Text>Seçildiğinde, başkentinizde bir Yerleşimci alın. Sınır genişletme oranı %15 daha hızlı.</Text>
		</Row>
		<Row Tag="LOC_BELIEF_RIVER_GODDESS_EXPANSION2_DESCRIPTION">
			<Text>+2 [ICON_Amenities] Olanaklar ve +2 [ICON_Housing] Bir nehrin yanında bir Kutsal Alan bölgesi varsa şehirlere barınma.</Text>
		</Row>
		<Row Tag="LOC_BELIEF_INITIATION_RITES_EXPANSION2_DESCRIPTION">
			<Text>+50 [ICON_Faith] Her Barbar Karakolu için iman temizlendi. Barbar Karakolunu temizleyen birim +100 HP iyileştirir.</Text>
		</Row>
		<Row Tag="LOC_BELIEF_LADY_OF_THE_REEDS_AND_MARSHES_EXPANSION2_DESCRIPTION">
			<Text>+1 [ICON_Production] Bataklık, Vaha ve Cöl'lerden üretimler.</Text>
		</Row>
	</EnglishText>
</GameData>
