<?xml version="1.0" encoding="utf-8"?>
<!-- edited with XMLSPY v2004 rel. 2 U (http://www.xmlspy.com) by Ed Beach (Firaxis Games) -->
<GameData>
	<BaseGameText>
		<!-- Standard modifiers -->
		<Row Tag="LOC_DIPLO_MODIFIER_SAPA_INCA_LOW_MOUNTAIN_CITIES">
			<Text>Pachacuti, dağların yakınlarında birkaç şehir olduğuna sevindi</Text>
		</Row>
		<Row Tag="LOC_DIPLO_MODIFIER_SAPA_INCA_HIGH_MOUNTAIN_CITIES">
			<Text>Pachacuti memnun değil çünkü dağların yakınında birçok şehir var.</Text>
		</Row>
		<Row Tag="LOC_DIPLO_MODIFIER_SICILIAN_WARS_LOW_COASTAL_CITES">
			<Text>Dido birkaç kıyı kentine sahip olmana sevindi</Text>
		</Row>
		<Row Tag="LOC_DIPLO_MODIFIER_SICILIAN_WARS_HIGH_COASTAL_CITIES">
			<Text>Dido memnun değil çünkü birçok sahil kentiniz var</Text>
		</Row>
    <Row Tag="LOC_DIPLO_MODIFIER_DESCRIPTION_EXPANSIONIST">
      <Text>Çok fazla toprak talep eden İmparatorlar'dan hoşlanırlar ve hoşlanmayanlardan hoşlanmazlar</Text>
    </Row>
    <Row Tag="LOC_DIPLO_MODIFIER_DESCRIPTION_GREAT_WHITE_FLEET">
      <Text>İmparatorlukları önemli donanmaları olan severler</Text>
    </Row>
    <Row Tag="LOC_DIPLO_MODIFIER_DESCRIPTION_FLAT_EARTHER">
      <Text>Dünyayı terk etmeye çalışanları sevmiyorlar</Text>
    </Row>
    <Row Tag="LOC_DIPLO_MODIFIER_DESCRIPTION_HIGH_FAVOR">
      <Text>İyilik için bu kadar aktif bir şekilde rekabet etmekten hoşlanmıyorlar</Text>
    </Row>
    <Row Tag="LOC_DIPLO_MODIFIER_DESCRIPTION_LOW_FAVOR">
      <Text>İyilik kazanamadığın için mutlular</Text>
    </Row>
    <Row Tag="LOC_DIPLO_MODIFIER_DESCRIPTION_HIGH_TOURISM">
      <Text>Turizmin çok güçlü olduğu için mutsuzlar</Text>
    </Row>
    <Row Tag="LOC_DIPLO_MODIFIER_DESCRIPTION_LOW_TOURISM">
      <Text>Turizm konusunda rekabet etmemenizden memnunuz</Text>
    </Row>
    <Row Tag="LOC_DIPLO_MODIFIER_INTOLERANT_SAME">
      <Text>Bir dini paylaştığın için mutlular</Text>
    </Row>
    <Row Tag="LOC_DIPLO_MODIFIER_INTOLERANT_ENCROACHING">
      <Text>Dininizin imparatorluklarında mevcut olduğu için kızgınlar</Text>
    </Row>
    <Row Tag="LOC_DIPLO_MODIFIER_DESCRIPTION_HIGH_DIPLOVP">
      <Text>Diplomatik bir Zafere yaklaştığın için çok kızgınlar</Text>
    </Row>
    <Row Tag="LOC_DIPLO_MODIFIER_DESCRIPTION_LOW_DIPLOVP">
      <Text>Diplomatik Zafer için bir tehdit olmadığına memnun oldular</Text>
    </Row>
    <Row Tag="LOC_DIPLO_MODIFIER_DESCRIPTION_HIGH_PILLAGE">
      <Text>Yağmatan hoşlanan başka bir medeniyeti görmekten mutluluk duyuyorlar</Text>
    </Row>
    <Row Tag="LOC_DIPLO_MODIFIER_DESCRIPTION_LOW_PILLAGE">
      <Text>Seni rakiplerini daha çok yağmaladığını görmek istiyorlar</Text>
    </Row>
	</BaseGameText>
</GameData>
