<?xml version="1.0" encoding="utf-8"?>
<GameData>
	<EnglishText>
		<!-- Stats -->
		<Row Tag="LOC_HOF_STAT_DIPLOMATIC_FAVOR">
			<Text>Diplomatik İyilik</Text>
		</Row>
		<Row Tag="LOC_HOF_STAT_SCIENCE_VP">
			<Text>Isık Yılları Gezildi</Text>
		</Row>
		<Row Tag="LOC_HOF_STAT_DIPLOMATIC_VP">
			<Text>Diplomatik Zafer Puanı Kazanıldı</Text>
		</Row>
		<Row Tag="LOC_HOF_STAT_CO2">
			<Text>CO2 Verildi</Text>
		</Row>
		<!-- Reports -->
		<Row Tag="LOC_HOF_REPORTS_DIPLOMATIC_FAVOR">
			<Text>Diplomatik İyilik</Text>
		</Row>
		<Row Tag="LOC_HOF_REPORTS_SCIENCE_VP">
			<Text>Isık Yılları Gezildi</Text>
		</Row>
		<Row Tag="LOC_HOF_REPORTS_DIPLOMATIC_VP">
			<Text>Diplomatik Zafer Puanı</Text>
		</Row>
		<Row Tag="LOC_HOF_REPORTS_CO2">
			<Text>CO2 Verildi</Text>
		</Row>
		<!-- Graphs -->
		<Row Tag="LOC_HOF_GRAPH_DIPLOMATIC_FAVOR">
			<Text>Oyuncu Diplomatik Iyilik</Text>
		</Row>
		<Row Tag="LOC_HOF_GRAPH_SCIENCE_VP">
			<Text>Isık Yılları Gezildi</Text>
		</Row>
		<Row Tag="LOC_HOF_GRAPH_DIPLOMATIC_VP">
			<Text>Diplomatik Zafer Puanı Kazanıldı</Text>
		</Row>
		<Row Tag="LOC_HOF_GRAPH_CO2">
			<Text>CO2 Verildi</Text>
		</Row>
	</EnglishText>
</GameData>
