<?xml version="1.0" encoding="utf-8"?>
<!-- edited with XMLSPY v2004 rel. 2 U (http://www.xmlspy.com) by Ed Beach (Firaxis Games) -->
<GameData>
	<EnglishText>
		<!-- Natural Wonders -->
		<Row Tag="LOC_FEATURE_CHOCOLATEHILLS_NAME">
			<Text>Cikolata Tepeleri</Text>
		</Row>
		<Row Tag="LOC_FEATURE_DEVILSTOWER_NAME">
			<Text>Mato Tipila</Text>
		</Row>
		<Row Tag="LOC_FEATURE_GOBUSTAN_NAME">
			<Text>Gobustan </Text>
		</Row>
		<Row Tag="LOC_FEATURE_IKKIL_NAME">
			<Text>Ik-Kil</Text>
		</Row>
		<Row Tag="LOC_FEATURE_PAMUKKALE_NAME">
			<Text>Pamukkale</Text>
		</Row>
		<Row Tag="LOC_FEATURE_VESUVIUS_NAME">
			<Text>Vezüv Yanardagı</Text>
		</Row>
		<Row Tag="LOC_FEATURE_WHITEDESERT_NAME">
			<Text>Sahara el Beyda</Text>
		</Row>
		<Row Tag="LOC_FEATURE_CHOCOLATEHILLS_DESCRIPTION">
			<Text>Dört petek doğal harikası. +1 [ICON_Food] Yiyecek, +2 [ICON_Production] Üretim ve +1 [ICON_Science] Bilim sunar.</Text>
		</Row>
		<Row Tag="LOC_FEATURE_DEVILSTOWER_DESCRIPTION">
			<Text>Bir petek geçilmez doğal harikası. Bitişik peteklere +1 [ICON_FAITH] İnanç ve +1 [ICON_Production] Üretim sağlar.</Text>
		</Row>
		<Row Tag="LOC_FEATURE_GOBUSTAN_DESCRIPTION">
			<Text>Üç petek doğal harikası. +3 [ICON_CULTURE] Kültür ve +1 [ICON_Production] Üretim sağlar.</Text>
		</Row>
		<Row Tag="LOC_FEATURE_IKKIL_DESCRIPTION">
			<Text>Bir petek geçilmez doğal harikası. +%50 [ICON_Production] Bitişik fayanslarda mucizeler ve bölgeler üretilirken üretim. Tatlı Su sağlar.</Text>
		</Row>
		<Row Tag="LOC_FEATURE_PAMUKKALE_DESCRIPTION">
			<Text>İki petek geçilmez doğal harikası. +1 [ICON_AMENITIES] Kolaylık. Bir Eğlence Kompleksine bitişikse, ek bir [ICON_AMENITIES] İmkânı sunar. Tiyatro Meydanı, Kampüs ve Ticaret Merkezi bölgelerine büyük bitişik bonus. Kutsal Bölge bölgesine standart bitişiklik bonusu. Tatlı Su sağlar.</Text>
		</Row>
		<Row Tag="LOC_DISTRICT_PAMUKKALE_CULTURE">
			<Text>+{1_num} [ICON_CULTURE] Bitişik doğal harika Pamukkale'den kültür.</Text>
		</Row>
		<Row Tag="LOC_DISTRICT_PAMUKKALE_FAITH">
			<Text>+{1_num} [ICON_FAITH] Bitişik doğal harika Pamukkale'den inanç.</Text>
		</Row>
		<Row Tag="LOC_DISTRICT_PAMUKKALE_GOLD">
			<Text>+{1_num} [ICON_GOLD] Yanındaki doğal harika Pamukkale'den altın.</Text>
		</Row>
		<Row Tag="LOC_DISTRICT_PAMUKKALE_SCIENCE">
			<Text>+{1_num} [ICON_SCIENCE] Bitişik doğal harika Pamukkale'den Bilim.</Text>
		</Row>
		<Row Tag="LOC_FEATURE_VESUVIUS_DESCRIPTION">
			<Text>Bir petek geçilmez doğal harikası. Volkan olarak görünür ve bitişik fayanslara +1 [ICON_Production] Üretim sağlar. Eruption'da bitişik fayanslara yüksek verim sağlar, ancak büyük [ICON_Citizen] Nüfus kaybı. Her zaman aktif.</Text>
		</Row>
		<Row Tag="LOC_FEATURE_WHITEDESERT_DESCRIPTION">
			<Text>Dört petek doğal harikası. +1 [ICON_SCIENCE] Bilim, +1 [ICON_Culture] Kültür ve +4 [ICON_GOLD] Altın sağlar.</Text>
		</Row>
		<Row Tag="LOC_FEATURE_EYJAFJALLAJOKULL_XP2_DESCRIPTION">
			<Text>Dört petek doğal harikası. +1 [ICON_SCIENCE] Bilim, +1 [ICON_Culture] Kültür ve +4 [ICON_GOLD] Altın sağlar.</Text>
		</Row>
		<Row Tag="LOC_FEATURE_KILIMANJARO_XP2_DESCRIPTION">
			<Text>Bir petek geçilmez doğal harikası. Yanardağ olarak görünür ve bitişik fayanslara +2 [ICON_Food] Gıda sağlar. Erüpsiyonda düşük verim sağlar ve iyileştirmelere ve binalara zarar verme olasılığı daha yüksektir. Seyrek patlar, ancak her zaman etkindir.</Text>
		</Row>
		<!-- Floodplains -->
		<Row Tag="LOC_FEATURE_FLOODPLAINS_DESERT_NAME">
			<Text>CöL BASKINLARI</Text>
		</Row>
		<Row Tag="LOC_FEATURE_FLOODPLAINS_GRASSLAND_NAME">
			<Text>CAYIR SEL BASKINLARI</Text>
		</Row>
		<Row Tag="LOC_FEATURE_FLOODPLAINS_PLAINS_NAME">
			<Text>OVALAR TASKIN YATAGI</Text>
		</Row>
		<Row Tag="LOC_FEATURE_FLOODPLAINS_DESERT_DESCRIPTION">
			<Text>Bir nehrin bitişiğindeki bu alçakta yatan alan daha önce sular altında kaldı ve ona normal bir Çini döşemesinden daha fazla [ICON_Food] Yiyecek üretimi sağladı. Eğer nehir tekrar taşarsa, bu karo üzerine inşa edilen yapılar zarar görebilir veya tahrip olabilir, ancak karonun ilave verimler kazanması da olasıdır.</Text>
		</Row>
		<Row Tag="LOC_FEATURE_FLOODPLAINS_GRASSLAND_DESCRIPTION">
			<Text>Bir nehrin bitişiğindeki bu alçakta kalan alan henüz su basmadı, bu nedenle oyuna düz bir Çaylak Alan döşemesiyle aynı verimle başlıyor. Eğer nehir tekrar taşarsa, bu karo üzerine inşa edilen yapılar zarar görebilir veya tahrip olabilir, ancak karonun ilave verimler kazanması da olasıdır.</Text>
		</Row>
		<Row Tag="LOC_FEATURE_FLOODPLAINS_PLAINS_DESCRIPTION">
			<Text>Bir nehrin bitişiğindeki bu alçakta kalan alan henüz su basmadı, bu yüzden oyuna düz bir Plains döşemesiyle aynı verimle başlıyor. Eğer nehir tekrar taşarsa, bu karo üzerine inşa edilen yapılar zarar görebilir veya tahrip olabilir, ancak karonun ilave verimler kazanması da olasıdır.</Text>
		</Row>
		<Row Tag="LOC_FLOOD_WARNING_ICON_TOOLTIP">
			<Text>Bu yer su basmasına karşı hassastır.</Text>
		</Row>
		<!--Volcanoes/Geothermal-->
		<Row Tag="LOC_FEATURE_VOLCANO_NAME">
			<Text>YANARDAG</Text>
		</Row>
		<Row Tag="LOC_FEATURE_VOLCANO_DESCRIPTION">
			<Text>Muhtemelen iki kıta arasında bir sınırın yakınında bulunan bu dağ taşı, oyunu aktif olmayan bir volkanik alan olarak başlatır, ancak oyun ilerledikçe aktif hale gelebilir. Bir kez aktif, dikkatli olun - herhangi bir zamanda bir patlama meydana gelebilir. Volkanik püskürmeler bitişik fayanslardaki özelliklere ve yapılara zarar verir, ancak aynı zamanda verimi o bölgeden artıran volkanik toprağın da arkasında kalabilir.</Text>
		</Row>
		<Row Tag="LOC_FEATURE_GEOTHERMAL_FISSURE_NAME">
			<Text>Jeotermal Fissür</Text>
		</Row>
		<Row Tag="LOC_FEATURE_GEOTHERMAL_FISSURE_DESCRIPTION">
			<Text>Muhtemelen iki kıta arasındaki bir sınırın yakınında bulunan bu alandaki zemin, yeraltı jeotermal faaliyetiyle parçalanmıştır. Isıtılmış su ve buhar burada yerden kaçar, bu sayede Su Kemerleri, Roma Hamamları ve Macar Termal Hamamları gibi yapıları yakınlara yerleştirmek için idealdir.</Text>
		</Row>
		<Row Tag="LOC_FEATURE_VOLCANIC_SOIL_NAME">
			<Text>VOLKANiK TOPRAK</Text>
		</Row>
		<Row Tag="LOC_FEATURE_VOLCANIC_SOIL_DESCRIPTION">
			<Text>Bir volkanın bitişiğindeki bu toprak önceki bir patlamadan zarar gördü. İnsanlar ve yapılar zarar görmüş olsa da, yanardağın getirdiği zengin maden yatakları burada verimi arttırmıştır. Bu nedenle bu bölgede yeniden yapılanma, özellikle volkan uykuda giderse faydalı olabilir.</Text>
		</Row>
		<Row Tag="LOC_VOLCANO_WARNING_ICON_TOOLTIP">
			<Text>Bu yer yakındaki bir volkanın patlamasından muzdarip olabilir.</Text>
		</Row>
	</EnglishText>
</GameData>
