﻿<?xml version="1.0" encoding="utf-8"?>
<!-- edited with XMLSPY v2004 rel. 2 U (http://www.xmlspy.com) by Ed Beach (Firaxis Games) -->
<GameData>
	<EnglishText>
		<!--River Flooding-->
		<Row Tag="LOC_RANDOM_EVENT_FLOOD_MODERATE_NAME">
			<Text>Orta Taskın</Text>
		</Row>
		<Row Tag="LOC_RANDOM_EVENT_FLOOD_MODERATE_DESCRIPTION">
			<Text>Yükselen sular nehrin kıyılarına tasar ve ötesindeki topraga dökülür.</Text>
		</Row>
		<Row Tag="LOC_RANDOM_EVENT_FLOOD_MAJOR_NAME">
			<Text>Büyük Sel</Text>
		</Row>
		<Row Tag="LOC_RANDOM_EVENT_FLOOD_MAJOR_DESCRIPTION">
			<Text>Cerrahi, bulanık su yogun bir sel sırasında nehrin etrafındaki topraga akar.</Text>
		</Row>
		<Row Tag="LOC_RANDOM_EVENT_FLOOD_1000_YEAR_NAME">
			<Text>1000 Yıllık Sel</Text>
		</Row>
		<Row Tag="LOC_RANDOM_EVENT_FLOOD_1000_YEAR_DESCRIPTION">
			<Text>Nehir bankalarını patlatıyor ve yükselen su, kilometrelerce toprakları kaplıyor. Binlerce yıldır nehir o kadar sular altında kalmadı!</Text>
		</Row>
		<!--Eruptions-->
		<Row Tag="LOC_RANDOM_EVENT_KILIMANJARO_GENTLE_NAME">
			<Text>Nazik Patlama</Text>
		</Row>
		<Row Tag="LOC_RANDOM_EVENT_KILIMANJARO_GENTLE_DESCRIPTION]">
			<Text>İnsanlar ve hayvanlar Kilimanjaro'nun yükselen kül sütununu kilometrelerce görüyor ve dünyanın öfkesini merak ediyorlar.</Text>
		</Row>
		<Row Tag="LOC_RANDOM_EVENT_KILIMANJARO_CATASTROPHIC_NAME">
			<Text>Felaket Patlaması</Text>
		</Row>
		<Row Tag="LOC_RANDOM_EVENT_KILIMANJARO_CATASTROPHIC_DESCRIPTION">
			<Text>Kilimanjaro kükrer ve insanlar ve hayvanlar teröre kaçarken gökyüzüne duman ve kül püskürdü!</Text>
		</Row>
		<Row Tag="LOC_RANDOM_EVENT_EYJAFJALLAJOKULL_CATASTROPHIC_NAME">
			<Text>Felaket Patlaması</Text>
		</Row>
		<Row Tag="LOC_RANDOM_EVENT_EYJAFJALLAJOKULL_CATASTROPHIC_DESCRIPTION">
			<Text>İnsanlar, Eyjafjallajökull’dan çıkan dev kül kusundan kaçınmak için kendi yollarından uzaklasmalıdırlar.</Text>
		</Row>
		<Row Tag="LOC_RANDOM_EVENT_EYJAFJALLAJOKULL_MEGACOLOSSAL_NAME">
			<Text>Megacolossal Erüpsiyonu</Text>
		</Row>
		<Row Tag="LOC_RANDOM_EVENT_EYJAFJALLAJOKULL_MEGACOLOSSAL_DESCRIPTION">
			<Text>Eyjafjallajökull, sanki tanrıça Hel kendisi ag dünyasından kaçıyormus gibi, dünyada bir yarık açıyor!</Text>
		</Row>
		<Row Tag="LOC_RANDOM_EVENT_VESUVIUS_MEGACOLOSSAL_NAME">
			<Text>Megacolossal Erüpsiyonu</Text>
		</Row>
		<Row Tag="LOC_RANDOM_EVENT_VESUVIUS_MEGACOLOSSAL_DESCRIPTION">
			<Text>Vatandaslar terörde çıglık atıyor ve piroklastik dalga Vezüv Yanardagı'na çarpıyor!</Text>
		</Row>
		<Row Tag="LOC_RANDOM_EVENT_VOLCANO_GENTLE_NAME">
			<Text>Nazik Patlama</Text>
		</Row>
		<Row Tag="LOC_RANDOM_EVENT_VOLCANO_GENTLE_DESCRIPTION">
			<Text>İnsanlar endise ile gökyüzüne bakarlar ve bir zamanlar sessiz bir volkandan duman yükselisini izlerler.</Text>
		</Row>
		<Row Tag="LOC_RANDOM_EVENT_VOLCANO_CATASTROPHIC_NAME">
			<Text>Felaket Patlaması</Text>
		</Row>
		<Row Tag="LOC_RANDOM_EVENT_VOLCANO_CATASTROPHIC_DESCRIPTION">
			<Text>Volkanın yakınında yasayan insanlar lav gibi kaçar ve kül çevresindeki araziyi örter.</Text>
		</Row>
		<Row Tag="LOC_RANDOM_EVENT_VOLCANO_MEGACOLOSSAL_NAME">
			<Text>Megacolossal Erüpsiyonu</Text>
		</Row>
		<Row Tag="LOC_RANDOM_EVENT_VOLCANO_MEGACOLOSSAL_DESCRIPTION">
			<Text>Piroklastik akımlar yanardagın yamaçlarını kirlettiginden ve duman jetleri gökyüzüne akarken, insanlar terörden kaçıyor!</Text>
		</Row>
		<!--Rising Sea Levels Flooding-->
		<Row Tag="LOC_COASTAL_LOWLAND_1M_NAME">
			<Text>Kıyı Ovası: 1 Metre</Text>
		</Row>
		<Row Tag="LOC_COASTAL_LOWLAND_1M_DESCRIPTION">
			<Text>Deniz seviyesi yükseldiginde sel basan ilk ülke burası.</Text>
		</Row>
		<Row Tag="LOC_COASTAL_LOWLAND_2M_NAME">
			<Text>Kıyı Ovası: 2 Metre</Text>
		</Row>
		<Row Tag="LOC_COASTAL_LOWLAND_2M_DESCRIPTION">
			<Text>Bu topraklar deniz seviyesi ikinci kez yükseldiginde sular altında kalacak.</Text>
		</Row>
		<Row Tag="LOC_COASTAL_LOWLAND_3M_NAME">
			<Text>Kıyı Ovası: 3 Metre</Text>
		</Row>
		<Row Tag="LOC_COASTAL_LOWLAND_3M_DESCRIPTION">
			<Text>Bu yükselen deniz seviyesinden etkilenen son toprak olacak.</Text>
		</Row>
		<Row Tag="LOC_COASTAL_LOWLAND_FLOODED">
			<Text>(Sular altında)</Text>
		</Row>
		<Row Tag="LOC_COASTAL_LOWLAND_SUBMERGED">
			<Text>(Batık)</Text>
		</Row>
		<Row Tag="LOC_RANDOM_EVENT_SEA_LEVEL_RISE1_NAME">
			<Text>İklim Degisikligi Asaması I</Text>
		</Row>
		<Row Tag="LOC_RANDOM_EVENT_SEA_LEVEL_RISE2_NAME">
			<Text>İklim Degisikligi Asaması II</Text>
		</Row>
		<Row Tag="LOC_RANDOM_EVENT_SEA_LEVEL_RISE3_NAME">
			<Text>İklim Degisikligi Asaması III</Text>
		</Row>
		<Row Tag="LOC_RANDOM_EVENT_SEA_LEVEL_RISE4_NAME">
			<Text>İklim Degisikligi Asaması IV</Text>
		</Row>
		<Row Tag="LOC_RANDOM_EVENT_SEA_LEVEL_RISE5_NAME">
			<Text>İklim Degisikligi Asaması V</Text>
		</Row>
		<Row Tag="LOC_RANDOM_EVENT_SEA_LEVEL_RISE6_NAME">
			<Text>İklim Degisikligi Asaması VI</Text>
		</Row>
		<Row Tag="LOC_RANDOM_EVENT_SEA_LEVEL_RISE7_NAME">
			<Text>İklim Degisikligi Asaması VII</Text>
		</Row>
		<Row Tag="LOC_RANDOM_EVENT_SEA_LEVEL_RISE1_DESCRIPTION">
			<Text>0.5</Text>
		</Row>
		<Row Tag="LOC_RANDOM_EVENT_SEA_LEVEL_RISE2_DESCRIPTION">
			<Text>1.0</Text>
		</Row>
		<Row Tag="LOC_RANDOM_EVENT_SEA_LEVEL_RISE3_DESCRIPTION">
			<Text>1.5</Text>
		</Row>
		<Row Tag="LOC_RANDOM_EVENT_SEA_LEVEL_RISE4_DESCRIPTION">
			<Text>2.0</Text>
		</Row>
		<Row Tag="LOC_RANDOM_EVENT_SEA_LEVEL_RISE5_DESCRIPTION">
			<Text>2.5</Text>
		</Row>
		<Row Tag="LOC_RANDOM_EVENT_SEA_LEVEL_RISE6_DESCRIPTION">
			<Text>3.0</Text>
		</Row>
		<Row Tag="LOC_RANDOM_EVENT_SEA_LEVEL_RISE7_DESCRIPTION">
			<Text>3.5</Text>
		</Row>
    <Row Tag="LOC_RANDOM_EVENT_SEA_LEVEL_RISE4_LONG_DESCRIPTION">
      <Text>Fırtınalar ve Seller artık dogurganlıgı artırmıyor.</Text>
    </Row>
    <Row Tag="LOC_RANDOM_EVENT_SEA_LEVEL_RISE5_LONG_DESCRIPTION">
      <Text>Bir kiremit üzerinden geçen fırtınalar ve kuraklıklar, oyunda daha önce eklenen bonus dogurganlıgını ortadan kaldırmaya baslar.</Text>
    </Row>
    <Row Tag="LOC_RANDOM_EVENT_SEA_LEVEL_RISE6_LONG_DESCRIPTION">
      <Text>Bir kiremit üzerinden geçen fırtınalar ve kuraklıklar düzenli olarak oyuna daha önce eklenen bonus dogurganlıgını ortadan kaldırır.</Text>
    </Row>
    <Row Tag="LOC_RANDOM_EVENT_SEA_LEVEL_RISE7_LONG_DESCRIPTION">
      <Text>Bir kiremit üzerinden geçen fırtınalar ve kuraklıklar genellikle oyunda daha önce eklenen bonus dogurganlıgını ortadan kaldırır.</Text>
    </Row>
		<!--Storms-->
		<Row Tag="LOC_RANDOM_EVENT_BLIZZARD_SIGNIFICANT_NAME">
			<Text>Önemli Karfırtınası</Text>
		</Row>
		<Row Tag="LOC_RANDOM_EVENT_BLIZZARD_SIGNIFICANT_DESCRIPTION">
			<Text>Buzlu bir rüzgâr, canlıları yogunluga sokarken, karla kaplı karları manzara boyunca süpürür.</Text>
		</Row>
		<Row Tag="LOC_RANDOM_EVENT_BLIZZARD_CRIPPLING_NAME">
			<Text>Felce Ugratan Karfırtınası</Text>
		</Row>
		<Row Tag="LOC_RANDOM_EVENT_BLIZZARD_CRIPPLING_DESCRIPTION">
			<Text>Uluyan rüzgar ve ılık kar, gökyüzünü ve karayı beyaza çevirir. Bilinen formlar donmus höyüklerin altında kaybolur.</Text>
		</Row>
		<Row Tag="LOC_RANDOM_EVENT_DUST_STORM_GRADIENT_NAME">
			<Text>Degrade Toz Fırtınası</Text>
		</Row>
		<Row Tag="LOC_RANDOM_EVENT_DUST_STORM_GRADIENT_DESCRIPTION">
			<Text>Günes, puslu bir gökyüzünde öfkeli turuncu bir disktir; insanlar islerini, burunlarını ve agzını saran kumasları kostururlar.</Text>
		</Row>
		<Row Tag="LOC_RANDOM_EVENT_DUST_STORM_HABOOB_NAME">
			<Text>Haboob Toz Fırtınası</Text>
		</Row>
		<Row Tag="LOC_RANDOM_EVENT_DUST_STORM_HABOOB_DESCRIPTION">
			<Text>Uzak mesafeden insanlar, yaklasan kuma yaklasan duvarını görüyorlar ve ovalama rüzgarından önce güvenligi aramak için dagılıyorlar!</Text>
		</Row>
		<Row Tag="LOC_RANDOM_EVENT_TORNADO_FAMILY_NAME">
			<Text>Kasırga Ailesi</Text>
		</Row>
		<Row Tag="LOC_RANDOM_EVENT_TORNADO_FAMILY_DESCRIPTION">
			<Text>Bir kasırga yavasça yaz fırtınasından iner ve insanlar sıgınır.</Text>
		</Row>
		<Row Tag="LOC_RANDOM_EVENT_TORNADO_OUTBREAK_NAME">
			<Text>Kasırga Salgını</Text>
		</Row>
		<Row Tag="LOC_RANDOM_EVENT_TORNADO_OUTBREAK_DESCRIPTION">
			<Text>Hızlı hareket eden bir fırtına çizgisi, karanlıkta yaz gögsünde dörtnala kosuyor ve kasırgalar ugursuzca altından olusuyor.</Text>
		</Row>
		<Row Tag="LOC_RANDOM_EVENT_HURRICANE_CAT_4_NAME">
			<Text>Kategori-4 Kasırga</Text>
		</Row>
		<Row Tag="LOC_RANDOM_EVENT_HURRICANE_CAT_4_DESCRIPTION">
			<Text>Yagmur yagmak ve uluyan bir balina, güçlü bir kasırganın gelisini gösterir.</Text>
		</Row>
		<Row Tag="LOC_RANDOM_EVENT_HURRICANE_CAT_5_NAME">
			<Text>Kategori-5 Kasırga</Text>
		</Row>
		<Row Tag="LOC_RANDOM_EVENT_HURRICANE_CAT_5_DESCRIPTION">
			<Text>Rüzgâr çıglık atar, saganak yagmur yagar ve dalgalar kaçınılmaz olarak karaya çıkar. Bu kasırganın geçtigi yere biraz dayanabilir!</Text>
		</Row>
    <Row Tag="LOC_RANDOM_EVENT_DROUGHT_MAJOR_NAME">
      <Text>Büyük Kuraklık</Text>
    </Row>
    <Row Tag="LOC_RANDOM_EVENT_DROUGHT_MAJOR_DESCRIPTION">
      <Text>Çekirgeler ve tozlar sıcak rüzgarda harekete geçirilir. Arazi kuraklıkla doludur.</Text>
    </Row>
    <Row Tag="LOC_RANDOM_EVENT_DROUGHT_EXTREME_NAME">
      <Text>Kuraklık Soldurma</Text>
    </Row>
    <Row Tag="LOC_RANDOM_EVENT_DROUGHT_EXTREME_DESCRIPTION">
      <Text>Acımasız bir günes, kuraklık çeken ve solmus yeryüzünde atıyor. Yagmur yagmadı ve gökyüzü rahatlama vaat etmiyor.</Text>
    </Row>
    <!--Random Event Effect Strings-->
		<Row Tag="LOC_RANDOM_EVENT_PROP_DAMAGE_FERTILITY">
			<Text>+ Üzerinden geçtigi kiremitlere verimlilik ekleyebilir[NEWLINE]- Gelismelere veya bölgelere zarar verebilir</Text>
		</Row>
		<Row Tag="LOC_RANDOM_EVENT_ALL_DAMAGE_FERTILITY">
			<Text>+ Üzerinden geçtigi karolara verimlilik ekleyebilir [NEWLINE] - Gelismelere veya bölgelere zarar verebilir[NEWLINE]- Ünitelere zarar verebilir veya sehir nüfusunu azaltabilir</Text>
		</Row>
		<Row Tag="LOC_RANDOM_EVENT_PROP_DAMAGE_NO_FERTILITY">
			<Text>- Gelismelere veya bölgelere zarar verebilir</Text>
		</Row>
		<Row Tag="LOC_RANDOM_EVENT_ALL_DAMAGE_NO_FERTILITY">
			<Text>- Gelismelere veya bölgelere zarar verebilir[NEWLINE]- Ünitelere zarar verebilir veya sehir nüfusunu azaltabilir</Text>
		</Row>
		<Row Tag="LOC_RANDOM_EVENT_PROP_NAVAL_DAMAGE_FERTILITY">
			<Text>+[NEWLINE]Üzerinden geçtigi peteklerde verimlilik kazandırabilir - Gelismelere veya bölgelere zarar verebilir[NEWLINE]- Deniz birimlerine zarar verebilir</Text>
		</Row>
    <Row Tag="LOC_RANDOM_EVENT_DROUGHT_DAMAGE">
      <Text>- [ICON_Food] sehri Su Kemeri, Baraj veya Stepwell bulunmuyorsa, yemek basına kiremit basına 1'e düsürür.</Text>
    </Row>
    <!--Deforestation-->
		<Row Tag="LOC_DEFORESTATION_LIGHT_NAME">
			<Text>Hafif</Text>
		</Row>
		<Row Tag="LOC_DEFORESTATION_EXPECTED_NAME">
			<Text>Beklenen</Text>
		</Row>
		<Row Tag="LOC_DEFORESTATION_HEAVY_NAME">
			<Text>Agır</Text>
		</Row>
		<Row Tag="LOC_DEFORESTATION_EXTREME_NAME">
			<Text>Asırı</Text>
		</Row>
		<Row Tag="LOC_DEFORESTATION_LIGHT_DESCRIPTION">
			<Text>Bataklık'ın kaldırılması, Ormanlık ve Yagmur Ormanı özelliklerinin gezegenden kaldırılması bugüne kadar minimal olmustur.</Text>
		</Row>
		<Row Tag="LOC_DEFORESTATION_EXPECTED_DESCRIPTION">
			<Text>Bataklık'ın kaldırılması, Ormanlık ve Yagmur Ormanı'nın gezegen özelliklerinden beklenen hızda ilerledi.</Text>
		</Row>
		<Row Tag="LOC_DEFORESTATION_HEAVY_DESCRIPTION">
			<Text>Gezegenden Bataklık, Ormanlık ve Yagmur Ormanı özelliklerinin kaldırılması bugüne kadar önemli olmustur.</Text>
		</Row>
		<Row Tag="LOC_DEFORESTATION_EXTREME_DESCRIPTION">
			<Text>Bataklık'ın kaldırılması, Ormanlık ve Yagmur Ormanı'nın gezegen özellikleri çok genistir.</Text>
		</Row>
		<!--Nuclear Accidents-->
		<Row Tag="LOC_RANDOM_EVENT_NUCLEAR_ACCIDENT_MINOR_NAME">
			<Text>Radyoaktif Buhar Tahliye</Text>
		</Row>
		<Row Tag="LOC_RANDOM_EVENT_NUCLEAR_ACCIDENT_MAJOR_NAME">
			<Text>Baslıca Radyasyon Sızıntısı</Text>
		</Row>
		<Row Tag="LOC_RANDOM_EVENT_NUCLEAR_ACCIDENT_CATASTROPHIC_NAME">
			<Text>Nükleer Erime</Text>
		</Row>
		<Row Tag="LOC_RANDOM_EVENT_NUCLEAR_ACCIDENT_MINOR_DESCRIPTION">
			<Text>Nükleer Santral kontrol odasındaki mühendisler hızla yayılan bir sızıntıyı içerecek sekilde çalısırlar. Daha kötü bir sonucu zaten engellediler, ancak durum hala ciddi.</Text>
		</Row>
		<Row Tag="LOC_RANDOM_EVENT_NUCLEAR_ACCIDENT_MAJOR_DESCRIPTION">
			<Text>Nükleer Santralde alarmlar geliyor! Buhar jetleri, reaktördeki çatlaklardan yükseliyor ve dozimetreler tıklar ve radyasyon bölgeyi örtüldügünde karıstırılır.</Text>
		</Row>
		<Row Tag="LOC_RANDOM_EVENT_NUCLEAR_ACCIDENT_CATASTROPHIC_DESCRIPTION">
			<Text>Ugursuz bir patlama baslıyor ve Nükleer Santral'in üzerine koyu renkli bir tüy yükseliyor. Teker teker sirenlerin fıskırması, cehennem gibi yanan yakıt topaklarının yagmaya baslamasıyla çıglık atan bir koro haline gelir.</Text>
		</Row>
	</EnglishText>
</GameData>
