﻿<?xml version="1.0" encoding="utf-8"?>
<!-- edited with XMLSPY v2004 rel. 2 U (http://www.xmlspy.com) by Ed Beach (Firaxis Games) -->
<GameData>
	<EnglishText>
		<!--Civics-->
		<Row Tag="LOC_CIVIC_ENVIRONMENTALISM_NAME">
			<Text>Çevrecilik</Text>
		</Row>
		<Row Tag="LOC_CIVIC_ENVIRONMENTALISM_DESCRIPTION">
			<Text>+%25 [ICON_Tourism] İmparatorluğunuzda turizm.</Text>
		</Row>
		<Row Tag="LOC_CIVIC_CORPORATE_LIBERTARIANISM_NAME">
			<Text>Girişim Politikası</Text>
		</Row>
		<Row Tag="LOC_CIVIC_DIGITAL_DEMOCRACY_NAME">
			<Text>Dağıtılmış Egemenlik</Text>
		</Row>
		<Row Tag="LOC_CIVIC_SYNTHETIC_TECHNOCRACY_NAME">
			<Text>Optimizasyon Zorunluluğu</Text>
		</Row>
		<Row Tag="LOC_CIVIC_NEAR_FUTURE_GOVERNANCE_NAME">
			<Text>Yakın Gelecekteki Yönetişim</Text>
		</Row>
		<Row Tag="LOC_CIVIC_GLOBAL_WARMING_MITIGATION_NAME">
			<Text>Küresel Isınma Azaltma</Text>
		</Row>
		<Row Tag="LOC_CIVIC_SMART_POWER_DOCTRINE_NAME">
			<Text>Akıllı Güç Doktrini</Text>
		</Row>
		<Row Tag="LOC_CIVIC_INFORMATION_WARFARE_NAME">
			<Text>Bilgi Harbi</Text>
		</Row>
		<Row Tag="LOC_CIVIC_EXODUS_IMPERATIVE_NAME">
			<Text>Zorunlu Göç</Text>
		</Row>
		<Row Tag="LOC_CIVIC_CULTURAL_HEGEMONY_NAME">
			<Text>Kültürel Hegemonya</Text>
		</Row>
		<Row Tag="LOC_CIVIC_GLOBAL_WARMING_MITIGATION_DESCRIPTION">
			<Text>Ödüller 1 Diplomatik Zafer puanı.</Text>
		</Row>
		<Row Tag="LOC_CIVIC_FUTURE_CIVIC_XP2_DESCRIPTION">
			<Text>Puanınızı Zafer için puanınızı artırarak, birçok kez tamamlanabilir. Ayrıca her tamamlandığında 1 [ICON_Governor] Vali unvanı ve 50 [ICON_Favor] Diplomatik Favoriyi ödüllendirdi.</Text>
		</Row>
		<!--Civic Boosts-->
		<Row Tag="LOC_BOOST_TRIGGER_ENVIRONMENTALISM">
			<Text>2 Güneş Çiftlikleri İnşa Et.</Text>
		</Row>
		<Row Tag="LOC_BOOST_TRIGGER_LONGDESC_ENVIRONMENTALISM">
			<Text>Halkınız güneş enerjisinin bir fikirden fazlası olduğunu kanıtladı; potansiyel olarak güç üretiminin geleceği.</Text>
		</Row>
		<Row Tag="LOC_BOOST_TRIGGER_CORPORATE_LIBERTARIANISM">
			<Text>Bir Uranyum Madeni inşa et.</Text>
		</Row>
		<Row Tag="LOC_BOOST_TRIGGER_LONGDESC_CORPORATE_LIBERTARIANISM">
			<Text>Kritik bir savunma kaynağı geliştirmek, işletme ve hükümet arasında yeni bir ilişki ortaya çıkmasına neden olur.</Text>
		</Row>
		<Row Tag="LOC_BOOST_TRIGGER_DIGITAL_DEMOCRACY">
			<Text>Rock Grubu Sahibi</Text>
		</Row>
		<Row Tag="LOC_BOOST_TRIGGER_LONGDESC_DIGITAL_DEMOCRACY">
			<Text>Rock grubu ile sözleşmeyi imzalamayı bitirdin. “Her neyse” diyorlar, ancak tura başlamak için ne kadar heyecanlandıklarını görüyorsunuz.</Text>
		</Row>
		<Row Tag="LOC_BOOST_TRIGGER_SYNTHETIC_TECHNOCRACY">
			<Text>Robotik teknolojisini araştırın.</Text>
		</Row>
		<Row Tag="LOC_BOOST_TRIGGER_LONGDESC_SYNTHETIC_TECHNOCRACY">
			<Text>Bilgisayar kontrolündeki robot bacakların zarif dansı, mühendislerinize ve bilim adamlarınıza ilham veriyor.</Text>
		</Row>
		<Row Tag="LOC_BOOST_TRIGGER_NEAR_FUTURE_GOVERNANCE">
			<Text>9 doğal politika alanıyla bir hükümet benimseyin.</Text>
		</Row>
		<Row Tag="LOC_BOOST_TRIGGER_LONGDESC_NEAR_FUTURE_GOVERNANCE">
			<Text>Gelişmiş bir yönetim şekli benimsemiş olan halkınız, sivil yaşam için daha da ileri gelişmelere inanıyor.</Text>
		</Row>
		<!--Governments-->
		<Row Tag="LOC_GOVT_INHERENT_BONUS_DEMOCRACY_XP2">
			<Text>[ICON_TradeRoute] Bir Müttefik'in şehre olan Ticari Yollarınız, her iki şehir için de +4 [ICON_Food] Yiyecek ve +4 [ICON_Production] Üretimi sunar. Tüm müttefikleri olan İttifak Puanları, tur başına ek %25 oranında artmaktadır.</Text>
		</Row>
		<Row Tag="LOC_GOVT_ACCUMULATED_BONUS_BRIEF_COMMUNISM_XP2">
			<Text>+%10 [ICON_Science] Bilim.</Text>
		</Row>
		<Row Tag="LOC_GOVERNMENT_CORPORATE_LIBERTARIANISM_NAME">
			<Text>Kurumsal Liberterizm</Text>
		</Row>
		<Row Tag="LOC_GOVT_INHERENT_BONUS_CORPORATE_LIBERTARIANISM">
			<Text>Ticari Hub'lar ve Kamp Alanları, şehirlere +%10 [ICON_Production] Üretim sağlıyor ve iyileştirmelerle kaynak biriktirmek, dönüş başına +1 sağlıyor.</Text>
		</Row>
		<Row Tag="LOC_GOVT_ACCUMULATED_BONUS_BRIEF_CORPORATE_LIBERTARIANISM">
			<Text>-%10 [ICON_Science] Bilim.</Text>
		</Row>
		<Row Tag="LOC_GOVERNMENT_DIGITAL_DEMOCRACY_NAME">
			<Text>Dijital Demokrasi</Text>
		</Row>
		<Row Tag="LOC_GOVT_INHERENT_BONUS_DIGITAL_DEMOCRACY">
			<Text>+2 [ICON_Amenities] Tüm şehirlerdeki imkanlar ve Özel Bölge Başına +2 [ICON_Culture] Kültür.</Text>
		</Row>
		<Row Tag="LOC_GOVT_ACCUMULATED_BONUS_BRIEF_DIGITAL_DEMOCRACY">
			<Text>-3 [ICON_Strength] Tüm birimler için Savaş Gücü.</Text>
		</Row>
		<Row Tag="LOC_GOVERNMENT_SYNTHETIC_TECHNOCRACY_NAME">
			<Text>Sentetik Teknoloji</Text>
		</Row>
		<Row Tag="LOC_GOVT_INHERENT_BONUS_SYNTHETIC_TECHNOCRACY">
			<Text>+3 [ICON_Power] Tüm şehirlerde güç ve +%30 [ICON_Production] Tüm şehir projelerine yönelik üretim.</Text>
		</Row>
		<Row Tag="LOC_GOVT_ACCUMULATED_BONUS_BRIEF_SYNTHETIC_TECHNOCRACY">
			<Text>-%10 [ICON_Tourism] Turizm.</Text>
		</Row>
		<!--Policies-->
		<Row Tag="LOC_POLICY_FUTURE_VICTORY_SCIENCE_NAME">
			<Text>Havacılık ve Uzay Müteahhitleri</Text>
		</Row>
		<Row Tag="LOC_POLICY_FUTURE_VICTORY_SCIENCE_DESCRIPTION">
			<Text>Uzayüssü şehirler +3 [ICON_RESOURCE_ALUMINUM] Tur başına alüminyum ve +3 [ICON_Power] Güç kazanıyor.</Text>
		</Row>
		<Row Tag="LOC_POLICY_FUTURE_COUNTER_CULTURE_NAME">
			<Text>Uzay Turizmi</Text>
		</Row>
		<Row Tag="LOC_POLICY_FUTURE_COUNTER_CULTURE_DESCRIPTION">
			<Text>[ICON_Tourism] Diğer oyuncuların turizmi medeniyetinize oranla %20 azaltıldı.</Text>
		</Row>
		<Row Tag="LOC_POLICY_FUTURE_VICTORY_CULTURE_NAME">
			<Text>Hallyu</Text>
		</Row>
		<Row Tag="LOC_POLICY_FUTURE_VICTORY_CULTURE_DESCRIPTION">
			<Text>Rock Band birimleriniz olası promosyonlardan birini seçebilir.</Text>
		</Row>
		<Row Tag="LOC_POLICY_FUTURE_COUNTER_SCIENCE_NAME">
			<Text>Devlet Dışı Aktörler</Text>
		</Row>
		<Row Tag="LOC_POLICY_FUTURE_COUNTER_SCIENCE_DESCRIPTION">
			<Text>Casus birimleriniz olası herhangi bir promosyondan birini seçebilir.</Text>
		</Row>
		<Row Tag="LOC_POLICY_FUTURE_VICTORY_DOMINATION_NAME">
			<Text>Entegre Saldırı Lojistiği</Text>
		</Row>
		<Row Tag="LOC_POLICY_FUTURE_VICTORY_DOMINATION_DESCRIPTION">
			<Text>+1 Eğer hareket başlarsa düşman topraklarına dön. +%50 [ICON_Production] Dev Ölüm Robotları Üretimi.</Text>
		</Row>
		<Row Tag="LOC_POLICY_FUTURE_COUNTER_DIPLOMATIC_NAME">
			<Text>Karışıklıkçıkarıcı</Text>
		</Row>
		<Row Tag="LOC_POLICY_FUTURE_COUNTER_DIPLOMATIC_DESCRIPTION">
			<Text>Dünya Kongresi'nde bir oyuncunun Diplomatik Zafer puanını düşürdüğünüzde, harcadığınız paranın %50'sini geri alın [ICON_Favor] Diplomatik İyilik. +1 [ICON_Favor] Tur başına Diplomatik Favor.</Text>
		</Row>
		<Row Tag="LOC_POLICY_FUTURE_VICTORY_DIPLOMATIC_NAME">
			<Text>Diplomatik Sermaye</Text>
		</Row>
		<Row Tag="LOC_POLICY_FUTURE_VICTORY_DIPLOMATIC_DESCRIPTION">
			<Text>+4 [ICON_Favor] Tur başına Diplomatik Favor.</Text>
		</Row>
		<Row Tag="LOC_POLICY_FUTURE_COUNTER_DOMINATION_NAME">
			<Text>Global Koalisyon</Text>
		</Row>
		<Row Tag="LOC_POLICY_FUTURE_COUNTER_DOMINATION_DESCRIPTION">
			<Text>+7 [ICON_Strength] Dost bölgedeki birimler için savaş gücü.</Text>
		</Row>
		<Row Tag="LOC_POLICY_EQUESTRIAN_ORDERS_NAME">
			<Text>Binicilik Emri</Text>
		</Row>
		<Row Tag="LOC_POLICY_EQUESTRIAN_ORDERS_DESCRIPTION">
			<Text>Gelişmiş [ICON_RESOURCE_HORSES] Atlar ve [ICON_RESOURCE_IRON] Demir kaynakları, tur başına 1 ek kaynak sağlar.</Text>
		</Row>
		<Row Tag="LOC_POLICY_DRILL_MANUALS_NAME">
			<Text>Matkap Kılavuzları</Text>
		</Row>
		<Row Tag="LOC_POLICY_DRILL_MANUALS_DESCRIPTION">
			<Text>Gelişmiş [ICON_RESOURCE_NITER] Niter ve [ICON_RESOURCE_COAL] Kömür kaynaklarının tümü tur başına 1 ek kaynak sağlıyor.</Text>
		</Row>
		<Row Tag="LOC_POLICY_RETINUES_NAME">
			<Text>Maiyetleriyle</Text>
		</Row>
		<Row Tag="LOC_POLICY_RETINUES_DESCRIPTION">
			<Text>Tüm birim güncellemelerinde %50 kaynak indirimi.</Text>
		</Row>
		<Row Tag="LOC_POLICY_FORCE_MODERNIZATION_NAME">
			<Text>Modernizasyonu Zorla</Text>
		</Row>
		<Row Tag="LOC_POLICY_FORCE_MODERNIZATION_DESCRIPTION">
			<Text>%50 [ICON_Gold] Tüm birim yükseltmelerinde altın ve kaynak indirimi.</Text>
		</Row>
		<Row Tag="LOC_POLICY_MUSIC_CENSORSHIP_NAME">
			<Text>Müzik Sansürü</Text>
		</Row>
		<Row Tag="LOC_POLICY_MUSIC_CENSORSHIP_DESCRIPTION">
			<Text>Diğer oyuncuların Rock Grupları bölgenize girmeyebilir. -1 [ICON_Amenities] 10 veya daha fazla [ICON_Citizen] Nüfusuyla tüm şehirlerinizde rahatlık.</Text>
		</Row>
		<Row Tag="LOC_POLICY_FLOWER_POWER_NAME">
			<Text>Çiçek Gücü</Text>
		</Row>
		<Row Tag="LOC_POLICY_FLOWER_POWER_DESCRIPTION">
			<Text>Şu anda savaşta olmayan tüm Medeniyetler Konserlerinizden [ICON_TOURISM] Turizminin +%100'ünü almaktadır.[NEWLINE]AMA: Rock Band'ları dışındaki birimler için üretim maliyeti -%50'dir ve satın alma% + 100'dür..</Text>
		</Row>
		<Row Tag="LOC_POLICY_CYBER_WARFARE_NAME">
			<Text>Siber Savaş</Text>
		</Row>
		<Row Tag="LOC_POLICY_CYBER_WARFARE_DESCRIPTION">
			<Text>+10 [ICON_Strength] Bilgi ve Gelecekteki Silme'deki birimlere karşı savaş gücü.[NEWLINE]AMA: [ICON_STAT_GRIEVANCE] Size yönelik şikayetler bozulmaz.</Text>
		</Row>
		<Row Tag="LOC_POLICY_AUTOMATED_WORKFORCE_NAME">
			<Text>Otomatik İş Gücü</Text>
		</Row>
		<Row Tag="LOC_POLICY_AUTOMATED_WORKFORCE_DESCRIPTION">
			<Text>Şehirleriniz +%20 [ICON_Production] Şehir projelerine yönelik üretim yapıyor.[NEWLINE]AMA: -1 [ICON_Amenities] Şehirlerinizdeki tur başına başlıca ve -5 Sadakat.</Text>
		</Row>
		<Row Tag="LOC_POLICY_DISINFORMATION_CAMPAIGN_NAME">
			<Text>Bilgilendirme Kampanyası</Text>
		</Row>
		<Row Tag="LOC_POLICY_DISINFORMATION_CAMPAIGN_DESCRIPTION">
			<Text>+3 [ICON_Favor] Her bir Yayın Merkezi için tur başına Diplomatik Favor.[NEWLINE]AMA: Tüm şehirlerde% -10 [ICON_SCIENCE] Bilim ve [ICON_Culture] Kültürü.</Text>
		</Row>
		<!--Updated-->
		<Row Tag="LOC_POLICY_SCIENCE_FOUNDATIONS_NAME">
			<Text>Bilim Vakıfları</Text>
		</Row>
		<Row Tag="LOC_POLICY_PROFESSIONAL_ARMY_DESCRIPTION_XP2">
			<Text>%50 [ICON_Gold] Tüm birim yükseltmelerinde altın ve kaynak indirimi.</Text>
		</Row>
		<Row Tag="LOC_POLICY_RESOURCE_MANAGEMENT_DESCRIPTION_XP2">
			<Text>Gelişmiş [ICON_RESOURCE_ALUMINUM] Alüminyum ve [ICON_RESOURCE_OIL] Petrol kaynakları her turda 1 ek kaynak sağlıyor.</Text>
		</Row>
		<Row Tag="LOC_POLICY_FINEST_HOUR_DESCRIPTION_XP2">
			<Text>Bütün birimler +5 [ICON_Strength] Savaşırken ya da kendi bölgelerine bitişik olarak güçlenirken savaş.</Text>
		</Row>
		<Row Tag="LOC_POLICY_NEW_DEAL_DESCRIPTION_XP2">
			<Text>+4 [ICON_Housing] Barınma ve +2 [ICON_Amenities] En az 3 özel bölgeye sahip olan tüm şehirlere hizmet.</Text>
		</Row>
		<Row Tag="LOC_POLICY_THIRD_ALTERNATIVE_DESCRIPTION_XP2">
			<Text>+2 [ICON_Culture] Kültür ve +4 [ICON_Gold] Her bir Araştırma Laboratuvarı, Harp Akademisi, Kömür Santrali, Petrol Santrali ve Nükleer Santralden Altın.</Text>
		</Row>
		<Row Tag="LOC_POLICY_MARTIAL_LAW_DESCRIPTION_XP2">
			<Text>Her zamankinden daha %25 daha az savaş yorgunluğu biriktirin. Bir garnizonlu şehirler, tur başına +4 Sadakat alır.</Text>
		</Row>
		<Row Tag="LOC_POLICY_COLLECTIVIZATION_DESCRIPTION_XP2">
			<Text>+2 [ICON_Production] Üretim ve +4 [ICON_Food] Yerli yiyecek [ICON_TradeRoute] Ticari Yollar.</Text>
		</Row>
		<Row Tag="LOC_POLICY_DEFENSE_OF_MOTHERLAND_DESCRIPTION_XP2">
			<Text>Kendi bölgenizdeki savaşta savaş yorgunluğu yok. +%100 [ICON_Production] Modern, Atom ve Bilgi dönemi destek birimleri için üretim.</Text>
		</Row>
		<Row Tag="LOC_CIVIC_MERCANTILISM_DESCRIPTION">
			<Text>Kamp geliştirmeleri +1 [ICON_Production] Üretimi ve +1 [ICON_Food] Yiyecek alır. Kereste Fabrikaları Rainforest üzerine inşa edilebilir.</Text>
		</Row>
		<Row Tag="LOC_CIVIC_FEUDALISM_DESCRIPTION">
			<Text>Çiftlik iyileştirmeleri artık her iki komşu Çiftlik iyileştirmesinden +1 [ICON_Food] Yiyecek kazanıyor. Plantasyon iyileştirmeleri +1 [ICON_Food] Yiyecek alır.</Text>
		</Row>
		<Row Tag="LOC_CIVIC_COLONIALISM_DESCRIPTION">
			<Text>Balıkçı Tekneleri iyileştirmesi +1 [ICON_Production] Üretimi aldı.</Text>
		</Row>
		<Row Tag="LOC_POLICY_VETERANCY_DESCRIPTION_XP2">
			<Text>+%30 [ICON_Production] Kamp Bölgeleri, Liman bölgeleri ve bu bölgeler için binalara yönelik üretim.</Text>
		</Row>
	</EnglishText>
</GameData>
