<?xml version="1.0" encoding="utf-8"?>
<GameData>
	<EnglishText>
		<!-- Admirals -->
		<Row Tag="LOC_GREATPERSON_YI_SUN_SIN_EXPANSION2_ACTIVE">
			<Text>Anında 1 yetenek seviyesi ile bir Zırhlı ünitesi oluşturur. Tur başına 1 [ICON_RESOURCE_Coal] Kömür verir.</Text>
		</Row>
		<Row Tag="LOC_GREATPERSON_FRANZ_VON_HIPPER_EXPANSION2_ACTIVE">
			<Text>Anında 1 yetenek seviyesine sahip bir Savaş Gemisi birimi oluşturur. Tur başına 1 [ICON_RESOURCE_Coal] Kömür verir.</Text>
		</Row>
		<Row Tag="LOC_GREATPERSON_CHESTER_NIMITZ_EXPANSION2_ACTIVE">
			<Text>Anında 1 yetenek seviyesine sahip bir Denizaltı ünitesi oluşturur. Tur başına 1 [ICON_RESOURCE_Oil] Yağ verir. +%20 [ICON_Production] Naval Raider tanıtım sınıfının birimlerine yönelik üretim.</Text>
		</Row>
		<Row Tag="LOC_GREATPERSON_ZHENG_HE_EXPANSION2_ACTIVE">
			<Text>Bu şehirde ücretsiz bir Tüccar birimi verir ve [ICON_TradeRoute] Ticaret Yolu kapasitesini 1 arttırır. Bu şehre giden [ICON_TradeRoute] Ticaret Rotaları her iki şehre +2 [ICON_Gold] Altın sağlar.</Text>
		</Row>
		<Row Tag="LOC_GREATPERSON_RAJENDRA_CHOLA_EXPANSION2_ACTIVE">
			<Text>+3 [ICON_Strength] Tüm deniz birimleri için Savaş Gücü.</Text>
		</Row>
		<Row Tag="LOC_GREATPERSON_LEIF_ERIKSON_EXPANSION2_ACTIVE">
			<Text>Tüm deniz birimleri için +1 görüş mesafesi. Tüm deniz birimlerinin normal teknoloji gereksinimi olmadan okyanus karoları üzerinde hareket etmesine izin verir.</Text>
		</Row>
		<Row Tag="LOC_GREATPERSON_CHING_SHIH_EXPANSION2_ACTIVE">
			<Text>500 [ICON_Gold] Altın kazanın (Standart hızda). Askeri birlikler denizde yağmalamada +%60 ödül alır [ICON_TradeRoute] Ticaret Rotaları.</Text>
		</Row>
		<Row Tag="LOC_GREATPERSON_THEMISTOCLES_EXPANSION2_ACTIVE">
			<Text>Anında bir Quadrireme birimi oluşturur. +%20 [ICON_Production] Deniz Menzilli promosyon sınıfı birimlerine yönelik üretim.</Text>
		</Row>
		<Row Tag="LOC_GREATPERSON_FRANCIS_DRAKE_EXPANSION2_ACTIVE">
			<Text>Anında 1 yetenek seviyesine sahip bir Privateer birimi oluşturur. Askeri birlikler denizde yağmalamada +%50 ödül alır [ICON_TradeRoute] Ticaret Rotaları.</Text>
		</Row>
		<Row Tag="LOC_GREATPERSON_HORATIO_NELSON_EXPANSION2_ACTIVE">
			<Text>Anında bu bölgede bir Deniz Feneri ve Tersane inşa eder. Tüm deniz birimleri için +%50 kanat bonusu.</Text>
		</Row>
		<Row Tag="LOC_GREATPERSON_GRACE_HOPPER_EXPANSION2_ACTIVE">
			<Text>Rastgele seçilen 2 ücretsiz teknoloji kazanın.</Text>
		</Row>
		<!-- Generals -->
		<Row Tag="LOC_GREATPERSON_DOUGLAS_MACARTHUR_EXPANSION2_ACTIVE">
			<Text>Anında 1 yetenek seviyesine sahip bir Tank ünitesi oluşturur. Tur başına 1 [ICON_RESOURCE_Oil] Yağ verir.</Text>
		</Row>
		<!-- Merchants -->
		<Row Tag="LOC_GREATPERSON_JOHN_ROCKEFELLER_EXPANSION2_ACTIVE">
			<Text>Hibeleri 2 [ICON_RESOURCE_OIL] Tur Başına Yağ. [ICON_TradeRoute] Ticari Yollarınız, hedef şehir tarafından geliştirilen her Stratejik kaynak için +2 [ICON_Gold] Altın kazanır.</Text>
		</Row>
	</EnglishText>
</GameData>
