<?xml version="1.0" encoding="utf-8"?>
<GameData>
	<EnglishText>
    <!--New for XP2-->
    <Row Tag="LOC_ROUTE_RAILROAD_NAME">
      <Text>Demiryolu</Text>
    </Row>
    <Row Tag="LOC_ROUTE_RAILROAD_DESCRIPTION">
      <Text>Sadece Askeri Mühendisler tarafından yapılabilir. Ücretli degil, 1 [ICON_RESOURCE_IRON] Demir ve 1 [ICON_RESOURCE_COAL] Kömür bedeli. [ICON_Movement] Bir Demiryolu dösemesinden digerine geçen herhangi bir birimin hareket hızını büyük ölcüde artırır.</Text>
    </Row>
	</EnglishText>
</GameData>
