﻿<?xml version="1.0" encoding="utf-8"?>
<!-- edited with XMLSPY v2004 rel. 2 U (http://www.xmlspy.com) by Ed Beach (Firaxis Games) -->
<GameData>
	<EnglishText>
		<!--Shared Districts-->
		<Row Tag="LOC_DISTRICT_AQUEDUCT_DESCRIPTION">
			<Text>Bu şehre bitişik bir Nehir, Göl, Oasis veya Dağ'dan gelen temiz su kaynağı sağlayan bir bölge. Henüz mevcut tatlı suya sahip olmayan şehirler 6'ya kadar [ICON_Housing] Konut alıyor. Mevcut tatlı suya sahip olan şehirler bunun yerine +2 [ICON_Housing] Housing alacak. Jeotermal Fissür +1 [ICON_Amenities] Özellikleri'ne bitişik olarak inşa edilmişse. Kuraklık sırasında [ICON_Food] Gıda kaybını önler. Şehir Merkezine bitişik inşa edilmelidir.</Text>
		</Row>
    		<Row Tag="LOC_DISTRICT_AQUEDUCT_ALT_DESCRIPTION">
      			<Text>Bu şehre bitişik bir Nehir, Göl, Vaha veya Dağdan bir tatlı su kaynağı sağlayan bir bölge. Henüz temiz su bulunmayan şehirlerde 6 adede kadar [ICON_Housing] Konut bulunmaktadır. Halihazırda temiz suyu olan şehirler bunun yerine +2 [ICON_Housing] Barınma alacak. Jeotermal Fissür +1 [ICON_Amenities] İmkanının bitişiğinde inşa edilirse. Kuraklık sırasında [ICON_Food] Gıda kaybını önler. Şehir Merkezinin bitişiğinde inşa edilmelidir. Askeri Mühendisler bir Aqueduct üretiminin %20'sini tamamlamak için bir ücret harcayabilirler.</Text>
    		</Row>
		<Row Tag="LOC_DISTRICT_CANAL_NAME">
			<Text>Kanal</Text>
		</Row>
		<Row Tag="LOC_DISTRICT_CANAL_DESCRIPTION">
			<Text>İki su veya su kütlesini bir Şehir Merkezine bağlamak için düz araziler üzerine kurulu bir bölge. Kanallar ya altıgen boyunca düz gidebilir ya da 60 derece bükülebilir. Ancak, üç yollu Kanal kavşaklarına izin verilmez. Askeri Mühendisler, bir Kanal üretiminin %20'sini tamamlamak için ücret alabilir.</Text>
		</Row>
		<Row Tag="LOC_DISTRICT_DAM_NAME">
			<Text>Baraj</Text>
		</Row>
		<Row Tag="LOC_DISTRICT_DAM_DESCRIPTION">
			<Text>Bu nehir boyunca yaşamanın rahatlığını artırmak için bir Floodplains döşemesi üzerine kurulu bir bölge. Bu nehrin taşmasına zarar gelmesini önler (ancak taşkınların %50 oranında düşmesine neden olur). Kuraklık sırasında [ICON_Food] Gıda kaybını önler. Her nehrin taşkın yatağı boyunca yalnızca biri inşa edilebilir (hangisi önce bir oyuncuyu tamamlarsa) ve nehir, Dam altıgeninin en az iki tarafını geçmelidir. Askeri Mühendisler, bir Barajın üretiminin %20'sini tamamlamak için ücret alabilir.</Text>
		</Row>
		<Row Tag="LOC_DISTRICT_SPACEPORT_DESCRIPTION_XP2">
			<Text>Bilim Zaferi projelerini inşa etmek için gerekli bir bölge. Bu, {LOC_PROJECT_LAUNCH_EARTH_SATELLITE_NAME}, {LOC_PROJECT_LAUNCH_MOON_LANDING_NAME} ve {LOC_PROJECT_LAUNCH_MARS_BASE_NAME}, ve {LOC_PROJECT_LAUNCH_EXOPLANET_EXPEDITION_NAME} dahil. Tepelere inşa edilemez.</Text>
		</Row>
		<!--Adjacency Bonuses-->
		<Row Tag="LOC_DISTRICT_DESERT_HILLS_FAITH">
			<Text>+{1_num} [ICON_Faith] Bitişik Çöl Tepeleri'nden İnanç {1_Num : plural 1?tile; other?tiles;}.</Text>
		</Row>
		<Row Tag="LOC_DISTRICT_DESERT_FOOD">
			<Text>+{1_num} [ICON_FOOD] Bitişik Çölden Gıda {1_Num : plural 1?tile; other?tiles;}.</Text>
		</Row>
		<Row Tag="LOC_DISTRICT_DESERT_HILLS_FOOD">
			<Text>+{1_num} [ICON_FOOD] Bitişik Desert Hills'ten Gıda {1_Num : plural 1?tile; other?tiles;}.</Text>
		</Row>
		<Row Tag="LOC_BUILDING_MACHU_PICCHU_GOLD">
			<Text>+{1_num} [ICON_GOLD] Bitişikteki Dağdan Altın {1_Num : plural 1?tile; other?tiles;}.</Text>
		</Row>
		<Row Tag="LOC_BUILDING_MACHU_PICCHU_PRODUCTION">
			<Text>+{1_num} [ICON_PRODUCTION] Bitişikteki Dağdan Üretim {1_Num : plural 1?tile; other?tiles;}.</Text>
		</Row>
		<Row Tag="LOC_BUILDING_MACHU_PICCHU_CULTURE">
			<Text>+{1_num} [ICON_CULTURE] Bitişikteki Dağ'dan Kültür {1_Num : plural 1?tile; other?tiles;}.</Text>
		</Row>
		<Row Tag="LOC_DISTRICT_GEOTHERMAL_SCIENCE">
			<Text>+{1_num} [ICON_SCIENCE] Her bitişik Jeotermal Fissürden Bilim.</Text>
		</Row>
    <Row Tag="LOC_DISTRICT_REEF_SCIENCE">
      <Text>+{1_num} [ICON_SCIENCE] Bitişik her Resif bilim.</Text>
    </Row>
		<Row Tag="LOC_DISTRICT_COTHON_GOLD">
			<Text>+{1_num} [ICON_Gold] Bitişik Cothon bölgesinden altın.</Text>
		</Row>
		<Row Tag="LOC_DISTRICT_COTHON_DESCRIPTION_ADJACENCY">
			<Text>Bitişiklik: Büyük [ICON_Gold] Bitişik her bir Şehir Merkezi için Altın bonus. Standart [ICON_Gold] Her bitişik kıyı kaynağı için altın bonus. Küçük [ICON_Gold] Bitişik bölge fayansları için altın bonus.</Text>
		</Row>
		<Row Tag="LOC_DISTRICT_HOLY_SITE_GOLD">
			<Text>+{1_num} [ICON_Gold] Komşu Kutsal Site bölgesinden altın.</Text>
		</Row>
		<Row Tag="LOC_DISTRICT_LAVRA_GOLD">
			<Text>+{1_num} [ICON_Gold] Bitişikteki Lavra bölgesinden altın.</Text>
		</Row>
		<Row Tag="LOC_DISTRICT_SUGUBA_DESCRIPTION_ADJACENCY">
			<Text>Bitişiklik: Büyük [ICON_Gold] Her bitişik Kutsal Site için altın bonus. Binbaşı [ICON_Gold] Nehir kenarı içeren bir karodan altın bonus. Büyük [ICON_Gold] Bitişik bölge fayansları için altın bonus.</Text>
		</Row>
		<Row Tag="LOC_DISTRICT_MINES_HALF_PRODUCTION">
			<Text>+{1_num} [ICON_Production] Bitişik Madenlerden Üretim.</Text>
		</Row>
		<Row Tag="LOC_DISTRICT_LUMBER_MILL_PRODUCTION">
			<Text>+{1_num} [ICON_Production] Bitişik Kereste Fabrikasından üretim.</Text>
		</Row>
		<Row Tag="LOC_DISTRICT_AQUEDUCT_PRODUCTION">
			<Text>+{1_num} [ICON_PRODUCTION] Pbitişik su kemerinden üretim {1_Num : plural 2?district; other?districts;}.</Text>
		</Row>
	    	<Row Tag="LOC_DISTRICT_BATH_PRODUCTION">
	      		<Text>+{1_num} [ICON_PRODUCTION] Bitişik Hamamdan Üretim {1_Num : plural 2?district; other?districts;}.</Text>
	    	</Row>
		<Row Tag="LOC_DISTRICT_CANAL_PRODUCTION">
			<Text>+{1_num} [ICON_PRODUCTION] Bitişik Kanaldan Üretim {1_Num : plural 2?district; other?districts;}.</Text>
		</Row>
		<Row Tag="LOC_DISTRICT_DAM_PRODUCTION">
			<Text>+{1_num} [ICON_PRODUCTION] Bitişik Barajdan Üretim {1_Num : plural 2?district; other?districts;}.</Text>
		</Row>
		<Row Tag="LOC_DISTRICT_STRATEGIC_PRODUCTION">
			<Text>+{1_num} [ICON_PRODUCTION] Bitişik Stratejik Üretim {1_Num : plural 1?resource; other?resources;}.</Text>
		</Row>
		<Row Tag="LOC_DISTRICT_HANSA_DESCRIPTION_ADJACENCY">
			<Text>Bitişiklik: Büyük [ICON_Production] Ticaret Merkezi, Su Kemeri, Kanal ve Baraj bölgelerine bitişikse üretim bonusu. Standart [ICON_Production] Her bitişik kaynak için üretim bonusu. Küçük [ICON_Production] Bitişikteki bölge döşemeleri için üretim bonusu.</Text>
		</Row>
		<!--Projects-->
		<Row Tag="LOC_PROJECT_COTHON_CAPITAL_MOVE_NAME">
			<Text>Başkenti Taşı</Text>
		</Row>
		<Row Tag="LOC_PROJECT_COTHON_CAPITAL_MOVE_SHORT_NAME">
			<Text>Başkenti Taşı</Text>
		</Row>
		<Row Tag="LOC_PROJECT_COTHON_CAPITAL_MOVE_DESCRIPTION">
			<Text>Fenike benzersiz projesi Cothon ile herhangi bir şehir için kullanılabilir. Tamamlandığında, Fenike [ICON_Capital] Capital bu şehre taşınır.</Text>
		</Row>
		<Row Tag="LOC_PROJECT_CARBON_RECAPTURE_NAME">
			<Text>Karbon Özeti</Text>
		</Row>
		<Row Tag="LOC_PROJECT_CARBON_RECAPTURE_SHORT_NAME">
			<Text>Karbon Özeti</Text>
		</Row>
		<Row Tag="LOC_PROJECT_CARBON_RECAPTURE_DESCRIPTION">
			<Text>Bir Organize Sanayi Bölgesi olan herhangi bir şehirde çalıştırılabilir. Tamamlandığında, bu uygarlığın ömür boyu karbon salınımları 50 ile azaltılır ve 30 [ICON_FAVOR] Diplomatik Lehine hak kazanılır. Bu proje karbon borcunuzu sıfıra bile düşürebilir ve küresel CO2 ayak izine karşı azaltımlar biriktirmenize izin verebilir.</Text>
		</Row>
		<Row Tag="LOC_PROJECT_CONVERT_REACTOR_TO_COAL">
			<Text>Kömür Gücüne Dönüştür</Text>
		</Row>
		<Row Tag="LOC_PROJECT_CONVERT_REACTOR_TO_COAL_SHORT_NAME">
			<Text>Kömür Gücüne Dönüştür</Text>
		</Row>
		<Row Tag="LOC_PROJECT_CONVERT_REACTOR_TO_COAL_DESCRIPTION">
			<Text>Bu şehirdeki mevcut Elektrik Santralinin görevinden alındı ve yerini {LOC_BUILDING_COAL_POWER_PLANT_NAME} ile değiştirdi.[NEWLINE][NEWLINE]{LOC_BUILDING_COAL_POWER_PLANT_NAME}:[NEWLINE]{LOC_BUILDING_COAL_POWER_PLANT_DESCRIPTION}</Text>
		</Row>
		<Row Tag="LOC_PROJECT_CONVERT_REACTOR_TO_OIL">
			<Text>Yağ Gücüne Dönüştür</Text>
		</Row>
		<Row Tag="LOC_PROJECT_CONVERT_REACTOR_TO_OIL_SHORT_NAME">
			<Text>Yağ Gücüne Dönüştür</Text>
		</Row>
		<Row Tag="LOC_PROJECT_CONVERT_REACTOR_TO_OIL_DESCRIPTION">
			<Text>Bu şehirdeki mevcut Enerji Santralinin görevinden alındı ve {LOC_BUILDING_FOSSIL_FUEL_POWER_PLANT_NAME} ile değiştirildi.[NEWLINE][NEWLINE]{LOC_BUILDING_FOSSIL_FUEL_POWER_PLANT_NAME}:[NEWLINE]{LOC_BUILDING_FOSSIL_FUEL_POWER_PLANT_DESCRIPTION}</Text>
		</Row>
		<Row Tag="LOC_PROJECT_CONVERT_REACTOR_TO_URANIUM">
			<Text>Nükleer Enerjiye Dönüştür</Text>
		</Row>
		<Row Tag="LOC_PROJECT_CONVERT_REACTOR_TO_URANIUM_SHORT_NAME">
			<Text>Nükleer Enerjiye Dönüştür</Text>
		</Row>
		<Row Tag="LOC_PROJECT_CONVERT_REACTOR_TO_URANIUM_DESCRIPTION">
			<Text>Bu şehirdeki mevcut Elektrik Santralinin görevinden alındı ve yerini {LOC_BUILDING_POWER_PLANT_EXPANSION2_NAME} ile değiştirdi.[NEWLINE][NEWLINE]{LOC_BUILDING_POWER_PLANT_EXPANSION2_NAME}:[NEWLINE]{LOC_BUILDING_POWER_PLANT_EXPANSION2_DESCRIPTION}</Text>
		</Row>
		<Row Tag="LOC_PROJECT_LAUNCH_MARS_BASE_NAME">
			<Text>Mars Kolonisini Başlat</Text>
		</Row>
		<Row Tag="LOC_PROJECT_LAUNCH_MARS_BASE_SHORT_NAME">
			<Text>Mars Kolonisi</Text>
		</Row>
		<Row Tag="LOC_PROJECT_LAUNCH_MARS_BASE_DESCRIPTION">
			<Text>Mars yüzeyinde küçük bir insan tabanı oluşturan Uzay Yarışı projesi. Bilim Zaferi'ne doğru üçüncü adımı işaretler.</Text>
		</Row>
		<Row Tag="LOC_PROJECT_LAUNCH_MARS_BASE_POPUP">
			<Text>Mars'ta başarıyla bir koloni kurdunuz! Bilim Zaferi'ne doğru üçüncü adımı işaretler.</Text>
		</Row>
		<Row Tag="LOC_PROJECT_LAUNCH_EXOPLANET_EXPEDITION_NAME">
			<Text>Mars'ta başarılı bir koloni kurdunuz! Bilim Zaferi'ne doğru üçüncü adımı işaretler.</Text>
		</Row>
		<Row Tag="LOC_PROJECT_LAUNCH_EXOPLANET_EXPEDITION_SHORT_NAME">
			<Text>Exoplanet Seferi</Text>
		</Row>
		<Row Tag="LOC_PROJECT_LAUNCH_EXOPLANET_EXPEDITION_DESCRIPTION">
			<Text>İnsanı başka bir yıldız sistemine yaymak için tur başına 1 Işık Yılı'nda derin uzayda dolaşan Uzay Yarışı projesi. Bilim Zaferi geldiğinde kazanır. Diğer projelerle hızlandırılabilir.</Text>
		</Row>
		<Row Tag="LOC_PROJECT_LAUNCH_EXOPLANET_EXPEDITION_POPUP">
			<Text>Tohum geminiz başka bir yıldız sistemine gidiyor! Bilim Zaferi geldiğinde kazanır. Tur başına 1 Işık Yılı seyahat eder ve diğer projeler tarafından hızlandırılabilir.</Text>
		</Row>
		<Row Tag="LOC_PROJECT_ORBITAL_LASER_NAME">
			<Text>Lagrange Lazer İstasyon'u Başlat</Text>
		</Row>
		<Row Tag="LOC_PROJECT_ORBITAL_LASER_SHORT_NAME">
			<Text>Lagrange Lazer İstasyon</Text>
		</Row>
		<Row Tag="LOC_PROJECT_ORBITAL_LASER_DESCRIPTION">
			<Text>İnşaata başlamak için 30 [ICON_RESOURCE_ALUMINUM] Alüminyum gerektirir. Ötegezegen Seferi tur başına +1 Işık Yılı ile hızlandıran, Bilim Zaferi'ndeki ilerlemenizi hızlandıran Uzay Yarışı projesi.</Text>
		</Row>
		<Row Tag="LOC_PROJECT_ORBITAL_LASER_POPUP">
			<Text>Yörüngede bir Lagrange Lazer İstasyonu kurup, Ötegezegen Seferi geminizi tur başına 1 Işık Yılı hızlandırarak ve sizi Bilim Zaferi'ne yaklaştırıyorsunuz!</Text>
		</Row>
		<Row Tag="LOC_PROJECT_TERRESTRIAL_LASER_NAME">
			<Text>Karasal Lazer İstasyonu Kur</Text>
		</Row>
		<Row Tag="LOC_PROJECT_TERRESTRIAL_LASER_SHORT_NAME">
			<Text>Karasal Lazer İstasyonu</Text>
		</Row>
		<Row Tag="LOC_PROJECT_TERRESTRIAL_LASER_DESCRIPTION">
			<Text>Tamamlandıktan sonra, bu şehrin [ICON_Power] Gç gereksinimleri 5 artar. Exoplanet Seferi'nızı şehirdeki [ICON_Power] Güçlü olduğu sürece tur başına +1 Işık Yılı kadar hızlandıran bir Uzay Zaferi projesi.</Text>
		</Row>
		<Row Tag="LOC_PROJECT_TERRESTRIAL_LASER_POPUP">
			<Text>Uzaylimanı'ta bir Karasal Lazer İstasyonu kurup, Ötegezegen Seferi geminizi tur başına 1 Işık Yılı hızlandırarak sizi Bilim Zaferi'ne yaklaştırıyorsunuz!</Text>
		</Row>
		<Row Tag="LOC_PROJECT_SEND_AID_NAME">
			<Text>Yardım Gönder</Text>
		</Row>
		<Row Tag="LOC_PROJECT_SEND_AID_SHORT_NAME">
			<Text>Yardım Gönder</Text>
		</Row>
		<Row Tag="LOC_PROJECT_SEND_AID_DESCRIPTION">
			<Text>Yardım İsteği yarışmalarınız için puan kazanma projesi.</Text>
		</Row>
		<Row Tag="LOC_PROJECT_SEND_AID_POPUP">
			<Text>Yardım paketiniz, Yardım Talebi yarışmasındaki puanınızı artırarak teslim edildi.</Text>
		</Row>
		<Row Tag="LOC_PROJECT_TRAIN_ATHLETES_NAME">
			<Text>Tren Atletleri</Text>
		</Row>
		<Row Tag="LOC_PROJECT_TRAIN_ATHLETES_SHORT_NAME">
			<Text>Tren Atletleri</Text>
		</Row>
		<Row Tag="LOC_PROJECT_TRAIN_ATHLETES_DESCRIPTION">
			<Text>Dünya Oyunları yarışmasında puan kazanma projesi.</Text>
		</Row>
		<Row Tag="LOC_PROJECT_TRAIN_ATHLETES_POPUP">
			<Text>Sporcularınız şimdi Dünya Oyun yarışmasında puanınızı artırarak oyunlara hazır.</Text>
		</Row>
		<Row Tag="LOC_PROJECT_TRAIN_ASTRONAUTS_NAME">
			<Text>Tren Astronotları</Text>
		</Row>
		<Row Tag="LOC_PROJECT_TRAIN_ASTRONAUTS_SHORT_NAME">
			<Text>Tren Astronotları</Text>
		</Row>
		<Row Tag="LOC_PROJECT_TRAIN_ASTRONAUTS_DESCRIPTION">
			<Text>Uluslararası Uzay İstasyonu yarışması için puan kazanma projesi.</Text>
		</Row>
		<Row Tag="LOC_PROJECT_TRAIN_ASTRONAUTS_POPUP">
			<Text>Astronotlarınız Uluslararası Uzay İstasyonu'nda çalışmaya hazır ve Uluslararası Uzay İstasyonu yarışmasında puanınızı artırıyor.</Text>
		</Row>
		<Row Tag="LOC_PROJECT_ENHANCE_DISTRICT_HOLY_SITE_EXPANSION2_DESCRIPTION">
			<Text>[ICON_Faith] İman ve her seferinde +%100 Dini Baskı yapan İlçe merkezli bir proje. Ödüller [ICON_GreatProphet] Büyük Peygamber puanları bir kere bittiğinde.</Text>
		</Row>
		<Row Tag="LOC_PROJECT_ENHANCE_DISTRICT_INDUSTRIAL_ZONE_EXPANSION2_DESCRIPTION">
			<Text>Bu şehre aktif iken tam [ICON_Power] Gücü sağlayan İlçe tabanlı bir proje. Ayrıca, bir kez bittiğinde [ICON_GreatEngineer] Büyük Mühendis puanları sağlar.</Text>
		</Row>
		<Row Tag="LOC_PROJECT_RECOMMISSION_REACTOR_NAME">
			<Text>Tavsiye Nükleer Reaktör</Text>
		</Row>
		<Row Tag="LOC_PROJECT_RECOMMISSION_REACTOR_SHORT_NAME">
			<Text>Tavsiye Nükleer Reaktör</Text>
		</Row>
		<Row Tag="LOC_PROJECT_RECOMMISSION_REACTOR_DESCRIPTION">
			<Text>Güvenlik önlemlerini arttırmak ve nükleer kaza riskini azaltmak için nükleer reaktör önerisinde bulunulmasına izin verir.[NEWLINE][NEWLINE]Yeniden değerlendirme reaktör yaşını 0 olarak sıfırlar. Bir reaktör büyüdükçe Nükleer Kaza meydana gelme olasılığı artar.</Text>
		</Row>
		<Row Tag="LOC_PROJECT_DECOMMISSION_COAL_POWER_PLANT_NAME">
			<Text>Hizmetten Çıkan Kömür Santralı</Text>
		</Row>
		<Row Tag="LOC_PROJECT_DECOMMISSION_COAL_POWER_PLANT_SHORT_NAME">
			<Text>Hizmetten Çıkan Kömür Santralı</Text>
		</Row>
		<Row Tag="LOC_PROJECT_DECOMMISSION_COAL_POWER_PLANT_DESCRIPTION">
			<Text>İklim Anlaşmaları yarışmasında puan kazanma projesi. Kömür Santralini ve tüm etkilerini bu şehirden uzaklaştırır.</Text>
		</Row>
		<Row Tag="LOC_PROJECT_DECOMMISSION_OIL_POWER_PLANT_NAME">
			<Text>Hizmetten Çıkan Yağ Enerji Santrali</Text>
		</Row>
		<Row Tag="LOC_PROJECT_DECOMMISSION_OIL_POWER_PLANT_SHORT_NAME">
			<Text>Hizmetten Çıkan Yağ Enerji Santrali</Text>
		</Row>
		<Row Tag="LOC_PROJECT_DECOMMISSION_OIL_POWER_PLANT_DESCRIPTION">
			<Text>İklim Anlaşmaları yarışmasında puan kazanma projesi. Petrol Santralini ve tüm etkilerini bu şehirden kaldırır.</Text>
		</Row>
		<Row Tag="LOC_PROJECT_DECOMMISSION_NUCLEAR_POWER_PLANT_NAME">
			<Text>Hizmetten Çıkan Nükleer Santrali</Text>
		</Row>
		<Row Tag="LOC_PROJECT_DECOMMISSION_NUCLEAR_POWER_PLANT_SHORT_NAME">
			<Text>Hizmetten Çıkan Nükleer Santrali</Text>
		</Row>
		<Row Tag="LOC_PROJECT_DECOMMISSION_NUCLEAR_POWER_PLANT_DESCRIPTION">
			<Text>İklim Anlaşmaları yarışmasında puan kazanma projesi. Nükleer Santrali ve tüm etkilerini bu şehirden uzaklaştırır.</Text>
		</Row>
	</EnglishText>
</GameData>
