<?xml version="1.0" encoding="utf-8"?>
<!-- edited with XMLSPY v2004 rel. 2 U (http://www.xmlspy.com) by Ed Beach (Firaxis Games) -->
<GameData>
	<EnglishText>
		<Row Tag="LOC_EXPANSION2_NAME">
			<Text>Genisleme: Toplanan Fırtına</Text>
		</Row>
		<Row Tag="LOC_EXPANSION2_DESCRIPTION">
			<Text>Bu, Dünya Kongresi'ni, çevresel etkileri ve felaketleri, gücü ve daha fazlasını içeren Toplanan Fırtına Genişletme'yi kullanan bir oyundur. Degişen bir dünyanın öngörülemezligini, zamana dayanacak bir uygarlık haline getirebilir misiniz?</Text>
		</Row>
		<!-- Setup Parameters -->
		<Row Tag="LOC_GAME_REALISM">
			<Text>Afet Yogunlugu</Text>
		</Row>
		<Row Tag="LOC_GAME_REALISM_DESCRIPTION">
			<Text>Dogal afet yogunlugunu ayarlayın. 0 (daha az sık ve yogun dogal afetler) ila 4 (sık ve yogun dogal afetler) arasından seçim yapın. 3 ve 4 arasındaki ayarlarda, ciddi volkanik patlamaların karolara iki altıgen zarar verebilecegini unutmayın.</Text>
		</Row>
		<!-- Front End-->
		<Row Tag="LOC_VICTORY_DIPLOMATIC_NAME">
			<Text>Diplomatik Zafer</Text>
		</Row>
		<Row Tag="LOC_VICTORY_DIPLOMATIC_TT">
			<Text>Dünyaya uluslar arasında işbirliginin kalıcı ve adil bir barış için tek yol oldugunu gösterdin. Bu zaferi saygı ve Dünya Kongresi ile kazanın.</Text>
		</Row>
		<Row Tag="LOC_VICTORY_DIPLOMATIC_TEXT">
			<Text>Uyum ve barış, savaş ve şiddetin yerini alır. İnsanlar arasındaki farklılıklar ve anlaşmazlıklar daima iyi niyetle çözülebilir. Arkamızda yaşanan çatışmalarla, ortak gelecegimiz hangi şereflere sahip olacak?</Text>
		</Row>
		<!-- New Maps  -->
		<Row Tag="LOC_MAP_CONTINENTS_ISLANDS_NAME">
			<Text>Kıtalar ve Adalar</Text>
		</Row>
		<Row Tag="LOC_MAP_PRIMORDIAL_NAME">
			<Text>ilkel</Text>
		</Row>
		<Row Tag="LOC_MAP_SPLINTERED_FRACTAL_NAME">
			<Text>Parcalanmıs</Text>
		</Row>
		<Row Tag="LOC_MAP_TILTED_AXIS_NAME">
			<Text>Egik Eksen</Text>
		</Row>
		<Row Tag="LOC_MAP_CONTINENTS_ISLANDS_DESCRIPTION">
			<Text>Adalarla çevrili birkaç büyük kara kütlesi.</Text>
		</Row>
		<Row Tag="LOC_MAP_PRIMORDIAL_DESCRIPTION">
			<Text>Öngörülemeyen kıtalar ve adalar ile erken bir harita. Ekstra kıyı ovaları ve volkanlarla daha uçucu koşullar mevcuttur.</Text>
		</Row>
		<Row Tag="LOC_MAP_SPLINTERED_FRACTAL_DESCRIPTION">
			<Text>Genellikle ince, yılanlı kıtalar ve adalar oluşturacak oldukça rastgele bir harita.</Text>
		</Row>
		<Row Tag="LOC_MAP_TILTED_AXIS_DESCRIPTION">
			<Text>Kutup merkezli bir kıta haritası.</Text>
		</Row>
		<!--America-->
		<Row Tag="LOC_TRAIT_CIVILIZATION_FOUNDING_FATHERS_EXPANSION2_DESCRIPTION">
			<Text>Mevcut hükümetteki tüm Diplomatik politika alanları joker yuvalarına dönüştürülüyor. +1 [ICON_FAVOR] Hükümetindeki her joker slotu için tur başına Diplomatik Favor.</Text>
		</Row>
		<!--Canada-->
		<Row Tag="LOC_CIVILIZATION_CANADA_NAME">
			<Text>Kanada</Text>
		</Row>
		<Row Tag="LOC_CIVILIZATION_CANADA_ADJECTIVE">
			<Text>Kanadalı</Text>
		</Row>
		<Row Tag="LOC_CIVILIZATION_CANADA_DESCRIPTION">
			<Text>Kanada İmparatorlugu</Text>
		</Row>
		<Row Tag="LOC_LEADER_LAURIER_NAME">
			<Text>Wilfrid Laurier</Text>
		</Row>
		<Row Tag="LOC_IMPROVEMENT_ICE_HOCKEY_RINK_NAME">
			<Text>Buz Hokeyi Pisti</Text>
		</Row>
		<Row Tag="LOC_IMPROVEMENT_ICE_HOCKEY_RINK_DESCRIPTION">
			<Text>Builder’ın Kanada’ya özgü bir Buz Hokeyi Pisti kurma yeteneginin kilidini açar.[NEWLINE][NEWLINE]+1 [ICON_AMENITIES] Kolaylık. +1 [ICON_CULTURE] Her komşu Tundra, Tundra Tepesi, Kar ve Kar Tepesi döşemesi için kültür. Uçuş açıldıktan sonra [ICON_Tourism] Kültürden Turizm Saglar. +2 [ICON_FOOD] Yiyecek ve [ICON_PRODUCTION] Profesyonel Spor civic kilidini açtıktan sonra üretim. +4 [ICON_CULTURE] Bir Stadyum binasına bitişik ise kültür. Tundra, Tundra Tepeleri, Kar ve Kar Tepeleri üzerine inşa edilebilir. Şehir başına bir. +2 İtiraz.</Text>
		</Row>
		<Row Tag="LOC_TRAIT_CIVILIZATION_FACES_OF_PEACE_NAME">
			<Text>Barışın Dört Yüzü</Text>
		</Row>
		<Row Tag="LOC_TRAIT_CIVILIZATION_FACES_OF_PEACE_DESCRIPTION">
			<Text>Şehir devletlerine veya sürpriz savaşlara karşı savaş ilan edemez. Sürpriz savaşları Kanada’da ilan edilemez. Her 100 için [ICON_TOURISM] Tur başına turizm kazanma 1 tur kazanın [ICON_Favor] Diplomatik Favor. Acil Durum veya Puanlı bir Yarışmayı başarıyla tamamlayanlardan +%100 [ICON_Favor] Diplomatik Favoriyi alın.</Text>
		</Row>
		<Row Tag="LOC_TRAIT_LEADER_LAST_BEST_WEST_NAME">
			<Text>Son En İyi Batı</Text>
		</Row>
		<Row Tag="LOC_TRAIT_LEADER_LAST_BEST_WEST_DESCRIPTION">
			<Text>Çiftliklerin Tundra arazisine kurulmasına izin verir. İnşaat Mühendisligi açıldıktan sonra Tundra Tepeleri'ne çiftlikler inşa edilebilir. Kar, Kar Tepeleri, Tundra Tepeleri ve Tundra çinileri satın alma maliyetini% 50 azaltır. Kar, Kar Tepeleri, Tundra Tepeleri ve Tundra çinileri üzerinde biriken kaynakların +%100 oranında çıkarılması.</Text>
		</Row>
		<Row Tag="LOC_UNIT_CANADA_MOUNTIE_NAME">
			<Text>Atlı Polis</Text>
		</Row>
		<Row Tag="LOC_UNIT_CANADA_MOUNTIE_DESCRIPTION">
			<Text>Kanadalı benzersiz Modern dönem birimi. Milli Park yaratabilir. +5 [ICON_Strength] Bir Milli Parkın 2 karosu içinde savaşırken Güçle Mücadele. Ek +5 [ICON_Strength] Sahip oldugunuz bir Milli Parkın 2 karosu içinde savaşırken Mücadele gücü.</Text>
		</Row>
		<!--England-->
		<Row Tag="LOC_TRAIT_CIVILIZATION_INDUSTRIAL_REVOLUTION_NAME">
			<Text>Dünya Atölyesi</Text>
		</Row>
		<Row Tag="LOC_TRAIT_CIVILIZATION_INDUSTRIAL_REVOLUTION_DESCRIPTION">
			<Text>Demir ve Kömür Madenleri tur başına 1 kaynak daha biriktiriyor. +%100 [ICON_PRODUCTION] Askeri Mühendislere Yönelik Üretim. Askeri Mühendisler +2 ücret alıyor. [ICON_POWER] Powered kullanıldıgında ilave verim saglayan binalar bu verimin +2 degerini alır.</Text>
		</Row>
		<Row Tag="LOC_TRAIT_CIVILIZATION_PAX_BRITANNICA_EXPANSION2_DESCRIPTION">
			<Text>İlk şehrinizi, kendi kıtanız dışındaki bir kıtada buldugunuzda, ücretsiz bir yakın dövüş ünitesi ve ticaret yolu kapasitesi kazanırsınız. Herhangi bir Kraliyet Donanması Tersanesi inşa etmek, inşa edebileceginiz en güçlü deniz biriminin bir kopyasını verir. Askeri Bilim teknolojisi araştırıldıgında, İngiliz askeri benzersiz ünitesini kazanın.</Text>
		</Row>
		<!--Egypt-->
		<Row Tag="LOC_TRAIT_CIVILIZATION_ITERU_EXPANSION2_DESCRIPTION">
			<Text>+%15 [ICON_Production] Bir Nehrin yanına yerleştirilirse ilçelere ve harikalara yönelik üretim. Taşkınlardan zarar görmez.</Text>
		</Row>
		<!--Eleanor-->
		<Row Tag="LOC_LEADER_ELEANOR_NAME">
			<Text>Akitanyalı Eleanor</Text>
		</Row>
		<Row Tag="LOC_TRAIT_LEADER_ELEANOR_LOYALTY_NAME">
			<Text>Aşk Mahkemesi</Text>
		</Row>
		<Row Tag="LOC_TRAIT_LEADER_ELEANOR_LOYALTY_DESCRIPTION">
			<Text>Eleanor’un şehirlerindeki Harika Çalışmaların her biri, 9 karo içindeki yabancı şehirlerde dönüş başına -1 Sadakat saglıyor. Bir Sadakat kaybı nedeniyle başka bir medeniyet bırakan ve şu anda Eleanor'un medeniyetinden dönüş başına en fazla Sadakat alan bir şehir bu medeniyete katılmak için Özgür Şehir adımını atlıyor.</Text>
		</Row>
		<!--Georgia-->
		<Row Tag="LOC_TRAIT_CIVILIZATION_GOLDEN_AGE_QUESTS_EXPANSION2_DESCRIPTION">
			<Text>Altın Çag veya Kahramanlık Çagı'nın başında Adanmışlık yaparken, diger bonusa ek olarak Dönem Puanını iyileştirmeye yönelik Normal Yaş bonusu kazanın. +%50 [ICON_Production] Savunma binalarına yönelik üretim.</Text>
		</Row>
		<!--Hungary-->
		<Row Tag="LOC_CIVILIZATION_HUNGARY_NAME">
			<Text>Macaristan</Text>
		</Row>
		<Row Tag="LOC_CIVILIZATION_HUNGARY_ADJECTIVE">
			<Text>Macarlı</Text>
		</Row>
		<Row Tag="LOC_CIVILIZATION_HUNGARY_DESCRIPTION">
			<Text>Macar İmparatorlugu</Text>
		</Row>
		<Row Tag="LOC_LEADER_MATTHIAS_CORVINUS_NAME">
			<Text>Matthias Corvinus</Text>
		</Row>
		<Row Tag="LOC_BUILDING_THERMAL_BATH_NAME">
			<Text>Kaplıca</Text>
		</Row>
		<Row Tag="LOC_BUILDING_THERMAL_BATH_DESCRIPTION">
			<Text>Macaristan'a özgü bir bina. +2 [ICON_AMENITIES] Özellikler ve +2 [ICON_PRODUCTION] Üretim 6 karo içindeki her şehir merkezine yayılıyor. Bu bonuslar bir defa şehre uygulanır ve bu binanın birden fazla kopyası, bir şehir merkezinin 6 kutucugundaki ek bonusları saglamaz.[NEWLINE][NEWLINE]Bu şehir +3 [ICON_TOURISM] Turizm ve +2 ek [ICON_AMENITIES] Bu kentin sınırlarında en az bir Jeotermal Fissür varsa, aktivite alıyor.</Text>
		</Row>
		<Row Tag="LOC_TRAIT_CIVILIZATION_PEARL_DANUBE_NAME">
			<Text>Tuna'nın İncisi</Text>
		</Row>
		<Row Tag="LOC_TRAIT_CIVILIZATION_PEARL_DANUBE_DESCRIPTION">
			<Text>+%50 [ICON_PRODUCTION] Bir Şehir Merkezinden bir nehir boyunca inşa edilen Bölgelere ve Binalara Üretim.</Text>
		</Row>
		<Row Tag="LOC_TRAIT_LEADER_RAVEN_KING_NAME">
			<Text>Kuzgun Kral</Text>
		</Row>
		<Row Tag="LOC_TRAIT_LEADER_RAVEN_KING_DESCRIPTION">
			<Text>Kaldıraçlı birimler +2 [ICON_Movement] Hareketi ve +5 [ICON_Strength] Savaş Gücü vererek yetenek kazanıyor. Levied birimlerini yükseltmek için hiçbir [ICON_GOLD] Altın veya Kaynak yoktur. Eger bir Şehir Devletinden birlikler kurarsanız, o Şehir Devleti ile 2 [ICON_ENVOY] Elçisi alırsınız. Kaleler teknolojisi araştırıldıgında Kara Ordu'nun eşsiz birimini kazan.</Text>
		</Row>
		<Row Tag="LOC_UNIT_HUNGARY_BLACK_ARMY_NAME">
			<Text>Kara Ordu</Text>
		</Row>
		<Row Tag="LOC_UNIT_HUNGARY_BLACK_ARMY_DESCRIPTION">
			<Text>süvari atı'ın yerini alan Macar özgün Ortaçag Dönemi birimi. +3 [ICON_Strength] Her bitişik Levied birimi için Mücadele Gücü.</Text>
		</Row>
		<Row Tag="LOC_UNIT_HUNGARY_HUSZAR_NAME">
			<Text>Huszár</Text>
		</Row>
		<Row Tag="LOC_UNIT_HUNGARY_HUSZAR_DESCRIPTION">
			<Text>Süvariler'in yerini alan Macar benzersiz Sanayi dönemi birimi. +3 [ICON_Strength] Her aktif İttifak için Mücadele Gücü.</Text>
		</Row>
		<!--Inca-->
		<Row Tag="LOC_CIVILIZATION_INCA_NAME">
			<Text>Inka</Text>
			<Gender>Masculine:the</Gender>
			<Plurality>2</Plurality>
		</Row>
		<Row Tag="LOC_CIVILIZATION_INCA_ADJECTIVE">
			<Text>Inkalı</Text>
		</Row>
		<Row Tag="LOC_CIVILIZATION_INCA_DESCRIPTION">
			<Text>İnka İmparatorlugu</Text>
		</Row>
		<Row Tag="LOC_TRAIT_CIVILIZATION_GREAT_MOUNTAINS_NAME">
			<Text>Mit’a</Text>
		</Row>
		<Row Tag="LOC_TRAIT_CIVILIZATION_GREAT_MOUNTAINS_DESCRIPTION">
			<Text>Vatandaşlar Dag petekleri üzerinde çalışabilir. Dag petegi +2 [ICON_PRODUCTION] Üretim saglar. +1 [ICON_FOOD] Her bitişikteki Teras Çiftligi için Yiyecek - Dag fayansları.</Text>
		</Row>
		<Row Tag="LOC_LEADER_PACHACUTI_NAME">
			<Text>Pachacuti</Text>
		</Row>
		<Row Tag="LOC_IMPROVEMENT_TERRACE_FARM_NAME">
			<Text>Teras Çiftligi</Text>
		</Row>
		<Row Tag="LOC_IMPROVEMENT_TERRACE_FARM_DESCRIPTION">
			<Text>inşaatcı'nın, İnka'ya özgü bir Terrace Farm inşa etme yeteneginin kilidini açar.[NEWLINE][NEWLINE]+1 [ICON_FOOD] Yiyecek. Her iki Terrace Farms için +1 [ICON_Housing] Evleri sunar. +1 [ICON_FOOD] Her komşu Dag Çini için yiyecek. +2 Kazan [ICON_PRODUCTION] Her bitişik Su Kemeri bölgesi için üretim. Bir Su Kemeri bölgesi degil, Tatlı Suya bitişikse, +1 [ICON_PRODUCTION] Üretimini Alın. Ek [ICON_FOOD] Civic ve Teknoloji Agacında ilerlerken, diger Terrace Farms'a bitişik yiyecekler. Çayır Tepeleri, Ova Tepeleri ve Çöl Tepeleri'ne yerleştirilebilir.</Text>
		</Row>
		<Row Tag="LOC_UNIT_INCA_WARAKAQ_NAME">
			<Text>Warak’aq</Text>
		</Row>
		<Row Tag="LOC_UNIT_INCA_WARAKAQ_DESCRIPTION">
			<Text>Avcı'nın yerini alan benzersiz bir Orta Çag Dönemi birimi incan. Menzilli çatışmada daha güçlü mücadele var ve tur başına +1 ek saldırı.</Text>
		</Row>
		<Row Tag="LOC_TRAIT_LEADER_PACHACUTI_QHAPAQ_NAN_NAME">
			<Text>Qhapaq Ñan</Text>
		</Row>
		<Row Tag="LOC_TRAIT_LEADER_PACHACUTI_QHAPAQ_NAN_DESCRIPTION">
			<Text>Yerli [ICON_TradeRoute] Ticaret Hatları, menşe kentindeki her dag karosu için +1 [ICON_Food] Gıda kazanır. Dış Ticaret vatandaşı keşfedildiginde Qhapaq improvementan iyileşmesi kazanın.</Text>
		</Row>
		<Row Tag="LOC_IMPROVEMENT_MOUNTAIN_ROAD_NAME">
			<Text>Qhapaq Ñan</Text>
		</Row>
		<Row Tag="LOC_IMPROVEMENT_MOUNTAIN_ROAD_DESCRIPTION">
			<Text>Oluşturucu'nun Pachacuti'ye özgü bir Qhapaq Ñan inşa etme yeteneginin kilidini açar.[NEWLINE][NEWLINE]Daglık bir alanda bir hareket portalı olarak işlev görür ve ünitelerin içine taşınmasına ve 2 [ICON_Movement] Hareketi karşılıgında başka bir portaldan çıkmasına izin verir. Sadece bitişik bir dag taşına inşa edilebilir. Yagmalanamaz veya kaldırılamaz.</Text>
		</Row>
		<!--Mali-->
		<Row Tag="LOC_CIVILIZATION_MALI_NAME">
			<Text>Mali</Text>
		</Row>
		<Row Tag="LOC_CIVILIZATION_MALI_ADJECTIVE">
			<Text>Malili</Text>
		</Row>
		<Row Tag="LOC_CIVILIZATION_MALI_DESCRIPTION">
			<Text>Mali İmparatorlugu</Text>
		</Row>
		<Row Tag="LOC_TRAIT_CIVILIZATION_MALI_GOLD_DESERT_NAME">
			<Text>Jeli'nin Şarkıları</Text>
		</Row>
		<Row Tag="LOC_TRAIT_CIVILIZATION_MALI_GOLD_DESERT_DESCRIPTION">
			<Text>Şehir Merkezleri, her bitişik Çöl ve Çöl Tepesi döşemesi için +1 [ICON_FAITH] İnanç ve +1 [ICON_FOOD] kazanıyor. Madenler -1 [ICON_PRODUCTION] Üretim ve +4 [ICON_GOLD] Altın alırlar. [ICON_Faith] Faith ile Ticaret Merkezi semt binaları satın alabilir. -%30 [ICON_PRODUCTION] Bina veya egitim birimleri inşa etmeye yönelik üretim.</Text>
		</Row>
		<Row Tag="LOC_LEADER_MANSA_MUSA_NAME">
			<Text>Mansa Musa</Text>
		</Row>
		<Row Tag="LOC_TRAIT_LEADER_SAHEL_MERCHANTS_NAME">
			<Text>Sahel Tüccarlar</Text>
		</Row>
		<Row Tag="LOC_TRAIT_LEADER_SAHEL_MERCHANTS_DESCRIPTION">
			<Text>Uluslararası [ICON_TradeRoute] Ticaret Hatları, menşe kentindeki her bir düz kiremit için +1 [ICON_GOLD] Gold kazanır. Altın Çag'a her girişinizde +1 [ICON_TradeRoute] Ticaret Kapasitesi alın.</Text>
		</Row>
		<Row Tag="LOC_DISTRICT_SUGUBA_NAME">
			<Text>Suguba</Text>
		</Row>
		<Row Tag="LOC_DISTRICT_SUGUBA_DESCRIPTION">
			<Text>Mali ve ticaret alanında uzmanlaşmış Finans'a özgü bir bölge. Birimler, Binalar ve Bölgeler, [ICON_GOLD] Gold ve [ICON_FAITH] Bu Şehre İnanç ile satın almak için %20 daha ucuzdur.[NEWLINE][NEWLINE]+2 [ICON_Gold] Her bitişik Kutsal Site için altın bonus. +2 [ICON_Gold] Nehir kenarı içeren bir kutudan altın bonus. +1 [ICON_Gold] Her iki komşu bölge fayansı için altın bonus.</Text>
		</Row>
		<Row Tag="LOC_UNIT_MALI_MANDEKALU_CAVALRY_NAME">
			<Text>Mandekalu Süvari</Text>
		</Row>
		<Row Tag="LOC_UNIT_MALI_MANDEKALU_CAVALRY_DESCRIPTION">
			<Text>Şövalyenin yerine Mali eşsiz Ortaçag Dönemi birimi. Ticari birimler, bir Mandekalu Süvari'sinin 4 karosu içerisinde ve bir kara karosu üzerinde bulunuyorsa, yagmalanmaya karşı bagışıklık kazanır. Muharebe zaferleri, birimin tabanının [ICON_Strength] Muharebe Gücünün %100'üne eşit [ICON_GOLD] Altın saglıyor.</Text>
		</Row>
		<!--Maori-->
		<Row Tag="LOC_CIVILIZATION_MAORI_NAME">
			<Text>Māori</Text>
			<Gender>Masculine:the</Gender>
			<Plurality>2</Plurality>
		</Row>
		<Row Tag="LOC_CIVILIZATION_MAORI_ADJECTIVE">
			<Text>Māori</Text>
		</Row>
		<Row Tag="LOC_CIVILIZATION_MAORI_DESCRIPTION">
			<Text>Māori İmparatorlugu</Text>
		</Row>
		<Row Tag="LOC_TRAIT_CIVILIZATION_MAORI_MANA_NAME">
			<Text>Mana</Text>
		</Row>
		<Row Tag="LOC_TRAIT_CIVILIZATION_MAORI_MANA_DESCRIPTION">
			<Text>Oyuna Yelkenli ve Gemi İnşa Teknolojileri kilidi açıkken ve Okyanus çinilerine girme becerisiyle başlayın. Yerleştirilen birimler +2 [ICON_Movement] Hareketi kazanır. Geliştirilmemiş Orman ve Yagmur Ormanları +1 [ICON_PRODUCTION] Üretim, Conservation vatandaşının kilidi açıldıgında +2 oluyor. Balıkçı Tekneleri, bitişik fayanslara +1 [ICON_FOOD] Yiyecek ve Kültür Bombaları sunar. Kaynaklar hasat edilemez. [ICON_GreatWriter] Harika Yazarlar kazanılamaz.</Text>
		</Row>
		<Row Tag="LOC_LEADER_KUPE_NAME">
			<Text>Kupe</Text>
		</Row>
		<Row Tag="LOC_TRAIT_LEADER_KUPES_VOYAGE_NAME">
			<Text>Kupe'in Yolculugu</Text>
		</Row>
		<Row Tag="LOC_TRAIT_LEADER_KUPES_VOYAGE_DESCRIPTION">
			<Text>Oyuna bir Okyanus döşemesinde başlayın. İlk şehrinizi kurarken ücretsiz bir Oluşturucu ve +1 [ICON_Citizen] Nüfusu kazanın. Saray, +3 [ICON_HOUSING] Konut ve +1 [ICON_AMENITIES] Fırsatı alır. +2 [ICON_SCIENCE] Bilim ve +2 [ICON_CULTURE] İlk şehrinizi kurmadan önce tur başına kültür.</Text>
		</Row>
		<Row Tag="LOC_BUILDING_MARAE_NAME">
			<Text>Marae</Text>
		</Row>
		<Row Tag="LOC_BUILDING_MARAE_DESCRIPTION">
			<Text>Māori'ye özgü bir bina. +2 [ICON_CULTURE] Kültür ve [ICON_FAITH] Bu şehrin çini taşlarına, fevkalade özelligi veya dogal harikası ile iman. Uçuş araştırıldıktan sonra bir özelligi veya dogal harikası ile bu şehrin tüm çinilerine +2 [ICON_TOURISM] Turizm kazandırın. Bakım gerektirmez. Büyük Çalışma slotuna sahip degil.</Text>
		</Row>
		<Row Tag="LOC_UNIT_MAORI_TOA_NAME">
			<Text>Toa</Text>
		</Row>
		<Row Tag="LOC_UNIT_MAORI_TOA_DESCRIPTION">
			<Text>Māori benzersiz Klasik dönem yakın dövüş ünitesi. Bitişik düşman birimleri -5 [ICON_STRENGTH] Savaş Gücü alır. Bir Pā inşa edebilir.</Text>
		</Row>
		<Row Tag="LOC_IMPROVEMENT_MAORI_PA_NAME">
			<Text>Pā</Text>
		</Row>
		<Row Tag="LOC_IMPROVEMENT_MAORI_PA_DESCRIPTION">
			<Text>Toa'nın Māori'ye özgü Pā inşa etme kabiliyetinin kilidini açar.[NEWLINE][NEWLINE]İşgalci birim +4 [ICON_Strength] Savunma Gücü alır ve otomatik olarak 2 puan güç kazanır. Pā işgal eden bir Māori birimi, yeni hareket etse veya saldırsa bile iyileşir.</Text>
		</Row>
		<!--Netherlands-->
		<Row Tag="LOC_TRAIT_CIVILIZATION_GROTE_RIVIEREN_EXPANSION2_DESCRIPTION">
			<Text>Bir nehrin yanındaysa kampüsler, tiyatro meydanları ve sanayi bölgeleri için büyük bitişik bonus. Bir Liman tamamlanırken Kültür Bomba bitişik fayans. +%50 [ICON_Production] Baraj bölgesine ve Taşkın Bariyeri binasına yönelik üretim.</Text>
		</Row>
		<!--Ottomans-->
		<Row Tag="LOC_CIVILIZATION_OTTOMAN_NAME">
			<Text>Osmanlılar</Text>
			<Gender>Masculine:the</Gender>
			<Plurality>2</Plurality>
		</Row>
		<Row Tag="LOC_CIVILIZATION_OTTOMAN_ADJECTIVE">
			<Text>Osmanlı</Text>
		</Row>
		<Row Tag="LOC_CIVILIZATION_OTTOMAN_DESCRIPTION">
			<Text>Osmanlı İmparatorlugu</Text>
		</Row>
		<Row Tag="LOC_TRAIT_CIVILIZATION_GREAT_TURKISH_BOMBARD_NAME">
			<Text>Büyük Türk Topçuları</Text>
		</Row>
		<Row Tag="LOC_TRAIT_CIVILIZATION_GREAT_TURKISH_BOMBARD_DESCRIPTION">
			<Text>+%50 [ICON_Production] Kuşatma birimlerine yönelik üretim. Tüm kuşatma birimleri +5 [ICON_Strength] Bölge savunmalarına karşı Mücadele Gücü kazanıyor. Fethedilen şehirler [ICON_Citizen] Nüfusunu kaybetmez. Osmanlılar tarafından kurulmamış kentler +1 [ICON_AMENITIES] Cazibe ve tur başına +4 Sadakat kazanıyor.</Text>
		</Row>
		<Row Tag="LOC_LEADER_SULEIMAN_NAME">
			<Text>Kanuni Sultan Süleyman</Text>
		</Row>
		<Row Tag="LOC_BUILDING_GRAND_BAZAAR_NAME">
			<Text>Kapalıçarşı</Text>
		</Row>
		<Row Tag="LOC_BUILDING_GRAND_BAZAAR_DESCRIPTION">
			<Text>Osmanlılara özgü bir bina. Bu şehrin geliştirdigi her farklı Stratejik kaynak türü için 1 ilave Stratejik kaynak biriktirin. 1 kazanın [ICON_AMENITIES] Bu şehrin geliştirdigi her lüks kaynagın rahatlıgı.</Text>
		</Row>
		<Row Tag="LOC_UNIT_OTTOMAN_BARBARY_CORSAIR_NAME">
			<Text>Korsan Gemileri</Text>
		</Row>
		<Row Tag="LOC_UNIT_OTTOMAN_BARBARY_CORSAIR_DESCRIPTION">
			<Text>Korsanlar'ın yerini alan Osmanlı eşsiz Ortaçag dönemi deniz birimi. [ICON_Movement] Kıyı baskınına geçişin maliyeti yok. Bitişik olmadıkça yalnızca diger Deniz Akıncıları tarafından görülebilir. Görüş mesafesindeki Deniz Akıncılarını gösterir.</Text>
		</Row>
		<Row Tag="LOC_UNIT_SULEIMAN_JANISSARY_NAME">
			<Text>Yeniçeri</Text>
		</Row>
		<Row Tag="LOC_UNIT_SULEIMAN_JANISSARY_DESCRIPTION">
			<Text>Silahşörün yerini alan Osmanlı eşsiz Rönesans Dönemi birimi. Ücretsiz bir tanıtımla başlar. Silahşörden daha güçlü ve daha ucuz. Yeniçeri yetiştirmek için şehir en az 2 kişilik bir nüfusa sahip olmalıdır. Eger Osmanlılar tarafından bir şehir kurulur ve Yeniçeri egitirse nüfus kaybeder.</Text>
		</Row>
		<Row Tag="LOC_TRAIT_LEADER_SULEIMAN_GOVERNOR_NAME">
			<Text>Vezir-i Azam</Text>
		</Row>
		<Row Tag="LOC_TRAIT_LEADER_SULEIMAN_GOVERNOR_DESCRIPTION">
			<Text>Askeri ve diplomatik yetenekleri ile özel benzersiz Vali. Barut teknolojisi araştırıldıgında yeniçeri benzersiz birimini kazanın.</Text>
		</Row>
		<!--Phoenicia-->
		<Row Tag="LOC_CIVILIZATION_PHOENICIA_NAME">
			<Text>Fenike</Text>
		</Row>
		<Row Tag="LOC_CIVILIZATION_PHOENICIA_ADJECTIVE">
			<Text>Fenikeli</Text>
		</Row>
		<Row Tag="LOC_CIVILIZATION_PHOENICIA_DESCRIPTION">
			<Text>Fenike İmparatorlugu</Text>
		</Row>
		<Row Tag="LOC_TRAIT_CIVILIZATION_MEDITERRANEAN_COLONIES_NAME">
			<Text>Akdeniz Kolonileri</Text>
		</Row>
		<Row Tag="LOC_TRAIT_CIVILIZATION_MEDITERRANEAN_COLONIES_DESCRIPTION">
			<Text>Oyuna Yazma teknolojisi [ICON_TechBoosted] Eureka ile başlayın. Phoenicia tarafından kurulan ve Fenike [ICON_Capital] Capital ile aynı kıtada bulunan kıyı kentleri %100 Sadıktır. Yerleşimciler, yola çıkarken +2 [ICON_Movement] Hareket ve +2 görüş aralıgı kazanır. Yerleşimciler, ilave [ICON_Movement] Hareket masraflarının, başlama ve inme işlemlerini görmezden gelir.</Text>
		</Row>
		<Row Tag="LOC_LEADER_DIDO_NAME">
			<Text>Dido</Text>
		</Row>
		<Row Tag="LOC_TRAIT_LEADER_FOUNDER_CARTHAGE_NAME">
			<Text>Kartaca'nın Kurucusu</Text>
		</Row>
		<Row Tag="LOC_TRAIT_LEADER_FOUNDER_CARTHAGE_DESCRIPTION">
			<Text>Bu şehirde eşsiz bir projeyi tamamlayarak sermayelerini Cothon ile bir şehre taşıyabilir. +1 [ICON_TradeRoute] Her Government Plaza binası ve Government Plaza bölgesi için Ticaret Güzergah kapasitesi. +%50 [ICON_Production] Hükümet Plaza ile şehirdeki ilçelere yönelik üretim.</Text>
		</Row>
		<Row Tag="LOC_DISTRICT_COTHON_NAME">
			<Text>Cothon</Text>
		</Row>
		<Row Tag="LOC_DISTRICT_COTHON_DESCRIPTION">
			<Text>Şehrinizde denizcilik faaliyeti için Phoenicia'ya özgü bir bölge. Liman bölgesinin yerini alır ve yapımı daha ucuzdur. Karaya bitişik Kıyı veya Göl Arazisi üzerine inşa edilmelidir.[NEWLINE][NEWLINE]+%50 [ICON_PRODUCTION] Bu şehirde deniz birimleri ve yerleşimcilere yönelik üretim. Bu il sınırları içindeki tüm yaralı deniz birimleri her seferinde +100 HP iyileştirir.</Text>
		</Row>
		<Row Tag="LOC_UNIT_PHOENICIA_BIREME_NAME">
			<Text>Bireme</Text>
		</Row>
		<Row Tag="LOC_UNIT_PHOENICIA_BIREME_DESCRIPTION">
			<Text>Gale'nin yerini alan Fenike'nin eşsiz Antik Çag birimi. [ICON_Strength] Savaş Gücü ve [ICON_Movement] Hareketi artırıldı. Ticaret üniteleri, Bireme'nin 4 karosu ve su karosu üzerinde olması durumunda yagmalanmaya karşı bagışıklık kazanır.</Text>
		</Row>
		<!--India-->
		<Row Tag="LOC_TRAIT_CIVILIZATION_DHARMA_EXPANSION2_DESCRIPTION">
			<Text>En az 1 Takipçisi olan her dinden bir şehirde Takipçi İnanç bonusları alır. Şehirler en az 1 Takipçi ile her Din için [ICON_Amenities] Dostluk kazanır. Misyonerlerin +2 Yayım gücü. [ICON_TradeRoute] Ticaret Rotalarınızdan +%100 dini baskı.</Text>
		</Row>
		<Row Tag="LOC_IMPROVEMENT_STEPWELL_EXPANSION2_DESCRIPTION">
			<Text>İnşaatçı'nın Hindistan'a özgü bir Basamaklı Kuyu inşa etme yeteneginin kilidini açar.[NEWLINE][NEWLINE]1 [ICON_Food] Yiyecek ve +1 [ICON_Housing] Konut. +1 [ICON_Faith] Bir Kutsal Site bölgesine bitişikse, inanç. +1 [ICON_Food] Bir çiftlige komşu ise yiyecek. Kuraklık sırasında [ICON_Food] Gıda kaybını önler. Tepelere inşa edilemez veya başka bir Basamaklı Kuyu'ya bitişik olamaz.</Text>
		</Row>
		<!--Japan-->
		<Row Tag="LOC_TRAIT_LEADER_DIVINE_WIND_EXPANSION2_DESCRIPTION">
			<Text>Kara birimleri +5 [ICON_Strength] Kıyıya bitişik kara kiremitlerinde Mücadele Gücü alır; deniz birimleri sıg su kiremitlerinde +5 [ICON_Strength] Savaş Gücü kazanıyor. Yarım sürede kamp, Kutsal Site ve Tiyatro Meydanı bölgelerini inşa ediyor. Birimler Kasırgalardan zarar görmez. Japonya ile savaşan medeniyetler, Japon topraklarındaki Kasırgalardan +%100 birim hasar gördü.</Text>
		</Row>
		<Row Tag="LOC_TRAIT_LEADER_SATYAGRAHA_EXPANSION2_DESCRIPTION">
			<Text>+5 [ICON_Faith] İnanç ve +1 [ICON_Favor] Karşılaştıkları her medeniyet için tur başına Diplomatik İyilik (Hindistan dahil) bir Din kurmuş ve şu anda savaşta degil. Muhalif medeniyetler, Gandhi'ye karşı savaşmak için savaş yorgunlugunu ikiye katlar.</Text>
		</Row>
		<Row Tag="LOC_BUILDING_ELECTRONICS_FACTORY_EXPANSION2_DESCRIPTION">
			<Text>Japonya'ya özgü bir bina. Elektrik teknolojisini araştırdıktan sonra bu şehre +4 [ICON_Culture] Kültürü saglar. [ICON_Production] Üretim bonusu, bu bina tipinden halihazırda bonusu olmayan 6 karo içindeki tüm Şehir Merkezlerine genişletilir.</Text>
		</Row>
		<!--Qin-->
		<Row Tag="LOC_TRAIT_LEADER_FIRST_EMPEROR_EXPANSION2_DESCRIPTION">
			<Text>Eski ve Klasik harikalar yaratırken, orijinal merak maliyetinin %15'ini tamamlamak için Oluşturucu masrafları harcayabilirsiniz. Inşaatçılar ek bir ücret alırlar. Yıgma teknolojisi ile kanalların kilitleri açılır.</Text>
		</Row>
		<!--Rome-->
		<Row Tag="LOC_DISTRICT_BATH_EXPANSION2_DESCRIPTION">
			<Text>Şehrin büyümesi için Roma'ya özgü bir bölge. Su Kemeri bölgesinin yerini alır ve yapımı daha ucuzdur.[NEWLINE][NEWLINE]Bu şehre bitişik bir Nehir, Göl, Vaha veya Dag'dan gelen bir tatlı su kaynagı saglar. Henüz mevcut tatlı suya sahip olmayan şehirler 6'ya kadar [ICON_Housing] Konut alıyor. Mevcut tatlı suya sahip olan şehirler bunun yerine +2 [ICON_Housing] Housing alacak. Jeotermal Fissür +1 [ICON_Amenities] Özellikleri'ne bitişik olarak inşa edilmişse. Her durumda, Banyo ek bir +2 [ICON_Housing] Konut ve +1 [ICON_Amenities] Ek avantaj saglar. Kuraklık sırasında [ICON_Food] Gıda kaybını önler. Şehir Merkezine bitişik inşa edilmelidir.</Text>
		</Row>
		<Row Tag="LOC_DISTRICT_BATH_EXPANSION2_ALT_DESCRIPTION">
			<Text>Şehir büyümesi için Roma'ya özgü bir bölge. Su Kemeri bölgesinin yerini alır ve inşa edilmesi daha ucuzdur.[NEWLINE][NEWLINE]Bu şehre bitişik bir Nehir, Göl, Vaha veya Dagdan bir tatlı su kaynagı saglar. Henüz temiz su bulunmayan şehirlerde 6 adede kadar [ICON_Housing] Konut bulunmaktadır. Halihazırda temiz suyu olan şehirler bunun yerine +2 [ICON_Housing] Barınma alacak. Jeotermal Fissür +1 [ICON_Amenities] İmkanının bitişiginde inşa edilirse. Her halükarda Bath +2 [ICON_Housing] Barınma ve +1 [ICON_Amenities] Dostluk ek bonusu saglar. Kuraklık sırasında [ICON_Food] Gıda kaybını önler. Şehir Merkezinin bitişiginde inşa edilmelidir. Askeri Mühendisler bir Hamamın üretiminin %20'sini tamamlamak için bir ücret harcayabilirler.</Text>
		</Row>
		<!--Russia-->
		<Row Tag="LOC_TRAIT_CIVILIZATION_MOTHER_RUSSIA_EXPANSION2_DESCRIPTION">
			<Text>Kurucu şehirlerde fazladan bölge. +1 [ICON_Faith] İnanç ve +1 [ICON_Production] Tundra'dan Üretim. Üniteler Blizzard’lardan zarar görmez. Rusya ile savaşta olan medeniyetler, Rus topraklarında kar fırtınasından +%100 birim hasar gördü.</Text>
		</Row>
		<!--Sweden-->
		<Row Tag="LOC_CIVILIZATION_SWEDEN_NAME">
			<Text>İsveç</Text>
		</Row>
		<Row Tag="LOC_CIVILIZATION_SWEDEN_ADJECTIVE">
			<Text>İsveçli</Text>
		</Row>
		<Row Tag="LOC_CIVILIZATION_SWEDEN_DESCRIPTION">
			<Text>İsveç İmparatorlugu</Text>
		</Row>
		<Row Tag="LOC_TRAIT_CIVILIZATION_NOBEL_PRIZE_NAME">
			<Text>Nobel Ödülü</Text>
		</Row>
		<Row Tag="LOC_TRAIT_CIVILIZATION_NOBEL_PRIZE_DESCRIPTION">
			<Text>İsveç 50 kişiyi kazandı [ICON_Favor] Büyük Kişiyi kazandıgında Diplomatik Favor. İsveç fabrikalardan +1 [ICON_GreatEngineer] Great Engineer puanı, Üniversitelerden +1 [ICON_GreatScientist] Great Scientist puanı aldı. Oyunda İsveç’e sahip olmak, Endüstri Çagından başlayarak üç benzersiz Dünya Kongresi yarışmasını ekliyor.</Text>
		</Row>
		<Row Tag="LOC_LEADER_KRISTINA_NAME">
			<Text>Kristina</Text>
		</Row>
		<Row Tag="LOC_TRAIT_LEADER_KRISTINA_AUTO_THEME_NAME">
			<Text>Kuzey Minerva</Text>
		</Row>
		<Row Tag="LOC_TRAIT_LEADER_KRISTINA_AUTO_THEME_DESCRIPTION">
			<Text>En az üç adet Büyük Çalışma slotu olan ve en az iki adet Büyük Çalışma slotu bulunan harikalar, tüm slotları doldugunda otomatik olarak temalı hale getirilir. Hükümet Plaza'da Kraliçe'nin Bibliotheque'ini yapabilir.</Text>
		</Row>
		<Row Tag="LOC_IMPROVEMENT_OPEN_AIR_MUSEUM_NAME">
			<Text>Açık Hava Müzesi</Text>
		</Row>
		<Row Tag="LOC_IMPROVEMENT_OPEN_AIR_MUSEUM_DESCRIPTION">
			<Text>Oluşturucu'nun İsveç'e özgü bir Açık Hava Müzesi inşa etme yeteneginin kilidini açar.[NEWLINE][NEWLINE]Bu şehirde tur başına +2 Sadakat saglar. +2 [ICON_Culture] Kültür ve +2 [ICON_Tourism] İçinde en az bir İsveç şehri bulunan her türlü arazi türü için (Kar, Tundra, Çöl, Ovalar veya Otlak) turizm. Şehir başına bir. Açık Hava Müzeleri olan fayanslar degiştirilemez.</Text>
		</Row>
		<Row Tag="LOC_BUILDING_QUEENS_BIBLIOTHEQUE_NAME">
			<Text>Kraliçe'nin Bibliotheque</Text>
		</Row>
		<Row Tag="LOC_BUILDING_QUEENS_BIBLIOTHEQUE_DESCRIPTION">
			<Text>İsveç'e özgü bir bina. Bu bina 2 dilim [ICON_GreatWork_WRITING] Yazma, [ICON_GreatWork_MUSIC] Müzik ve her türlü [ICON_GreatWork_Landscape] Sanat.[NEWLINE]Ödüller +1 [Icon_Governor] Vali Ünvanı sunar.</Text>
		</Row>
		<Row Tag="LOC_UNIT_SWEDEN_CAROLEAN_NAME">
			<Text>Carolean</Text>
		</Row>
		<Row Tag="LOC_UNIT_SWEDEN_CAROLEAN_DESCRIPTION">
			<Text>Kargı ve Okçu'nun yerini alan İsveçli benzersiz Rönesans Dönemi birimi. Pike ve Shot'dan daha hızlı. +3 [ICON_Strength] Kullanılmayan [ICON_Movement] Hareketi başına Savaş Gücü.</Text>
		</Row>
		<Row Tag="LOC_ERA_FUTURE_NAME">
			<Text>Gelecek Çag</Text>
		</Row>
		<Row Tag="LOC_ERA_FUTURE_DESCRIPTION">
			<Text>Dünya, eski peygamberlerin hayallerinin ötesinde mucizeler içeriyor ve her kıyametten daha korkutucu terörler barındırıyor. Makineler anlam arar ve yeni madde rüya benzeri formları örer. Uzun zaman önce yapılan seçimler bu çagda ciddi sonuçlara yol açar ve kesin cevaplar talep eder. Şimdi git ve uygarlıgın gelecegi ile ilgili vizyonunu gerçekleştir.</Text>
		</Row>
		<Row Tag="LOC_VICTORY_SCIENCE_TT_XP2">
			<Text>Bilim zaferini kazanmak için Ötegezegen Seferi'ni başka bir yıldız sistemine tamamlayan ilk kişi olun. Bu zafer ileri düz, ancak zaman dolmadan ulaşmak zor olabilir.</Text>
		</Row>
		<!-- Configuration Changes that are Shared between XP1 and XP2. -->
		<!-- District Config Text -->
		<Row Tag="LOC_DISTRICT_WATER_STREET_CARNIVAL_EXPANSION2_NAME">
			<Text>Copacabana</Text>
		</Row>
		<Row Tag="LOC_DISTRICT_WATER_STREET_CARNIVAL_EXPANSION2_DESCRIPTION">
			<Text>Brezilya'ya özgü bir bölge. Su Parkı bölgesinin yerini alır ve +2 [ICON_Amenities] Özellikleri sunar. Ayrıca, yoldayken ilave bir +1 [ICON_Amenities] Kolaylık ve tamamlandıktan sonra çeşitli [ICON_GreatPerson] Büyük İnsanlar puanları veren Karnaval projesinin kilidini açar. Sokak Karnavalı olan bir şehirde inşa edilemez. Resif üzerine inşa edilemez.</Text>
		</Row>
		<Row Tag="LOC_DISTRICT_STREET_CARNIVAL_EXPANSION2_DESCRIPTION">
			<Text>Brezilya'ya özgü bir bölge. Eglence Kompleksi bölgesinin yerini alır ve +2 [ICON_Amenities] Kolaylıgı sunar. Ayrıca, yoldayken ilave bir +1 [ICON_Amenities] Kolaylık ve tamamlandıktan sonra çeşitli [ICON_GreatPerson] Büyük İnsanlar puanları veren Karnaval projesinin kilidini açar. Copacabana ile bir şehirde inşa edilemez.</Text>
		</Row>
		<!-- China -->
		<Row Tag="LOC_IMPROVEMENT_GREAT_WALL_EXPANSION2_DESCRIPTION">
			<Text>Çin'e özgü Çin Seddi inşa etmek için İnşaatçı yeteneginin kilidini açar.[NEWLINE][NEWLINE]+2 [ICON_GOLD] Altın. [ICON_Strength] Savunmasında bir artış saglar. Diger segmentlere bitişikse [ICON_Gold] Altın Bonus. Bitişik segmentler için Teknoloji Agacı'nda ilerlerken ek [ICON_Culture] Kültür ve [ICON_Tourism] Turizm. İmparatorlugunuzun sınırları boyunca bir çizgi üzerine inşa edilmelidir. Sadece dogal afetler tarafından yagmalanabilir (asla yok edilmez).</Text>
		</Row>
		<Row Tag="LOC_TRAIT_CIVILIZATION_DYNASTIC_CYCLE_EXPANSION2_DESCRIPTION">
			<Text>[ICON_TechBoosted] Eurekas ve [ICON_CivicBoosted] İlhamlar %40 yerine %50 vatandaşlık ve teknoloji saglar.</Text>
		</Row>
		<!-- Cleopatra -->
		<Row Tag="LOC_TRAIT_LEADER_MEDITERRANEAN_EXPANSION2_DESCRIPTION">
			<Text>[ICON_TradeRoute] Diger Medeniyetlere Ticaret Yollarınız, Mısır için +4 [ICON_Gold] Altın saglıyor. Diger uygarlıklar '[ICON_TradeRoute] Mısır'a Ticaret Yolları, Mısır'a +2 [ICON_Food] Yiyecek ve +2 [ICON_Gold] Altın saglıyor. Müttefiklerle alım satım, iki katı bonus Alliance Puanı kazanır.</Text>
		</Row>
		<Row Tag="LOC_IMPROVEMENT_SPHINX_EXPANSION2_DESCRIPTION">
			<Text>Mısır'a özgü bir Sfenks inşa etmek için İnşaatçı yeteneginin kilidini açar.[NEWLINE][NEWLINE]+1 [ICON_Faith] İnanç ve +1 [ICON_Culture] Kültürü. +2 Çekicilik. +2 [ICON_Faith] Bir mucizenin yanındaysa inanç. +1 [ICON_CULTURE] Taşkın plakaları üzerine inşa edilmişse kültür. Ek [ICON_CULTURE] Doga Tarihi keşfedildikten sonra kültür. Uçuş araştırıldıktan sonra [ICON_TOURISM] Turizm saglar. Başka bir Sfenks'in yanına inşa edilemez. Kar veya Kar Tepeleri üzerine inşa edilemez.</Text>
		</Row>
		<Row Tag="LOC_UNIT_EGYPTIAN_CHARIOT_ARCHER_EXPANSION2_DESCRIPTION">
			<Text>Mısır eşsiz Antik çag birimi degişiyordu. 4 [ICON_Movement] Açık arazide başlarken hareket.</Text>
		</Row>
		<!-- England -->
		<Row Tag="LOC_DISTRICT_ROYAL_NAVY_DOCKYARD_EXPANSION2_DESCRIPTION">
			<Text>Şehrinizde denizcilik faaliyetleri için İngiltere'ye özgü bir bölge. Liman bölgesinin yerini alır. Ayrıca, [ICON_Movement] Hareketi bu karoya bindirmek ve inmek için harcanan cezayı kaldırır. Karaya bitişik Kıyı veya Göl Arazisi üzerine inşa edilmelidir.[NEWLINE][NEWLINE]+1 [ICON_Movement] Tersane'de inşa edilen tüm deniz birimleri için hareket[NEWLINE]+2 [ICON_Gold] Altın ve Tur başına inşa edildiginde tur başına +4 Sadakat yabancı kıta. Resif üzerine inşa edilemez</Text>
		</Row>
		<!-- France -->
		<Row Tag="LOC_IMPROVEMENT_CHATEAU_EXPANSION2_DESCRIPTION">
			<Text>Fransa'ya özgü bir Chateau inşa etmek için İnşaatçı yeteneginin kilidini açar.[NEWLINE][NEWLINE]+2 [ICON_Culture] Kültürü. +1 Çekicilik. +1 [ICON_Culture] Her bitişik merak için kültür (Uçuş araştırıldıktan sonra +2 olur). Her bitişik Lüks kaynak için +1 [ICON_Gold] Altın. Uçuş araştırıldıktan sonra [ICON_TOURISM] Turizm saglar. Sadece nehirlere bitişik inşa edilebilir.</Text>
		</Row>
		<!-- Gilgamesh-->
		<Row Tag="LOC_TRAIT_LEADER_ADVENTURES_ENKIDU_EXPANSION2_DESCRIPTION">
			<Text>Ortak bir düşmanla savaşta, onlar ve müttefikleri 5 kiremit içindeyse, yagma ödüllerini paylaşırlar ve savaş tecrübesi kazancını paylaşırlar. İttifakları ortak bir düşmanla savaşta oldukları için İttifak Puanı kazanırlar.</Text>
		</Row>
		<!-- Mongolia -->
		<Row Tag="LOC_BUILDING_ORDU_EXPANSION2_DESCRIPTION">
			<Text>Mogolistan'a özgü bir bina. Bu şehirde egitilmiş +1 [ICON_MOVEMENT] Agır ve Hafif Süvari Hareketi veren bir yetenek veriyor. Bu şehirde egitilmiş tüm süvari sınıfı birimleri için% + 25'lik savaş deneyimi. [NEWLINE] Stratejik Kaynak Depoları +10 arttı.[NEWLINE][NEWLINE]Zaten Kışla olan bir Encampment bölgesinde inşa edilemez.</Text>
		</Row>
		<!-- Norway -->
		<Row Tag="LOC_TRAIT_LEADER_THUNDERBOLT_EXPANSION2_DESCRIPTION">
			<Text>Tüm deniz muharebe birimleri için kıyı baskınlarına ve% + 50 [ICON_PRODUCTION] Tüm deniz muharebe birimleri için üretim yapılmasına izin verir. [ICON_GOLD] Altına ek olarak, yagma ve kıyı yagma Madenlerinden [ICON_SCIENCE] Bilimi alın. Yagma veya kıyı baskınları Taş ocakları, meralar, tarlalar ve kamplar, [ICON_FAITH] İnancına ek olarak [ICON_CULTURE] Kültürü saglar. Yelken ile Viking Uzungemisi eşsiz birimini kazanın.</Text>
		</Row>
		<!-- Spain -->
		<Row Tag="LOC_TRAIT_CIVILIZATION_TREASURE_FLEET_EXPANSION2_DESCRIPTION">
			<Text>Filo ve Armada'sı normalden daha erken oluşturabilir (Ticaret Anlayışı). [ICON_TradeRoute] Birden fazla kıta arasındaki ticaret rotaları, diger uygarlıklara giden güzergahlar için bonus [ICON_Gold] Altın, ve kendi şehirleriniz arasındaki güzergahlar için bonus [ICON_Food] Yiyecek ve [ICON_Production] Üretimi alır. Asıl [ICON_Capital] Başkent’in kıtasına degil, Şehir Merkezine bitişik bir Misyon iyileştirmesi olan şehirler için tur başına +2 sadakat.</Text>
		</Row>
		<Row Tag="LOC_TRAIT_LEADER_EL_ESCORIAL_EXPANSION2_DESCRIPTION">
			<Text>Engizisyoncular Heresy'i bir kez daha kaldırabilirler. Engizisyoncular, diger dinlerin varlıgının %100'ünü ortadan kaldırır. Savaş birimleri, diger Dinleri takip eden oyunculara karşı +4 [ICON_Strength] Savaş Gücü bonusuna sahiptir.</Text>
		</Row>
		<Row Tag="LOC_IMPROVEMENT_MISSION_EXPANSION2_DESCRIPTION">
			<Text>İspanya'ya özgü bir Misyon inşa etmek için İnşaatçı yeteneginin kilidini açar.[NEWLINE][NEWLINE]+2 [ICON_Faith] İnanç. +2 [ICON_Faith] İnanç, +1 [ICON_PRODUCTION] Üretim ve +1 [ICON_FOod] Yiyecek [ICON_Capital] Sermayenizden farklı bir kıtadaysa. +1 [ICON_Science] Her bitişik Kampüs ve Kutsal Yer bölgesi için bilim. Ek [ICON_SCIENCE] Kültürel Miras keşfedildiginde bilim.</Text>
		</Row>
		<!-- Germany-->
		<Row Tag="LOC_DISTRICT_HANSA_EXPANSION2_DESCRIPTION">
			<Text>Endüstriyel faaliyetler için Almanya'ya özgü bir bölge. Organize Sanayi Bölgesi'nin yerini alır ve inşa edilmesi daha ucuzdur. [NEWLINE] [NEWLINE] + 2 [ICON_Production] Her bitişik Ticari Hub, Su Kemeri, Kanal ve Baraj bölgesi için üretim bonusu. +1 [ICON_Production] Her bitişik kaynak için üretim bonusu. +1 [ICON_Production] Her iki bitişik bölge döşemesi için üretim bonusu.</Text>
		</Row>
	</EnglishText>
</GameData>
