﻿<?xml version="1.0" encoding="utf-8"?>
<!-- edited with XMLSPY v2004 rel. 2 U (http://www.xmlspy.com) by Ed Beach (Firaxis Games) -->
<GameData>
	<BaseGameText>
		<!--Name-->
		<Row Tag="LOC_ABILITY_GUIDE_MOVEMENT_AOE_RELIGIOUS_NAME">
			<Text>Kılavuz</Text>
		</Row>
		<Row Tag="LOC_ABILITY_SAGE_COMBAT_AOE_RELIGIOUS_NAME">
			<Text>Akıllı/Text>
		</Row>
		<Row Tag="LOC_ABILITY_GURU_MOVEMENT_NAME">
			<Text>Guru Hareketi Etki Alanı</Text>
		</Row>
		<Row Tag="LOC_ABILITY_GURU_STRENGTH_NAME">
			<Text>Guru Adaçayı Etki Alanı</Text>
		</Row>
		<Row Tag="LOC_ABILITY_MEDITERRANEAN_COLONIES_NAME">
			<Text>Akdeniz Kolonileri</Text>
		</Row>
		<Row Tag="LOC_ABILITY_BIREME_PROTECT_TRADER_NAME">
			<Text>Bireme Ticaret Koruması</Text>
		</Row>
		<Row Tag="LOC_ABILITY_TRADER_PROTECTED_BY_BIREME_NAME">
			<Text>Tüccar Bireme Koruması</Text>
		</Row>
		<Row Tag="LOC_ABILITY_THE_RAVEN_KING_NAME">
			<Text>Kuzgun Kral</Text>
		</Row>
		<Row Tag="LOC_ABILITY_HUSZAR_NAME">
			<Text>Kurucu</Text>
		</Row>
		<Row Tag="LOC_ABILITY_BLACK_ARMY_NAME">
			<Text>Fekete Sereg</Text>
		</Row>
		<Row Tag="LOC_ABILITY_MOUNTIE_NAME">
			<Text>Park Koruyucu</Text>
		</Row>
		<Row Tag="LOC_ABILITY_MANDEKALU_NAME">
			<Text>Altın Verici</Text>
		</Row>
		<Row Tag="LOC_ABILITY_TRADER_PROTECTED_BY_MANDEKALU_NAME">
			<Text>Tüccar Mandekalu Koruması</Text>
		</Row>
		<Row Tag="LOC_ABILITY_CORBACI_NAME">
			<Text>Çorbaci</Text>
		</Row>
		<Row Tag="LOC_ABILITY_GREAT_TURKISH_BOMBARD_NAME">
			<Text>Büyük Türk Bombardı</Text>
		</Row>
		<Row Tag="LOC_ABILITY_CAROLEAN_NAME">
			<Text>Gå På</Text>
		</Row>
		<Row Tag="LOC_ABILITY_CORSAIR_NAME">
			<Text>Korsan</Text>
		</Row>
		<Row Tag="LOC_ABILITY_ROCK_BAND_ENTER_FOREIGN_LANDS_NAME">
			<Text>Yabancı Ülkelere Girin</Text>
		</Row>
		<Row Tag="LOC_ABILITY_FINEST_HOUR_FRIENDLY_TERRITORY_NAME">
			<Text>En Güzel Saatleri</Text>
		</Row>
		<Row Tag="LOC_ABILITY_CYBER_WARFARE_COMBAT_BONUS_NAME">
			<Text>Siber Savaş</Text>
		</Row>
		<Row Tag="LOC_ABILITY_CHOLA_NAVAL_COMBAT_NAME">
			<Text>Rajendra Chola</Text>
		</Row>
		<Row Tag="LOC_ABILITY_ERIKSON_NAVAL_SIGHT_NAME">
			<Text>Leif Erikson</Text>
		</Row>
		<!--Description-->Leif Erikson
		<Row Tag="LOC_ABILITY_GUIDE_MOVEMENT_AOE_RELIGIOUS_DESCRIPTION">
			<Text>Yakındaki dini birimlere hareket verir.</Text>
		</Row>
		<Row Tag="LOC_ABILITY_SAGE_COMBAT_AOE_RELIGIOUS_DESCRIPTION">
			<Text>Yakındaki dini birimlere daha fazla savaş gücü kazandırır.</Text>
		</Row>
		<Row Tag="LOC_ABILITY_GURU_MOVEMENT_DESCRIPTION">
			<Text>+1 Hareket</Text>
		</Row>
		<Row Tag="LOC_ABILITY_GURU_STRENGTH_DESCRIPTION">
			<Text>+5 Kuvvet</Text>
		</Row>
		<Row Tag="LOC_ABILITY_MEDITERRANEAN_COLONIES_DESCRIPTION">
			<Text>+2 [ICON_Movement] Başlarken Hareketi ve +2 görüş mesafesi. Ek [ICON_Movement] Harekete geçmenin ve iniş yapmanın ek masraflarını göz ardı edin.</Text>
		</Row>
		<Row Tag="LOC_ABILITY_BIREME_PROTECT_TRADER_DESCRIPTION">
			<Text>Bu Bireme yakındaki Ticaret birimlerinin Su Kiremitlerine Yağmalanmasını önler.</Text>
		</Row>
		<Row Tag="LOC_ABILITY_TRADER_PROTECTED_BY_BIREME_DESCRIPTION">
			<Text>Bireme'nizin yakınındaki ticari birimler, Su Kiremitlerinde Yağmalanmaya karşı bağışıklık kazanır.</Text>
		</Row>
		<Row Tag="LOC_ABILITY_THE_RAVEN_KING_DESCRIPTION">
			<Text>+2 [ICON_Movement] Hareket ve +5 [ICON_Strength] Levied birimlerine Karşı Mukavemet ile Mücadele.</Text>
		</Row>
		<Row Tag="LOC_ABILITY_BLACK_ARMY_DESCRIPTION">
			<Text>+3 [ICON_Strength] Her komşu Levied biriminin gücüyle savaş.</Text>
		</Row>
		<Row Tag="LOC_ABILITY_HUSZAR_DESCRIPTION">
			<Text>+3 [ICON_Strength] Her aktif İttifaktan Güçle Mücadele.</Text>
		</Row>
		<Row Tag="LOC_ABILITY_MOUNTIE_DESCRIPTION">
			<Text>+5 [ICON_Strength] Bir Milli Parkın 2 petek içinde savaşırken Güçle Mücadele. Ek +5 [ICON_Strength] Size ait olan bir Milli Parkın 2 kutucuğunda savaşırken Mücadele ile Mücadele.</Text>
		</Row>
		<Row Tag="LOC_ABILITY_MANDEKALU_DESCRIPTION">
			<Text>Yakındaki arazi ticaret birimlerini yağmalamaya karşı korur.[NEWLINE][ICON_Bullet] Kazanç [ICON_GOLD] Birimin tabanının [ICON_Strength] Savaş Gücü değerinin %100'üne eşit altın.</Text>
		</Row>
		<Row Tag="LOC_ABILITY_MANDEKALU_PROTECT_TRADER_DESCRIPTION">
			<Text>Bu Mandekalu Süvarisi, yakındaki Ticaret birimlerinin Kara peteklerinde Yağmalanmasını önler. [ICON_GOLD] Altın, birimin tabanının %100'üne eşittir [ICON_Strength] Savaş Gücü.</Text>
		</Row>
		<Row Tag="LOC_ABILITY_TRADER_PROTECTED_BY_MANDEKALU_DESCRIPTION">
			<Text>Mandekalu Süvarileriniz yakınındaki ticari birimler Kara Kiremitlerinde Yağmalanmaya karşı bağışıklık kazanır.</Text>
		</Row>
		<Row Tag="LOC_ABILITY_CORBACI_DESCRIPTION">
			<Text>Ücretsiz bir promosyonla başlar.</Text>
		</Row>
		<Row Tag="LOC_ABILITY_EXPERT_MARKSMAN_DESCRIPTION">
			<Text>Ünite tüm hareketini kullanmadıysa, tur başına +1 ek saldırı.</Text>
		</Row>
		<Row Tag="LOC_ABILITY_GREAT_TURKISH_BOMBARD_DESCRIPTION">
			<Text>+5 [ICON_Strength] Kuşatma birimlerine karşı bölge savunmalarına karşı mücadele gücü.</Text>
		</Row>
		<Row Tag="LOC_ABILITY_CAROLEAN_DESCRIPTION">
			<Text>+5 [ICON_Strength] Kullanılmayan [ICON_Movement] Hareket başına Savaş Gücü.</Text>
		</Row>
		<Row Tag="LOC_ABILITY_CORSAIR_DESCRIPTION">
			<Text>Kıyı baskınına [Hareket] hareketi yok.</Text>
		</Row>
		<Row Tag="LOC_ABILITY_ROCK_BAND_ENTER_FOREIGN_LANDS_DESCRIPTION">
			<Text>Açık Sınırlar olmasa bile, bu birim yabancı bölgeye girebilir.</Text>
		</Row>
		<Row Tag="LOC_ABILITY_FINEST_HOUR_FRIENDLY_TERRITORY_DESCRIPTION">
			<Text>+5 [ICON_Strength] Bölgenizdeyken veya bölgenize bitişikken Güçle Mücadele edin.</Text>
		</Row>
		<Row Tag="LOC_ABILITY_CYBER_WARFARE_COMBAT_BONUS_DESCRIPTION">
			<Text>+10 [ICON_Strength] Siber Savaştan Bilgi ve Gelecek Silmeden Birimlerle Savaşın.</Text>
		</Row>
		<Row Tag="LOC_ABILITY_TOA_DESCRIPTION">
			<Text>Bitişik düşman birimleri -5 [ICON_STRENGTH] Savaş Gücü alır.[NEWLINE][ICON_Bullet] Benzersiz Pā iyileştirmesi oluşturabilir.</Text>
		</Row>
		<Row Tag="LOC_ABILITY_MANA_DESCRIPTION">
			<Text>+2 [ICON_Movement] Harekete geçtiğinde hareket.</Text>
		</Row>
		<Row Tag="LOC_ABILITY_UNIT_WMD_RESISTANCE_DESCRIPTION">
			<Text>Kitle İmha Silahlarına Dayanıklıdır.</Text>
		</Row>
		<Row Tag="LOC_ABILITY_UNIT_FIGHT_WHILE_EMBARKED_DESCRIPTION">
			<Text>Suda hareket edebilir ve savaşabilir.</Text>
		</Row>
		<Row Tag="LOC_ABILITY_DIGITAL_DEMOCRACY_DEBUFF_DESCRIPTION">
			<Text>-3 [ICON_Strength] Dijital Demokrasiden Savaş Gücü.</Text>
		</Row>
		<Row Tag="LOC_ABILITY_ENABLE_WALL_PROMOTION_CLASS_ATTACK_DESCRIPTION">
			<Text>Bir düşman kentinin bitişiğinde, yakın dövüş ve süvari karşıtı birimler kentin Surlarına tam hasar verir. Ortaçağ veya Rönesans Surları olan şehirleri etkilemez. Kentsel Savunmaya Karşı Etkisiz.</Text>
		</Row>
		<Row Tag="LOC_ABILITY_BYPASS_WALLS_PROMOTION_CLASS_DESCRIPTION">
			<Text>Bir düşman kentinin bitişiğinde, dost yakın dövüş ve süvari karşıtı birimler şehir surlarını atlayabilir ve doğrudan şehre saldırabilir. Rönesans Surları olan şehirleri etkilemez. Kentsel Savunmaya Karşı Etkisiz.</Text>
		</Row>
		<Row Tag="LOC_ABILITY_CHOLA_NAVAL_COMBAT_DESCRIPTION">
			<Text>+3 [ICON_Strength] Tüm deniz birimleri için Savaş Gücü. (Rajendra Chola)</Text>
		</Row>
		<Row Tag="LOC_ABILITY_ERIKSON_NAVAL_SIGHT_DESCRIPTION">
			<Text>Tüm deniz birimleri için +1 görüş mesafesi. (Leif Erikson)</Text>
		</Row>
		<!--Combat-->
		<Row Tag="LOC_ABILITY_GURU_STRENGTH_XP2_DESCRIPTION">
			<Text>+{Amount} Guruya yakın olmaktan</Text>
		</Row>
		<Row Tag="LOC_ABILITY_RAVEN_LEVY_COMBAT_DESCRIPTION">
			<Text>+{Amount} Kuzgun Kral özelliğinden Güçle Mücadele</Text>
		</Row>
		<Row Tag="LOC_COMBAT_PREVIEW_ADJACENT_LEVIED_BONUS_DESC">
			<Text>+{1_Amount} Komşu Asker birimlerinden gelen savaş gücü</Text>
		</Row>
		<Row Tag="LOC_COMBAT_PREVIEW_NUMBER_ALLIES_BONUS_DESC">
			<Text>+{1_Amount} Aktif İttifaklar için Mücadele Gücü</Text>
		</Row>
		<Row Tag="LOC_ALL_PARK_COMBAT_BONUS_DESCRIPTION">
			<Text>+{1_Amount} Bir Milli Parkın 2 kutucuğundaki güçle savaş</Text>
		</Row>
		<Row Tag="LOC_OWNER_PARK_COMBAT_BONUS_DESCRIPTION">
			<Text>+{1_Amount} Bu oyuncunun sahibi olduğu bir Milli Parkın 2 kutucuğunda olduğunda Güçle Mücadele et</Text>
		</Row>
		<Row Tag="LOC_GREAT_TURKISH_BOMBARD_COMBAT_BONUS_DESCRIPTION">
			<Text>+{1_Amount} Büyük Türk Bombacı özelliğinin Gücü ile Mücadele</Text>
		</Row>
		<Row Tag="LOC_ABILITY_TOA_NEGATIVE_COMBAT_MODIFIER_DESCRIPTION">
			<Text>{1_Amount} Bir düşman Toa'ya bitişikken Güçle Mücadele et</Text>
		</Row>
		<Row Tag="LOC_COMBAT_PREVIEW_UNUSED_MOVEMENT_COMBAT_BONUS_DESC">
			<Text>+{1_Amount} Kullanılmayan [ICON_Movement] Hareketi için Savaş Gücü</Text>
		</Row>
		<Row Tag="LOC_COMBAT_PREVIEW_CITY_FRIENDLY_COMBAT_BONUS">
			<Text>+{1_Amount} Şahin Başlığından gelen Savaş Gücü</Text>
		</Row>
		<Row Tag="LOC_COMBAT_PREVIEW_DIGITAL_DEMOCRACY_COMBAT_DEBUFF">
			<Text>{1_Amount} Dijital Demokrasiden Güçle Mücadele</Text>
		</Row>
		<Row Tag="LOC_COMBAT_PREVIEW_ABILITY_GLOBAL_COALITION_FRIENDLY_TERRITORY_DESCRIPTION">
			<Text>+{1_Amount} Küresel Koalisyonun Gücü ile Mücadele</Text>
		</Row>
		<Row Tag="LOC_COMBAT_PREVIEW_CYBER_WARFARE_INFO_FUTURE_BUFF">
			<Text>+{1_Amount} Siber Savaştan Savaş Gücü</Text>
		</Row>
		<Row Tag="LOC_COMBAT_PREVIEW_ABILITY_MANA_DESCRIPTION">
			<Text>+{1_Amount} Başladığında Güçle Mücadele</Text>
		</Row>
		<Row Tag="LOC_ABILITY_CHOLA_NAVAL_UNITS_COMBAT_STRENGTH_DESCRIPTION">
			<Text>+{1_Amount} Rajendra Chola'dan Savaş Gücü</Text>
		</Row>
	</BaseGameText>
</GameData>
