<?xml version="1.0" encoding="utf-8"?>
<GameData>
	<BaseGameText>

		<Row Tag="LOC_DIPLO_CHOICE_DECLARE_WAR">
			<Text>[SIZE_16]SAVAS iLANI[NEWLINE][SIZE_12]</Text>
		</Row>
		<Row Tag="LOC_DIPLOACTION_DECLARE_WAR_NAME">
			<Text>SAVAS iLANI</Text>
		</Row>
		<Row Tag="LOC_DIPLOACTION_DECLARE_WAR_DESCRIPTION">
			<Text>Hemen bir savaş başlatmak için kullanılır.</Text>
		</Row>
		<Row Tag="DIPLOACTION_KEEP_DONT_ATTACK_CITY_STATE">
			<Text>Şehir Durumlarına Saldırmayacağına Söz Ver</Text>
		</Row>
		<Row Tag="DIPLOACTION_KEEP_DONT_ATTACK_ALLY">
			<Text>Müttefiklerime Saldırmayacağına Söz Ver</Text>
		</Row>
		<Row Tag="LOC_DIPLO_CHOICE_GENERATES_GRIEVANCES_INFO">
			<Text>Oluşturmak [COLOR_Civ6DarkRed]{1_WarmongerLevel}[ENDCOLOR] [ICON_STAT_GRIEVANCE] Şikâyet</Text>
		</Row>
    <Row Tag="LOC_DIPLO_CHOICE_GENERATES_GRIEVANCES_INFO_SUZERAIN">
      <Text>Oluşturmak [COLOR_Civ6DarkRed]{1_WarmongerLevel}[ENDCOLOR] [ICON_STAT_GRIEVANCE] Şikâyet (Hükümdar)</Text>
    </Row>
    <Row Tag="LOC_DIPLO_CHOICE_GENERATES_GRIEVANCES_INFO_ENVOYS_PRESENT">
      <Text>Oluşturmak [COLOR_Civ6DarkRed]{1_WarmongerLevel}[ENDCOLOR] [ICON_STAT_GRIEVANCE] Şikâyet (Elçiler Mevcut)</Text>
    </Row>
    <Row Tag="LOC_DIPLOACTION_WORLD_CONGRESS_TAB_TOOLTIP">
			<Text>[ICON_STAT_GRIEVANCE] Şikâyet günlüğünü görüntüleyin.</Text>
		</Row>
		<Row Tag="LOC_DIPLOACTION_INTEL_REPORT_GRIEVANCES">
			<Text>Intel Raporu: Şikâyet Günlüğü</Text>
		</Row>
		<Row Tag="LOC_GRIEVANCE_LOG_COMING_SOON">
			<Text>Şikâyet günlüğü, yakında geliyor...</Text>
		</Row>
		<Row Tag="LOC_DIPLOACTION_INTEL_GRIEVANCES">
			<Text>Şikâyet</Text>
		</Row>
		<Row Tag="LOC_DIPLOACTION_INTEL_AMOUNT">
			<Text>Miktar</Text>
		</Row>
		<Row Tag="LOC_DIPLOACTION_INTEL_TURN">
			<Text>Tur</Text>
		</Row>
		<Row Tag="LOC_DIPLOACTION_INTEL_REASON">
			<Text>Sebep</Text>
		</Row>
		<Row Tag="LOC_DIPLOACTION_INTEL_NO_GRIEVANCES">
			<Text>Bu liderle [ICON_STAT_GRIEVANCE] Şikâyet geçmişi yok.</Text>
		</Row>
		<Row Tag="LOC_DIPLOACTION_DECLARE_SURPRISE_WAR_DESCRIPTION">
			<Text>Hemen bir savaş başlatmak için kullanılır. [ICON_STAT_GRIEVANCE] Üretilen şikâyetler normalin %50 üzerinde arttı.</Text>
		</Row>
		<Row Tag="LOC_DIPLOACTION_DECLARE_HOLY_WAR_DESCRIPTION">
			<Text>Şehrinizden birini dini olarak dönüştüren bir güç üzerine savaş ilan etmek için kullanılır. Her zamanki yarının [ICON_STAT_GRIEVANCE] Şikayet yarattı.</Text>
		</Row>
		<Row Tag="LOC_DIPLOACTION_DECLARE_LIBERATION_WAR_DESCRIPTION">
			<Text>Arkadaşlarından veya müttefiklerinden bir şehir ele geçirmiş bir güçle savaş ilan ederken kullanılır. Hayır [ICON_STAT_GRIEVANCE] Bu şehirlerden herhangi birini serbest bırakmak için oluşturulan şikayetler.</Text>
		</Row>
		<Row Tag="LOC_DIPLOACTION_DECLARE_RECONQUEST_WAR_DESCRIPTION">
			<Text>Şehirlerinden birini ele geçiren bir güçle savaş ilan etmek için kullanılır. [ICON_STAT_GRIEVANCE] Hayır Şikayet oluşturuldu.</Text>
		</Row>
		<Row Tag="LOC_DIPLOACTION_DECLARE_PROTECTORATE_WAR_DESCRIPTION">
			<Text>Müttefik şehir devletlerinizden birine saldıran bir güce savaş ilan ederdim. Hayır [ICON_STAT_GRIEVANCE] Bu şehir devletini özgürleştirmek için yaratılan şikayetler.</Text>
		</Row>
		<Row Tag="LOC_DIPLOACTION_DECLARE_COLONIAL_WAR_DESCRIPTION">
			<Text>Arkanda iki teknoloji dönemi olan bir güce savaş ilan etmek için kullanılır. Her zamanki yarının [ICON_STAT_GRIEVANCE] Şikayet yarattı.</Text>
		</Row>
		<Row Tag="LOC_DIPLOACTION_DECLARE_TERRITORIAL_WAR_DESCRIPTION">
			<Text>İmparatorluğunuzu sınırlayan bir güce savaş ilan etmek için kullanılır. 2 rakibinizdeki 10 karo içerisinde 2 şehriniz olmalı. [ICON_STAT_GRIEVANCE] 'de %25 azalma yaratıldı.</Text>
		</Row>	
		<Row Tag="LOC_DIPLOACTION_DECLARE_GOLDEN_AGE_WAR_DESCRIPTION">
			<Text>Bir Altın Çağ'da iken "Silahlara!" İle bir oyuncuya savaş ilan ederdim. Adanmışlık. Normal meblağları beklemeden, bir medeniyeti kınadıktan hemen sonra kullanılabilir. Hangi şehirleri yakalayabileceğiniz konusunda hiçbir kısıtlama yok. [ICON_STAT_GRIEVANCE] 'de %75 azalma yaratıldı.</Text>
		</Row>
		<Row Tag="LOC_DIPLOACTION_DECLARE_WAR_OF_RETRIBUTION_DESCRIPTION">
			<Text>Son 30 turda size bir söz vermiş bir oyuncuya savaş ilan ederdim. Hangi şehirleri yakalayabileceğiniz konusunda hiçbir kısıtlama yok. Her zamanki yarının [ICON_STAT_GRIEVANCE] Oluşturulan şikayetler.</Text>
		</Row>
		<Row Tag="LOC_DIPLOACTION_DECLARE_IDEOLOGICAL_WAR_DESCRIPTION">
			<Text>Farklı bir Kademe 3 hükümette olan bir oyuncuya savaş ilan etmek için kullanılır. Hangi şehirleri yakalayabileceğiniz konusunda hiçbir kısıtlama yok. Her zamanki yarının [ICON_STAT_GRIEVANCE] Oluşturulan şikayetler.</Text>
		</Row>
		<Row Tag="LOC_DEAL_PLAYER_HAS_NO_CAP_ROOM">
			<Text>Bu öğenin maksimum tutarına zaten sahipsin.</Text>
		</Row>
		<Row Tag="LOC_DEAL_AI_HAS_NO_CAP_ROOM">
			<Text>Zaten bu maddenin azami miktarına sahipler.</Text>
		</Row>
	</BaseGameText>
</GameData>
