﻿<?xml version="1.0" encoding="utf-8"?>
<!-- edited with XMLSPY v2004 rel. 2 U (http://www.xmlspy.com) by Ed Beach (Firaxis Games) -->
<GameData>
  <EnglishText>
    <Row Tag="LOC_WC_RES_MERCENARY_COMPANIES_NAME">
      <Text>Paralı Şirketler</Text>
    </Row>
    <Row Tag="LOC_RESOLUTION_DIPLOVICTORY_NAME">
      <Text>Diplomatik Zafer</Text>
    </Row>
    <Row Tag="LOC_WC_RES_LUXURY_NAME">
      <Text>Lüks Politikası</Text>
    </Row>
    <Row Tag="LOC_WC_RES_TRADE_TREATY_NAME">
      <Text>Ticaret Politikası</Text>
    </Row>
    <Row Tag="LOC_WC_RES_WORLD_RELIGION_NAME">
      <Text>Dünya Dini</Text>
    </Row>
    <Row Tag="LOC_WC_RES_POWER_RESOURCE_NAME">
      <Text>Güç Politikası</Text>
    </Row>
    <Row Tag="LOC_WC_RES_FAVORED_UNITS_NAME">
      <Text>Dünya Onaylı Ordular</Text>
    </Row>
    <Row Tag="LOC_WC_RES_GOVERNANCE_DOCTRINE_NAME">
      <Text>Yönetişim Doktrini</Text>
    </Row>
    <Row Tag="LOC_WC_RES_ARMS_CONTROL_NAME">
      <Text>Silahların kontrolü</Text>
    </Row>
    <Row Tag="LOC_WC_RES_LOYAL_CITIZENS_NAME">
      <Text>Tercih Edilen Medeniyet</Text>
    </Row>
    <Row Tag="LOC_WC_RES_HERITAGE_ORG_NAME">
      <Text>Miras Organizasyonu</Text>
    </Row>
    <Row Tag="LOC_WC_RES_POLICY_TREATY_NAME">
      <Text>Politika Antlaşması</Text>
    </Row>
    <Row Tag="LOC_WC_RES_WORLD_IDEOLOGY_NAME">
      <Text>Dünya İdeolojisi</Text>
    </Row>
    <Row Tag="LOC_WC_RES_URBAN_DEVELOPMENT_NAME">
      <Text>Kentsel Kalkınma Antlaşması</Text>
    </Row>
    <Row Tag="LOC_WC_RES_BORDER_CONTROL_NAME">
      <Text>Sınır Kontrol Anlaşması</Text>
    </Row>
    <Row Tag="LOC_WC_RES_PUBLIC_WORKS_NAME">
      <Text>Bayındırlık Programı</Text>
    </Row>
    <Row Tag="LOC_WC_RES_PATRONAGE_NAME">
      <Text>Himaye</Text>
    </Row>
    <Row Tag="LOC_WC_RES_TREATY_ORGANIZATION_NAME">
      <Text>Antlaşma Teşkilatı</Text>
    </Row>
    <Row Tag="LOC_WC_RES_GLOBAL_ENERGY_TREATY_NAME">
      <Text>Küresel Enerji Anlaşması</Text>
    </Row>
    <Row Tag="LOC_WC_RES_SOVEREIGNTY_NAME">
      <Text>Egemenlik</Text>
    </Row>
    <Row Tag="LOC_WC_RES_MIGRATION_TREATY_NAME">
      <Text>Göç Antlaşması</Text>
    </Row>
    <Row Tag="LOC_WC_RES_DEFORESTATION_TREATY_NAME">
      <Text>Ormansızlaşma Antlaşması</Text>
    </Row>
    <Row Tag="LOC_WC_RES_PUBLIC_RELATIONS_NAME">
      <Text>Halkla ilişkiler</Text>
    </Row>
    <Row Tag="LOC_WC_RES_ESPIONAGE_PACT_NAME">
      <Text>Casus Paktı</Text>
    </Row>
    <Row Tag="LOC_WC_RES_MILITARY_ADVISORY_NAME">
      <Text>Askeri Danışmanlık</Text>
    </Row>
    <Row Tag="LOC_WORLD_CONGRESS_ADD_DIPLOVICTORY_DESC">
      <Text>Seçilen Oyuncu 2 Diplomatik Zafer puanı kazanır.</Text>
    </Row>
    <Row Tag="LOC_WORLD_CONGRESS_IMPROVE_LUXURY_DESC">
      <Text>Seçilen Lüks kaynak hibesinin kopyaları [ICON_Amenities] Olanaklar.</Text>
    </Row>
    <Row Tag="LOC_WORLD_CONGRESS_IMPROVE_TRADE_WTH_PLAYER_DESC">
      <Text>[ICON_TradeRoute] Seçilen oyuncuya gönderilen Ticaret Rotaları, gönderene +4 [ICON_Gold] Altın verir.  Seçilen oyuncu +1 [ICON_TradeRoute] Ticaret Yolu kapasitesi alır.</Text>
    </Row>
    <Row Tag="LOC_WORLD_CONGRESS_EMPOWER_RELIGION_DESC">
      <Text>Bu [ICON_Religion] Dininin tüm birimleri için +10 Güç (Savaş ve Dini).</Text>
    </Row>
    <Row Tag="LOC_WORLD_RELIGION_COMBAT_PREVIEW_DESCRIPTION">
      <Text>Dünya Dininden + {1_Amount}</Text>
    </Row>
    <Row Tag="LOC_WORLD_CONGRESS_IMPROVE_POWER_CONVERSION_RESOURCE_DESC">
      <Text>[WIP] Seçilen Güç kaynağını dönüştürmek iki kat daha etkilidir.</Text>
    </Row>
    <Row Tag="LOC_WORLD_CONGRESS_BAN_PRODUCTION_YIELD_DESC">
      <Text>Seçilen para birimi türünü kullanarak askeri birimler üretmek ya da satın almak, bir sonraki Dünya Kongresi'ne kadar maliyetin% + 100'üdür.</Text>
    </Row>
    <Row Tag="LOC_WORLD_CONGRESS_BUFF_PRODUCTION_YIELD_DESC">
      <Text>Seçilen para birimi türünü kullanarak askeri birimler üretmek ya da satın almak, bir sonraki Dünya Kongresi'ne kadar maliyetin% -50'sidir.</Text>
    </Row>
    <Row Tag="LOC_WORLD_CONGRESS_SUBTRACT_DIPLOVICTORY_DESC">
      <Text>Seçilen Oyuncu 3 Diplomatik Zafer puanı kaybeder.</Text>
    </Row>
    <Row Tag="LOC_WORLD_CONGRESS_BAN_LUXURY_DESC">
      <Text>Seçilen Lüks kaynak hiçbir [ICON_Amenities] Kolaylık sağlamaz.</Text>
    </Row>
    <Row Tag="LOC_WORLD_CONGRESS_BAN_TRADE_WITH_PLAYER_DESC">
      <Text>Diğer medeniyetler ve seçilen oyuncu arasındaki tüm uluslararası [ICON_TradeRoute] Ticaret Yollarını iptal eder ve yenilerinin başlamasını engeller.</Text>
    </Row>
    <Row Tag="LOC_WORLD_CONGRESS_BAN_RELIGION_DESC">
      <Text>Tüm oyuncular seçilen Din birimlerini kınayabilir ve bunu 25 [ICON_Favor] Diplomatik iyilik verir.</Text>
    </Row>
    <Row Tag="LOC_WORLD_CONGRESS_BAN_POWER_CONVERSION_RESOURCE_DESC">
      <Text>[WIP] Seçilen Güç kaynağını dönüştürmek yarısı kadar etkilidir.</Text>
    </Row>
    <Row Tag="LOC_WORLD_CONGRESS_NERF_UNITPROMOTIONCLASS_DESC">
      <Text>[WIP] Seçilen terfi sınıfında -5 [ICON_Strength] Savaş Gücü var.</Text>
    </Row>
    <Row Tag="LOC_WORLD_CONGRESS_BUFF_ARMS_CONTROL_DESC">
      <Text>Tüm oyuncuların Kitle İmha Silahları hedef oyuncuya eşittir.</Text>
    </Row>
    <Row Tag="LOC_WORLD_CONGRESS_NERF_ARMS_CONTROL_DESC">
      <Text>Hedef oyuncu tüm Kitle İmha Silahlarını kaybeder.</Text>
    </Row>
    <Row Tag="LOC_WORLD_CONGRESS_BUFF_PLAYER_LOYALTY_DESC">
      <Text>[WIP] Hedef oyuncunun şehirleri% 100 Sadık.</Text>
    </Row>
    <Row Tag="LOC_WORLD_CONGRESS_NERF_PLAYER_LOYALTY_DESC">
      <Text>[WIP] Hedef oyuncu başkalarının şehirlerine Sadakat baskısı uygulayamaz.</Text>
    </Row>
    <Row Tag="LOC_WORLD_CONGRESS_BUFF_WORK_TOURISM_DESC">
      <Text>[ICON_Tourism] Bu tür Büyük İşlerden gelen turizm ikiye katlanıyor.</Text>
    </Row>
    <Row Tag="LOC_WORLD_CONGRESS_NO_WORK_TOURISM_DESC">
      <Text>[ICON_Tourism] Bu tür Büyük İşlerden gelen turizm yok.</Text>
    </Row>
    <Row Tag="LOC_WORLD_CONGRESS_POLICY_FAVOR_DESC">
      <Text>[ICON_Favor] Diplomatik Kazanç Bu Politikanın Hükümetinizde aktif olduğu her turda lehine.</Text>
    </Row>
    <Row Tag="LOC_WORLD_CONGRESS_BAN_POLICY_DESC">
      <Text>Bu Politikanın kullanımını yasaklayın.</Text>
    </Row>
    <Row Tag="LOC_WORLD_CONGRESS_GAIN_WILDCARD_DESC">
      <Text>Bu Hükümet türü bir Joker ilke alanı kazanır.</Text>
    </Row>
    <Row Tag="LOC_WORLD_CONGRESS_LOSE_WILDCARD_DESC">
      <Text>Bu Hükümet türü bir Joker ilke yuvasını kaybeder.</Text>
    </Row>
    <Row Tag="LOC_WORLD_CONGRESS_DISTRICT_BUILDING_PRODUCTION_DESC">
      <Text>+%100 [ICON_Production] Bu bölgedeki binalara yönelik üretim.</Text>
    </Row>
    <Row Tag="LOC_WORLD_CONGRESS_NO_DISTRICT_BUILDING_DESC">
      <Text>Bu bölgede bina yapılamaz.</Text>
    </Row>
    <Row Tag="LOC_WORLD_CONGRESS_NO_CULTURE_BORDER_GROWTH_DESC">
      <Text>Bu oyuncunun sınırları [ICON_Culture] Kültürü aracılığıyla büyümeyecek.</Text>
    </Row>
    <Row Tag="LOC_WORLD_CONGRESS_DISTRICTS_CULTURE_BOMB_DESC">
      <Text>Bu oyuncu tarafından inşa edilen yeni bölgeler [ICON_Culture] Kültür bombaları gibi davranıyor.</Text>
    </Row>
    <Row Tag="LOC_WORLD_CONGRESS_BUFF_PROJECT_PRODUCTION_DESC">
      <Text>+%100 [ICON_Production] Bu Projeye yönelik üretim.</Text>
    </Row>
    <Row Tag="LOC_WORLD_CONGRESS_BAN_PROJECT_DESC">
      <Text>-%50 [ICON_Production] Bu Projeye yönelik üretim.</Text>
    </Row>
    <Row Tag="LOC_WORLD_CONGRESS_BUFF_GP_POINTS_DESC">
      <Text>Bu sınıftaki [ICON_GreatPerson] Harika İnsanlara karşı çift puan kazanın.</Text>
    </Row>
    <Row Tag="LOC_WORLD_CONGRESS_NO_GP_POINTS_DESC">
      <Text>[ICON_GreatPerson] Bu sınıfın Harika İnsanları için puan kazanılmadı.</Text>
    </Row>
    <Row Tag="LOC_WORLD_CONGRESS_DOUBLE_SUZERAIN_FAVOR_DESC">
      <Text>Çift [ICON_Favor] Diplomatik iyilik, bu tip bir Şehir Devleti Hükümdar olmasından kazanıldı.</Text>
    </Row>
    <Row Tag="LOC_WORLD_CONGRESS_BAN_BUILDING_DESC">
      <Text>Bu tip binaların üretimini yasaklayın.</Text>
    </Row>
    <Row Tag="LOC_WORLD_CONGRESS_BUILDING_DISCOUNT_DESC">
      <Text>Bu tip binaların üretiminde% 50 indirim.</Text>
    </Row>
    <Row Tag="LOC_WORLD_CONGRESS_NO_SUZERAIN_FAVOR_DESC">
      <Text>Hiçbir [ICON_Favor] Diplomatik İyilik, bu tür bir Şehir Devleti Hükümdarı olmasından kazanıldı.</Text>
    </Row>
    <Row Tag="LOC_WORLD_CONGRESS_FAVOR_FROM_TRADE_AND_ENVOYS_WITH_MINORS_DESC">
      <Text>Bu tür bir Şehir Eyaletine [ICON_TradeRoute] Ticaret Rotaları gönderirken Şehir Eyaletlerinin verim türünün +%100'ü.</Text>
    </Row>
    <Row Tag="LOC_WORLD_CONGRESS_NO_SUZERAIN_BONUS_DESC">
      <Text>Bu tür şehir devletleri benzersiz Hükümdar bonuslarını sağlamaz.</Text>
    </Row>
    <Row Tag="LOC_WORLD_CONGRESS_FAVOR_FROM_GOVERNOR_DESC">
      <Text>Belirtilen [ICON_Governor] Vali türünün atanması ve tanıtılması 15 [ICON_Favor] Diplomatik iyilik verir.</Text>
    </Row>
    <Row Tag="LOC_WORLD_CONGRESS_NEUTRALIZE_GOVERNOR_TYPE_DESC">
      <Text>Belirtilen tipteki tüm aktif [ICON_Governor] Valiler 6 Tur için nötralize edilmiştir.</Text>
    </Row>
    <Row Tag="LOC_WORLD_CONGRESS_MORE_GROWTH_LESS_LOYALTY_DESC">
      <Text>+%20 daha hızlı [ICON_Citizen] Nüfus artışı ancak bu oyuncunun şehirlerindeki tur başına -5 Sadakat.</Text>
    </Row>
    <Row Tag="LOC_WORLD_CONGRESS_LESS_GROWTH_MORE_LOYALTY_DESC">
      <Text>Tur başına +5 sadakat ancak -%20 [ICON_Citizen] Bu oyuncunun şehirlerindeki nüfus artışı.</Text>
    </Row>
    <Row Tag="LOC_WORLD_CONGRESS_DEFORESTATION_BAN_DESC">
      <Text>Seçilen türün parçalanmasını veya temizlenmesini engeller.</Text>
    </Row>
    <Row Tag="LOC_WORLD_CONGRESS_DEFORESTATION_GOLD_DESC">
      <Text>Seçilen türün Temizleme Özellikleri, [ICON_Production] Üretimi ve [ICON_Food] Yiyeceklerine eşit [ICON_Gold] Altın verir.</Text>
    </Row>
    <Row Tag="LOC_WORLD_CONGRESS_PUBLIC_RELATIONS_MORE_GRIEVANCES_DESC">
      <Text>Seçilen oyuncu %100 daha fazla [ICON_STAT_GRIEVANCE] Şikayet üretir ve diğer oyuncular bu oyuncuya karşı %100 daha [ICON_STAT_GRIEVANCE] Şikayet üretir.</Text>
    </Row>
    <Row Tag="LOC_WORLD_CONGRESS_PUBLIC_RELATIONS_FEWER_GRIEVANCES_DESC">
      <Text>Seçilen oyuncu %50 daha az [ICON_STAT_GRIEVANCE] Şikayet üretir ve diğer oyuncular bu oyuncuya karşı %50 daha az [ICON_STAT_GRIEVANCE] Şikayet üretir.</Text>
    </Row>
    <Row Tag="LOC_WORLD_CONGRESS_PUBLIC_ESPIONAGE_PACT_BUFF_DESC">
      <Text>Seçilen İşletim fonksiyonunu 2 seviye daha çalıştıran casuslar.</Text>
    </Row>
    <Row Tag="LOC_WORLD_CONGRESS_PUBLIC_ESPIONAGE_PACT_DISABLE_DESC">
      <Text>Seçilen İşlem kullanılamıyor.</Text>
    </Row>
    <Row Tag="LOC_WORLD_CONGRESS_MILITARY_ADVISORY_BUFF_DESC">
      <Text>Seçilen terfi sınıfının birimleri +5 Savaş Gücü kazanır.</Text>
    </Row>
    <Row Tag="LOC_WORLD_CONGRESS_MILITARY_ADVISORY_NERF_DESC">
      <Text>Seçilen terfi sınıfının birimleri 5 Savaş Gücü kaybeder.</Text>
    </Row>
    <Row Tag="LOC_COMBAT_PREVIEW_MILITARY_ADVISORY_MILITARY_BUFF">
      <Text>Askeri Tavsiye Kararından {1_Value: number + #; - #}</Text>
    </Row>
    <Row Tag="LOC_COMBAT_PREVIEW_MILITARY_ADVISORY_MILITARY_DEBUFF">
      <Text>[COLOR_RED] Askeri Tavsiye Kararından {1_Value: number + #; - #} [ENDCOLOR]</Text>
    </Row>
    <!--Additional UI Text-->
    <Row Tag="LOC_WORLD_CONGRESS_SELECT_AN_OUTCOME">
      <Text>Bu Karar için bir sonuç seçin:</Text>
    </Row>
    <Row Tag="LOC_WORLD_CONGRESS_UNIT_ACCESS_BAN_PRODUCTION">
      <Text>Ünitelerin üretimi Dünya Kongresi'nin bir görevi ile yasaklanmıştır.</Text>
    </Row>
    <Row Tag="LOC_WORLD_CONGRESS_UNIT_ACCESS_BAN_GOLD">
      <Text>[ICON_Gold] Altın ile birimlerin satın alınması Dünya Kongresi'nin bir görevi ile yasaklandı.</Text>
    </Row>
    <Row Tag="LOC_WORLD_CONGRESS_UNIT_ACCESS_BAN_FAITH">
      <Text>[ICON_Faith] İnancına sahip birimlerin satın alınması Dünya Kongresi'nin bir görevi ile yasaklandı.</Text>
    </Row>
    <!-- Proposal UI Text -->
    <Row Tag="LOC_WC_PROPOSAL_TYPE_AID_REQUEST_NAME">
      <Text>Yardım Talebi</Text>
    </Row>
    <Row Tag="LOC_WC_PROPOSAL_TYPE_EMERGENCY_NAME">
      <Text>Acil Durumlar</Text>
    </Row>
    <Row Tag="LOC_WC_PROPOSAL_TYPE_COMPETITION_NAME">
      <Text>Yarışmalar</Text>
    </Row>
    <Row Tag="LOC_WC_VOTING_BLOCKER_NOT_BLOCKING_DESC">
      <Text>Bu Tartışma için veya bu Tartışma için oy kullanabilirsiniz.</Text>
    </Row>
    <Row Tag="LOC_WC_VOTING_BLOCKER_AM_TARGET_OF_HOSTILE_DESC">
      <Text>Bu Tartışma lehine oy kullanamazsınız.  Hedef oyuncu sizsiniz.</Text>
    </Row>
    <Row Tag="LOC_WC_VOTING_BLOCKER_AM_TARGET_OF_FRIENDLY_DESC">
      <Text>Bu Tartışmaya karşı oy kullanamazsınız.  Hedef oyuncu sizsiniz.</Text>
    </Row>
    <Row Tag="LOC_WC_VOTING_BLOCKER_HAVENT_MET_TARGET_DESC">
      <Text>Bu Tartışma için oy kullanamazsınız.  Hedef oyuncu ile tanışmadınız.</Text>
    </Row>
    <Row Tag="LOC_WC_VOTING_BLOCKER_NOT_INVITED_TO_EMERGENCY_DESC">
      <Text>Bu Tartışma için oy kullanamazsınız.  Acil duruma taraf değilsiniz.</Text>
    </Row>
    <Row Tag="LOC_WC_PROPOSAL_BLOCKER_ALREADY_PROPOSED_DESC">
      <Text>Bu Tartışma için bu Dünya Kongresi'ni zaten önerdiniz.</Text>
    </Row>
    <Row Tag="LOC_WC_PROPOSAL_BLOCKER_CONGRESS_LOCKOUT_DESC">
      <Text>Dünya Kongresi Özel Oturumu bittikten kısa bir süre sonra çağrılamaz.</Text>
    </Row>
    <Row Tag="LOC_OPERATION_REMOVE_FEATURE_BANNED">
      <Text>[COLOR_RED] Bu Özelliğin kaldırılması Dünya Kongresi tarafından yasaklandı. [ENDCOLOR]</Text>
    </Row>
    <Row Tag="LOC_WORLD_CONGRESS_PREVIOUS_TOOLTIP_A_WON">
      <Text>Dünya Kongresi bu kararı en son değerlendirdiğinde, seçilen seçenek {1_Target} hedeflemesidir.</Text>
    </Row>
    <Row Tag="LOC_WORLD_CONGRESS_PREVIOUS_TOOLTIP_B_WON">
      <Text>Dünya Kongresi bu kararı en son değerlendirdiğinde, seçilen seçenek B {1_Target} hedeflemesiydi.</Text>
    </Row>
    <Row Tag="LOC_WORLD_CONGRESS_PREVIOUS_TOOLTIP_WAS_TIE">
      <Text>[ICON_BOLT] Buna bir kırıcı tarafından karar verildi</Text>
    </Row>
    <Row Tag="LOC_WORLD_CONGRESS_PREVIOUS_TOOLTIP_A_SOLE_VOTE">
      <Text>[ICON_BOLT] A seçeneği için {1_PlayerName} tek seçmen oldu</Text>
    </Row>
    <Row Tag="LOC_WORLD_CONGRESS_PREVIOUS_TOOLTIP_B_SOLE_VOTE">
      <Text>[ICON_BOLT] B seçeneği için tek seçen {1_PlayerName} oldu</Text>
    </Row>
    <Row Tag="LOC_WORLD_CONGRESS_PREVIOUS_TOOLTIP_TARGET_SOLE_VOTE">
      <Text>[ICON_BOLT] {1_PlayerName}, {2_Target} için tek seçmen oldu</Text>
    </Row>
    <Row Tag="LOC_WORLD_CONGRESS_PREVIOUS_TOOLTIP_NECK_AND_NECK_A">
      <Text>[ICON_BOLT] Seçenek A zar zor yenildi Seçenek B</Text>
    </Row>
    <Row Tag="LOC_WORLD_CONGRESS_PREVIOUS_TOOLTIP_NECK_AND_NECK_B">
      <Text>[ICON_BOLT] Seçenek B, Seçenek A'yı zar zor mağlup etti</Text>
    </Row>
    <Row Tag="LOC_WORLD_CONGRESS_PREVIOUS_TOOLTIP_NECK_AND_NECK_TARGET">
      <Text>[ICON_BOLT] {1_Target}, {2_SecondPlaceTarget} üzerindeki hedef olarak zar zor seçildi</Text>
    </Row>
    <Row Tag="LOC_WORLD_CONGRESS_PREVIOUS_TOOLTIP_UNANIMOUS_A">
      <Text>[ICON_BOLT] Seçenek A oybirliğiyle seçildi</Text>
    </Row>
    <Row Tag="LOC_WORLD_CONGRESS_PREVIOUS_TOOLTIP_UNANIMOUS_B">
      <Text>[ICON_BOLT] Seçenek B oybirliğiyle seçildi</Text>
    </Row>
    <Row Tag="LOC_WORLD_CONGRESS_PREVIOUS_TOOLTIP_UNANIMOUS_TARGET">
      <Text>[ICON_BOLT] {1_Target} oybirliğiyle hedef olarak seçildi</Text>
    </Row>
    <Row Tag="LOC_WORLD_CONGRESS_PREVIOUS_TOOLTIP_MAJORITY_A">
      <Text>[ICON_BOLT] {1_Player}, Seçenek A'ya öncülük etti</Text>
    </Row>
    <Row Tag="LOC_WORLD_CONGRESS_PREVIOUS_TOOLTIP_MAJORITY_B">
      <Text>[ICON_BOLT] {1_Player} B Seçeneğinin önünü açtı</Text>
    </Row>
    <Row Tag="LOC_WORLD_CONGRESS_PREVIOUS_TOOLTIP_MAJORITY_TARGET">
      <Text>[ICON_BOLT] {1_Player}, {2_Target} için en çok oyu verdi</Text>
    </Row>
    <Row Tag="LOC_DVP_TOOLTIP_AGREEING_RESOLUTIONS">
      <Text>[ICON_BOLT] Kongre Katılımından {1_Amount}</Text>
    </Row>
    <Row Tag="LOC_DVP_TOOLTIP_DVP_RESOLUTION">
      <Text>[ICON_BOLT] Diplomatik Zafer Kararından {1_Amount}</Text>
    </Row>
    <Row Tag="LOC_DVP_TOOLTIP_SCORED_COMPETITIONS">
      <Text>[ICON_BOLT] Puanlı Müsabakalardan {1_Amount}</Text>
    </Row>
    <Row Tag="LOC_DVP_TOOLTIP_OTHER_SOURCES">
      <Text>[ICON_BOLT] Harikalar, Teknikler ve Yurttaşlıktan {1_Amount}</Text>
    </Row>
  </EnglishText>
</GameData>