<?xml version="1.0" encoding="utf-8"?>
<GameData>
	<BaseGameText>
		<!--Rock Band-->
		<Row Tag="LOC_PROMOTION_CLASS_ROCK_BAND_NAME">
			<Text>Rock Grubu</Text>
		</Row>
		<Row Tag="LOC_PROMOTION_ALBUM_COVER_ART_NAME">
			<Text>Albüm Kapağı Resmi</Text>
		</Row>
		<Row Tag="LOC_PROMOTION_ARENA_ROCK_NAME">
			<Text>Arena Kayası</Text>
		</Row>
		<Row Tag="LOC_PROMOTION_GLAM_ROCK_NAME">
			<Text>Glam Rock</Text>
		</Row>
		<Row Tag="LOC_PROMOTION_GOES_TO_NAME">
			<Text>11'e gidiyor</Text>
		</Row>
		<Row Tag="LOC_PROMOTION_INDIE_NAME">
			<Text>Bağımsız</Text>
		</Row>
		<Row Tag="LOC_PROMOTION_MUSIC_FESTIVAL_NAME">
			<Text>Müzik Festivali</Text>
		</Row>
		<Row Tag="LOC_PROMOTION_POP_NAME">
			<Text>Pop Star</Text>
		</Row>
		<Row Tag="LOC_PROMOTION_REGGAE_ROCK_NAME">
			<Text>Reggae Kayası</Text>
		</Row>
		<Row Tag="LOC_PROMOTION_RELIGIOUS_ROCK_NAME">
			<Text>Dini Kaya</Text>
		</Row>
		<Row Tag="LOC_PROMOTION_ROADIES_NAME">
			<Text>Roadies</Text>
		</Row>
		<Row Tag="LOC_PROMOTION_SPACE_ROCK_NAME">
			<Text>Gök Taşı</Text>
		</Row>
		<Row Tag="LOC_PROMOTION_SURF_ROCK_NAME">
			<Text>Sörf Grubu</Text>
		</Row>
		<!--Spy-->
		<Row Tag="LOC_PROMOTION_SPY_SATCHEL_CHARGES_NAME">
			<Text>Canta Masrafları</Text>
		</Row>
		<Row Tag="LOC_PROMOTION_SPY_SURVEILLANCE_NAME">
			<Text>Gözetim</Text>
		</Row>
		<Row Tag="LOC_PROMOTION_SPY_POLYGRAPH_NAME">
			<Text>Poligraf</Text>
		</Row>
		<!--Rock Band Description-->
		<Row Tag="LOC_PROMOTION_ALBUM_COVER_ART_DESCRIPTION">
			<Text>Harika petekler 2 kat daha deneyimliymiş gibi yapar.</Text>
		</Row>
		<Row Tag="LOC_PROMOTION_ARENA_ROCK_DESCRIPTION">
			<Text>Eğlence Kompleksi bölge döşemelerinde 2 kat daha deneyimliymiş gibi çalışır.</Text>
		</Row>
		<Row Tag="LOC_PROMOTION_GLAM_ROCK_DESCRIPTION">
			<Text>Tiyatro Meydanı bölge fayanslarında 2 kat daha deneyimliymiş gibi çalışır.</Text>
		</Row>
		<Row Tag="LOC_PROMOTION_GOES_TO_DESCRIPTION">
			<Text>10 karo içindeki medeniyetler bu konserden [ICON_TOURISM] Turizmi'nin %50'sini alıyor.</Text>
		</Row>
		<Row Tag="LOC_PROMOTION_INDIE_DESCRIPTION">
			<Text>Konser vermek, o şehrin 50 sadakatini kaybetmesine neden oluyor.</Text>
		</Row>
		<Row Tag="LOC_PROMOTION_MUSIC_FESTIVAL_DESCRIPTION">
			<Text>Milli Parklarda beklenen 1000 [ICON_TOURISM] Turizm ve 1 seviye daha deneyimli.</Text>
		</Row>
		<Row Tag="LOC_PROMOTION_POP_DESCRIPTION">
			<Text>Üretilen [ICON_Tourism] Turizmin %50'sine eşit [ICON_GOLD] Altın kazanın.</Text>
		</Row>
		<Row Tag="LOC_PROMOTION_REGGAE_ROCK_DESCRIPTION">
			<Text>Su Parkı semt karolarında 2 kat daha yaşanmış gibi çalışır.</Text>
		</Row>
		<Row Tag="LOC_PROMOTION_RELIGIOUS_ROCK_DESCRIPTION">
			<Text>Bu şehrin çoğunluk dinini, oyuncunun kurduğu dine dönüştüren bir konser veriyor.</Text>
		</Row>
		<Row Tag="LOC_PROMOTION_ROADIES_DESCRIPTION">
			<Text>+4 [ICON_Movement] Hareket.</Text>
		</Row>
		<Row Tag="LOC_PROMOTION_SPACE_ROCK_DESCRIPTION">
			<Text>Uzaylimanı'nda beklenen 1000 [ICON_TOURISM] Turizm ve 1 seviye daha deneyimli için gerçekleştirir.</Text>
		</Row>
		<Row Tag="LOC_PROMOTION_SURF_ROCK_DESCRIPTION">
			<Text>Yazlık Tatil Köyleri'nde beklenen 500 [ICON_TOURISM] Turizm ve 1 seviye daha deneyimli konserler.</Text>
		</Row>
		<!--Spy-->
		<Row Tag="LOC_PROMOTION_SPY_SATCHEL_CHARGES_DESCRIPTION">
			<Text>İhlal Barajı 2 seviye daha yaşanmış gibi.</Text>
		</Row>
		<Row Tag="LOC_PROMOTION_SPY_SURVEILLANCE_DESCRIPTION">
			<Text>Karşı ilmek yaparken tüm şehir bölgeleri savunulur (ve 1 petek içindeki ilçelerde +1 seviyesi).</Text>
		</Row>
		<Row Tag="LOC_PROMOTION_SPY_POLYGRAPH_DESCRIPTION">
			<Text>Eğer bu Casus kendi topraklarındaysa, topraklarınızdaki düşman Casusları normalden 1 kat daha az çalışır.</Text>
		</Row>
		<!--Giant Death Robot-->
		<Row Tag="LOC_PROMOTION_CLASS_GIANT_DEATH_ROBOT_NAME">
			<Text>Sinelyin</Text>
		</Row>
		<Row Tag="LOC_PROMOTION_GDR_AA_DEFENSE_NAME">
			<Text>Dron Hava Savunma</Text>
		</Row>
		<Row Tag="LOC_PROMOTION_GDR_AA_DEFENSE_DESCRIPTION">
			<Text>[ICON_AntiAir_Large] Hava Karşıtı Savunma Gücü 100'e yükseldi.</Text>
		</Row>
		<Row Tag="LOC_PROMOTION_GDR_SIEGE_LASER_NAME">
			<Text>Parcacık Kirisi Kusatma Topu</Text>
		</Row>
		<Row Tag="LOC_PROMOTION_GDR_SIEGE_LASER_DESCRIPTION">
			<Text>Şehirler ve Yerleşimlere karşı yapılan saldırılar% 100 etkili ve +30 [ICON_Ranged] Menzil Gücü kazanıyor.</Text>
		</Row>
		<Row Tag="LOC_PROMOTION_GDR_BONUS_MOVEMENT_NAME">
			<Text>Gelistirilmis Hareketlilik</Text>
		</Row>
		<Row Tag="LOC_PROMOTION_GDR_BONUS_MOVEMENT_DESCRIPTION">
			<Text>+3 [ICON_Movement] Hareket. Dağlık araziyi geçmek için bir Atlama eylemi gerçekleştirebilir.</Text>
		</Row>
		<Row Tag="LOC_PROMOTION_GDR_ARMOR_UPGRADE_NAME">
			<Text>Güclendirilmis Zırh Kaplama</Text>
		</Row>
		<Row Tag="LOC_PROMOTION_GDR_ARMOR_UPGRADE_DESCRIPTION">
			<Text>+10 [ICON_Strength] Kara ve deniz birimlerine karşı savunma yaparken Güçle Mücadele.</Text>
		</Row>
	</BaseGameText>
</GameData>
