<?xml version="1.0" encoding="utf-8"?>
<!-- edited with XMLSPY v2004 rel. 2 U (http://www.xmlspy.com) by Ed Beach (Firaxis Games) -->
<GameData>
	<BaseGameText>
		<!-- Human Declares War -->
		<Row Tag="LOC_DIPLO_DECLARE_WAR_FROM_HUMAN_LEADER_DIDO_ANY">
			<Text>Savaş? Aptal mısın? Sizin şehirleriniz Epirus ve Saguntum'un kaderini çekecek.</Text>
		</Row>
		<Row Tag="LOC_DIPLO_DECLARE_WAR_FROM_HUMAN_LEADER_ELEANOR_ENGLAND_ANY">
			<Text>Şimdi birbirimizle savaşmak zorunda olduğumuza pişmanım - ama çok az pişmanım.</Text>
		</Row>
		<Row Tag="LOC_DIPLO_DECLARE_WAR_FROM_HUMAN_LEADER_ELEANOR_FRANCE_ANY">
			<Text>Şimdi birbirimizle savaşmak zorunda olduğumuza pişmanım - ama çok az pişmanım.</Text>
		</Row>
		<Row Tag="LOC_DIPLO_DECLARE_WAR_FROM_HUMAN_LEADER_KRISTINA_ANY">
			<Text>İsveç dünyayı tehdit edenlere ceza verecek. Kendini savaşa hazırla.</Text>
		</Row>
		<Row Tag="LOC_DIPLO_DECLARE_WAR_FROM_HUMAN_LEADER_KUPE_ANY">
			<Text>Oradaki büyük sivil lidere savaş beyanıyla bak! Harika iş dostum. Gerçekten ne kadar zor olduğunu gösteriyor.</Text>
		</Row>
		<Row Tag="LOC_DIPLO_DECLARE_WAR_FROM_HUMAN_LEADER_LAURIER_ANY">
			<Text>Sizinle barışçıl bir çözüme ulaşamayacağımız için Kanada, isteksizce savaşa dönüşmeli.</Text>
		</Row>
		<Row Tag="LOC_DIPLO_DECLARE_WAR_FROM_HUMAN_LEADER_MANSA_MUSA_ANY">
			<Text>Yeterli! Benim hoşgörüm burada bitiyor! Sahte barış yerine aramızda savaş olmalı.</Text>
		</Row>
		<Row Tag="LOC_DIPLO_DECLARE_WAR_FROM_HUMAN_LEADER_MATTHIAS_CORVINUS_ANY">
			<Text>Elbette bir gün aramızda savaş olacağını bilmek zorundaydın.</Text>
		</Row>
		<Row Tag="LOC_DIPLO_DECLARE_WAR_FROM_HUMAN_LEADER_PACHACUTI_ANY">
			<Text>Şimdi savaş zamanı. Savaşçılarımızın damgasını duy - puma'nın kalbi olan savaşçıları.</Text>
		</Row>
		<Row Tag="LOC_DIPLO_DECLARE_WAR_FROM_HUMAN_LEADER_SULEIMAN_ANY">
			<Text>İyi. Dünya, ordularımın tartışılmaz kudretine ve İmparatorluğun yüceliğine şahit olacak.</Text>
		</Row>
		<!-- AI Declares War -->
		<Row Tag="LOC_DIPLO_DECLARE_WAR_FROM_AI_LEADER_DIDO_ANY">
			<Text>Şimdi aramızda savaş var. Denizlere bakın - zaten ufuk filomun yelkenleriyle doludur.</Text>
		</Row>
		<Row Tag="LOC_DIPLO_DECLARE_WAR_FROM_AI_LEADER_ELEANOR_ENGLAND_ANY">
			<Text>Zayıf bir yönetici tarafından yönetilen zayıf topraklar görüyorum. Ordularımın seni devirmek için toplandıklarını görüyorsun.</Text>
		</Row>
		<Row Tag="LOC_DIPLO_DECLARE_WAR_FROM_AI_LEADER_ELEANOR_FRANCE_ANY">
			<Text>Zayıf bir yönetici tarafından yönetilen zayıf topraklar görüyorum. Ordularımın seni devirmek için toplandıklarını görüyorsun.</Text>
		</Row>
		<Row Tag="LOC_DIPLO_DECLARE_WAR_FROM_AI_LEADER_KRISTINA_ANY">
			<Text>İsveç dünya kötülüklerini geri itmek için rolünü üstlenecek. Sanat bunu yapmanın bir yolu - seninle savaş başka.</Text>
		</Row>
		<Row Tag="LOC_DIPLO_DECLARE_WAR_FROM_AI_LEADER_KUPE_ANY">
			<Text>Sen ölümü seçtin! İnsanların kurtuldu ve inledi! Evlerin direkleri sallanıyor, tüm toprakların titriyor!</Text>
		</Row>
		<Row Tag="LOC_DIPLO_DECLARE_WAR_FROM_AI_LEADER_LAURIER_ANY">
			<Text>Belirsiz bir malignite Kanada ile ilişkinizi tanımladığından, savaştan başka bir kaynağımız yoktur.</Text>
		</Row>
		<Row Tag="LOC_DIPLO_DECLARE_WAR_FROM_AI_LEADER_MANSA_MUSA_ANY">
			<Text>İlerlemen okyanuslar kadar derin. Aman Tanrım, bunu yenebileceğimi söyle!</Text>
		</Row>
		<Row Tag="LOC_DIPLO_DECLARE_WAR_FROM_AI_LEADER_MATTHIAS_CORVINUS_ANY">
			<Text>İsyanınız bu savaşı kışkırttı ve Kara Orduyu sizin için zafere götürmekten mutluluk duyarım.</Text>
		</Row>
		<Row Tag="LOC_DIPLO_DECLARE_WAR_FROM_AI_LEADER_PACHACUTI_ANY">
			<Text>Aramızda savaş olsun! Topraklarını güreşeceğim ve özne ile güçlerini yöneteceğim.</Text>
		</Row>
		<Row Tag="LOC_DIPLO_DECLARE_WAR_FROM_AI_LEADER_SULEIMAN_ANY">
			<Text>Devam etmekte olan küstahlık ve üstünlüğümü tanımakta başarısız olmamız bizi savaşa götürür.</Text>
		</Row>
	</BaseGameText>
</GameData>
