<?xml version="1.0" encoding="utf-8"?>
<!-- edited with XMLSPY v2004 rel. 2 U (http://www.xmlspy.com) by Ed Beach (Firaxis Games) -->
<GameData>
	<EnglishText>
		<Row Tag="LOC_UNIT_SKIRMISHER_NAME">
			<Text>AVCI</Text>
		</Row>
		<Row Tag="LOC_UNIT_SKIRMISHER_DESCRIPTION">
			<Text>Ortaçağ dönemi keşif birimi.</Text>
		</Row>
		<Row Tag="LOC_UNIT_COURSER_NAME">
			<Text>Süvari</Text>
		</Row>
		<Row Tag="LOC_UNIT_COURSER_DESCRIPTION">
			<Text>Ortaçağ dönemi hafif süvari birimi.</Text>
		</Row>
		<Row Tag="LOC_UNIT_CUIRASSIER_NAME">
			<Text>Zırhlı Süvari</Text>
		</Row>
		<Row Tag="LOC_UNIT_CUIRASSIER_DESCRIPTION">
			<Text>Endüstriyel Çağ ağır süvari ünitesi.</Text>
		</Row>
		<Row Tag="LOC_UNIT_GIANT_DEATH_ROBOT_NAME">
			<Text>Dev Ölüm Robotu</Text>
		</Row>
		<Row Tag="LOC_UNIT_GIANT_DEATH_ROBOT_DESCRIPTION">
			<Text>Bilgi Dönemi Süper Birimi. Suda hareket edebilme ve savaşabilme. Gelecekteki teknolojileri araştırmak suretiyle mücadele yetenekleri geliştirilebilir.</Text>
		</Row>
		<Row Tag="LOC_UNIT_MILITARY_ENGINEER_DESCRIPTION">
			<Text>Ortaçağ dönemi destek birimi. Üretmek için bir Silahlık gerektirir. Karayolları, Demiryolları, Uçak Gemileri, Uçak Pistleri, Füze Siloları ve Dağ Tüneli geliştirmeleri yapabilir. Yapım masraflarından biri de bir Kanal veya Baraj bölgesinin %20'sini tamamlamak için kullanılabilir.</Text>
		</Row>
		<Row Tag="LOC_UNIT_MILITARY_ENGINEER_ALT_DESCRIPTION">
			<Text>Ortaçağ dönemi destek birimi. Üretmek için bir Armory gerektirir. Yollar, Demiryolları, Kaleler, Hava Yolları, Füze Siloları ve Dağ Tüneli iyileştirmeleri inşa edebilir. Yapım masraflarından biri Kanal, Baraj veya Su Kemeri bölgesinin veya Taşkın Bariyeri binasının %20'sini tamamlamak için de kullanılabilir.</Text>
		</Row>
		<!--Rock Band Text-->
		<Row Tag="LOC_UNIT_ROCK_BAND_NAME">
			<Text>Rock Grubu</Text>
		</Row>
		<Row Tag="LOC_UNIT_ROCK_BAND_DESCRIPTION">
			<Text>Harikalar da dahil olmak üzere geçerli bir mekanda, gerekli binalardan birinin bulunduğu bir bölgede veya grubun tanıtımlarından birinin izin verdiği özel bir hedefe rock konseri verebilir. Albüm Satış statleri bir sonraki konserinde beklenen [ICON_TOURISM] Turizm gücü. Konser yaptıktan sonra Albüm Satışları ve Rock Band Seviyesi artabilir. [ICON_Faith] İnanç ile satın alınmalıdır. Aynı karo üzerinde iki kez gerçekleştirilemiyor.</Text>
		</Row>
		<Row Tag="LOC_RESULT_LEGENDS_OF_ROCK_NAME">
			<Text>Kaya Efsaneleri</Text>
		</Row>
		<Row Tag="LOC_RESULT_HEADLINERS_NAME">
			<Text>Assolist</Text>
		</Row>
		<Row Tag="LOC_RESULT_RISING_STARS_NAME">
			<Text>Yükselen Yıldızlar</Text>
		</Row>
		<Row Tag="LOC_RESULT_OPENING_ACT_NAME">
			<Text>Açılış Yasası</Text>
		</Row>
		<Row Tag="LOC_RESULT_CREATIVE_DIFFERENCES_NAME">
			<Text>Yaratıcı Farklılıklar</Text>
		</Row>
		<Row Tag="LOC_RESULT_AGING_ROCKERS_NAME">
			<Text>Yaşlanma Rockers</Text>
		</Row>
		<!--Updated Text-->
		<Row Tag="LOC_UNIT_INQUISITOR_EXPANSION2_DESCRIPTION">
			<Text>Bölgelerinde diğer Dinlerin varlığını %75 azaltabilir ve diğer Dinlerin birimleri ile teolojik mücadele başlatabilir.</Text>
		</Row>
		<Row Tag="LOC_UNIT_BATTERING_RAM_EXPANSION2_DESCRIPTION">
			<Text>Eski çağ destek birimi. Bir şehre bitişikken, yakın dövüş ve yakın süvari birimlerine saldırmak şehrin Duvarlarına tam zarar verir. Ortaçağ veya Rönesans Surları olan şehirleri etkilemez. Kentsel Savunmaya Karşı Etkisiz.</Text>
		</Row>
		<Row Tag="LOC_UNIT_SIEGE_TOWER_EXPANSION2_DESCRIPTION">
			<Text>Eski çağ destek birimi. Bir şehre bitişikken, yakın dövüş ve yakın süvari. Etkilemek veya Rönesans Surları olan şehirleri etkilemez. Kentsel Savunmaya Karşı Etkisiz.</Text>
		</Row>
	</EnglishText>
</GameData>
