<?xml version="1.0" encoding="utf-8"?>
<!-- edited with XMLSPY v2004 rel. 2 U (http://www.xmlspy.com) by Ed Beach (Firaxis Games) -->
<GameData>
	<BaseGameText>
		<!-- Dido Diplo Text -->
		<Row Tag="LOC_DIPLO_ACCEPT_DECLARE_FRIEND_FROM_HUMAN_LEADER_DIDO_ANY">
			<Text>Bizimki gibi iki büyük insan böyle bir anlaşmayı paylaştığında, onları arkadaş olarak çağırmak doğru olur.</Text>
		</Row>
		<Row Tag="LOC_DIPLO_REJECT_DECLARE_FRIEND_FROM_HUMAN_LEADER_DIDO_ANY">
			<Text>Kendini övdün. Phoenicia, milletinizin varlığını kabul eder - ancak karşılıklı bir dostluğu tanımıyoruz.</Text>
		</Row>
		<Row Tag="LOC_DIPLO_DECLARE_FRIEND_FROM_AI_LEADER_DIDO_ANY">
			<Text>Gelin, zarif olanı ve dünyaya Phoenicia'nın arkadaşı olarak durduğunu ilan et!</Text>
		</Row>
		<Row Tag="LOC_DIPLO_ACCEPT_DECLARE_FRIEND_FROM_AI_LEADER_DIDO_ANY">
			<Text>Evet. Buna yemin ederim.</Text>
		</Row>
		<Row Tag="LOC_DIPLO_REJECT_DECLARE_FRIEND_FROM_AI_LEADER_DIDO_ANY">
			<Text>Buna rıza göstermiyorum.</Text>
		</Row>
		<Row Tag="LOC_DIPLO_ACCEPT_DELEGATION_FROM_HUMAN_LEADER_DIDO_ANY">
			<Text>Heyetiniz kabul edilir ve aramızda dinlenmeyi bulacaksınız.</Text>
		</Row>
		<Row Tag="LOC_DIPLO_REJECT_DELEGATION_FROM_HUMAN_LEADER_DIDO_ANY">
			<Text>Phoenicia'nın senin delegasyonuna ihtiyacı yok, çünkü biz zaten halkının ölçüsünü aldık.</Text>
		</Row>
		<Row Tag="LOC_DIPLO_DELEGATION_FROM_AI_LEADER_DIDO_ANY">
			<Text>Bu murex mor, Lübnan sedir ve zeytin armağanlarını kabul edin - sadece Phoenicia zenginliğinin tadı.</Text>
		</Row>
		<Row Tag="LOC_DIPLO_DENOUNCE_FROM_HUMAN_LEADER_DIDO_ANY">
			<Text>Senatörlerin imhasımızı istiyorlar ve onları hatip olarak kabul etmeye cesaretin var mı? Yıkıma doğru kör yürüyorsun.</Text>
		</Row>
		<Row Tag="LOC_DIPLO_DENOUNCE_FROM_AI_LEADER_DIDO_ANY">
			<Text>Moloch için ateşe gönderilmeniz için dua ediyorum! Mot'a teklifte bulunman için dua ediyorum! Yam'ın yükselmesi ve seni mahvetmesi için dua ediyorum!</Text>
		</Row>
		<Row Tag="LOC_DIPLO_GREETING_LEADER_DIDO_ANY">
			<Text>Geri döndün. Hoşgeldiniz.</Text>
		</Row>
		<Row Tag="LOC_DIPLO_MAKE_ALLIANCE_FROM_AI_LEADER_DIDO_ANY">
			<Text>Phoenicia'ya karşı haklı ve dürüstsünüz. Bir sonraki adıma geçip müttefik olduğumuzu beyan edecek misiniz?</Text>
		</Row>
		<Row Tag="LOC_DIPLO_MAKE_PEACE_AI_ACCEPT_DEAL_LEADER_DIDO_ANY">
			<Text>Sen işaret ettin. Dünyayı mahvetmeden önce barışa kavuşalım.</Text>
		</Row>
		<Row Tag="LOC_DIPLO_MAKE_PEACE_AI_REFUSE_DEAL_LEADER_DIDO_ANY">
			<Text>Hayır. Boşuna.</Text>
		</Row>
		<Row Tag="LOC_DIPLO_MAKE_PEACE_FROM_AI_LEADER_DIDO_ANY">
			<Text>Size huzur veriyor; yıkık duvarlardan ve laminasyon şarkılarından daha mutlu bir seçim.</Text>
		</Row>
		<Row Tag="LOC_DIPLO_ACCEPT_OPEN_BORDERS_FROM_HUMAN_LEADER_DIDO_ANY">
			<Text>Evet. Topraklarımızda serbestçe dolaşmak her iki insanımızı da zenginleştirecek.</Text>
		</Row>
		<Row Tag="LOC_DIPLO_REJECT_OPEN_BORDERS_FROM_HUMAN_LEADER_DIDO_ANY">
			<Text>Birimlerinizin topraklarımızı ezmesine izin vermede çok az kazanç görüyorum. Phoenicia sınırlarını geçmeyin.</Text>
		</Row>
		<Row Tag="LOC_DIPLO_OPEN_BORDERS_FROM_AI_LEADER_DIDO_ANY">
			<Text>Sınırların kurgusu üzerindeki akılsız bir ısrar, daha az hükümdarlar içindir. Sınırlarımızı birbirimize açalım.</Text>
		</Row>
		<Row Tag="LOC_DIPLO_WARNING_TOO_MANY_TROOPS_NEAR_ME_LEADER_DIDO_ANY">
			<Text>Hangi ihaneti planlıyorsun? Ordularınızı aynı anda sınırlarımızdan uzağa taşıyın.</Text>
		</Row>
		<Row Tag="LOC_DIPLO_DEFEAT_FROM_AI_LEADER_DIDO_ANY">
			<Text>Fetihlerinde şeref etme. Bir gün başkentinizin alev aldığını görebilirsiniz.</Text>
		</Row>
		<Row Tag="LOC_DIPLO_REJECT_MAKE_DEAL_FROM_AI_LEADER_DIDO_ANY">
			<Text>Buna rıza göstermiyorum.</Text>
		</Row>
		<Row Tag="LOC_DIPLO_ACCEPT_MAKE_DEAL_FROM_AI_LEADER_DIDO_ANY">
			<Text>Uygun bir teklif.</Text>
		</Row>
		<!--Eleanor England Diplo Text -->
		<Row Tag="LOC_DIPLO_ACCEPT_DECLARE_FRIEND_FROM_HUMAN_LEADER_ELEANOR_ENGLAND_ANY">
			<Text>Evet, sen gerçekten de benim için iyi bir dostsun ve seni bu şekilde tanıdığıma memnun oldum.</Text>
		</Row>
		<Row Tag="LOC_DIPLO_REJECT_DECLARE_FRIEND_FROM_HUMAN_LEADER_ELEANOR_ENGLAND_ANY">
			<Text>Hayranınız gurur duyuyor ama reddediyorum.</Text>
		</Row>
		<Row Tag="LOC_DIPLO_DECLARE_FRIEND_FROM_AI_LEADER_ELEANOR_ENGLAND_ANY">
			<Text>Çok az kişi, hükümdarın sanatını bizim gibi anlar. Dünyaya arkadaş olarak durduğumuzu söylememeli miyiz?</Text>
		</Row>
		<Row Tag="LOC_DIPLO_ACCEPT_DECLARE_FRIEND_FROM_AI_LEADER_ELEANOR_ENGLAND_ANY">
			<Text>Böylesine büyüleyici bir teklifi nasıl geri çevirebilirim?</Text>
		</Row>
		<Row Tag="LOC_DIPLO_REJECT_DECLARE_FRIEND_FROM_AI_LEADER_ELEANOR_ENGLAND_ANY">
			<Text>Hayır, seni korusun.</Text>
		</Row>
		<Row Tag="LOC_DIPLO_ACCEPT_DELEGATION_FROM_HUMAN_LEADER_ELEANOR_ENGLAND_ANY">
			<Text>Heyetiniz mahkememe misafir olarak kabul edildi. Size bu fırsatı işaretlemek için yazılmış şiirlerin bir kopyasını göndereceğim.</Text>
		</Row>
		<Row Tag="LOC_DIPLO_REJECT_DELEGATION_FROM_HUMAN_LEADER_ELEANOR_ENGLAND_ANY">
			<Text>Kötü teklif edilen Yayla ücretinin mahkememde yeri yoktur.</Text>
		</Row>
		<Row Tag="LOC_DIPLO_DELEGATION_FROM_AI_LEADER_ELEANOR_ENGLAND_ANY">
			<Text>Hediyelerimi kabul etmekten memnun olun: mahkemenizi canlandırmak için kristal vazo, şarap, yer mantarı ve bir düzine asker.</Text>
		</Row>
		<Row Tag="LOC_DIPLO_DENOUNCE_FROM_HUMAN_LEADER_ELEANOR_ENGLAND_ANY">
			<Text>Hatalarını ödediğin zaman gelecek. Ve ondan sonra, isminin sadece komik ayetin kötü niyetli olarak yaşayacağı bir zaman.</Text>
		</Row>
		<Row Tag="LOC_DIPLO_DENOUNCE_FROM_AI_LEADER_ELEANOR_ENGLAND_ANY">
			<Text>Yaptıklarınız yalnızca karanlığı ve aldatmayı teşvik ettiği için, size karşı duracağım - sevgi ve kahkahaya katlanacağım!</Text>
		</Row>
		<Row Tag="LOC_DIPLO_GREETING_LEADER_ELEANOR_ENGLAND_ANY">
			<Text>Ah! Sadece senin hakkında konuşuyorduk.</Text>
		</Row>
		<Row Tag="LOC_DIPLO_MAKE_ALLIANCE_FROM_AI_LEADER_ELEANOR_ENGLAND_ANY">
			<Text>İşlerimizde uzun süredir anlaşma bulamadık mı? Bunu bir ittifak ile resmileştirelim.</Text>
		</Row>
		<Row Tag="LOC_DIPLO_MAKE_PEACE_AI_ACCEPT_DEAL_LEADER_ELEANOR_ENGLAND_ANY">
			<Text>Bu savaşı uzatmak için kırılabilir gallantilerden lamine edilebilir kesimlere geçilir. Bana huzur içinde katıl.</Text>
		</Row>
		<Row Tag="LOC_DIPLO_MAKE_PEACE_AI_REFUSE_DEAL_LEADER_ELEANOR_ENGLAND_ANY">
			<Text>Kesinlikle hayır.</Text>
		</Row>
		<Row Tag="LOC_DIPLO_MAKE_PEACE_FROM_AI_LEADER_ELEANOR_ENGLAND_ANY">
			<Text>Tebrikler - savaş kahramanlığınız kanıtlandı. Barış için bir kalbin var mı yoksa karakterinin kapsamı bu mu?</Text>
		</Row>
		<Row Tag="LOC_DIPLO_ACCEPT_OPEN_BORDERS_FROM_HUMAN_LEADER_ELEANOR_ENGLAND_ANY">
			<Text>Öyleyse sınırlarımız açık olsun!</Text>
		</Row>
		<Row Tag="LOC_DIPLO_REJECT_OPEN_BORDERS_FROM_HUMAN_LEADER_ELEANOR_ENGLAND_ANY">
			<Text>Topraklarımı casuslara ve serserilere açmak mı? Kesinlikle değil. Kendi sınırlarınızdan memnun olun.</Text>
		</Row>
		<Row Tag="LOC_DIPLO_OPEN_BORDERS_FROM_AI_LEADER_ELEANOR_ENGLAND_ANY">
			<Text>Topraklarımı, onları geçecek birimlerinize açıyorum, ama sizden de aynı şekilde izin istiyorum.</Text>
		</Row>
		<Row Tag="LOC_DIPLO_WARNING_TOO_MANY_TROOPS_NEAR_ME_LEADER_ELEANOR_ENGLAND_ANY">
			<Text>Güçlerinizi böyle bir şekilde parantezlemek güçsüz değil, umutsuz bir zayıflıktan söz eder. Onları sınırlarımdan uzaklaştır.</Text>
		</Row>
		<Row Tag="LOC_DIPLO_DEFEAT_FROM_AI_LEADER_ELEANOR_ENGLAND_ANY">
			<Text>Güç arzunuz sizi kuralımı mahvetmeye zorlarsa, öyle olsun! Hala sevgi mahkemesine hükmedeceğim.</Text>
		</Row>
		<Row Tag="LOC_DIPLO_REJECT_MAKE_DEAL_FROM_AI_LEADER_ELEANOR_ENGLAND_ANY">
			<Text>Ne komik! Yok hayır.</Text>
		</Row>
		<Row Tag="LOC_DIPLO_ACCEPT_MAKE_DEAL_FROM_AI_LEADER_ELEANOR_ENGLAND_ANY">
			<Text>Şartların iyi. Değişkenlerimizin detayları incelemesine izin verin.</Text>
		</Row>
		<!--Eleanor France Diplo Text -->
		<Row Tag="LOC_DIPLO_ACCEPT_DECLARE_FRIEND_FROM_HUMAN_LEADER_ELEANOR_FRANCE_ANY">
			<Text>Evet, sen gerçekten de benim için iyi bir dostsun ve seni bu şekilde tanıdığıma memnun oldum.</Text>
		</Row>
		<Row Tag="LOC_DIPLO_REJECT_DECLARE_FRIEND_FROM_HUMAN_LEADER_ELEANOR_FRANCE_ANY">
			<Text>Hayranınız gurur duyuyor ama reddediyorum.</Text>
		</Row>
		<Row Tag="LOC_DIPLO_DECLARE_FRIEND_FROM_AI_LEADER_ELEANOR_FRANCE_ANY">
			<Text>Çok az kişi, hükümdarın sanatını bizim gibi anlar. Dünyaya arkadaş olarak durduğumuzu söylememeli miyiz?</Text>
		</Row>
		<Row Tag="LOC_DIPLO_ACCEPT_DECLARE_FRIEND_FROM_AI_LEADER_ELEANOR_FRANCE_ANY">
			<Text>Böylesine büyüleyici bir teklifi nasıl geri çevirebilirim?</Text>
		</Row>
		<Row Tag="LOC_DIPLO_REJECT_DECLARE_FRIEND_FROM_AI_LEADER_ELEANOR_FRANCE_ANY">
			<Text>Hayır, seni korusun.</Text>
		</Row>
		<Row Tag="LOC_DIPLO_ACCEPT_DELEGATION_FROM_HUMAN_LEADER_ELEANOR_FRANCE_ANY">
			<Text>Heyetiniz mahkememe misafir olarak kabul edildi. Size bu fırsatı işaretlemek için yazılmış şiirlerin bir kopyasını göndereceğim.</Text>
		</Row>
		<Row Tag="LOC_DIPLO_REJECT_DELEGATION_FROM_HUMAN_LEADER_ELEANOR_FRANCE_ANY">
			<Text>Kötü teklif edilen Yayla ücretinin mahkememde yeri yoktur.</Text>
		</Row>
		<Row Tag="LOC_DIPLO_DELEGATION_FROM_AI_LEADER_ELEANOR_FRANCE_ANY">
			<Text>Hediyelerimi kabul etmekten memnun olun: mahkemenizi canlandırmak için kristal vazo, şarap, yer mantarı ve bir düzine asker.</Text>
		</Row>
		<Row Tag="LOC_DIPLO_DENOUNCE_FROM_HUMAN_LEADER_ELEANOR_FRANCE_ANY">
			<Text>Hatalarını ödediğin zaman gelecek. Ve ondan sonra, isminin sadece komik ayetin kötü niyetli olarak yaşayacağı bir zaman.</Text>
		</Row>
		<Row Tag="LOC_DIPLO_DENOUNCE_FROM_AI_LEADER_ELEANOR_FRANCE_ANY">
			<Text>Yaptıklarınız yalnızca karanlığı ve aldatmayı teşvik ettiği için, size karşı duracağım - sevgi ve kahkahaya katlanacağım!</Text>
		</Row>
		<Row Tag="LOC_DIPLO_GREETING_LEADER_ELEANOR_FRANCE_ANY">
			<Text>Ah! Sadece senin hakkında konuşuyorduk.</Text>
		</Row>
		<Row Tag="LOC_DIPLO_MAKE_ALLIANCE_FROM_AI_LEADER_ELEANOR_FRANCE_ANY">
			<Text>İşlerimizde uzun süredir anlaşma bulamadık mı? Bunu bir ittifak ile resmileştirelim.</Text>
		</Row>
		<Row Tag="LOC_DIPLO_MAKE_PEACE_AI_ACCEPT_DEAL_LEADER_ELEANOR_FRANCE_ANY">
			<Text>Bu savaşı uzatmak için kırılabilir gallantilerden lamine edilebilir kesimlere geçilir. Bana huzur içinde katıl.</Text>
		</Row>
		<Row Tag="LOC_DIPLO_MAKE_PEACE_AI_REFUSE_DEAL_LEADER_ELEANOR_FRANCE_ANY">
			<Text>Kesinlikle hayır.</Text>
		</Row>
		<Row Tag="LOC_DIPLO_MAKE_PEACE_FROM_AI_LEADER_ELEANOR_FRANCE_ANY">
			<Text>Tebrikler - savaş kahramanlığınız kanıtlandı. Barış için bir kalbin var mı yoksa karakterinin kapsamı bu mu?</Text>
		</Row>
		<Row Tag="LOC_DIPLO_ACCEPT_OPEN_BORDERS_FROM_HUMAN_LEADER_ELEANOR_FRANCE_ANY">
			<Text>Öyleyse sınırlarımız açık olsun!</Text>
		</Row>
		<Row Tag="LOC_DIPLO_REJECT_OPEN_BORDERS_FROM_HUMAN_LEADER_ELEANOR_FRANCE_ANY">
			<Text>Topraklarımı casuslara ve serserilere açmak mı? Kesinlikle değil. Kendi sınırlarınızdan memnun olun.</Text>
		</Row>
		<Row Tag="LOC_DIPLO_OPEN_BORDERS_FROM_AI_LEADER_ELEANOR_FRANCE_ANY">
			<Text>Topraklarımı, onları geçecek birimlerinize açıyorum, ama sizden de aynı şekilde izin istiyorum.</Text>
		</Row>
		<Row Tag="LOC_DIPLO_WARNING_TOO_MANY_TROOPS_NEAR_ME_LEADER_ELEANOR_FRANCE_ANY">
			<Text>Güçlerinizi böyle bir şekilde parantezlemek güçsüz değil, umutsuz bir zayıflıktan söz eder. Onları sınırlarımdan uzaklaştır.</Text>
		</Row>
		<Row Tag="LOC_DIPLO_DEFEAT_FROM_AI_LEADER_ELEANOR_FRANCE_ANY">
			<Text>Güç arzunuz sizi kuralımı mahvetmeye zorlarsa, öyle olsun! Hala sevgi mahkemesine hükmedeceğim.</Text>
		</Row>
		<Row Tag="LOC_DIPLO_REJECT_MAKE_DEAL_FROM_AI_LEADER_ELEANOR_FRANCE_ANY">
			<Text>Ne komik! Yok hayır.</Text>
		</Row>
		<Row Tag="LOC_DIPLO_ACCEPT_MAKE_DEAL_FROM_AI_LEADER_ELEANOR_FRANCE_ANY">
			<Text>Şartların iyi. Değişkenlerimizin detayları incelemesine izin verin.</Text>
		</Row>
		<!--Kristina Diplo Text -->
		<Row Tag="LOC_DIPLO_ACCEPT_DECLARE_FRIEND_FROM_HUMAN_LEADER_KRISTINA_ANY">
			<Text>Seni bir arkadaş olarak görüyorum! Bunu dünyayla paylaşmaktan mutluluk duymalıyım.</Text>
		</Row>
		<Row Tag="LOC_DIPLO_REJECT_DECLARE_FRIEND_FROM_HUMAN_LEADER_KRISTINA_ANY">
			<Text>Bana olan hayranlığını arkadaşlıkla karıştırdığını düşünüyorum. Henüz arkadaş değiliz. Belki bir gün.</Text>
		</Row>
		<Row Tag="LOC_DIPLO_DECLARE_FRIEND_FROM_AI_LEADER_KRISTINA_ANY">
			<Text>Dünyaya milletlerimizin birbirleri ile arkadaş olduğunu söylediğimiz gibi bana katılır mısın? Kesinlikle hepsine ilham vereceğiz.</Text>
		</Row>
		<Row Tag="LOC_DIPLO_ACCEPT_DECLARE_FRIEND_FROM_AI_LEADER_KRISTINA_ANY">
			<Text>Katılıyorum.</Text>
		</Row>
		<Row Tag="LOC_DIPLO_REJECT_DECLARE_FRIEND_FROM_AI_LEADER_KRISTINA_ANY">
			<Text>Bu olamaz.</Text>
		</Row>
		<Row Tag="LOC_DIPLO_ACCEPT_DELEGATION_FROM_HUMAN_LEADER_KRISTINA_ANY">
			<Text>Heyetinizi kabul edeceğim ve onlar benim onur konuklarım olarak kalacaklar. Benim dramaturge onlar için paylaşmak için yeni bir çalışma var.</Text>
		</Row>
		<Row Tag="LOC_DIPLO_REJECT_DELEGATION_FROM_HUMAN_LEADER_KRISTINA_ANY">
			<Text>İsveç'in bu küçük önemsiz şeylere ihtiyacı yok.</Text>
		</Row>
		<Row Tag="LOC_DIPLO_DELEGATION_FROM_AI_LEADER_KRISTINA_ANY">
			<Text>Sana bir hediye bandy çubukları, salamura ringa balığı, lingonsylt ve knäckebröd. Şeker çubukları yemeyin.</Text>
		</Row>
		<Row Tag="LOC_DIPLO_DENOUNCE_FROM_HUMAN_LEADER_KRISTINA_ANY">
			<Text>Tüm dünyasına kötülüğünüzü, sıkıcılığınızı, katılığınızı anlatacağım!</Text>
		</Row>
		<Row Tag="LOC_DIPLO_DENOUNCE_FROM_AI_LEADER_KRISTINA_ANY">
			<Text>İsveç'te, sizi bir kötü adam olarak betimleyen çok sayıda eğlenceli folk şarkımız var. En basit sanatlar bile hayatın gerçeklerini taklit eder.</Text>
		</Row>
		<Row Tag="LOC_DIPLO_GREETING_LEADER_KRISTINA_ANY">
			<Text>Seni tekrar gördüğüme sevindim</Text>
		</Row>
		<Row Tag="LOC_DIPLO_MAKE_ALLIANCE_FROM_AI_LEADER_KRISTINA_ANY">
			<Text>Dünyaya ilişkimizin uyumunu gösterme ve kamuya açık bir ittifak ilan etme zamanının geldiğine inanıyorum.</Text>
		</Row>
		<Row Tag="LOC_DIPLO_MAKE_PEACE_AI_ACCEPT_DEAL_LEADER_KRISTINA_ANY">
			<Text>Hiçbirimiz diğerinin cesaretini sorgulamadıkça, şimdi onurlu bir barış yapalım.</Text>
		</Row>
		<Row Tag="LOC_DIPLO_MAKE_PEACE_AI_REFUSE_DEAL_LEADER_KRISTINA_ANY">
			<Text>Hayır, buna izin vermeyeceğim.</Text>
		</Row>
		<Row Tag="LOC_DIPLO_MAKE_PEACE_FROM_AI_LEADER_KRISTINA_ANY">
			<Text>Halkımızın çektiği acılar şimdi barış yapmamızı istemiyor mu?</Text>
		</Row>
		<Row Tag="LOC_DIPLO_ACCEPT_OPEN_BORDERS_FROM_HUMAN_LEADER_KRISTINA_ANY">
			<Text>Birimleriniz İsveç’ten engellenmeden geçebilir.</Text>
		</Row>
		<Row Tag="LOC_DIPLO_REJECT_OPEN_BORDERS_FROM_HUMAN_LEADER_KRISTINA_ANY">
			<Text>Hayır, bu İsveç’in çıkarına değil. Sınırlarımıza saygı duy.</Text>
		</Row>
		<Row Tag="LOC_DIPLO_OPEN_BORDERS_FROM_AI_LEADER_KRISTINA_ANY">
			<Text>Birbirimizin sınırlarından özgürce girerek kazanabileceğimiz çok şey var, aynı fikirde değil misiniz?</Text>
		</Row>
		<Row Tag="LOC_DIPLO_WARNING_TOO_MANY_TROOPS_NEAR_ME_LEADER_KRISTINA_ANY">
			<Text>Birimlerinizi bordürümüz boyunca oyuncak askerlerle oynayan bir çocuk gibi yukarı ve aşağı doğru yürümeyin. Onları şimdi taşı.</Text>
		</Row>
		<Row Tag="LOC_DIPLO_DEFEAT_FROM_AI_LEADER_KRISTINA_ANY">
			<Text>Gücü hiç sevmedim ve şimdi sanatsız kaldım. Sadece pişmanlık ve kayıp benim için kalır.</Text>
		</Row>
		<Row Tag="LOC_DIPLO_REJECT_MAKE_DEAL_FROM_AI_LEADER_KRISTINA_ANY">
			<Text>Bu teklifi kabul edemiyorum.</Text>
		</Row>
		<Row Tag="LOC_DIPLO_ACCEPT_MAKE_DEAL_FROM_AI_LEADER_KRISTINA_ANY">
			<Text>Bu adil bir takas.</Text>
		</Row>
		<!-- Kupe Diplo Text -->
		<Row Tag="LOC_DIPLO_ACCEPT_DECLARE_FRIEND_FROM_HUMAN_LEADER_KUPE_ANY">
			<Text>Evet iyisin. Biz Maori, arkadaşınız olduğunuz için mutluyuz.</Text>
		</Row>
		<Row Tag="LOC_DIPLO_REJECT_DECLARE_FRIEND_FROM_HUMAN_LEADER_KUPE_ANY">
			<Text>Evet, Māori henüz halka açık arkadaşlık için hazır değil.</Text>
		</Row>
		<Row Tag="LOC_DIPLO_DECLARE_FRIEND_FROM_AI_LEADER_KUPE_ANY">
			<Text>Elbette dünyada senden daha kötü insanlar var. Diğerlerine tam bir pislik olmadığını söylersem sorun olur mu?</Text>
		</Row>
		<Row Tag="LOC_DIPLO_ACCEPT_DECLARE_FRIEND_FROM_AI_LEADER_KUPE_ANY">
			<Text>Elbette.</Text>
		</Row>
		<Row Tag="LOC_DIPLO_REJECT_DECLARE_FRIEND_FROM_AI_LEADER_KUPE_ANY">
			<Text>Hayır, sanmıyorum.</Text>
		</Row>
		<Row Tag="LOC_DIPLO_ACCEPT_DELEGATION_FROM_HUMAN_LEADER_KUPE_ANY">
			<Text>Bizi bu güzel armağanlarınızla, mananızın işareti ile onurlandırıyorsunuz.</Text>
		</Row>
		<Row Tag="LOC_DIPLO_REJECT_DELEGATION_FROM_HUMAN_LEADER_KUPE_ANY">
			<Text>Hayır. Bize hediyelerinizi göndermeyin. Size hiçbir zorunluluk istemiyoruz.</Text>
		</Row>
		<Row Tag="LOC_DIPLO_DELEGATION_FROM_AI_LEADER_KUPE_ANY">
			<Text>İşte pounamu, korowai pelerinleri ve huhu grublarının armağanı. Devam et, seni huhu toplarını yerken görmek istiyorum.</Text>
		</Row>
		<Row Tag="LOC_DIPLO_DENOUNCE_FROM_HUMAN_LEADER_KUPE_ANY">
			<Text>Kötü davranışların tarihimizi tanımladı ve bu yüzden bunu dünyaya ilan edebileceğim için mutluyum.</Text>
		</Row>
		<Row Tag="LOC_DIPLO_DENOUNCE_FROM_AI_LEADER_KUPE_ANY">
			<Text>Dünya eylemlerinizi görüyor ve uzun süredir bildiklerimize inanıyorlar - tüm liderlerinkiler, en kötüsünüz.</Text>
		</Row>
		<Row Tag="LOC_DIPLO_GREETING_LEADER_KUPE_ANY">
			<Text>Tena koe!</Text>
		</Row>
		<Row Tag="LOC_DIPLO_MAKE_ALLIANCE_FROM_AI_LEADER_KUPE_ANY">
			<Text>Hiç fena değilsin. İttifak hakkında ne düşünüyorsun?</Text>
		</Row>
		<Row Tag="LOC_DIPLO_MAKE_PEACE_AI_ACCEPT_DEAL_LEADER_KUPE_ANY">
			<Text>Böylece her iki insanın da cesur ve sert olduğu ortaya çıktı. Barışı deneyelim ve bunun nasıl gideceğini görelim.</Text>
		</Row>
		<Row Tag="LOC_DIPLO_MAKE_PEACE_AI_REFUSE_DEAL_LEADER_KUPE_ANY">
			<Text>Bu olmayacak.</Text>
		</Row>
		<Row Tag="LOC_DIPLO_MAKE_PEACE_FROM_AI_LEADER_KUPE_ANY">
			<Text>Savaş için cesaretin var, bu doğru. Barış için cesaretin var mı?</Text>
		</Row>
		<Row Tag="LOC_DIPLO_ACCEPT_OPEN_BORDERS_FROM_HUMAN_LEADER_KUPE_ANY">
			<Text>Bunu yapacağım. Arazilerinizin diğer tarafında keşfedilecek bir sürü dünyamız var.</Text>
		</Row>
		<Row Tag="LOC_DIPLO_REJECT_OPEN_BORDERS_FROM_HUMAN_LEADER_KUPE_ANY">
			<Text>Sınırların bir nedeni var. Lütfen onların tarafında ol.</Text>
		</Row>
		<Row Tag="LOC_DIPLO_OPEN_BORDERS_FROM_AI_LEADER_KUPE_ANY">
			<Text>Māori'yle, sınırsız bir şekilde topraklarınızı geçme hakkı karşılığında, sınır tanıyorum.</Text>
		</Row>
		<Row Tag="LOC_DIPLO_WARNING_TOO_MANY_TROOPS_NEAR_ME_LEADER_KUPE_ANY">
			<Text>Belki tüm orduları Māori topraklarına yaklaştırmak istersiniz? Kötü bir şey olmadan önce? Sadece bir düşünce.</Text>
		</Row>
		<Row Tag="LOC_DIPLO_DEFEAT_FROM_AI_LEADER_KUPE_ANY">
			<Text>Elimden gelenin en iyisini yaptım, ama gücün daha büyüktü. En azından kalbim yenilmez.</Text>
		</Row>
		<Row Tag="LOC_DIPLO_REJECT_MAKE_DEAL_FROM_AI_LEADER_KUPE_ANY">
			<Text>Bu korkunç bir anlaşma.</Text>
		</Row>
		<Row Tag="LOC_DIPLO_ACCEPT_MAKE_DEAL_FROM_AI_LEADER_KUPE_ANY">
			<Text>Evet, işe yarayacak.</Text>
		</Row>
		<!-- Laurier Diplo Text -->
		<Row Tag="LOC_DIPLO_ACCEPT_DECLARE_FRIEND_FROM_HUMAN_LEADER_LAURIER_ANY">
			<Text>Kanada halkına dostluğunu kabul etmek için katılıyorum. Bunu dünyaya ilan edelim!</Text>
		</Row>
		<Row Tag="LOC_DIPLO_REJECT_DECLARE_FRIEND_FROM_HUMAN_LEADER_LAURIER_ANY">
			<Text>Benim saygım ve Kanada halkının saygısına sahip olsanız da, kalıcı bir arkadaşlık ilan etme zamanı değil.</Text>
		</Row>
		<Row Tag="LOC_DIPLO_DECLARE_FRIEND_FROM_AI_LEADER_LAURIER_ANY">
			<Text>Kanada'nın sadık ve sadık bir dostunu kanıtladın. Karşılıklı anlaşmamızı dünyaya ilan etmemize izin verir misiniz?</Text>
		</Row>
		<Row Tag="LOC_DIPLO_ACCEPT_DECLARE_FRIEND_FROM_AI_LEADER_LAURIER_ANY">
			<Text>Evet kesinlikle!</Text>
		</Row>
		<Row Tag="LOC_DIPLO_REJECT_DECLARE_FRIEND_FROM_AI_LEADER_LAURIER_ANY">
			<Text>Üzgünüm hayır.</Text>
		</Row>
		<Row Tag="LOC_DIPLO_ACCEPT_DELEGATION_FROM_HUMAN_LEADER_LAURIER_ANY">
			<Text>Heyetinizin nezaketinden dolayı teşekkür ederiz. Onları almaktan mutluluk duyuyoruz.</Text>
		</Row>
		<Row Tag="LOC_DIPLO_REJECT_DELEGATION_FROM_HUMAN_LEADER_LAURIER_ANY">
			<Text>Kanada'nın önemsiz hediyeler almasına gerek yok. Lütfen delegasyonunuzu geri çekin.</Text>
		</Row>
		<Row Tag="LOC_DIPLO_DELEGATION_FROM_AI_LEADER_LAURIER_ANY">
			<Text>Kanada halkı akçaağaç şurubu, yün battaniyeler ve şerefli, geleneksel başlığımızın hediyelerini sunar: Tepe.</Text>
		</Row>
		<Row Tag="LOC_DIPLO_DENOUNCE_FROM_HUMAN_LEADER_LAURIER_ANY">
			<Text>Sizinle müzakere etmek, insan sabrının sınırlarını sınar ve artık davranışlarınızı şımartmayacağım.</Text>
		</Row>
		<Row Tag="LOC_DIPLO_DENOUNCE_FROM_AI_LEADER_LAURIER_ANY">
			<Text>Keşke daha akıllı, daha kabul edilebilir bir cetvel olduğunu kanıtlamış olsaydın, ama eylemlerin barışçıl bir gelecek için beni ümitsiz bırakıyor.</Text>
		</Row>
		<Row Tag="LOC_DIPLO_GREETING_LEADER_LAURIER_ANY">
			<Text>Seni tekrar gördüğüme sevindim</Text>
		</Row>
		<Row Tag="LOC_DIPLO_MAKE_ALLIANCE_FROM_AI_LEADER_LAURIER_ANY">
			<Text>Çok fazla karşılıklı ilgi alanımız var - bunlar bir ittifak tarafından iyi karşılanmayacak mıydı?</Text>
		</Row>
		<Row Tag="LOC_DIPLO_MAKE_PEACE_AI_ACCEPT_DEAL_LEADER_LAURIER_ANY">
			<Text>Acı çekmeyi ve nefreti nefreti neden uzatmalıyız? Bu savaşı sonlandıralım ve barış olsun.</Text>
		</Row>
		<Row Tag="LOC_DIPLO_MAKE_PEACE_AI_REFUSE_DEAL_LEADER_LAURIER_ANY">
			<Text>Üzgünüm hayır.</Text>
		</Row>
		<Row Tag="LOC_DIPLO_MAKE_PEACE_FROM_AI_LEADER_LAURIER_ANY">
			<Text>Kalbe ve ruha hitap ederek silah kuvveti ile kazanılması gereken daha çok şey var. Bize huzur verelim.</Text>
		</Row>
		<Row Tag="LOC_DIPLO_ACCEPT_OPEN_BORDERS_FROM_HUMAN_LEADER_LAURIER_ANY">
			<Text>Sözleşmenizi kabul etmekten memnuniyet duyuyorum ve birimlerinizi Kanada topraklarından geçmeye davet ediyorum.</Text>
		</Row>
		<Row Tag="LOC_DIPLO_REJECT_OPEN_BORDERS_FROM_HUMAN_LEADER_LAURIER_ANY">
			<Text>Bu teklifi kabul edemem, çünkü Kanada’yı topraklarımıza girmenize izin vermek istemiyor.</Text>
		</Row>
		<Row Tag="LOC_DIPLO_OPEN_BORDERS_FROM_AI_LEADER_LAURIER_ANY">
			<Text>İnsanlarımız arasında karşılıklı açık bir karşılıklı anlaşma önermek istiyorum.</Text>
		</Row>
		<Row Tag="LOC_DIPLO_WARNING_TOO_MANY_TROOPS_NEAR_ME_LEADER_LAURIER_ANY">
			<Text>Coureurs de bois, sınırlar boyunca birçok birliğin rahatsız edici haberlerini veriyor. Belki onları geri çekebilirsin?</Text>
		</Row>
		<Row Tag="LOC_DIPLO_DEFEAT_FROM_AI_LEADER_LAURIER_ANY">
			<Text>Böylece olabilecek bir Kanada hayalimiz sona erer. İnsanlarımız iyi kalplidir. Merhamet kuralım ve onlardan öğren.</Text>
		</Row>
		<Row Tag="LOC_DIPLO_REJECT_MAKE_DEAL_FROM_AI_LEADER_LAURIER_ANY">
			<Text>Bu teklif bize fayda sağlamaz.</Text>
		</Row>
		<Row Tag="LOC_DIPLO_ACCEPT_MAKE_DEAL_FROM_AI_LEADER_LAURIER_ANY">
			<Text>Teklifini kabul ediyorum, teşekkürler.</Text>
		</Row>
		<!-- Mansa Musa Diplo Text -->
		<Row Tag="LOC_DIPLO_ACCEPT_DECLARE_FRIEND_FROM_HUMAN_LEADER_MANSA_MUSA_ANY">
			<Text>Seni bir arkadaşım olarak kabul ettiğim için bana "arkadaş" demene sevindim.</Text>
		</Row>
		<Row Tag="LOC_DIPLO_REJECT_DECLARE_FRIEND_FROM_HUMAN_LEADER_MANSA_MUSA_ANY">
			<Text>Coşkunuz durumumuzun gerçeğini aşıyor. Sana henüz Mali'nin bir arkadaşı diyemem.</Text>
		</Row>
		<Row Tag="LOC_DIPLO_DECLARE_FRIEND_FROM_AI_LEADER_MANSA_MUSA_ANY">
			<Text>İkimiz de bağımızdan fazla bir şey kazanmıyor muyuz? Dünyaya arkadaş olarak durduğumuzu söyleyelim mi?</Text>
		</Row>
		<Row Tag="LOC_DIPLO_ACCEPT_DECLARE_FRIEND_FROM_AI_LEADER_MANSA_MUSA_ANY">
			<Text>Evet! Allah'a çok şükür!</Text>
		</Row>
		<Row Tag="LOC_DIPLO_REJECT_DECLARE_FRIEND_FROM_AI_LEADER_MANSA_MUSA_ANY">
			<Text>Öyle olamaz.</Text>
		</Row>
		<Row Tag="LOC_DIPLO_ACCEPT_DELEGATION_FROM_HUMAN_LEADER_MANSA_MUSA_ANY">
			<Text>Hiçbir şey istemesem de, hediyenin samimiyeti kendi nimetidir. Heyetini kabul edeceğim.</Text>
		</Row>
		<Row Tag="LOC_DIPLO_REJECT_DELEGATION_FROM_HUMAN_LEADER_MANSA_MUSA_ANY">
			<Text>Süleyman, ihtişamıyla, Sheba Kraliçesinden gelen hediyeleri reddetti ve ben de seninkini kabul etmemeliyim.</Text>
		</Row>
		<Row Tag="LOC_DIPLO_DELEGATION_FROM_AI_LEADER_MANSA_MUSA_ANY">
			<Text>Lütfen bu basit çivit hediyelerini, Kikeliba çayını ve altın tozu çuvallarını taşıyan yüz hamalını kabul edin.</Text>
		</Row>
		<Row Tag="LOC_DIPLO_DENOUNCE_FROM_HUMAN_LEADER_MANSA_MUSA_ANY">
			<Text>Yılan! Şeytan! Sefil! Yakalanma saatine bak, çünkü yakında geliyor!</Text>
		</Row>
		<Row Tag="LOC_DIPLO_DENOUNCE_FROM_AI_LEADER_MANSA_MUSA_ANY">
			<Text>Allahım, neden bu karanlık yürekli kişinin kralların gücünü kullanmasına izin veriyorsun? Gazabını indir, cennet!</Text>
		</Row>
		<Row Tag="LOC_DIPLO_GREETING_LEADER_MANSA_MUSA_ANY">
			<Text>Lütfen konuş.</Text>
		</Row>
		<Row Tag="LOC_DIPLO_MAKE_ALLIANCE_FROM_AI_LEADER_MANSA_MUSA_ANY">
			<Text>Müttefik olalım mı? İnşallah, evet diyeceksiniz ve bunu dünyaya ilan edeceğiz!</Text>
		</Row>
		<Row Tag="LOC_DIPLO_MAKE_PEACE_AI_ACCEPT_DEAL_LEADER_MANSA_MUSA_ANY">
			<Text>Bu aptalca, israf savaşını bir kenara koyma ve halkımız arasında barış olma zamanı geldi.</Text>
		</Row>
		<Row Tag="LOC_DIPLO_MAKE_PEACE_AI_REFUSE_DEAL_LEADER_MANSA_MUSA_ANY">
			<Text>Hayır, bu kabul edilebilir değil.</Text>
		</Row>
		<Row Tag="LOC_DIPLO_MAKE_PEACE_FROM_AI_LEADER_MANSA_MUSA_ANY">
			<Text>Bu savaş boşa ve sonuçsuz. Tanrı, aramızdaki barıştan daha iyi değil mi?</Text>
		</Row>
		<Row Tag="LOC_DIPLO_ACCEPT_OPEN_BORDERS_FROM_HUMAN_LEADER_MANSA_MUSA_ANY">
			<Text>Evet, ücretsiz seyahat sadece ikimiz için de lütuflara yol açabilir.</Text>
		</Row>
		<Row Tag="LOC_DIPLO_REJECT_OPEN_BORDERS_FROM_HUMAN_LEADER_MANSA_MUSA_ANY">
			<Text>Ah, sadaka bana bunu vermeme yol açacak olsa da, bilgelik şimdilik yasakladığımı söylüyor.</Text>
		</Row>
		<Row Tag="LOC_DIPLO_OPEN_BORDERS_FROM_AI_LEADER_MANSA_MUSA_ANY">
			<Text>Birimlerimin sınırlarını aşmadan engellememem büyük arzum. Lütfen, bunun böyle olmasını sağlayın.</Text>
		</Row>
		<Row Tag="LOC_DIPLO_WARNING_TOO_MANY_TROOPS_NEAR_ME_LEADER_MANSA_MUSA_ANY">
			<Text>Büyük ordularınızı Mali sınırlarında geçiştirmenize gerek yok görüyorum. Lütfen onları şimdi kaldırın.</Text>
		</Row>
		<Row Tag="LOC_DIPLO_DEFEAT_FROM_AI_LEADER_MANSA_MUSA_ANY">
			<Text>Zenginlik kısacık; öğrenme kibirdir. Yaptığım her şey, Tanrım, senin adına yaptım.</Text>
		</Row>
		<Row Tag="LOC_DIPLO_REJECT_MAKE_DEAL_FROM_AI_LEADER_MANSA_MUSA_ANY">
			<Text>Bu değersiz bir teklif.</Text>
		</Row>
		<Row Tag="LOC_DIPLO_ACCEPT_MAKE_DEAL_FROM_AI_LEADER_MANSA_MUSA_ANY">
			<Text>Tanrıya şükür, bunu kabul edeceğim.</Text>
		</Row>
		<!-- Matthias Corvinus Diplo Text -->
		<Row Tag="LOC_DIPLO_ACCEPT_DECLARE_FRIEND_FROM_HUMAN_LEADER_MATTHIAS_CORVINUS_ANY">
			<Text>Evet! Sizin gibi kralların yükünü anlayan birkaç cetvel var. Seni arkadaş olarak aradığım için memnunum.</Text>
		</Row>
		<Row Tag="LOC_DIPLO_REJECT_DECLARE_FRIEND_FROM_HUMAN_LEADER_MATTHIAS_CORVINUS_ANY">
			<Text>Bir kral arkadaşlarını çok dikkatli seçmeli. Sana bunu söylememin zamanı değil.</Text>
		</Row>
		<Row Tag="LOC_DIPLO_DECLARE_FRIEND_FROM_AI_LEADER_MATTHIAS_CORVINUS_ANY">
			<Text>İkimiz de halkımızın övgüsüne ve Tanrı'nın iradesine hükmetmiyor muyuz? Bu bizi dünyadan önce gerçek arkadaşlar olarak bağlamaz mı?</Text>
		</Row>
		<Row Tag="LOC_DIPLO_ACCEPT_DECLARE_FRIEND_FROM_AI_LEADER_MATTHIAS_CORVINUS_ANY">
			<Text>Evet, Tanrıya şükürler olsun.</Text>
		</Row>
		<Row Tag="LOC_DIPLO_REJECT_DECLARE_FRIEND_FROM_AI_LEADER_MATTHIAS_CORVINUS_ANY">
			<Text>Bu mümkün değil.</Text>
		</Row>
		<Row Tag="LOC_DIPLO_ACCEPT_DELEGATION_FROM_HUMAN_LEADER_MATTHIAS_CORVINUS_ANY">
			<Text>Heyetinizin hediyeleri için teşekkür ederim, cömertliğiniz kutsanmış olabilir.</Text>
		</Row>
		<Row Tag="LOC_DIPLO_REJECT_DELEGATION_FROM_HUMAN_LEADER_MATTHIAS_CORVINUS_ANY">
			<Text>Hediyelere veya dolaylı yükümlülüklerine ihtiyacımız yok. Macaristan yeterince zengin.</Text>
		</Row>
		<Row Tag="LOC_DIPLO_DELEGATION_FROM_AI_LEADER_MATTHIAS_CORVINUS_ANY">
			<Text>Size bir prense layık hediyeler gönderiyorum: İnce dantel, Hanedanlık armalarıyla süslenmiş bir tatar yayı ve ailemin tarifinden yapılan paprikash.</Text>
		</Row>
		<Row Tag="LOC_DIPLO_DENOUNCE_FROM_HUMAN_LEADER_MATTHIAS_CORVINUS_ANY">
			<Text>Sen, dünyayı sizden önce görenleri görecek, acımasız bir akbaba olan, kanunsuz bir yılansınız. Senden asla korkmayacağımı bil!</Text>
		</Row>
		<Row Tag="LOC_DIPLO_DENOUNCE_FROM_AI_LEADER_MATTHIAS_CORVINUS_ANY">
			<Text>Gücün peşindesin - her zaman ve sadece güç - ama Macaristan sana acı sonuna kadar direnecek.</Text>
		</Row>
		<Row Tag="LOC_DIPLO_GREETING_LEADER_MATTHIAS_CORVINUS_ANY">
			<Text>Dönüşün beni onurlandırıyor.</Text>
		</Row>
		<Row Tag="LOC_DIPLO_MAKE_ALLIANCE_FROM_AI_LEADER_MATTHIAS_CORVINUS_ANY">
			<Text>Macaristan'ın haklarına ve otoritesine saygı duyuyorsunuz ve layık bir arkadaş olduğunu kanıtladınız. Bağımızı ittifakla birleştirelim.</Text>
		</Row>
		<Row Tag="LOC_DIPLO_MAKE_PEACE_AI_ACCEPT_DEAL_LEADER_MATTHIAS_CORVINUS_ANY">
			<Text>Tamam, sanırım ikimiz de puanlarımızı kanıtladık. Şimdi merhamet ve barışa geçelim.</Text>
		</Row>
		<Row Tag="LOC_DIPLO_MAKE_PEACE_AI_REFUSE_DEAL_LEADER_MATTHIAS_CORVINUS_ANY">
			<Text>Asla asla.</Text>
		</Row>
		<Row Tag="LOC_DIPLO_MAKE_PEACE_FROM_AI_LEADER_MATTHIAS_CORVINUS_ANY">
			<Text>Bu savaşı uzatmada ne merhamet ne de sebepleri takip etmede adalet yoktur. Bize barış yapalım.</Text>
		</Row>
		<Row Tag="LOC_DIPLO_ACCEPT_OPEN_BORDERS_FROM_HUMAN_LEADER_MATTHIAS_CORVINUS_ANY">
			<Text>Evet, öyle olsun. Açık geçiş hakkı için teşekkür ederim.</Text>
		</Row>
		<Row Tag="LOC_DIPLO_REJECT_OPEN_BORDERS_FROM_HUMAN_LEADER_MATTHIAS_CORVINUS_ANY">
			<Text>Bu bir dayatma ve kabul edilemez bir şey olacaktır.</Text>
		</Row>
		<Row Tag="LOC_DIPLO_OPEN_BORDERS_FROM_AI_LEADER_MATTHIAS_CORVINUS_ANY">
			<Text>Sınırlarınızda hareket etme haklarına sahip olabileceğimizi ve ben de size aynısını yapacağım.</Text>
		</Row>
		<Row Tag="LOC_DIPLO_WARNING_TOO_MANY_TROOPS_NEAR_ME_LEADER_MATTHIAS_CORVINUS_ANY">
			<Text>Ordularimin izcileri, ordularınızın sınıra yakın ilerlemesini takip ederek günlerini harcadılar. Onları Macaristan'dan uzaklaştır.</Text>
		</Row>
		<Row Tag="LOC_DIPLO_DEFEAT_FROM_AI_LEADER_MATTHIAS_CORVINUS_ANY">
			<Text>Bugün muzafferin defne takıyorsun ama aldıklarını tutabilir misin?</Text>
		</Row>
		<Row Tag="LOC_DIPLO_REJECT_MAKE_DEAL_FROM_AI_LEADER_MATTHIAS_CORVINUS_ANY">
			<Text>Bu teklifi kabul etmek bir prens'in saygınlığının altında olurdu.</Text>
		</Row>
		<Row Tag="LOC_DIPLO_ACCEPT_MAKE_DEAL_FROM_AI_LEADER_MATTHIAS_CORVINUS_ANY">
			<Text>Cömert bir teklif! Minnettar bir yürekle kabul ediyorum.</Text>
		</Row>
		<!-- Pachacuti Diplo Text -->
		<Row Tag="LOC_DIPLO_ACCEPT_DECLARE_FRIEND_FROM_HUMAN_LEADER_PACHACUTI_ANY">
			<Text>Evet, kardeşler kadar yakınız ve dünya bunu duymalı.</Text>
		</Row>
		<Row Tag="LOC_DIPLO_REJECT_DECLARE_FRIEND_FROM_HUMAN_LEADER_PACHACUTI_ANY">
			<Text>Biliyorum ki dünyaya şanlı görünmek istiyorsun, ama benimle bu dostluğa sahip çıkmamalısın.</Text>
		</Row>
		<Row Tag="LOC_DIPLO_DECLARE_FRIEND_FROM_AI_LEADER_PACHACUTI_ANY">
			<Text>Dünyaya ışık veren güneş ve ay gibiyiz. Arkadaşlık ilan edelim mi?</Text>
		</Row>
		<Row Tag="LOC_DIPLO_ACCEPT_DECLARE_FRIEND_FROM_AI_LEADER_PACHACUTI_ANY">
			<Text>Bu çok iyi.</Text>
		</Row>
		<Row Tag="LOC_DIPLO_REJECT_DECLARE_FRIEND_FROM_AI_LEADER_PACHACUTI_ANY">
			<Text>Bunu kabul etmiyorum.</Text>
		</Row>
		<Row Tag="LOC_DIPLO_ACCEPT_DELEGATION_FROM_HUMAN_LEADER_PACHACUTI_ANY">
			<Text>Heyetiniz ve hediyeleri kabul edilir. Beni iyiliğinle onurlandırıyorsun.</Text>
		</Row>
		<Row Tag="LOC_DIPLO_REJECT_DELEGATION_FROM_HUMAN_LEADER_PACHACUTI_ANY">
			<Text>Heyetinizi uzaklaştırın ve bana sadaka göstermediğinizi varsaymayın.</Text>
		</Row>
		<Row Tag="LOC_DIPLO_DELEGATION_FROM_AI_LEADER_PACHACUTI_ANY">
			<Text>Bu alpaka yünü ve turkuaz hediyelerini al. Ayrıca size biraz cuy gönderiyorum - sıcakken yiyin.</Text>
		</Row>
		<Row Tag="LOC_DIPLO_DENOUNCE_FROM_HUMAN_LEADER_PACHACUTI_ANY">
			<Text>Aptalca gülümseme, yürekli aptal! Sizi korumak için hangi arkadaşlarınıza sahip olmanız gerektiğini sorun.</Text>
		</Row>
		<Row Tag="LOC_DIPLO_DENOUNCE_FROM_AI_LEADER_PACHACUTI_ANY">
			<Text>Yetkiniz boş, topraklarınız saygısız, halkınız dağılıyor. Yıkım günün çok yakında.</Text>
		</Row>
		<Row Tag="LOC_DIPLO_GREETING_LEADER_PACHACUTI_ANY">
			<Text>Hoşgeldiniz. Bana yaklaşabilirsin.</Text>
		</Row>
		<Row Tag="LOC_DIPLO_MAKE_ALLIANCE_FROM_AI_LEADER_PACHACUTI_ANY">
			<Text>Onuruna sadık ve sözüne sadık kaldın. Birbirimize karşı yükümlülüklerimizi derinleştirelim ve ittifak yemin edelim.</Text>
		</Row>
		<Row Tag="LOC_DIPLO_MAKE_PEACE_AI_ACCEPT_DEAL_LEADER_PACHACUTI_ANY">
			<Text>Bu savaşta deneklerimiz çok acı çekti. Şimdi huzur verelim.</Text>
		</Row>
		<Row Tag="LOC_DIPLO_MAKE_PEACE_AI_REFUSE_DEAL_LEADER_PACHACUTI_ANY">
			<Text>Bu olmayacak.</Text>
		</Row>
		<Row Tag="LOC_DIPLO_MAKE_PEACE_FROM_AI_LEADER_PACHACUTI_ANY">
			<Text>Görünüşe göre savaşta biraz cesaretiniz var. Barış için de bir kalbin var mı?</Text>
		</Row>
		<Row Tag="LOC_DIPLO_ACCEPT_OPEN_BORDERS_FROM_HUMAN_LEADER_PACHACUTI_ANY">
			<Text>Birimlerinize İnka topraklarına girme izni veriyorum.</Text>
		</Row>
		<Row Tag="LOC_DIPLO_REJECT_OPEN_BORDERS_FROM_HUMAN_LEADER_PACHACUTI_ANY">
			<Text>Sınırlarımızı aşma izniniz yok. Meseleyi takip etmeyin.</Text>
		</Row>
		<Row Tag="LOC_DIPLO_OPEN_BORDERS_FROM_AI_LEADER_PACHACUTI_ANY">
			<Text>Sınırlarına birimler göndermem gerekiyor. Bu izni bana ver.</Text>
		</Row>
		<Row Tag="LOC_DIPLO_WARNING_TOO_MANY_TROOPS_NEAR_ME_LEADER_PACHACUTI_ANY">
			<Text>Ordular sınırlarımızdaki köpekler gibi dönüyor. Bununla ne demek istiyorsun? Onları hemen kaldırın.</Text>
		</Row>
		<Row Tag="LOC_DIPLO_DEFEAT_FROM_AI_LEADER_PACHACUTI_ANY">
			<Text>Güneşi nasıl karartdın? Ben özen ve merhametle karar verdim - siz de öyle yaptığınızı görün.</Text>
		</Row>
		<Row Tag="LOC_DIPLO_REJECT_MAKE_DEAL_FROM_AI_LEADER_PACHACUTI_ANY">
			<Text>Ben cömertim ama bu kadar da değil.</Text>
		</Row>
		<Row Tag="LOC_DIPLO_ACCEPT_MAKE_DEAL_FROM_AI_LEADER_PACHACUTI_ANY">
			<Text>Evet, İnka bunu size verecek.</Text>
		</Row>
		<!-- Suleiman Diplo Text -->
		<Row Tag="LOC_DIPLO_ACCEPT_DECLARE_FRIEND_FROM_HUMAN_LEADER_SULEIMAN_ANY">
			<Text>Yüce Allah, çıkarlarımızın uyumunu görmek için size bilgelik verdi.</Text>
		</Row>
		<Row Tag="LOC_DIPLO_REJECT_DECLARE_FRIEND_FROM_HUMAN_LEADER_SULEIMAN_ANY">
			<Text>Benimle kim arkadaşlık edecek? Sen benim eşim değilsin, sadece ateşli bir hayransın.</Text>
		</Row>
		<Row Tag="LOC_DIPLO_DECLARE_FRIEND_FROM_AI_LEADER_SULEIMAN_ANY">
			<Text>Bana karşı olan davranışınız her zaman uygun olduğu için, arkadaşlığımı açıkça talep etmek için izniniz var.</Text>
		</Row>
		<Row Tag="LOC_DIPLO_ACCEPT_DECLARE_FRIEND_FROM_AI_LEADER_SULEIMAN_ANY">
			<Text>Bunu sana veriyorum.</Text>
		</Row>
		<Row Tag="LOC_DIPLO_REJECT_DECLARE_FRIEND_FROM_AI_LEADER_SULEIMAN_ANY">
			<Text>Ne? Hayır, kesinlikle değil.</Text>
		</Row>
		<Row Tag="LOC_DIPLO_ACCEPT_DELEGATION_FROM_HUMAN_LEADER_SULEIMAN_ANY">
			<Text>Heyetinizi aldım. Onların armağanları, başkalarınınkilerle birlikte hazineye yerleştirildi.</Text>
		</Row>
		<Row Tag="LOC_DIPLO_REJECT_DELEGATION_FROM_HUMAN_LEADER_SULEIMAN_ANY">
			<Text>Bir delegasyon gönderirseniz, kapıda geri dönecekler. Onları ve kendinizi - bu utançtan kurtarın.</Text>
		</Row>
		<Row Tag="LOC_DIPLO_DELEGATION_FROM_AI_LEADER_SULEIMAN_ANY">
			<Text>Size yakut, zümrüt, altın işi ve birçok lezzetin yanı sıra, sizin adınıza zehir için tadacak bir chesnidjibashi hediye ediyorum.</Text>
		</Row>
		<Row Tag="LOC_DIPLO_DENOUNCE_FROM_HUMAN_LEADER_SULEIMAN_ANY">
			<Text>Sen engerek, çakal, akbaba, sırtlan, sıçan ve her şeyden nefret eden ve kindar olanların hakimi sen onların hakimi olduğunu iddia ediyor.</Text>
		</Row>
		<Row Tag="LOC_DIPLO_DENOUNCE_FROM_AI_LEADER_SULEIMAN_ANY">
			<Text>Asaletiniz ve cüretkarlığınız, yalnızca bana nasıl davranılmayacağına dair bir ders olduğu için, izin verilmez.</Text>
		</Row>
		<Row Tag="LOC_DIPLO_GREETING_LEADER_SULEIMAN_ANY">
			<Text>Şimdi konuşabilirsin.</Text>
		</Row>
		<Row Tag="LOC_DIPLO_MAKE_ALLIANCE_FROM_AI_LEADER_SULEIMAN_ANY">
			<Text>Dünyaya olan saygınlığın büyük ölçüde artacaktır, benimle bir ittifak kabul ettin.</Text>
		</Row>
		<Row Tag="LOC_DIPLO_MAKE_PEACE_AI_ACCEPT_DEAL_LEADER_SULEIMAN_ANY">
			<Text>Maddi harabe davetini ve Allah'ın hoşnutsuzluğunu uzak tutmak için aramızdaki bu savaşı sonlandırmalısınız.</Text>
		</Row>
		<Row Tag="LOC_DIPLO_MAKE_PEACE_AI_REFUSE_DEAL_LEADER_SULEIMAN_ANY">
			<Text>Bu oyundan bıktım.</Text>
		</Row>
		<Row Tag="LOC_DIPLO_MAKE_PEACE_FROM_AI_LEADER_SULEIMAN_ANY">
			<Text>Merhamet, aramızdaki savaş durumunun bir anda sona ermesini ister.</Text>
		</Row>
		<Row Tag="LOC_DIPLO_ACCEPT_OPEN_BORDERS_FROM_HUMAN_LEADER_SULEIMAN_ANY">
			<Text>Topraklarını geçme hakkımın tanındığını kabul ediyorum. Ve size Osmanlı topraklarından geçmek için izin veriyorum.</Text>
		</Row>
		<Row Tag="LOC_DIPLO_REJECT_OPEN_BORDERS_FROM_HUMAN_LEADER_SULEIMAN_ANY">
			<Text>Ülkeme dair iddiaları olan tek egemen benim ve sınırlarımdan geçemeyebilirsiniz.</Text>
		</Row>
		<Row Tag="LOC_DIPLO_OPEN_BORDERS_FROM_AI_LEADER_SULEIMAN_ANY">
			<Text>Sınırlarını bana açmalısın ve bunu yaparken de sana kendi topraklarımda benzer bir ayrıcalık tanıyacağım.</Text>
		</Row>
		<Row Tag="LOC_DIPLO_WARNING_TOO_MANY_TROOPS_NEAR_ME_LEADER_SULEIMAN_ANY">
			<Text>Sınırda dövüş sergilemeyin, çünkü bu beni kızdırıyor. Zaten imparatorluğumdaki birçok kişi benim adıma hakaret ediyor.</Text>
		</Row>
		<Row Tag="LOC_DIPLO_DEFEAT_FROM_AI_LEADER_SULEIMAN_ANY">
			<Text>Harabe! Harabe! İstanbul, yalnızca melankolik şairler tarafından hatırlanan Sütunlar Dönemi olur.</Text>
		</Row>
		<Row Tag="LOC_DIPLO_REJECT_MAKE_DEAL_FROM_AI_LEADER_SULEIMAN_ANY">
			<Text>İmkansız.</Text>
		</Row>
		<Row Tag="LOC_DIPLO_ACCEPT_MAKE_DEAL_FROM_AI_LEADER_SULEIMAN_ANY">
			<Text>Sanırım bunu bir sadaka ruhu içinde yapabilirim.</Text>
		</Row>
	</BaseGameText>
</GameData>
