﻿<?xml version="1.0" encoding="utf-8"?>
<!-- edited with XMLSPY v2004 rel. 2 U (http://www.xmlspy.com) by Ed Beach (Firaxis Games) -->
<GameData>
	<EnglishText>
		<!--Improvements-->
		<Row Tag="LOC_IMPROVEMENT_CHATEAU_DESCRIPTION">
			<Text>inşaatçı'nın Fransa'ya özgü bir Chateau inşa etme yeteneğinin kilidini açar.[NEWLINE][NEWLINE]+2 [ICON_Culture] Kültür. +1 İtiraz. +2 [ICON_Culture] Kültür bir mucizenin yanındaysa. +1 [ICON_Gold] Bir Lüks kaynağın yanındaysa Altın. Sadece Taşkın Planları da dahil olmak üzere Rivers'a bitişik olarak inşa edilebilir.</Text>
		</Row>
		<Row Tag="LOC_IMPROVEMENT_ZIGGURAT_DESCRIPTION">
			<Text>inşaatçı'nın Sumeria'ya özgü bir Ziggurat inşa etme yeteneğinin kilidini açar.[NEWLINE][NEWLINE]+2 [ICON_Science] Bilim. +1 [ICON_Culture] Nehir yanında ise kültür. Tepeler üzerine inşa edilemez ama Taşkın Planları üzerine inşa edilebilir.</Text>
		</Row>
		<Row Tag="LOC_IMPROVEMENT_GEOTHERMAL_PLANT_NAME">
			<Text>Jeotermal Santrali</Text>
		</Row>
		<Row Tag="LOC_IMPROVEMENT_GEOTHERMAL_PLANT_DESCRIPTION">
			<Text>Jeotermal Bir Tesis inşa etmek için Oluşturucu yeteneğinin kilidini açar.[NEWLINE][NEWLINE]+1 [ICON_Science] Bilim. +2 [ICON_Production] Üretim. Tur başına 4 [ICON_Power] Güç sağlar. Jeotermal bir çatlak üzerine inşa edilmelidir.</Text>
		</Row>
		<Row Tag="LOC_IMPROVEMENT_SOLAR_FARM_NAME">
			<Text>Güneş Çiftliği</Text>
		</Row>
		<Row Tag="LOC_IMPROVEMENT_SOLAR_FARM_DESCRIPTION">
			<Text>İnşaatçı'nın Güneş Santrali kurma yeteneğinin kilidini kaldırır.[NEWLINE][NEWLINE]+1 [ICON_Gold] Altın. +1 [ICON_Production] Üretim. Tur başına 2 [ICON_Power] Güç sağlar. Düz arazide inşa edilmelidir. Kar üzerine inşa edilemez.</Text>
		</Row>
		<Row Tag="LOC_IMPROVEMENT_WIND_FARM_NAME">
			<Text>Rüzgar Çiftliği</Text>
		</Row>
		<Row Tag="LOC_IMPROVEMENT_WIND_FARM_DESCRIPTION">
			<Text>İnşaatçı'nın bir Rüzgar Çiftliği inşa etme kabiliyetini açar.[NEWLINE][NEWLINE]+2 [ICON_Gold] Altın. +1 [ICON_Production] Üretim. Tur başına 2 [ICON_Power] Güç sağlar. Tepeler de inşa edilmelidir.</Text>
		</Row>
		<Row Tag="LOC_IMPROVEMENT_OFFSHORE_WIND_FARM_NAME">
			<Text>Açık Deniz Rüzgar Çiftliği</Text>
		</Row>
		<Row Tag="LOC_IMPROVEMENT_OFFSHORE_WIND_FARM_DESCRIPTION">
			<Text>İnşaatçı'nın bir Açık Deniz Rüzgar Çiftliği inşa etme yeteneğinin kilidini kaldırır.[NEWLINE][NEWLINE]+2 [ICON_Production] Üretim. Tur başına 2 [ICON_Power] Güç sağlar. Kıyı veya Göl arazisinde inşa edilmelidir.</Text>
		</Row>
		<Row Tag="LOC_IMPROVEMENT_SEASTEAD_NAME">
			<Text>Denizfayda</Text>
		</Row>
		<Row Tag="LOC_IMPROVEMENT_SEASTEAD_DESCRIPTION">
			<Text>İnşaatçı'nın bir Denizfayda inşa etme yeteneğinin kilidini açar.[NEWLINE][NEWLINE]+2 [ICON_FOOD] Yiyecek. +1 [ICON_Production] Her bitişik Balıkçı Teknesi için üretim. Balıkçı Tekneleri her bitişik Denizfayda için +1 [ICON_Production] Üretim alır. +1 [ICON_Culture] Kültür ve [ICON_Tourism] Her komşu Resif için turizm. +2 [ICON_HOUSING] Konut. Sadece Sahil, Göl veya Okyanus arazileri üzerine inşa edilebilir.</Text>
		</Row>
		<Row Tag="LOC_IMPROVEMENT_MOAI_DESCRIPTION">
			<Text>İnşaatçı'nın bir Moai inşa etme yeteneğinin kilidini açar.[NEWLINE][NEWLINE]+1 [ICON_Culture] Kültür. +1 [ICON_Culture] Her 2 komşu Moai için kültür. +2 [ICON_Culture] Bir Volkanik Toprak döşemesine bitişik veya bitişikse kültür. +1 [ICON_Culture] Kıyı veya Göl döşemesine bitişikse kültür. Sivil ve Teknoloji Ağacı'nda ilerlerken ek [ICON_Culture] Kültür ve [ICON_Tourism] Turizm. Plains, Plains Tepeleri, Otlak, Otlak Tepeleri veya Volkanik Toprak üzerine inşa edilebilir. Woods veya Rainforest döşemesine bitişik yerleştirilemez.</Text>
		</Row>
		<Row Tag="LOC_IMPROVEMENT_MOUND_NAME">
			<Text>Cahokia Höyükleri</Text>
		</Row>
		<Row Tag="LOC_IMPROVEMENT_MOUND_DESCRIPTION">
			<Text>İnşaatçı'nın Cahokia Höyüğü inşa etme yeteneğinin kilidini kaldırır.[NEWLINE][NEWLINE]+3 [ICON_GOLD] Altın. Şehirler ilk Cahokia Höyük geliştirmesinden +1 [ICON_AMENITIES] İmkân kazandılar. Doğal Tarihi keşfettikten sonra, şehirler ikinci Cahokia Mound geliştirmesinden +1 [ICON_AMENITIES] İmkânı kazanıyor. +1 [ICON_FOOD] Bitişik her 2 Semt için bir kez Feodalizm keşfedildikten sonra veya Bitişik Her Bölge için bir kez Değiştirilebilir Parçalar araştırıldı. +1 [ICON_HOUSING] Konut sağlar. Kültürel Miras keşfedildikten sonra ek bir [ICON_HOUSING] Konut alın. Diğer Cahokia Höyükleri'ne bitişik yapılamaz.</Text>
		</Row>
		<Row Tag="LOC_IMPROVEMENT_NAZCA_LINE_NAME">
			<Text>Nazca Hattı</Text>
		</Row>
		<Row Tag="LOC_IMPROVEMENT_NAZCA_LINE_DESCRIPTION">
			<Text>İnşaatçı'nın bir Nazca Hattı inşa etme kabiliyetini açar.[NEWLINE][NEWLINE]+1 [ICON_Faith] Bitişik çinilere inanç. +1 [ICON_Faith] Bir kaynakla bitişik fayanslara olan inanç. +1 [ICON_FOOD] Kamu Hizmeti'ni keşfettikten sonra bitişikteki Desert ve Desert Hill çinilerine yiyecek. +1 [ICON_PRODUCTION] Seri Üretim araştırmasından sonra bitişik yassı karolarda üretim. +1 İtiraz. Sadece düz Çölde inşa edilebilir. Bu döşeme kullanılamaz.</Text>
		</Row>
		<Row Tag="LOC_IMPROVEMENT_MOAI_NAME">
			<Text>Moai</Text>
		</Row>
		<Row Tag="LOC_IMPROVEMENT_SKI_RESORT_NAME">
			<Text>Kayak Merkezi</Text>
		</Row>
		<Row Tag="LOC_IMPROVEMENT_SKI_RESORT_DESCRIPTION">
			<Text>İnşaatçı'nın bir Kayak Merkezi inşa etme yeteneğinin kilidini açar.[NEWLINE][NEWLINE]Çini Temyize eşit [ICON_Tourism] Turizm sağlar. [ICON_AMENITIES] İmkânı sunar. Sadece bir dağa inşa edilebilir. Başka bir Kayak Merkezine bitişik yapılamaz. Çalışılamaz veya kaldırılamaz.</Text>
		</Row>
		<Row Tag="LOC_IMPROVEMENT_MOUNTAIN_TUNNEL_NAME">
			<Text>Dağ Tüneli</Text>
		</Row>
		<Row Tag="LOC_IMPROVEMENT_MOUNTAIN_TUNNEL_DESCRIPTION">
			<Text>Askeri Mühendis'in Dağ Tüneli inşa etme yeteneğinin kilidini açar.[NEWLINE][NEWLINE]2 [[ICON_Movement] Hareketi bedeli karşılığında birimlerin kendi içine taşınmasına ve başka bir portaldan çıkmasına izin vererek, bir dağlık alanda bir hareket portalı görevi görür. Sadece bitişik bir dağ taşına inşa edilebilir. Yağmalanamaz veya kaldırılamaz.</Text>
		</Row>
		<!--Goody Huts -->
		<Row Tag="LOC_GOODYHUT_DIPLOMACY_GOVERNOR_TITLE_DESCRIPTION">
			<Text>[COLOR_FLOAT_DIPLOMATIC]+1 [ICON_Governor] Vali Ünvanı[ENDCOLOR]</Text>
		</Row>
		<Row Tag="LOC_GOODYHUT_DIPLOMACY_ENVOY_DESCRIPTION">
			<Text>[COLOR_FLOAT_DIPLOMATIC]+{1_Num} [ICON_Envoy] Temsilci[ENDCOLOR]</Text>
		</Row>
		<Row Tag="LOC_GOODYHUT_DIPLOMACY_FAVOR_DESCRIPTION">
			<Text>[COLOR_FLOAT_DIPLOMATIC]+{1_Num} [ICON_FAVOR] Diplomatik İyilik[ENDCOLOR]</Text>
		</Row>
		<Row Tag="LOC_GOODYHUT_MILITARY_RESOURCES_DESCRIPTION">
			<Text>[COLOR_FLOAT_MILITARY]+{1_Num} [ICON_{2_Icon}] {3_Resources}[ENDCOLOR]</Text>
		</Row>
		<!-- Updates-->
		<Row Tag="LOC_IMPROVEMENT_ALCAZAR_EXPANSION2_DESCRIPTION">
			<Text>İnşaatçı'nın bir Alcázar inşa etme yeteneğinin kilidini açar.[NEWLINE][NEWLINE]+2 [ICON_Culture] Kültür. Karo Temyizinin %50'sine eşit [ICON_SCIENCE] Bilim sunar. İşgalci birim +4 [ICON_Strength] Savunma Gücü alır ve otomatik olarak 2 kez güçlendirme kazanır. Flight araştırdıktan sonra [ICON_TOURISM] Turizm sağlar. Başka bir Alcázar yanına yapılamaz.</Text>
		</Row>
		<Row Tag="LOC_IMPROVEMENT_CAMP_EXPANSION2_DESCRIPTION">
			<Text>Oluşturucu Kampları oluşturma yeteneğinin kilidini açar.[NEWLINE][NEWLINE]+2 [ICON_Gold] Altın. Yalnızca geçerli kaynaklar üzerine kurulabilir.[NEWLINE][NEWLINE]Lüks kaynaklar üzerine kuruluysa, şehir bu kaynağı kullanacaktır.</Text>
		</Row>
		<Row Tag="LOC_IMPROVEMENT_COLOSSAL_HEAD_EXPANSION2_DESCRIPTION">
			<Text>İnşaatçı'nın Devasa Bir Baş kurma becerisinin kilidini açar.[NEWLINE][NEWLINE]+2 [ICON_Faith] İnanç. +1 [ICON_Faith] Hümanizm keşfedildikten sonra her 2 komşu Rainforest için veya her komşu Rainforest için inanç. +1 [ICON_Faith] Hümanizm keşfedildikten sonra her iki komşu Orman'a veya her komşu Orman'a olan inanç. [ICON_TOURISM] Turizm [ICON_FAITH] 'den Turizm Bir kez İnanç Uçuş araştırıldı. Kar veya Kar Tepeleri üzerine inşa edilemez.</Text>
		</Row>
		<Row Tag="LOC_IMPROVEMENT_MONASTERY_EXPANSION2_DESCRIPTION">
			<Text>İnşaatçı'nın manastır inşa etme yeteneğinin kilidini açar.[NEWLINE][NEWLINE]+2 [ICON_Faith] İnanç. +15 HP, bu dönüşe saldırmayan kiremit üzerindeki dostça dini birim için şifa veriyor. +1 [ICON_FAITH] Her iki komşu ilçeye de inanç. +1 [ICON_HOUSING] Konut sağlar. Sömürgecilik keşfedildikten sonra ek bir [ICON_HOUSING] Konut alın. Başka bir Manastırın yanına yapılamaz.</Text>
		</Row>
		<Row Tag="LOC_IMPROVEMENT_LUMBER_MILL_EXPANSION2_DESCRIPTION">
			<Text>Kereste Değirmeni inşa etmek için İnşaatçı yeteneğinin kilidini açar.[NEWLINE][NEWLINE]+2 [ICON_Production] Üretim. Sadece Orman üzerine inşa edilebilir. Merkantilizmin kilidi açıldıktan sonra Yağmurormanı üzerine de inşa edilebilir.</Text>
		</Row>
		<Row Tag="LOC_BARB_CAMP_DISPERSAL_DESCRIPTION_HEALING">
			<Text>[COLOR_FLOAT_FAITH]+{1_Num} HP[ENDCOLOR]</Text>
		</Row>
	</EnglishText>
</GameData>
