<?xml version="1.0" encoding="utf-8"?>
<!-- edited with XMLSPY v2004 rel. 2 U (http://www.xmlspy.com) by Ed Beach (Firaxis Games) -->
<GameData>
	<BaseGameText>
		<!-- Scenario Name and Description-->
		<Row Tag="LOC_POLAND_SCENARIO_NAME">
			<Text>Jadwiga'nın Mirası</Text>
		</Row>
		<Row Tag="LOC_POLAND_SCENARIO_TOOLTIP">
			<Text>Rönesansta Polonya'yı yabancı istilalardan en iyi kim savunabilir? 60 tur sürer.</Text>
		</Row>
		<Row Tag="LOC_POLAND_SCENARIO_DESCRIPTION">
			<Text>Bu 60 tur senaryosunda, Avrupa'nın kenarında, Polonya'nın verimli topraklarını, her yönden sürekli olarak yapılan saldırılara karşı koruyorsunuz. Uygarlık büyüdükçe Kanatlı Hüssarlarınızı toplayıp, Töton Şövalyeleri ve Osmanlı Türklerine karşı yüzleş. [NEWLINE][NEWLINE]Oyunun sonunda puanlama ile en iyi imparatorluğa sahip olan oyuncu kazanır.</Text>
		</Row>
		<Row Tag="LOC_LOADING_INFO_POLAND_SCENARIO">
			<Text>Polonya Krallığı ve Litvanya Büyük Dükalığı'ndan oluşan Birleşmiş Milleti, parçalarının toplamından daha büyük bir bütün olarak yönetiyorsunuz. Avrupa'daki kaosun ortasında, seçilmiş bir hükümdarı, dini hoşgörüyü ve büyülerinizi paylaşan yüksek ayrıcalıklı ışıldayan bir yol göstericisiniz. Ancak parlak ışığınız, istenmeyen dikkatler çekecek. Dayanılmaz düşmanlara karşı başarılı olmak için, zorlukla kurduğunuz Birliğ'inizi koruyabilir misin?</Text>
		</Row>
		<Row Tag="LOC_MOD_POLANDSCENARIO_MAP_NAME">
			<Text>Doğu Avrupa</Text>
		</Row>
		<!-- Civilization Names -->
		<Row Tag="LOC_CIVILIZATION_POLAND_SCENARIO_RADZIWILL_NAME">
			<Text>Litvanya Soyluları</Text>
		</Row>
		<Row Tag="LOC_CIVILIZATION_POLAND_SCENARIO_POTOCKI_NAME">
			<Text>Polonya Soyluları</Text>
		</Row>
		<Row Tag="LOC_CIVILIZATION_POLAND_SCENARIO_OSTROGSKI_NAME">
			<Text>Volhanya Soyluları</Text>
		</Row>
    <Row Tag="LOC_CIVILIZATION_RADZIWILL_NAME">
      <Text>Litvanyalı Soylular</Text>
    </Row>
    <Row Tag="LOC_CIVILIZATION_POTOCKI_NAME">
      <Text>Polonyalı Soylular</Text>
    </Row>
    <Row Tag="LOC_CIVILIZATION_OSTROGSKI_NAME">
      <Text>Volhanyalı Soylular</Text>
    </Row>
		<Row Tag="LOC_TRAIT_SCENARIO_RADZIWILL_ABILITY_NAME">
			<Text>Altın Özgürlük</Text>
		</Row>
		<Row Tag="LOC_TRAIT_SCENARIO_RADZIWILL_ABILITY_DESCRIPTION">
			<Text>Dost bir arazide, Ordugah veya Kale tamamlanırken bitişik peteklere Kültürel Şok. Mevcut hükümetteki bir Askeri politika slotu, bir Joker Kart slotuna dönüştürülür.</Text>
		</Row>
		<Row Tag="LOC_TRAIT_SCENARIO_POTOCKI_ABILITY_NAME">
			<Text>Altın Özgürlük</Text>
		</Row>
		<Row Tag="LOC_TRAIT_SCENARIO_POTOCKI_ABILITY_DESCRIPTION">
			<Text>Dost bir arazide, Ordugah veya Kale tamamlanırken bitişik peteklere Kültürel Şok. Mevcut hükümetteki bir Askeri politika slotu, bir Joker Kart slotuna dönüştürülür.</Text>
		</Row>
		<Row Tag="LOC_TRAIT_SCENARIO_OSTROGSKI_ABILITY_NAME">
			<Text>Altın Özgürlük</Text>
		</Row>
		<Row Tag="LOC_TRAIT_SCENARIO_OSTROGSKI_ABILITY_DESCRIPTION">
			<Text>Dost bir arazide, Ordugah veya Kale tamamlanırken bitişik peteklere Kültürel Şok. Mevcut hükümetteki bir Askeri politika slotu, bir Joker Kart slotuna dönüştürülür.</Text>
		</Row>
		<!-- Leaders -->
		<Row Tag="LOC_LEADER_POLAND_SCENARIO_RADZIWILL_NAME">
			<Text>Mikołaj Radziwiłł</Text>
		</Row>
		<Row Tag="LOC_LEADER_POLAND_SCENARIO_POTOCKI_NAME">
			<Text>Stanisław Potocki</Text>
		</Row>
		<Row Tag="LOC_LEADER_POLAND_SCENARIO_OSTROGSKI_NAME">
			<Text>Konstanty Ostrogski</Text>
		</Row>
    		<!-- Leaders -->
		<Row Tag="LOC_LEADER_SCENARIO_RADZIWILL_NAME">
			<Text>Mikołaj Radziwiłł</Text>
		</Row>
		<Row Tag="LOC_LEADER_SCENARIO_POTOCKI_NAME">
			<Text>Stanisław Potocki</Text>
		</Row>
		<Row Tag="LOC_LEADER_SCENARIO_OSTROGSKI_NAME">
			<Text>Konstanty Ostrogski</Text>
		</Row>
		<Row Tag="LOC_TRAIT_LEADER_SCENARIO_RADZIWILL_NAME">
			<Text>Nesvizh Kalesi</Text>
		</Row>
		<Row Tag="LOC_TRAIT_LEADER_SCENARIO_RADZIWILL_DESCRIPTION">
			<Text>Her eğittiğiniz Askeri Mühendis'ten, ikinci bir Askeri Mühendis daha alın.</Text>
		</Row>
		<Row Tag="LOC_TRAIT_LEADER_SCENARIO_RADZIWILL_ALT_DESCRIPTION">
			<Text>Her eğittiğiniz İnşaatçı ve Askeri Mühendis'ten, ikinci bir Askeri Mühendis veya İnşaatçı daha alın.</Text>
		</Row>
		<Row Tag="LOC_TRAIT_LEADER_SCENARIO_POTOCKI_NAME">
			<Text>Rotmistrz</Text>
		</Row>
		<Row Tag="LOC_TRAIT_LEADER_SCENARIO_POTOCKI_DESCRIPTION">
			<Text>Her eğittiğiniz Şövalye veya Kanatlı Hüssar'dan, ikinci bir Şövalye veya Kanatlı Hüssar daha alın.</Text>
		</Row>
		<Row Tag="LOC_TRAIT_LEADER_SCENARIO_OSTROGSKI_NAME">
			<Text>Field Hetman</Text>
		</Row>
		<Row Tag="LOC_TRAIT_LEADER_SCENARIO_OSTROGSKI_DESCRIPTION">
			<Text>Her eğittiğiniz Kargılı Asker'den, ikinci bir Kargılı Asker daha alın.</Text>
		</Row>
		<Row Tag="LOC_TRAIT_LEADER_SCENARIO_OSTROGSKI_ALT_DESCRIPTION">
			<Text>Her eğittiğiniz Kargılı Asker'den, ikinci bir Kargılı Asker daha alın. İkinci bir eşsiz birim olarak Kazak sağlar.</Text>
		</Row>
	</BaseGameText>
</GameData>
