﻿<?xml version="1.0" encoding="UTF-8" standalone="yes"?>
<GameData xmlns:xsi="http://www.w3.org/2001/XMLSchema-instance">
	<BaseGameText>
		<!-- Leaders -->
		<Row Tag="LOC_PEDIA_LEADERS_PAGE_LEADER_RADZIWILL_CHAPTER_HISTORY_PARA_1">
			<Text>Litvanyalı bir soylu ve hakaret eden Calvinist, Siyah Mikołaj her zaman hırsını biliyordu. Kuzeninin Barbara'nın kişisel servetlerini arttırmak için Polonya Kralı Sigismund II ile olan ilişkisinden yararlanır. Kuzeni Mikołaj Kırmızı ile bir ittifak, ailesinin Litvanya asilleri arasındaki etkisini daha da arttırdı.</Text>
		</Row>
		<Row Tag="LOC_PEDIA_LEADERS_PAGE_LEADER_RADZIWILL_CHAPTER_HISTORY_PARA_2">
			<Text>Mikołaj'ın Polonya hakkındaki görüşleri ve Litvanya ile ilişkisi karmaşıktır. Litvanya egemenliğine ve resmi bir Polonya-Litvanya birliğine karşı şiddetle destek vermesine rağmen, aynı zamanda Litvanyalı asillerini Polonya kültürünü benimsemeye çağırdı. Belki de ortak bir dil onların sendikaya karşı daha güçlü bir şekilde savunmalarını sağlayacaktır.</Text>
		</Row>	
		<Row Tag="LOC_PEDIA_LEADERS_PAGE_LEADER_RADZIWILL_CHAPTER_HISTORY_PARA_3">
			<Text>Litvanya'nın bağımsızlığı konusundaki duygularına rağmen, Polonya ve Litvanyalılara yönelik tehditlere karşı verdiği bir soru yoktur. Litvanya Büyük Şansölyesi olarak, tükenmez kaleminin vuruşunu veya pike'nin itişini olsun, ülkesinin düşmanlarını engellemek için tüm araçlara güvenecektir.</Text>
		</Row>	
		<Row Tag="LOC_PEDIA_LEADERS_PAGE_LEADER_POTOCKI_CHAPTER_HISTORY_PARA_1">
			<Text>Gururlu Polonyalı oğul Stanisław "Rewera" Potocki, 18 yaşındayken ilk çatışmalarıyla savaştı. O, savaşçılara karşı bir şefkat kazanacak kadar Polonyalı isyancılara karşı kendini yeterince iyi tanıdı ve savaştan bu yana hayatının büyük bölümünü harcadı.</Text>
		</Row>
		<Row Tag="LOC_PEDIA_LEADERS_PAGE_LEADER_POTOCKI_CHAPTER_HISTORY_PARA_2">
			<Text>Stanisław bir takım unvanlar edinse de, onun için gerçekten önemli olan tek şey, Polonya kuvvetleri komutanı Büyük Taç Hetman’dı. Aslında, kariyeri Polonya-Litvanyalı Topluluğu adına bir dizi önde gelen askeri anlaşma olmuştur. En önemlisi, Stanisław İsveç ve Rus kuvvetlerinin İngiliz Milletler Topluluğu'nu istila ettiği İsveç Deluge'ye karşı savundu.</Text>
		</Row>
		<Row Tag="LOC_PEDIA_LEADERS_PAGE_LEADER_POTOCKI_CHAPTER_HISTORY_PARA_3">
			<Text>Şirketinde hızlı bir şekilde ortaya çıktıkça Stanisław, görkemli olma eğilimindedir. Takma ismini, 'aslında' anlamına gelen Latince 're vera' kelimelerini kullanılamaz şekilde kullanmasından almıştır. Size söyleyen ilk kişi olacaktır, aslında takma adıma teşekkür eder.</Text>
		</Row>
		<Row Tag="LOC_PEDIA_LEADERS_PAGE_LEADER_OSTROGSKI_CHAPTER_HISTORY_PARA_1">
			<Text>Konstanty Ostrogski'nin karakterini bağlılıktan daha iyi ifade edemez. Polonya-Litvanya Birliği'ne, kesinlikle - Polonya Kralı John altındaki yetenekli emri, onu ilk yapan Grand Hetman unvanını kazandım. Anavatanına, kesinlikle - Volhynian hisse senedine göre, birçok başarısına rağmen, köklerini asla unutmadı.</Text>
		</Row>
		<Row Tag="LOC_PEDIA_LEADERS_PAGE_LEADER_OSTROGSKI_CHAPTER_HISTORY_PARA_2">
			<Text>Ama hepsinden önemlisi, inancına göre - Ortodoks Kilisesi'nin. Kişisel servetini Ortodoks kiliseleri ve okullarının inşasına döküyor ve oldukça dindar biri. Katolik bir Polonya ve Litvanya için tuhaf bir mesele.</Text>
		</Row>		
		<Row Tag="LOC_PEDIA_LEADERS_PAGE_LEADER_OSTROGSKI_CHAPTER_HISTORY_PARA_3">
			<Text>Yine de Konstanty'nin sadakati, onu çok azının sadakatini makul bir şekilde sorgulayabileceğini tanımlar. Tatar, Muscovy veya Osmanlı - Grand Hetman ilerlemelerini kıracak, kalelerini kuşatacak ve güçlerini detaylı olarak imha edecek. Çekiç kıran örsdür.</Text>
		</Row>	
		<!-- Civilizations-->	
		<Row Tag="LOC_PEDIA_CIVILIZATIONS_PAGE_CIVILIZATION_RADZIWILL_CHAPTER_HISTORY_PARA_1">
			<Text>Litvanyalı soylu uzun zamandır Büyük Dük'ün servetinin bir parçası olmuştur. Bu gururlu soyundan gelenlere Litvanyalı kaygıları olan - bazen Polonya müttefikleri pahasına - sahip olmaları için güvenebiliriz.</Text>
		</Row>
		<Row Tag="LOC_PEDIA_CIVILIZATIONS_PAGE_CIVILIZATION_RADZIWILL_CHAPTER_HISTORY_PARA_2">
			<Text>Bu, Litvanya asaletinin, Polonya-Litvanya refahını savunmak için çok fazla para ödeyeceği anlamına gelmez. Grand Duchy'den çok sayıda asker alan ve Polonyalı Taç için onları hazır hale getirmek için hızlı. Bununla birlikte, aile gururu hırsla karışabilir, kendi çıkarlarının ve Litvanya çıkarlarının aynı olduğuna inanmalarına yol açabilir.</Text>
		</Row>	
		<Row Tag="LOC_PEDIA_CIVILIZATIONS_PAGE_CIVILIZATION_POTOCKI_CHAPTER_HISTORY_PARA_1">
			<Text>Uzun ömürlü Polonya asaletinin çoğu zaman mütevazı başlangıçları vardır, ancak Polonya'nın yıldızının yükselişi, varlıklarını genişletmelerine ve tekrar Taç'a bağlılıklarını kanıtlamalarına izin verdi. Prestij kazandıkça aileler de servetlerini kazanıyor.</Text>
		</Row>
		<Row Tag="LOC_PEDIA_CIVILIZATIONS_PAGE_CIVILIZATION_POTOCKI_CHAPTER_HISTORY_PARA_2">
			<Text>Polonyalı birkaç aileden daha fazlası, magnat rütbesine yükseltildi. Bahsedilen asalet tüyleri karıştırır - ama buna rağmen fısıldayan fısıltılar, bu tür birçok ailenin Taç'ın savunucuları olduğunu kanıtladı. Mahkemede yaklaşımları savaşta olduğu gibi - rakibinizin gözlerine bakın, manevra yapacakları bir yer bırakmalarını ve asla geri adım atmalarını sağlayın.</Text>
		</Row>
		<Row Tag="LOC_PEDIA_CIVILIZATIONS_PAGE_CIVILIZATION_OSTROGSKI_CHAPTER_HISTORY_PARA_1">
			<Text>Volhynian aileleri, Polonya-Litvanya Birliğinde bir meraktır. Kuşkusuz sadıklar, ancak bazıları Ortodoks Kilisesi'ne olan inançlarını Katoliklik lehine terk etmeyi reddetti.</Text>
		</Row>
		<Row Tag="LOC_PEDIA_CIVILIZATIONS_PAGE_CIVILIZATION_OSTROGSKI_CHAPTER_HISTORY_PARA_2">
			<Text>İşte Birliğin gücü ve onun kodlu dini hoşgörü görüşleridir. Birliğin nedenlerini ileri sürdükleri sürece, istedikleri gibi yapabilirler. Kampanya için ihtiyaç duyduklarında, bize karşı çıkacak olan herkesi doğrudan suçlayarak, askerlerini, yemlerini ve hazinelerini hazır bulundurmalarını sağlayın. En iyileri ve en zekileri, on binlerce sendika askerine büyük başarılar vermesini emretti.</Text>
		</Row>
		<Row Tag="LOC_PEDIA_CIVILIZATIONS_PAGE_CIVILIZATION_OSTROGSKI_CHAPTER_HISTORY_PARA_3">
			<Text>Seçtikleri şekilde ibadet etmelerine izin verin. Bunu yaparsak, davamızdaki dünyaya olan inancını güçlendirmeye hizmet ederse, Birlik için daha fazla yarar sağlar.</Text>
		</Row>
		<!-- City-States-->			
		<Row Tag="LOC_PEDIA_CITYSTATES_PAGE_CIVILIZATION_GDANSK_CHAPTER_HISTORY_PARA_1">
			<Text>İyi sebeplerden dolayı, Gdansk bağımsızlığından biraz daha fazlasını istiyor. Teutonic Şövalyeleri'nin ("Danzig" kentini isimlendirmek için ısrar eden) 150 yıllık istenmeyen yönetiminden sonra, Polonya Kralı Casimir IV, Büyük Ayrıcalık'ı Gdańsk'a uzattı ve özerkliğini yeniden onayladı ve Polonya-Litvanya Birliği ile olumlu ticaret ilişkileri sağladı. Baltık genelindeki diğer Lig şehirlerinin yanı sıra Union pazarlarına da erişim hakkı olan bir Hansa Birliği şehri için mükemmel haberler.</Text>
		</Row>
		<Row Tag="LOC_PEDIA_CITYSTATES_PAGE_CIVILIZATION_GDANSK_CHAPTER_HISTORY_PARA_2">
			<Text>Tektonik Şövalyeleri yola çıkmadıkça ve şehri kontrollerine geri getirmedikçe, Gdansk için tüm güzel haberler.</Text>
		</Row>
		<Row Tag="LOC_PEDIA_CITYSTATES_PAGE_CIVILIZATION_VIENNA_CHAPTER_HISTORY_PARA_1">
			<Text>Habsburg'lar Viyana'yı berbat etti. Bir zamanlar Kutsal Roma İmparatorluğu'ndaki en önemli şehir olan bir dizi etkisiz imparator, bir zamanlar gelişen kültür merkezini ve ticaretini ters uçlara monte edilmiş atlarla koç haline getirmiştir. Son zamanlarda, katil siyasi misillemeler şehri etkili bir hükümet olmadan terk etti.</Text>
		</Row>
		<Row Tag="LOC_PEDIA_CITYSTATES_PAGE_CIVILIZATION_VIENNA_CHAPTER_HISTORY_PARA_2">
			<Text>Osmanlı Türkleri izler ve beklerler. Zaten Macaristan'ı ilhak ettiler ve bir Transilvanya deniz devleti kurdular. Viyana'nın duvarlarına kuşatmak için onların fırsatı yakında gelebilir. Viyana düşerse, Polonya-Litvanya Birliği bir sonraki olabilir mi?</Text>
		</Row>
		<Row Tag="LOC_PEDIA_CITYSTATES_PAGE_CIVILIZATION_PRAGUE_CHAPTER_HISTORY_PARA_1">
			<Text>II. Rudolf’un mahkemesini tüccar kenti Prag’a götürdüğünden kısa bir süre sonra, eksantrik Kutsal Roma İmparatoru şehri zaten bir öğrenme ve kültür başkentine dönüştürmüştür. Rudolf II, simyacı John Dee, gökbilimciler Johannes Kepler ve Tycho Brahe ve ressam Giuseppe Arcimboldo gibi ünlü kişilerin çalışmalarını finanse etmekten memnuniyet duyuyor.</Text>
		</Row>	
		<Row Tag="LOC_PEDIA_CITYSTATES_PAGE_CIVILIZATION_PRAGUE_CHAPTER_HISTORY_PARA_2">
			<Text>Yine de, Rudolf II'nin Osmanlı İmparatorluğu'na karşı bir Haçlı Seferi başlatması konusunda garip fikirleri var. Prag'da ısrar etmek - iki yüzyıl önceki Bohemya Reformu'nun merkezi - Rudolf II'nin kabul edilen vatandaşının sabrını ciddi şekilde zorlayabilir.</Text>
		</Row>	
		<!--Units-->			
		<Row Tag="LOC_PEDIA_UNITS_PAGE_UNIT_OTTOMAN_JANISSARY_CHAPTER_HISTORY_PARA_1">
			<Text>Osmanlılar, fethedilen topraklarının çocuklarını alıp onları yeniçeri dedikleri askerlere dönüştürüyorlar. Çocuklara nasıl konuşacaklarını, düşüneceklerini ve savaşacaklarını öğretiyorlar. Sonra onları daha fazla toprak ele geçirmek, daha fazla çocuk almak için yolluyorlar. Bir janissary'nin korkunç şöhreti kısmen taşınabilir topçu olabilen tüfeklerden gelir. Osmanlı mızrağının Avusturya'nın yumuşak karnına doğru itişinin ucu olacaklar.</Text>
		</Row>
		<Row Tag="LOC_PEDIA_UNITS_PAGE_UNIT_OTTOMAN_JANISSARY_CHAPTER_HISTORY_PARA_2">
			<Text>Viyana, Polonya'ya açılan bir kapıdır. Düşmemelidir. Çocuklarımızın aynı kaderi paylaşmasına izin veremeyiz.</Text>
		</Row>
		<Row Tag="LOC_PEDIA_UNITS_PAGE_UNIT_TEUTONIC_KNIGHT_CHAPTER_HISTORY_PARA_1">
			<Text>Haydutlar birçok biçim alıyorlar; bazıları yollarda istenmeyen pusuda gezginler, bazıları ise savunmasız köylere baskın düzenledi. En kötüsü kendilerini çelikle kapladılar ve değer düşüklüklerinin Tanrı adına olduğunu iddia ediyorlar.</Text>
		</Row>
		<Row Tag="LOC_PEDIA_UNITS_PAGE_UNIT_TEUTONIC_KNIGHT_CHAPTER_HISTORY_PARA_2">
			<Text>Töton Şövalyeleri böyle adamlar. Polonyalı bir kral, Gdansk'ı kurtarmak için "şövalye emirlerini" tuttuğunda, bunu yaptılar - ve sonra sadık Polonya halkını hayatlarından kurtardılar. Yeni bir Hristiyan milleti olan Litvanya'ya karşı savaşıyorlar. Sahip oldukları tek inanç maddesi paradır.</Text>
		</Row>
		<Row Tag="LOC_PEDIA_UNITS_PAGE_UNIT_TEUTONIC_KNIGHT_CHAPTER_HISTORY_PARA_3">
			<Text>Tanrı için hareket ettiğini iddia ediyorlar mı? Öyleyse onları şahsen iddialarını haklı çıkarabilecekleri Tanrı'ya gönderelim.</Text>
		</Row>
		<Row Tag="LOC_PEDIA_UNITS_PAGE_UNIT_HORSE_ARCHER_CHAPTER_HISTORY_PARA_1">
			<Text>İnsanlarımızı Tatarlara kaybetmeye devam ediyoruz. Onlarca köle kadar alıyorlar - onbinlerce - sanki her sene haritadan bütün kasabaları topluyorlar. Atlı okçular, dışarıdaki yerleşim yerlerine yıldırım saldırıları düzenler ve yaşam ganimetleriyle geri döner. Neredeyse eyer içinde yetişen bu Tatarlar kendilerini Cengiz Kağanın kendisinin halefleri olarak görüyorlar.</Text>
		</Row>
		<Row Tag="LOC_PEDIA_UNITS_PAGE_UNIT_HORSE_ARCHER_CHAPTER_HISTORY_PARA_2">
			<Text>At okçuları sınırlarımıza dökülür, devriyelerimizi taciz eder ve milislerimizi hanlıklarına çekilmeden önce oklarla doldururlar. Korktukları tek duvarlar piklerden yapılmış duvarlar.</Text>
		</Row>		
		<!--Great People-->			
		<Row Tag="LOC_PEDIA_GREATPEOPLE_PAGE_GREAT_PERSON_INDIVIDUAL_STANISLAW_SAMOSTRZELNIK_CHAPTER_HISTORY_PARA_1">
			<Text>Rönesans tarzında resim yapan Polonyalı bir keşiş olan Stanisław Samostrzelnik, zengin aydınlatmaları ve renkli freskleriyle tanınır. 'Piskopos Piotr Tomicki'nin Portresi', altın ve yeşilin mükemmel bir tezatlığı.</Text>
		</Row>
		<Row Tag="LOC_PEDIA_GREATPEOPLE_PAGE_GREAT_PERSON_INDIVIDUAL_STANISLAW_SAMOSTRZELNIK_CHAPTER_HISTORY_PARA_2">
			<Text>Renk körü olan biri için fena değil.</Text>
		</Row>
		<Row Tag="LOC_PEDIA_GREATPEOPLE_PAGE_GREAT_PERSON_INDIVIDUAL_MARTIN_KOBER_CHAPTER_HISTORY_PARA_1">
			<Text>Yenilikçi sanatçı Martin Kober, Polonya-Litvanya Birliği’nden Stephen Báthory ve Sigismund III’ün yanı sıra Kutsal Roma İmparatoru Rudolf II’nin ressamlığını yaptı. Gelecek nesiller, Crown'un muhteşem ihtişamını bilmesi için, telif hakkının benzerliğini ele alarak portre konusunda uzmanlaşmıştır.</Text>
		</Row>
		<Row Tag="LOC_PEDIA_GREATPEOPLE_PAGE_GREAT_PERSON_INDIVIDUAL_BARTOLOMMEO_BERRECCI_CHAPTER_HISTORY_PARA_1">
			<Text>İtalyan mimar Bartolommeo Berrecci, kültürü Polonya'ya ön plana çıkarıyor. Berrecci'yi topraklarımıza davet ettiğiniz için teşekkür ederiz. Wawel Kalesi'ndeki geniş çalışmaları arasında Sigismund Şapeli, Krakov'un tam ortasında, İtalyan Rönesansının muhteşem bir parçası olarak göze çarpıyor.</Text>
		</Row>
		<Row Tag="LOC_PEDIA_GREATPEOPLE_PAGE_GREAT_PERSON_INDIVIDUAL_ADAM_KOCHANSKI_CHAPTER_HISTORY_PARA_1">
			<Text>Adam Adamandy Kochański'ye matematikten daha fazla sevgi yoktur - tabii ki Tanrı'nın ötesinde, ama bunun bir Cizvit için söylenmesi gerekmez. Pratik matematiğe gelince, devrimci saat tasarımlarıyla mekanik ustalığını sergileyen slogan değildir.</Text>
		</Row>
		<Row Tag="LOC_PEDIA_GREATPEOPLE_PAGE_GREAT_PERSON_INDIVIDUAL_KAZIMIERZ_SIEMIENOWICZ_CHAPTER_HISTORY_PARA_1">
			<Text>Polonya-Litvanyalı topçu generali Kazimierz Siemienowicz için savaş alanında patlayıcı maddelerle çözülemeyen hiçbir sorun yok. Roket ve piroteknik hakkındaki düşünceleri tuhaf, ama dönüştürücü - Siemienowicz’in 'Artis Magnae Artilleriae’i hakkında söylenebilecek çok az şeyi olan çeşitli suçların zincirine.</Text>
		</Row>
		<Row Tag="LOC_PEDIA_GREATPEOPLE_PAGE_GREAT_PERSON_INDIVIDUAL_KRZYSZTOF_GRODZICKI_CHAPTER_HISTORY_PARA_1">
			<Text>Hollandalılar arasında eğitilmiş olan bir topçu general olan Krzysztof Grodzicki, kariyerinin çoğunu toplarını İsveçliler ve Kazaklar üzerine eğiterek geçirdi. Lviv'i İsveç Suçuna karşı başarılı bir şekilde savunması, kentin ele geçirilmesini engelledi - bu pahalı savaşta çok az kişi.</Text>
		</Row>
		<Row Tag="LOC_PEDIA_GREATPEOPLE_PAGE_GREAT_PERSON_INDIVIDUAL_SEBASTIANO_MONTELUPI_CHAPTER_HISTORY_PARA_1">
			<Text>Sebestiano Montelupi İtalyan doğumlu olmasına rağmen, hayatının yarısından fazlası Polonya'da geçirdi. Başarılı bir tüccar ve bankacı olan Montelupi, Polonya Kralı Stephen Báthory tarafından kraliyet postası genel müdürü haline getirildi. Bu görevde, Polonya-Litvanya Birliği’nin büyük şehirleri arasındaki teslimatları yönetiyor.</Text>
		</Row>
		<Row Tag="LOC_PEDIA_GREATPEOPLE_PAGE_GREAT_PERSON_INDIVIDUAL_KONSTANTY_KORNIAKT_CHAPTER_HISTORY_PARA_1">
			<Text>Yunan Konstanty Korniakt, Polonya'ya hayatın başlarında geldi ve yetenekli ve yetenekli bir tüccar olduğunu kanıtladı. Ticareti doğası gereği uluslararasıdır ve Osmanlı İmparatorluğu ile rotaları güvenli hale getirmeyi bile başarmıştır. Sigismund II, Konstanty'nin kral adına kraliyet ücretleri toplamak için yeterli zekasına güveniyor.</Text>
		</Row>
		<Row Tag="LOC_PEDIA_GREATPEOPLE_PAGE_GREAT_PERSON_INDIVIDUAL_NICOLAUS_COPERNICUS_CHAPTER_HISTORY_PARA_1">
			<Text>Astronom Nicolaus Copernicus tartışmalara yabancı değil. Neden, güneşin dünyadan ziyade evrenin merkezi olduğunu iddia ediyor! Katolik din adamlarının ilgisine ilgisi olmasa bile, "heliosentrik" teorileri tamamen saçma görünüyor - Papa Clement VII'nin kendisi teorinin destekçileri arasında sayılıyor.</Text>
		</Row>
		<Row Tag="LOC_PEDIA_GREATPEOPLE_PAGE_GREAT_PERSON_INDIVIDUAL_SENDIVOGIUS_CHAPTER_HISTORY_PARA_1">
			<Text>Simyacı Sendivogius kısa süre önce Prag'daki Rudolf II mahkemesinden tuhaf ama umut verici fikirlerle geldi. Soluduğumuz havanın bir kase bigos gibi olduğunu ileri sürüyor, burada yaşamın sürdürülmesi için bileşenlerden sadece bir tanesi gerekli. Kral Sigismund III bu kadar meraklı olmasaydı, bu çok saçma olurdu.</Text>
		</Row>
		<Row Tag="LOC_PEDIA_GREATPEOPLE_PAGE_GREAT_PERSON_INDIVIDUAL_PIOTR_SKARGA_CHAPTER_HISTORY_PARA_1">
			<Text>Asla bir kelimeyi kesip çıkarmayacak olan Cizvit Piotr Skarga, Protestanlığın yayılmasına karşı Karşı Reformasyon yaptığı gibi, Polonya-Litvanyalı Commonwealth'in politikası hakkında söyleyecek kadar çok şey yapmıyor. Onu bir kavanoz bal veya içinde yüzen sineğin bir parçası olarak görseniz de, hiçbiri onun armağanını kelimelerle sorgulayamaz.</Text>
		</Row>
		<Row Tag="LOC_PEDIA_GREATPEOPLE_PAGE_GREAT_PERSON_INDIVIDUAL_JAN_KOCHANOWSKI_CHAPTER_HISTORY_PARA_1">
			<Text>Rönesans şairi Jan Kochanowski, Sigismund II mahkemesinde yıllarını harcadığı halde, bir ülke arazisine yerleşmek için başkenti terk ederken gerçekten öne çıktı. Yakın tarihli bir trajedi - küçük kızı Urszula'nın ölümü - şerefine unutulmaz bir zerafet serisi hazırlaması için ilham verdi.</Text>
		</Row>
	</BaseGameText>
</GameData>
