﻿<?xml version="1.0" encoding="utf-8"?>
<!-- edited with XMLSPY v2004 rel. 2 U (http://www.xmlspy.com) by Anton Strenger (Firaxis Games) -->
<GameData>
	<EnglishText>
		<Row Tag="LOC_FEATURE_EYJAFJALLAJOKULL_NAME">
			<Text>Eyjafjallajökull</Text>
		</Row>
		<Row Tag="LOC_FEATURE_GIANTS_CAUSEWAY_NAME">
			<Text>Devler Geçidi</Text>
		</Row>
		<Row Tag="LOC_FEATURE_LYSEFJORDEN_NAME">
			<Text>Lysefjord</Text>
		</Row>
		<Row Tag="LOC_FEATURE_EYJAFJALLAJOKULL_DESCRIPTION">
			<Text>Bitişik kara arazilerine +1 [ICON_Culture] Kültür ve +2 [ICON_Food] Gıda verimi.</Text>
		</Row>
		<Row Tag="LOC_FEATURE_GIANTS_CAUSEWAY_DESCRIPTION">
			<Text>Bitişik arazilere giren kara birimlerine, 'Finli Mızrağı' (+5 Savaş gücü) sağlar.</Text>
		</Row>
		<Row Tag="LOC_FEATURE_LYSEFJORDEN_DESCRIPTION">
			<Text>Bitişik arazilere giren deniz saldırı birimlerine, bir sonraki promosyonları verilir.</Text>
		</Row>
		<Row Tag="LOC_FEATURE_EYJAFJALLAJOKULL_QUOTE">
			<Text>“Bir dizi taş dağdan aşağıya yuvarlandı ve bunu müthiş ve yüce bir alev sütun izledi”[NEWLINE]– Liverpool Mercury</Text>
		</Row>
		<Row Tag="LOC_FEATURE_GIANTS_CAUSEWAY_QUOTE">
			<Text>“Kuvvetli bir yapının kalıntıları, korkunç bir depremle ya da aynı derecede kibirli doğanın bir başka nöbetiyle yıkılır”[NEWLINE]– Philip Dixon Hardy</Text>
		</Row>
		<Row Tag="LOC_FEATURE_LYSEFJORDEN_QUOTE">
			<Text>“Suyun karanlık ve ağır olması, fırtınanın çarpıklığını ortaya çıkarıyor. Bu gölde ve bu yalnızlığın ortasında, insan için basamakları olmayan büyük ve kasvetli bir yol. Kimse buraya gelmez, gemiler giremez.”[NEWLINE]– Victor Hugo</Text>
		</Row>
		<Row Tag="LOC_CIVILIZATION_AUCKLAND_NAME">
			<Text>Auckland</Text>
		</Row>		
		<Row Tag="LOC_CIVILIZATION_ANTANANARIVO_NAME">
			<Text>Antananarivo</Text>
		</Row>
		<Row Tag="LOC_CIVILIZATION_ARMAGH_NAME">
			<Text>Armagh</Text>
		</Row>
		<Row Tag="LOC_CIVILIZATION_GRANADA_NAME">
			<Text>Granada</Text>
		</Row>
		<Row Tag="LOC_CIVILIZATION_MUSCAT_NAME">
			<Text>Muscat</Text>
		</Row>
		<Row Tag="LOC_CIVILIZATION_PALENQUE_NAME">
			<Text>Palenque</Text>
		</Row>
		<Row Tag="LOC_CIVILIZATION_AUCKLAND_DESCRIPTION">
			<Text>Auckland Şehir Devleti</Text>
		</Row>
		<Row Tag="LOC_CIVILIZATION_ANTANANARIVO_DESCRIPTION">
			<Text>Antananarivo Şehir Devleti</Text>
		</Row>
		<Row Tag="LOC_CIVILIZATION_ARMAGH_DESCRIPTION">
			<Text>Armagh Şehir Devleti</Text>
		</Row>
		<Row Tag="LOC_CIVILIZATION_GRANADA_DESCRIPTION">
			<Text>Granada Şehir Devleti</Text>
		</Row>
		<Row Tag="LOC_CIVILIZATION_MUSCAT_DESCRIPTION">
			<Text>Muscat Şehir Devleti</Text>
		</Row>
		<Row Tag="LOC_CIVILIZATION_PALENQUE_DESCRIPTION">
			<Text>Palenque Şehir Devleti</Text>
		</Row>
		<Row Tag="LOC_CIVILIZATION_AUCKLAND_ADJECTIVE">
			<Text>Auckland</Text>
		</Row>
		<Row Tag="LOC_CIVILIZATION_ANTANANARIVO_ADJECTIVE">
			<Text>Antananarivo</Text>
		</Row>
		<Row Tag="LOC_CIVILIZATION_ARMAGH_ADJECTIVE">
			<Text>Armagh</Text>
		</Row>
		<Row Tag="LOC_CIVILIZATION_GRANADA_ADJECTIVE">
			<Text>Granada</Text>
		</Row>
		<Row Tag="LOC_CIVILIZATION_MUSCAT_ADJECTIVE">
			<Text>Muscat</Text>
		</Row>
		<Row Tag="LOC_CIVILIZATION_PALENQUE_ADJECTIVE">
			<Text>Palenque</Text>
		</Row>
		<Row Tag="LOC_CITY_NAME_AUCKLAND">
			<Text>Auckland</Text>
		</Row>
		<Row Tag="LOC_CITY_NAME_ANTANANARIVO">
			<Text>Antananarivo</Text>
		</Row>
		<Row Tag="LOC_CITY_NAME_ARMAGH">
			<Text>Armagh</Text>
		</Row>
		<Row Tag="LOC_CITY_NAME_GRANADA">
			<Text>Granada</Text>
		</Row>
		<Row Tag="LOC_CITY_NAME_MUSCAT">
			<Text>Muscat</Text>
		</Row>
		<Row Tag="LOC_CITY_NAME_PALENQUE">
			<Text>Palenque</Text>
		</Row>
		<Row Tag="LOC_LEADER_TRAIT_AUCKLAND_NAME">
			<Text>Auckland İmparatorluğu Bonusu</Text>
		</Row>
		<Row Tag="LOC_LEADER_TRAIT_ANTANANARIVO_NAME">
			<Text>Antananarivo İmparatorluğu Bonusu</Text>
		</Row>
		<Row Tag="LOC_LEADER_TRAIT_ARMAGH_NAME">
			<Text>Armagh İmparatorluğu Bonusu</Text>
		</Row>
		<Row Tag="LOC_LEADER_TRAIT_GRANADA_NAME">
			<Text>Granada İmparatorluğu Bonusu</Text>
		</Row>
		<Row Tag="LOC_LEADER_TRAIT_MUSCAT_NAME">
			<Text>Muscat İmparatorluğu Bonusu</Text>
		</Row>
		<Row Tag="LOC_LEADER_TRAIT_PALENQUE_NAME">
			<Text>Palenque İmparatorluğu Bonusu</Text>
		</Row>
		<Row Tag="LOC_LEADER_TRAIT_AUCKLAND_DESCRIPTION">
			<Text>Sahip olduğunuz sığ su peteklerinden, +1 [ICON_Production] Üretim. Endüstriyel çağa geldiğinizde ek +1 daha.</Text>
		</Row>
		<Row Tag="LOC_LEADER_TRAIT_ANTANANARIVO_DESCRIPTION">
			<Text>Medeniyetiniz kazanmış olduğu her Büyük Kişi için, +%2 [ICON_Culture] Kültür kazandırır.</Text>
		</Row>
		<Row Tag="LOC_LEADER_TRAIT_ARMAGH_DESCRIPTION">
			<Text>İnşaatçılarınız artık Manastır geliştirmeleri yapabilir.</Text>
		</Row>
		<Row Tag="LOC_LEADER_TRAIT_GRANADA_DESCRIPTION">
			<Text>İnşaatçılarınız artık Alcazar geliştirmeleri yapabilir.</Text>
		</Row>
		<Row Tag="LOC_LEADER_TRAIT_MUSCAT_DESCRIPTION">
			<Text>Ticaret Merkezi olan her şehirlerde +1 [ICON_Amenities] İmkan.</Text>
		</Row>
		<Row Tag="LOC_LEADER_TRAIT_PALENQUE_DESCRIPTION">
			<Text>Kampus bölgesi olan şehirlerde, şehrin büyüme oranı %15 daha artar.</Text>
		</Row>
		<Row Tag="LOC_ABILITY_SPEAR_OF_FIONN_NAME">
			<Text>Finli Mızrağı</Text>
		</Row>
		<Row Tag="LOC_ABILITY_SPEAR_OF_FIONN_DESCRIPTION">
			<Text>Finli Mızrağı: +5 Savaş Gücü</Text>
		</Row>
		<Row Tag="LOC_IMPROVEMENT_ALCAZAR_NAME">
			<Text>Alcazar</Text>
		</Row>
		<Row Tag="LOC_IMPROVEMENT_MONASTERY_NAME">
			<Text>Manastır</Text>
		</Row>
		<Row Tag="LOC_IMPROVEMENT_ALCAZAR_DESCRIPTION">
			<Text>Bir Alcazar oluşturmak için İnşaatçı yeteneğini açar.[NEWLINE][NEWLINE]+2 [ICON_Culture] Kültür. İşgalci birime, +4 [ICON_Strength] Savunma Gücü sağlar ve otomatik olarak 2 tur güçlendirir. Başka bir Alcazar'ın yanında inşa edilemez.</Text>
		</Row>
		<Row Tag="LOC_IMPROVEMENT_MONASTERY_DESCRIPTION">
			<Text>Bir Manastır oluşturmak için İnşaatçı yeteneğini açar.[NEWLINE][NEWLINE]+2 [ICON_Faith] İnanç. Bu karo üzerindeki, bu turda saldırıya uğramamış olan dost dini birimler için 15 HP iyileşme. Başka bir Manastır'ın yanında inşa edilemez.</Text>
		</Row>
	</EnglishText>
</GameData>
