﻿<?xml version="1.0" encoding="UTF-8" standalone="yes"?>
<!-- edited with XMLSPY v2004 rel. 2 U (http://www.xmlspy.com) by Ed Beach (Firaxis Games) -->
<GameData>
	<EnglishText>
		<!-- Civs-->
		<Row Tag="LOC_PEDIA_CIVILIZATIONS_PAGE_CIVILIZATION_SCYTHIA_CHAPTER_HISTORY_PARA_1">
			<Text>Heksos, Nil bölgesinden topraklardan doğuya doğru geldi. Teoriler, siyasi olarak parçalanmış bir Mısır'a direnmeden göç ettiklerini ya da bir dizi vebalı... iyi niyetli bir ülkeyi ele geçirmek için geldiklerini öne sürüyor.</Text>
		</Row>
		<Row Tag="LOC_PEDIA_CIVILIZATIONS_PAGE_CIVILIZATION_SCYTHIA_CHAPTER_HISTORY_PARA_2">
			<Text>Mevcut Mısır hanedanlarının MÖ 1650’de yıkıldığını biliyoruz. Sonraki güç boşluğunda, Hyksos, Onbeşinci Hanedanlığı kurdu. Bölgedeki tutkularını başka bir yüzyıl boyunca koruyacak olsalar da, yerli Mısırlılar sonunda onları dışarı çıkardılar ve yönetimlerinin tüm izlerini kaldırdı. Kaydedilen tüm hesaplar daha sonra bunları Mısır topraklarında bir arabulucu olarak resmetti.</Text>
		</Row>
		<Row Tag="LOC_PEDIA_CIVILIZATIONS_PAGE_CIVILIZATION_SUMERIA_CHAPTER_HISTORY_PARA_1">
			<Text>Asur ve Mısır'ın çıkarları, özellikle de Kanadalıların kontrolü üzerinde sık sık çarptı. Asurlular için, Mısırlılar kendi bölgelerine müdahale etmek isteyen yabancı uyruklu insanlardı. Mısırlılar Asurluları, emperyal özlemleriyle kompakt ama ölümcül bir krallık olarak görüyorlardı. Her ikisi de haklıydı.</Text>
		</Row>
		<Row Tag="LOC_PEDIA_CIVILIZATIONS_PAGE_CIVILIZATION_SUMERIA_CHAPTER_HISTORY_PARA_2">
			<Text>Yüzyıllar boyunca, iki bölgesel güç vekalet çatışması, diplomatik chicanery ve kayda değer miktarda khopesh-gırgırdamakla meşguldü, ancak MÖ 671'e kadar her şeyin bir başına geldiği değildi. Daha sonra Nubian Kush Krallığı tarafından yönetilen Mısır, sırasıyla Asur Kralı Esarhaddon tarafından fethedildi. Mısır, önümüzdeki 50 yıl boyunca Asur’un vahşeti olarak kalacaktı.</Text>
		</Row>
		<Row Tag="LOC_PEDIA_CIVILIZATIONS_PAGE_CIVILIZATION_INDIA_CHAPTER_HISTORY_PARA_1">
			<Text>Büyük Cyrus'un oğlu II. Cambyses II, Pers ve Mısır'ın geleceklerini 526 yılında MİSE'de evlenerek bağlamaya çalıştığında, Firavun Amasis öldürdüğü bir ailenin hayatta kalan kızını kendi kanı olduğunu iddia ederek gönderdi. Sahte kız derhal firavunun Pers kralına olan iradesini açıkladı, çünkü saçma bir planla gemiye binmek, bütün ailelerini öldürdüğünde neredeyse imkansızdır. Cambyses hemen Mısır'ı işgal etti ve fethetti.</Text>
		</Row>
		<Row Tag="LOC_PEDIA_CIVILIZATIONS_PAGE_CIVILIZATION_INDIA_CHAPTER_HISTORY_PARA_2">
			<Text>Mısır, bir asırdan fazla bir süre boyunca Achaemenid kontrolü altında kaldı. 404 yılında Darius II II'nin ölümü Mısır'ın isyanına yol açtı; bu noktada Persler on yıllarını kaybettikleri doygunluk üzerindeki kontrolünü yeniden kazanmak için mücadele etti. Mısır, Actaemenidleri MÖ 343'e kadar koydu, Artaxerxes III 350.000 deneyimli birliğe ulaştı ve derhal ülkeden son gerçek Mısır hanedanını sürdü. Persler, Büyük İskender'in gelişine kadar on yıl boyunca nispeten istikrarlı bir Mısır'ı elinde tutacaklardı.</Text>
		</Row>
		<Row Tag="LOC_PEDIA_CIVILIZATIONS_PAGE_CIVILIZATION_GREECE_CHAPTER_HISTORY_PARA_1">
			<Text>Pers işgali altındaki Mısırlıların zevkine göre, Büyük İskender MÖ 332'de Mısır'ı istila etti ve bunu Makedon için talep etti. Memphis'teki kehanet ona tanrının Amun oğlu olduğunu söylediğinde, geriye kalan bir hüsrana yol açtı. Mısır'ın zenginliklerini doğuya yönlendiren Mısır'ın zenginliği ile Makedon'un yeni satrapını fethediyor. MÖ 322'de öldükten sonra İskender'in güvendiği General Ptolemy Mısır işlerini üstlendi. İskender'in dağılmakta olan imparatorluğundaki art arda gelen kriz Mısır'ı, özellikle Kral Ptolemy I Soter ilan eden adamın yönettiği, özellikle büyük ve kendi kendine devam eden bir parça olarak gördü.</Text>
		</Row>
		<Row Tag="LOC_PEDIA_CIVILIZATIONS_PAGE_CIVILIZATION_GREECE_CHAPTER_HISTORY_PARA_2">
			<Text>Ptolemaik Mısır, düşüşü çok daha erken başlamış olmasına rağmen, üç yüzyıl boyunca sürdü. Giderek zayıf olan cetveller, kısa görüşlü kararlara neden oldu. Bir zamanlar Makedon’un en iyi ve Mısır’ın bin yıllık uzunluğundaki firavun hattının birleşimi, pek çok lejyonunu beslemekle görevlendirilen Roma Cumhuriyeti’ndeki bir koruyucuya indirgendi. Ancak, Ptolemaik Mısır'ın asıl sonu, MÖ 30'da Kleopatra ile öldü.</Text>
		</Row>
		<Row Tag="LOC_PEDIA_CIVILIZATIONS_PAGE_CIVILIZATION_ROME_CHAPTER_HISTORY_PARA_1">
			<Text>Yeni yükselen Roma Cumhuriyeti'nin fethi için bir iştahı vardı. Bu, hem yürüyüş üzerindeki lejyonlar hem de kendi topraklarında yaşayanlar için güvenilir bir gıda kaynağı gerektiriyordu. Akdeniz'in ekmek sepeti - Mısır, Makedon ve Seleucid İmparatorluğu'nun ellerinde özellikle zor bir kayıpla karşı karşıya kaldığında, Roma ittifak ilan etme fırsatı buldu. Yıllar geçtikçe ve Mısır gevşemeye devam ederken, Roma çok zayıf bir şekilde Mısır'ın kendi işlerinin Romalı kuklacıların endişesi olduğunu bulana dek kendisini daha da gerekli hale getirdi.</Text>
		</Row>
		<Row Tag="LOC_PEDIA_CIVILIZATIONS_PAGE_CIVILIZATION_ROME_CHAPTER_HISTORY_PARA_2">
			<Text>Roma'yı kendi koruyucusunu işgal etmeye iten şey, Kleopatra'nın hikayesinde ayrıntılı olarak açıklanmış, ancak bunu etkin bir şekilde yaparak üç bin hanedanlık Mısır egemenliği sona ermiştir. Bir Roma eyaletinin durumuna hızla yükselen Mısır, nihai çözülmesine kadar Roma'yı besledi.</Text>
		</Row>
		<Row Tag="LOC_PEDIA_CIVILIZATIONS_PAGE_CIVILIZATION_ARABIA_CHAPTER_HISTORY_PARA_1">
			<Text>Mısır, Libya kabileleri ile 13. yüzyılda kıyı kaleleri inşa etmek için yeterince çatışma gördü. Nil Deltası'nın çok batısında uzanan kaleler, Libya’nın batıdan saldırılarını geciktirebilir ve işgalin başkentini uyarabilir. Yani teori gitti. Kaleler kesinlikle Libya kabilesi Libya askerlerinin Nil Deltası'nın kendisine, gizemli Deniz İnsanları'nın yardımıyla saldırmasına önderlik ettiğinde MÖ 1208'de etkili değildi. Mısır'ın istilayı süratle kovması önemli değildi. Mısır'ın kalbine doğrudan saldırı, hayatta kalan Libyalılar için güçlü bir dersti.</Text>
		</Row>
		<Row Tag="LOC_PEDIA_CIVILIZATIONS_PAGE_CIVILIZATION_ARABIA_CHAPTER_HISTORY_PARA_2">
			<Text>Libya ve Mısır arasındaki on yıllardır süren ihtilaftan sonra, Meshwesh olarak bilinen Libya Berberi kabilesi bu dersi özlüyordu. Bir kez daha Deniz İnsanlarını da içine alan ve 1181 yılında MÖ işgaline giren müttefiklerini topladılar. Mısır ordulardan uzaklaştı ve Nil halkının kıyılarını, Deniz İnsanları işgalcilerini kışkırtmak için okçularla kapladı. Yalnızca Meshwesh’in önderlik ettiği 1175’teki bir BCE istilası onları Mısır’a yenmek, katlanmak ve müteakip bir şekilde birleşmelerini sağladı.</Text>
		</Row>
		<!-- City States -->
		<Row Tag="LOC_PEDIA_CITYSTATES_PAGE_CIVILIZATION_ASHMUNEIN_CHAPTER_HISTORY_PARA_1">
			<Text>"Bir zamanlar Mısır'ın Eski Krallığının bir parçası olan Ashmunein şehri, şimdi Yukarı ve Aşağı Mısır sınırını astıyor."</Text>
		</Row>
		<Row Tag="LOC_PEDIA_CITYSTATES_PAGE_CIVILIZATION_BAHARIYA_CHAPTER_HISTORY_PARA_1">
			<Text>"Nil deltasının batısı Bahariya vahasıdır. Erişimle Libya kabileleriyle ticaret yapabiliriz."</Text>
		</Row>
		<Row Tag="LOC_PEDIA_CITYSTATES_PAGE_CIVILIZATION_BYBLOS_CHAPTER_HISTORY_PARA_1">
			<Text>“Sedir şehri, Nil'in sahiplerinden daha uzun süredir varlığını sürdürdü.</Text>
		</Row>
		<Row Tag="LOC_PEDIA_CITYSTATES_PAGE_CIVILIZATION_DAKHLA_CHAPTER_HISTORY_PARA_1">
			<Text>“Dakhla vahası Batı Çölü'nün derinliklerinde yatıyor. Nil'in kucağından uzaklaşan tüccarlar için hayati bir durak.”</Text>
		</Row>
		<Row Tag="LOC_PEDIA_CITYSTATES_PAGE_CIVILIZATION_IHNASIYA_CHAPTER_HISTORY_PARA_1">
			<Text>"Kraliyet Çocuğu Evi olan Ihnasiya, Eski Krallığın yıkılmasından bu yana Aşağı Mısır'ın varsayılan başkenti oldu."</Text>
		</Row>
		<Row Tag="LOC_PEDIA_CITYSTATES_PAGE_CIVILIZATION_IREM_CHAPTER_HISTORY_PARA_1">
			<Text>"Altıncı Katarakt’ın ötesinde Nil’e tünemiş olan uzak Irem, fildişi ticaretiyle tanınıyor."</Text>
		</Row>
		<Row Tag="LOC_PEDIA_CITYSTATES_PAGE_CIVILIZATION_KHARGA_CHAPTER_HISTORY_PARA_1">
			<Text>"Çok altın, Kharga'nın içinden akıyor. Bu hayati vaha, İlk Katarakt'ın kuzeybatısında yer alıyor."</Text>
		</Row>
		<Row Tag="LOC_PEDIA_CITYSTATES_PAGE_CIVILIZATION_NEKHEN_CHAPTER_HISTORY_PARA_1">
			<Text>"Firavun Khasekhemwy, Mısır'ın Eski Krallığının bir parçası olduğu zaman Nekhen'i geliştirdi. Boyalı mezarları ilham verici bir manzara."</Text>
		</Row>
		<Row Tag="LOC_PEDIA_CITYSTATES_PAGE_CIVILIZATION_ON_CHAPTER_HISTORY_PARA_1">
			<Text>"Mısır'ın Eski Krallık piramitleri, gölgelerini Nil'in bittiği ve deltasının başladığı yer olan On (Açık) kentine attı."</Text>
		</Row>
		<Row Tag="LOC_PEDIA_CITYSTATES_PAGE_CIVILIZATION_PUNT_CHAPTER_HISTORY_PARA_1">
			<Text>"Doğudan gelen baharatlar Punt şehrinin içinden geçer. Kızıldeniz'deki bir ticaret kaynağı olması gereken değerli bir ortaktır."</Text>
		</Row>
		<Row Tag="LOC_PEDIA_CITYSTATES_PAGE_CIVILIZATION_SHARUHEN_CHAPTER_HISTORY_PARA_1">
			<Text>"Filistin ile ticaret yapmak mı istiyorsunuz? Sharuhen bir vahadaki aslanlar gibi yolu kontrol ediyor. Onlar oturduklarında onlarla başa çıkmak için en iyisi."</Text>
		</Row>
		<Row Tag="LOC_PEDIA_CITYSTATES_PAGE_CIVILIZATION_SERABIT_EL_KHADIM_CHAPTER_HISTORY_PARA_1">
			<Text>"Maden kenti Serabit el-Khadim, yeryüzünden çekilen servetle süslenmiştir. Müttefikleri fazlalıktan faydalanmaktadır."</Text>
		</Row>
		<Row Tag="LOC_PEDIA_CITYSTATES_PAGE_CIVILIZATION_THINIS_CHAPTER_HISTORY_PARA_1">
			<Text>"En eski firavun hanedanları, Thinis'i Mısır'ın başkenti olarak nitelendiriyordu. Batı Çölü'ndeki hayati vahalara açılan bir kapı olmaya devam ediyor."</Text>
		</Row>
		<!-- Leaders -->
		<Row Tag="LOC_PEDIA_LEADERS_PAGE_LEADER_GANDHI_CHAPTER_HISTORY_PARA_1">
			<Text>Cambyses II, Büyük Cyrus'un oğluydu. MÖ 525'te MÖ Pelusium savaşında Mısır'ı fethetti, ancak kampanyasını Nil Nehri'ne kadar Nubia'ya sokmaya çalışırken daha az başarılı oldu.</Text>
		</Row>
		<Row Tag="LOC_PEDIA_LEADERS_PAGE_LEADER_GILGAMESH_CHAPTER_HISTORY_PARA_1">
			<Text>Asurbanipal, Nubia'nın Mısır'ı yönettiği bir dönemde MÖ 668'de Asur İmparatorluğunu devralmıştı. Bir dizi kampanyada ordusu, Nubyalıları Mısır'ın dışına iterek, Thebes'in zenginliklerini yağmalamasına izin verdi.</Text>
		</Row>
		<Row Tag="LOC_PEDIA_LEADERS_PAGE_LEADER_PERICLES_CHAPTER_HISTORY_PARA_1">
			<Text>Büyük İskender MÖ 332'de Mısır'ı fethetti, Pers yönetiminden kurtardı ve İskenderiye'yi Ptolemaik Mısır'ın başkenti olarak kurdu.</Text>
		</Row>
		<Row Tag="LOC_PEDIA_LEADERS_PAGE_LEADER_SALADIN_CHAPTER_HISTORY_PARA_1">
			<Text>Osorkon'un Mısır'daki otuz beş yıllık saltanatı, MÖ 922'de başladı ve onu Mısır'ı 22. Hanedanlığın bir parçası olarak yöneten en büyük Libyalılardan biri yaptı.</Text>
		</Row>
		<Row Tag="LOC_PEDIA_LEADERS_PAGE_LEADER_TOMYRIS_CHAPTER_HISTORY_PARA_1">
			<Text>Kral Şakir-Har, 15. Hanedanı Mısır'ın ilk üç hükümdarından biriydi.</Text>
		</Row>
		<Row Tag="LOC_PEDIA_LEADERS_PAGE_LEADER_TRAJAN_CHAPTER_HISTORY_PARA_1">
			<Text>Yakında güçlü Augustus Sezar'ı olarak bilinen Octavianus, MÖ 31'teki Actium Muharebesi'nde Mark Antony ve Kleopatra'nın güçlerini yendi. Kısa süre sonra İskenderiye'ye kuvvetler indirdi ve Mısır'ı en yeni Roma eyaleti yaptı.</Text>
		</Row>
		<!-- Units -->
		<Row Tag="LOC_PEDIA_UNITS_PAGE_UNIT_HIGH_PRIESTESS_CHAPTER_HISTORY_PARA_1">
			<Text>Yüksek rahibeler dini gelenekleri korudular ve Nil boyunca tapınakları korudular. Nil halkı arasında zaman zaman Nubian kraliyet hatlarından ve Mısır hanedanlarından daha fazla güce sahiplerdi. Daha sonra yöneticiler, ülkenin servetinin büyük bölümünü rahiplik tarafından kontrol edilen binalara koymamayı öğreneceklerdi.</Text>
		</Row>
		<Row Tag="LOC_PEDIA_UNITS_PAGE_UNIT_MEDJAY_CHAPTER_HISTORY_PARA_1">
			<Text>Bir zamanlar Nubia Medja topraklarından insanlara değinirken, MÖ 16. yy'da “medjay” adı hem Nubyalıları hem de Mısırlıları çalıştıran seçkin bir güçle eşanlamlıydı. Anıtların, sarayların ve mezarların korunmasıyla suçlanan çoğu özerk medjay, tahsislerini denetleyen bölgesel kaptanlara rapor verdi.</Text>
		</Row>
		<!-- NPC Civs -->
		<!-- Buildings -->
		<Row Tag="LOC_PEDIA_BUILDINGS_PAGE_BUILDING_OBELISK_CHAPTER_HISTORY_PARA_1">
			<Text>Bu büyük taş sütunların çiftleri genellikle Nil bölgesindeki tapınaklara girişi çevrelemektedir. İkinci Binyıl BCE ile onlar güneş tanrısı Ra (sonra nihayetinde Amun ve nihayet Amun-Ra) ile ilişkiliydiler. Dikilitaşları tek parça olarak oymak, taşımak, ve sonunda yerine koymak, eski mühendisliğin etkileyici özellikleriydi.</Text>
		</Row>
		<Row Tag="LOC_PEDIA_BUILDINGS_PAGE_BUILDING_NUBIAN_SHRINE_CHAPTER_HISTORY_PARA_1">
			<Text>Küçük tapınak mabetleri, hem tanrılara hem de tanrı olarak görülen insanlara adanmış Nil bölgesini çevrelemiştir - ikincisi görünüşte dini olsa da, bu tür adanmışlıklar kesinlikle oldukça politikti. Bu tür tapınaklar dini eserler içeriyordu ve hem kendilerine atanan rahipler hem de hırsızları uzak tutan gardiyanlar katıldılar.</Text>
		</Row>
		<Row Tag="LOC_PEDIA_BUILDINGS_PAGE_BUILDING_TEMPLE_AMUN_CHAPTER_HISTORY_PARA_1">
			<Text>Tanrı Amun’un Nil bölgesi için önemini anlamak için tapınaklarına bakın. Karnak'taki Amun Tapınağı beş büyük piramit tutabilecek kadar geniştir. Nubia’daki Jebel Barkal’daki Amun Tapınağı, eğer Romalılar BCE’yi 25’ta parçalara ayırmasaydı, bu ihtişamı kazanmış olabilirlerdi.</Text>
		</Row>
		<Row Tag="LOC_PEDIA_BUILDINGS_PAGE_BUILDING_NILOMETER_CHAPTER_HISTORY_PARA_1">
			<Text>Nil Vadisi halkı, hayatta kalabilmeleri için yıllık su baskınlarına (veya “su baskınlarına”) bağlıydı. Ustaca nilometreler sel suyunun yüksekliğini ölçtüler: çok yüksek ve insanlar tehlikeli seli bekleyebilirdi. Çok düşük ve kıtlık göreceklerdi. Bu işaretler arasında herhangi bir şey görece refah bir mevsim gösterdi.</Text>
		</Row>
		<!-- Terrain/Features-->
		<Row Tag="LOC_PEDIA_FEATURES_PAGE_FEATURE_CATARACT_CHAPTER_HISTORY_PARA_1">
			<Text>Nil nehrinin altı kataraktı, sığlık ve hızlılık arasında değişmektedir. Su seviyesine bağlı olarak kataraktları dövme veya tekne ile geçmek mümkün olmuştur. Geleneksel olarak, Mısır, İlk Katarakt'ın kuzeyindeki Nil bölgesini talep ederken, Nubia güneydeki bölgeyi talep etti.</Text>
		</Row>
		<Row Tag="LOC_PEDIA_FEATURES_PAGE_TERRAIN_NILE_RIVER_CHAPTER_HISTORY_PARA_1">
			<Text>Doğu Orta Afrika’dan Akdeniz’in kuzeyindeki deltaya akan Nile sel ovalarının düzenli su altında kalması, başka türlü kabul edilemez çöl arazilerinde yaşanacak olana hayat verdi. Nil olmasaydı Mısır ve Nubia asla varolmazdı.</Text>
		</Row>
		<!-- Techs -->
		<Row Tag="LOC_PEDIA_TECHNOLOGIES_PAGE_TECH_FISHING_CHAPTER_HISTORY_PARA_1">
			<Text>İyi niyetli bir mızrakla, Nil'ü sürdürmek için güvenen insanlar kendilerini beslemek için balık tutabilirler. Basit bir kanca, biraz yem ve elinde tutulan bir çizgi ailelerini beslemek için yeterliydi. Ancak, balık ağları, bütün şehirleri beslemek için gereken toplu toplanmaya yol açtı.</Text>
		</Row>
		<Row Tag="LOC_PEDIA_TECHNOLOGIES_PAGE_TECH_MEDICINE_CHAPTER_HISTORY_PARA_1">
			<Text>Metodları kaba olmasına rağmen, Nil bölgesindeki tıbbi bilgiler şaşırtıcı derecede kapsamlıydı. Kapsamlı anatomi bilgisi, hijyenik uygulamalar, cerrahi bilgiler ve hastalık yaydığı düşünülen şeytanlara yönelik teşvikler ile sonuçlandı. MÖ 1550'den beri, tıbbi bir papirüs kanseri “tanrı Xenus'a karşı bir tümör” olarak tanımladı. Ne yazık ki bilinen bir tedavi yoktu.</Text>
		</Row>
		<Row Tag="LOC_PEDIA_TECHNOLOGIES_PAGE_TECH_FORTIFICATION_CHAPTER_HISTORY_PARA_1">
			<Text>Nil halkının servetleri büyüdükçe, komşularının kıskançlıklarını da arttırdı. Sonuç olarak, Mısırlılar ve Nubyalılar, en azından II. Binyıl kadar erken bir zamanda kalıcı kaleler inşa ettiler. Bu kale yerleşimleri tipik olarak, Nil'in stratejik noktalarında kontrol altına almalarını sağlayan masif kerpiç duvarlara sahipti.</Text>
		</Row>
		<Row Tag="LOC_PEDIA_TECHNOLOGIES_PAGE_TECH_TOMB_BUILDING_CHAPTER_HISTORY_PARA_1">
			<Text>Giderleri karşılayabilecek olan Nil halkı, dini ve pratik sebeplerden dolayı ölülerini mahrum etti. Basit şaft mezarları, büyük Mısır piramitleri veya çok daha az gösterişli Nubian piramitleri, kalın bir taş ve toprak tabakası, kişinin ölümcül varlığını ve savurgan bir mezarlık koleksiyonunu korudu.</Text>
		</Row>
		<!-- Civics -->
		<Row Tag="LOC_PEDIA_CIVICS_PAGE_CIVIC_ROYAL_DYNASTIES_CHAPTER_HISTORY_PARA_1">
			<Text>Kavramsal olarak, bir kraliyet hanedanı basittir - bir cetvel gücü cetvelin kan hattından doğan soyundan aktararak, tutarlı bir konsolide güç standardını korur. Mısır, kanıtlanmış istikrar kavramını o kadar çok sevdi ki, Pers Artaxerx'leri agresif bir şekilde satraplar konseptine soktuklarında, MÖ 343'e kadar 30 farklı kraliyet hanedanlığı yaşadılar.</Text>
		</Row>
		<Row Tag="LOC_PEDIA_CIVICS_PAGE_CIVIC_HIEROGLYPHICS_CHAPTER_HISTORY_PARA_1">
			<Text>Sözlerinin sonsuza dek sürmesini istiyorsan, neden onları taşa koymuyorsun? Öyleyse, stilize edilmiş logoları dört bin yıldan sonra kalmaya devam eden eski Mısırlıların olduğunu düşündüm. Meroë Krallığı, MÖ 2. yy'dan sonra yapılan Nubia anıtları ve mezarlarında hala görülebilen çok daha anlaşılır bir varyasyon geliştirmiştir.</Text>
		</Row>
		<Row Tag="LOC_PEDIA_CIVICS_PAGE_CIVIC_MUMMIFICATION_CHAPTER_HISTORY_PARA_1">
			<Text>Nil halkının mezar uygulamaları, ölen kişinin mumyalanma süreci boyunca korunmasını istedi. Bu işlem iç organları çıkardı, iç kısımları baharatlarla yıkadı ve cesedi birkaç ay boyunca tuzla kapattı, bu da vücudu kurutdu ve aç böceklere karşı korudu.</Text>
		</Row>
		<Row Tag="LOC_PEDIA_CIVICS_PAGE_CIVIC_SCRIBES_CHAPTER_HISTORY_PARA_1">
			<Text>Medeniyetiniz bir bilgi, yazma ve matematik tanrısı taptığında, okumak, yazmak ve ith ritmetik için ayrılan insanlar ayrıcalıklı bir kast olarak kabul edildi. Nil bölgesinde karalamalar söz konusuydu, Mısırlılar onları kraliyet mahkemesinin üyeleri olarak görecek kadar ileri gittiler.</Text>
		</Row>
		<Row Tag="LOC_PEDIA_CIVICS_PAGE_CIVIC_BOOK_OF_THE_DEAD_CHAPTER_HISTORY_PARA_1">
			<Text>Ölülerin Kitapları, cesetlerin tedavisi için pratik tavsiyeler ve yeraltı dünyasında son zamanlarda ölenlerin yol göstermesi için tasarlanan ritüel teşvikler için cenaze talimatları koleksiyonlarıydı. Onları görevlendirmeyi göze alabilenler mezarlarında bir kopya tuttular - hazır bir kullanım sonrası kullanım kılavuzu.</Text>
		</Row>
		<Row Tag="LOC_PEDIA_CIVICS_PAGE_CIVIC_INSTITUTION_OF_THE_MUSES_CHAPTER_HISTORY_PARA_1">
			<Text>Yaklaşık MÖ 3. yüzyılda kurulan İskenderiye'deki “Muses Enstitüsü”, en parlak bilimsel, sanatsal ve felsefi beyinleri öğretmek, oluşturmak ve balmumu oluşturmak için bir araya getirdi. Modern bir üniversite kavramına benzer şekilde, “Musaeum”, genç bir Arşimed'e ev sahipliği yapmış olabilir (kendi Eureka anından önce).</Text>
		</Row>
		<Row Tag="LOC_PEDIA_CIVICS_PAGE_CIVIC_SEPATS_CHAPTER_HISTORY_PARA_1">
			<Text>Nil’in yolunda dolanan medeniyetler, bölgelerinin her bölgesini merkezi bir konumdan kolaylıkla yönetemediler. Nil halkı bunu daha sonra Yunanca konuşan Ptolemaics olarak adlandırdığı gibi sepatlarla veya “nomes” ile çözdüler. Bu idari bölgeler Nil'in her bir bölümünden veya Nil Deltası'nın bir bölümünden sorumluydu.</Text>
		</Row>
		<Row Tag="LOC_PEDIA_CIVICS_PAGE_CIVIC_BOARDGAMES_ATHLETICS_CHAPTER_HISTORY_PARA_1">
			<Text>Nil halkı savaşın bir uzantısı olarak tahta oyunları ve atletizm geliştirdi. Yarışları çalıştırabilen, rakiplerle güreşebilen ve sapan taş veya okla uzak hedefleri vurabilen denekler bu dersleri savaşa uygulayabilir. Aynı şekilde, senet veya mehen'de rakiplerini yenebilecek olanlar, savaş alanı stratagemlerinin önemini anlayabilirler.</Text>
		</Row>
		<Row Tag="LOC_PEDIA_CIVICS_PAGE_CIVIC_AMUN_LORD_OF_ALL_GODS_CHAPTER_HISTORY_PARA_1">
			<Text>Thebe'nin koruyucu tanrısı Amun, Nil halkı için büyük önem taşıyordu. Rüzgarın tanrısı nihayetinde Mısırlılar ve daha sonra Nubyalılar tarafından tanrıların kralı olarak tanındı. Her şeyin yolunda gittiğini ve adil olduğunu iddia ettiği düşünüldüğünde, hakaret edenleri aleyhine savunanlara karşı savunacağına inanılıyordu.</Text>
		</Row>
		<!-- Resources -->
		<Row Tag="LOC_PEDIA_RESOURCES_PAGE_RESOURCE_GOLD_CHAPTER_HISTORY_PARA_1">
			<Text>Nil halkı, topraklarındaki altın cevherinden büyük zenginlik elde etti. Mısır çok sayıda altın kaynağı olduğunu iddia etse de, firavunları ve rahipleri her zaman daha fazlasını istedi. Nubia'nın güneydeki bol miktarda bulunan altın madenleri iki medeniyet arasında sürekli bir çekişme noktasıydı - Mısır onları istedi ve Nubia onları vermeyi reddetti.</Text>
		</Row>
		<!-- Governments -->
		<Row Tag="LOC_PEDIA_GOVERNMENTS_PAGE_GOVERNMENT_KANDAKE_CHAPTER_HISTORY_PARA_1">
			<Text>Nubia hükümdarları, kraliyet karı koca arasında eş yönetmenlik yaptı. Bir kandake veya kraliçe, en büyük veto şekliyle kocası kadar veya daha fazla güce sahipti - kral kandakayı hoşnut etmezse, kendisine kendi hayatını vermesini emredebilirdi.</Text>
		</Row>
		<Row Tag="LOC_PEDIA_GOVERNMENTS_PAGE_GOVERNMENT_PHARAOH_CHAPTER_HISTORY_PARA_1">
			<Text>Mısır hükümdarlarının uzun çizgisi, kabaca "Büyük Ev" anlamına gelen firavun unvanını kullandı. Bu hükümdarlar Mısır'daki mutlak güce sahipti, ancak Mısırlı yüksek rahiplerin firayon otoritesini dengeleyebildiklerini ispatladıkları sırada bin yıldan bu yana azalmıştı.</Text>
		</Row>
		<!-- Policies -->
		<Row Tag="LOC_PEDIA_GOVERNMENTS_PAGE_POLICY_ABU_SIMBEL_CHAPTER_HISTORY_PARA_1">
			<Text>“Büyük bir tapınak komşularımızı etkilemekten daha fazlasını yapacak - onu gözlemleyen herkese önceliğimizi ilan edecek. Zamanla, komşularımız bunu sorgulamadan kabul edeceklerdir.”</Text>
		</Row>
		<Row Tag="LOC_PEDIA_GOVERNMENTS_PAGE_POLICY_FRONTIER_FORTRESSES_CHAPTER_HISTORY_PARA_1">
			<Text>"Zenginliklerimiz büyüdükçe, onu bizden almak isteyen düşmanlar da öyle. Uygarlığımızın kenarlarına inşa edilmiş bir dizi kale bizi yaklaşan ordulara karşı uyaracaktır."</Text>
		</Row>
		<Row Tag="LOC_PEDIA_GOVERNMENTS_PAGE_POLICY_INUNDATION_CALENDAR_CHAPTER_HISTORY_PARA_1">
			<Text>"Nil hem yaşamı hem de ölümü getiriyor. Bu yılki sellerin ne zaman geldiğini bilmek, gelecek yılki su baskınlarını tahmin etmemizi sağlıyor. Daha fazla yaşam, daha az ölüm."</Text>
		</Row>
		<Row Tag="LOC_PEDIA_GOVERNMENTS_PAGE_POLICY_MERCENARIES_CHAPTER_HISTORY_PARA_1">
			<Text>“Orduların bakımı pahalıdır. Maliyetlerimizin bir kısmı için güçlerimizi paralı askerlerle geçici olarak destekleyebiliriz - ve ilk önce hizmetlerini satın alırsak, düşmanlarımız yapamaz.”</Text>
		</Row>
		<Row Tag="LOC_PEDIA_GOVERNMENTS_PAGE_POLICY_MILITARY_COMMUNICATION_CHAPTER_HISTORY_PARA_1">
			<Text>“Eğer onların hareketlerini koordine edemezlerse orduları çöl atıklarına göndermenin hiçbir yararı yok."</Text>
		</Row>
		<Row Tag="LOC_PEDIA_GOVERNMENTS_PAGE_POLICY_MUSAEUM_CHAPTER_HISTORY_PARA_1">
			<Text>"Bilimsel keşiflerden uzun zamandır faydalandık. Entelektüel meyve bahçelerinin meyvelerini toplama ve keşfetme konusunda alimleri ödemek."</Text>
		</Row>
		<Row Tag="LOC_PEDIA_GOVERNMENTS_PAGE_POLICY_RECORDKEEPING_CHAPTER_HISTORY_PARA_1">
			<Text>"Titiz kayıtlar, yazı karakterlerimizin askerlerimizin ve eşyalarının düzenini takip etmelerini sağlar. Birkaç daha az khopesh vagonlarımızdan kaybolacak."</Text>
		</Row>
		<Row Tag="LOC_PEDIA_GOVERNMENTS_PAGE_POLICY_ROYAL_BODYGUARDS_CHAPTER_HISTORY_PARA_1">
			<Text>"Bazılarının kraliyet ailemize zarar vereceği soğuk bir gerçektir. Onları taçlara sadık eşsiz bir asker kadrosu ile korumalıyız."</Text>
		</Row>
		<Row Tag="LOC_PEDIA_GOVERNMENTS_PAGE_POLICY_SCORPION_KING_CHAPTER_HISTORY_PARA_1">
			<Text>"Neden sadece hasat tamamlandığında savaşa gitmeliyiz? Eğer bir grup asker beslenir ve savaşırsak, yıllarımız ne olursa olsun topraklarımızı birleştirebiliriz."</Text>
		</Row>
		<Row Tag="LOC_PEDIA_GOVERNMENTS_PAGE_POLICY_TRADE_AGREEMENT_CHAPTER_HISTORY_PARA_1">
			<Text>"Tüccarlarımız uzun zamandır uzak ülkelerle ticaret yapıyor. Resmi bir anlaşma hem kasiyerlerimizi dolduracak hem de yabancı komşularımızı savaştan caydıracak."</Text>
		</Row>
		<Row Tag="LOC_PEDIA_GOVERNMENTS_PAGE_POLICY_VALLEY_OF_THE_KINGS_CHAPTER_HISTORY_PARA_1">
			<Text>"Bu dünyadan diğerine geçtikten sonra, liderlerimizin mezarlarını hazine ile dolduruyoruz. Bunu yapmanın en iyi yolu, sürekli koruma altına alınabilir."</Text>
		</Row>
		<!-- Beliefs -->
		<Row Tag="LOC_PEDIA_RELIGIONS_PAGE_BELIEF_GOD_OF_CREATION_ATUM_CHAPTER_HISTORY_PARA_1">
			<Text>"İlk tanrı olan Atum, kendisini sulak uçurumdan yarattı. Kehanet dünyanın sonunda bulunacağını belirtir."</Text>
		</Row>
		<Row Tag="LOC_PEDIA_RELIGIONS_PAGE_BELIEF_GOD_OF_WATERY_ABYSS_NUN_CHAPTER_HISTORY_PARA_1">
			<Text>"Nuny, sulu uçurum, tüm yaratımın kaynaklandığı biçimsiz kütledir."</Text>
		</Row>
		<Row Tag="LOC_PEDIA_RELIGIONS_PAGE_BELIEF_GOD_OF_MUMMIFICATION_ANUBIS_CHAPTER_HISTORY_PARA_1">
			<Text>"Köpeğin başındaki mumyalama tanrısı Anubis, ruhları öbür dünyaya çağırıyor. Mezarlıkları ve mezarları izler."</Text>
		</Row>
		<Row Tag="LOC_PEDIA_RELIGIONS_PAGE_BELIEF_GOD_OF_THE_OASES_ASH_CHAPTER_HISTORY_PARA_1">
			<Text>"Vahaların tanrısı Ash, sert çöllerde bulunan yaşam adalarını izler. Set'e bağlı hayvanların kafalarını takıyor."</Text>
		</Row>
		<Row Tag="LOC_PEDIA_RELIGIONS_PAGE_BELIEF_GOD_OF_WAR_APEDEMAK_CHAPTER_HISTORY_PARA_1">
			<Text>"Savaş tanrısı Apedemak, Nubia halkını savunuyor. Bir aslanın kafasını taşır - bazen üç."</Text>
		</Row>
		<Row Tag="LOC_PEDIA_RELIGIONS_PAGE_BELIEF_GODDESS_OF_FERTILITY_ISIS_CHAPTER_HISTORY_PARA_1">
			<Text>"Doğurganlık tanrıçası Isis, yavru için nimetlerinden fazlasını sağlar. Aslında, Nil'in yıllık su altında kalması onun gözyaşlarından kaynaklanmaktadır."</Text>
		</Row>
		<Row Tag="LOC_PEDIA_RELIGIONS_PAGE_BELIEF_GUARDIAN_GOD_SEBIUMEKER_CHAPTER_HISTORY_PARA_1">
			<Text>"Eski Kush'un Koruyucu Tanrısı olan Sebiumeker, Nubian tapınaklarını interlopers'tan korur."</Text>
		</Row>
		<Row Tag="LOC_PEDIA_RELIGIONS_PAGE_BELIEF_HOUSE_GOD_BES_CHAPTER_HISTORY_PARA_1">
			<Text>"Ev tanrısı Bes, çeşitli haneleri yılanlara karşı korur. Leonine karşı biri."</Text>
		</Row>
		<Row Tag="LOC_PEDIA_RELIGION_PAGE_BELIEFS_LORD_OF_ALL_GODS_AMUN_CHAPTER_HISTORY_PARA_1">
			<Text>"Tüm tanrıların efendisi olan Amun, diğer tüm tanrıların onun bir yönü olarak görüleceği ölçüde önem kazanmıştır."</Text>
		</Row>
		<Row Tag="LOC_PEDIA_RELIGION_PAGE_BELIEFS_PROTECTOR_OF_THE_PHARAOHS_HORUS_CHAPTER_HISTORY_PARA_1">
			<Text>"Firavunların koruyucusu olan Horus, İsis ve Osiris'in oğludur. Gökyüzünün tanrısına uyan şahin başını taşıyor."</Text>
		</Row>
	</EnglishText>
</GameData>
