﻿<?xml version="1.0" encoding="utf-8"?>
<!-- edited with XMLSPY v2004 rel. 2 U (http://www.xmlspy.com) by Ed Beach (Firaxis Games) -->
<GameData>
	<EnglishText>
		<!-- OVERRIDES-->
		<Row Tag="LOC_UI_RELIGION_WORKING_TOWARDS_RELIGION">
			<Text>Benim Dinim</Text>
		</Row>
		<Row Tag="LOC_RELIGIONPANEL_NEXT_STEP_EARN_PROPHET">
			<Text>Dininiz bir panteon İnanç ile başlar. Bu Vatandaşlıkların her birini tamamlarken dine bir İnanç daha ekle: Mumyalama, Ölüler Kitabı ve Amun: Tüm Tanrıların Efendisi.</Text>
		</Row>
		<Row Tag="LOC_WORLD_RANKINGS_SCORE_DETAILS">
			<Text>Bu senaryoda [COLOR: NeutralCS] SKOR [ENDCOLOR] zafer kazanılamaz. Skorlar yalnızca Amun'a 7 Tapınak'ı tamamladığın zaman zafer seviyesini belirlemek için izlenir.</Text>
		</Row>
		<Row Tag="LOC_MINOR_CIV_CULTURAL_TRAIT_MEDIUM_INFLUENCE_BONUS">
			<Text>+2 [ICON_Culture] Her Kutsal Site bölgesinde kültür.</Text>
		</Row>
		<Row Tag="LOC_MINOR_CIV_CULTURAL_TRAIT_LARGE_INFLUENCE_BONUS">
			<Text>Her Kutsal Site bölgesinde ilave +2 [ICON_Culture] Kültür.</Text>
		</Row>
		<Row Tag="LOC_MINOR_CIV_SCIENTIFIC_TRAIT_MEDIUM_INFLUENCE_BONUS">
			<Text>+2 [ICON_Science] Her Kutsal Site bölgesinde bilim.</Text>
		</Row>
		<Row Tag="LOC_MINOR_CIV_SCIENTIFIC_TRAIT_LARGE_INFLUENCE_BONUS">
			<Text>Her Kutsal Site bölgesinde ilave +2 [ICON_Science] Bilim.</Text>
		</Row>
		<!-- Beliefs-->
		<Row Tag="LOC_BELIEF_NUN_NAME">
			<Text>Sulu Uçurum Tanrısı (Rahibe)</Text>
		</Row>
		<Row Tag="LOC_BELIEF_ATUM_NAME">
			<Text>Yaratılış Tanrısı (Atum)</Text>
		</Row>
		<Row Tag="LOC_BELIEF_AMON_NAME">
			<Text>Tüm Tanrıların Efendisi (Amun)</Text>
		</Row>
		<Row Tag="LOC_BELIEF_ISIS_NAME">
			<Text>Bereket Tanrıçası (İsis)</Text>
		</Row>
		<Row Tag="LOC_BELIEF_APEDEMAK_NAME">
			<Text>Savaş Tanrısı (Apedemak)</Text>
		</Row>
		<Row Tag="LOC_BELIEF_ANUBIS_NAME">
			<Text>Mumyalama Tanrısı (Anubis)</Text>
		</Row>
		<Row Tag="LOC_BELIEF_HORUS_NAME">
			<Text>Firavunların Koruyucusu (Horus)</Text>
		</Row>
		<Row Tag="LOC_BELIEF_SEBIUMEKER_NAME">
			<Text>Koruyucu Tanrı (Sebiumeker)</Text>
		</Row>
		<Row Tag="LOC_BELIEF_BES_NAME">
			<Text>Yuva Tanrısı (Bes)</Text>
		</Row>
		<Row Tag="LOC_BELIEF_ASH_NAME">
			<Text>Oasların Tanrısı (Kül)</Text>
		</Row>
		<Row Tag="LOC_BELIEF_NUN_DESCRIPTION">
			<Text>+1 [ICON_Production] Balıkçı Teknesinden Üretim.</Text>
		</Row>
		<Row Tag="LOC_BELIEF_ATUM_DESCRIPTION">
			<Text>Tüm inşaatçılar 1 ekstra gelişme sağlayabilir.</Text>
		</Row>
		<Row Tag="LOC_BELIEF_AMON_DESCRIPTION">
			<Text>+%30 [ICON_Production] Harikalara karşı üretim. [ICON_Faith] İnanç satın alma maliyetleri %30 azaltıldı.</Text>
		</Row>
		<Row Tag="LOC_BELIEF_ISIS_DESCRIPTION">
			<Text>Şehir büyüme oranı %15 daha yüksektir.</Text>
		</Row>
		<Row Tag="LOC_BELIEF_APEDEMAK_DESCRIPTION">
			<Text>Savaş zaferleri, [ICON_Science] Bilim, yenilen birimin [ICON_Strength] Savaş Gücünün %50’sine eşittir.</Text>
		</Row>
		<Row Tag="LOC_BELIEF_ANUBIS_DESCRIPTION">
			<Text>Tüm Kutsal Site binaları +2 [ICON_Faith] İnanç sağlar.</Text>
		</Row>
		<Row Tag="LOC_BELIEF_HORUS_DESCRIPTION">
			<Text>Herhangi bir hükümette ekstra bir joker politika alanı.</Text>
		</Row>
		<Row Tag="LOC_BELIEF_SEBIUMEKER_DESCRIPTION">
			<Text>Savaş birimleri +10 [ICON_Strength] Dost şehirler sınırları içindeyken Savaş Gücü kazanır.</Text>
		</Row>
		<Row Tag="LOC_BELIEF_BES_DESCRIPTION">
			<Text>Bütün arkadaş canlısı şehirler +1 [ICON_Amenities] Fırsatı alır.</Text>
		</Row>
		<Row Tag="LOC_BELIEF_ASH_DESCRIPTION">
			<Text>+3 [ICON_Culture] Kültür, +3 [ICON_Faith] İnanç ve +2 [ICON_Production] Oasis çinilerinde üretim.</Text>
		</Row>
		<Row Tag="LOC_PROMOTION_SEBIUMEKER_DESCRIPTION">
			<Text>+{1_Value} Koruyucu Tanrı (Sebiumeker) İnanç</Text>
		</Row>
		<!-- Buildings-->
		<Row Tag="LOC_BUILDING_OBELISK_NAME">
			<Text>DikiliTaş</Text>
		</Row>
		<Row Tag="LOC_BUILDING_NUBIAN_SHRINE_NAME">
			<Text>Türbe</Text>
		</Row>
		<Row Tag="LOC_BUILDING_TEMPLE_AMUN_NAME">
			<Text>Amun Tapınağı</Text>
		</Row>
		<Row Tag="LOC_BUILDING_NILOMETER_NAME">
			<Text>Nilometer</Text>
		</Row>
		<Row Tag="LOC_BUILDING_NILOMETER_DESCRIPTION">
			<Text>+1 [ICON_Food] Yiyecek ve +1 [ICON_Production] Tüm Floodplain çinilerinde üretim. Yalnızca Nil Nehri döşemesine bitişik bir şehirde inşa edilebilir.</Text>
		</Row>
		<Row Tag="LOC_BUILDING_NUBIA_SCENARIO_WALLS_DESCRIPTION">
			<Text>Şehir Merkezinde ve Encampment semtinde Surlar sağlar. Duvarlar, [ICON_Ranged] Şehir Merkezi ve Encampment bölgesinden Korunan Grevlere izin verir ve şehir saldırıya uğramadan yenilmeli.</Text>
		</Row>
		<Row Tag="LOC_BUILDING_NUBIA_SCENARIO_GREAT_LIBRARY_DESCRIPTION">
			<Text>Tüm Antik ve Klasik dönem teknolojilerini güçlendirir. Düz arazide inşa edilmiş olmalı.</Text>
		</Row>
		<Row Tag="LOC_BUILDING_NUBIA_SCENARIO_GREAT_LIGHTHOUSE_DESCRIPTION">
			<Text>+2 [ICON_Movement] Tüm deniz birimleri için hareket [NEWLINE][NEWLINE]Kıyı üzerine inşa edilmeli, karaya ve bir Deniz Feneri olan bir Liman bölgesine bitişik olmalıdır.</Text>
		</Row>
		<Row Tag="LOC_BUILDING_NUBIA_SCENARIO_PYRAMIDS_DESCRIPTION">
			<Text>Senaryo öncesi önceden inşa edilmiş olan Giza kentinde, On eyaletine yakın bir bölge. Büyük bir İnanç kaynağı kazanmak ve tüm yeni Müteahhitlere 1 ekstra gelişme inşa etme yeteneği kazandırmak için yakalanabilir.</Text>
		</Row>
		<!-- City State-->
		<Row Tag="LOC_CITY_NAME_SCENARIO_ASHMUNEIN">
			<Text>Ashmunein</Text>
		</Row>
		<Row Tag="LOC_CITY_NAME_SCENARIO_BAHARIYA">
			<Text>Bahariya</Text>
		</Row>
		<Row Tag="LOC_CITY_NAME_SCENARIO_BYBLOS">
			<Text>Byblos</Text>
		</Row>
		<Row Tag="LOC_CITY_NAME_SCENARIO_DAKHLA">
			<Text>Dakhla</Text>
		</Row>
		<Row Tag="LOC_CITY_NAME_SCENARIO_IHNASIYA">
			<Text>Ihnasiya</Text>
		</Row>
		<Row Tag="LOC_CITY_NAME_SCENARIO_IREM">
			<Text>Irem</Text>
		</Row>
		<Row Tag="LOC_CITY_NAME_SCENARIO_KHARGA">
			<Text>Kharga</Text>
		</Row>
		<Row Tag="LOC_CITY_NAME_SCENARIO_NEKHEN">
			<Text>Nekhen</Text>
		</Row>
		<Row Tag="LOC_CITY_NAME_SCENARIO_ON">
			<Text>On</Text>
		</Row>
		<Row Tag="LOC_CITY_NAME_SCENARIO_PUNT">
			<Text>Punt</Text>
		</Row>
		<Row Tag="LOC_CITY_NAME_SCENARIO_SHARUHEN">
			<Text>Sharuhen</Text>
		</Row>
		<Row Tag="LOC_CITY_NAME_SCENARIO_SERABIT_EL_KHADIM">
			<Text>Serabit el-Khadim</Text>
		</Row>
		<Row Tag="LOC_CITY_NAME_SCENARIO_THINIS">
			<Text>Thinis</Text>
		</Row>
		<Row Tag="LOC_CIVILIZATION_SCENARIO_ASHMUNEIN_DESCRIPTION">
			<Text>Ashmunein şehir-devleti</Text>
		</Row>
		<Row Tag="LOC_CIVILIZATION_SCENARIO_BAHARIYA_DESCRIPTION">
			<Text>Bahariya şehir-devleti</Text>
		</Row>
		<Row Tag="LOC_CIVILIZATION_SCENARIO_BYBLOS_DESCRIPTION">
			<Text>Byblos şehir-devleti</Text>
		</Row>
		<Row Tag="LOC_CIVILIZATION_SCENARIO_DAKHLA_DESCRIPTION">
			<Text>Dakhla şehir-devleti</Text>
		</Row>
		<Row Tag="LOC_CIVILIZATION_SCENARIO_IHNASIYA_DESCRIPTION">
			<Text>Ihnasiya şehir-devleti</Text>
		</Row>
		<Row Tag="LOC_CIVILIZATION_SCENARIO_IREM_DESCRIPTION">
			<Text>Irem şehir-devleti</Text>
		</Row>
		<Row Tag="LOC_CIVILIZATION_SCENARIO_KHARGA_DESCRIPTION">
			<Text>Kharga şehir-devleti</Text>
		</Row>
		<Row Tag="LOC_CIVILIZATION_SCENARIO_NEKHEN_DESCRIPTION">
			<Text>Nekhen city-state</Text>
		</Row>
		<Row Tag="LOC_CIVILIZATION_SCENARIO_ON_DESCRIPTION">
			<Text>On şehir-devleti</Text>
		</Row>
		<Row Tag="LOC_CIVILIZATION_SCENARIO_PUNT_DESCRIPTION">
			<Text>Punt şehir-devleti</Text>
		</Row>
		<Row Tag="LOC_CIVILIZATION_SCENARIO_SHARUHEN_DESCRIPTION">
			<Text>Sharuhen şehir-devleti</Text>
		</Row>
		<Row Tag="LOC_CIVILIZATION_SCENARIO_SERABIT_EL_KHADIM_DESCRIPTION">
			<Text>Serabit el-Khadim şehir-devleti</Text>
		</Row>
		<Row Tag="LOC_CIVILIZATION_SCENARIO_THINIS_DESCRIPTION">
			<Text>Thinis şehir-devleti</Text>
		</Row>
		<Row Tag="LOC_TRAIT_NUBIA_SCENARIO_IREM_NAME">
			<Text>Irem Suzerain Bonus</Text>
		</Row>
		<Row Tag="LOC_TRAIT_NUBIA_SCENARIO_BYBLOS_NAME">
			<Text>Byblos Suzerain Bonus</Text>
		</Row>
		<Row Tag="LOC_TRAIT_NUBIA_SCENARIO_SERABIT_NAME">
			<Text>Serabit el-Khadim Suzerain Bonus</Text>
		</Row>
		<Row Tag="LOC_TRAIT_NUBIA_SCENARIO_OASES_NAME">
			<Text>Desert Oasis Suzerain Bonus</Text>
		</Row>
		<Row Tag="LOC_TRAIT_NUBIA_SCENARIO_PUNT_NAME">
			<Text>Punt Suzerain Bonus</Text>
		</Row>
		<Row Tag="LOC_LEADER_TRAIT_NONE_NAME">
			<Text>No Suzerain Bonus</Text>
		</Row>
		<Row Tag="LOC_LEADER_TRAIT_NONE_DESCRIPTION">
			<Text>Bu şehir devletinin Suzerain'i olmak için eşsiz bir bonus yoktur.</Text>
		</Row>
		<!-- Civilizations-->
		<Row Tag="LOC_CIVILIZATION_SCENARIO_HYKSOS_DESCRIPTION">
			<Text>Hyksos İmparatorluğu</Text>
		</Row>
		<Row Tag="LOC_CIVILIZATION_SCENARIO_LIBYANS_DESCRIPTION">
			<Text>Libya İmparatorluğu</Text>
		</Row>
		<Row Tag="LOC_CIVILIZATION_SCENARIO_ASSYRIA_DESCRIPTION">
			<Text>Asur İmparatorluğu</Text>
		</Row>
		<Row Tag="LOC_CIVILIZATION_SCENARIO_PERSIA_DESCRIPTION">
			<Text>Pers imparatorluğu</Text>
		</Row>
		<Row Tag="LOC_CIVILIZATION_SCENARIO_MACEDON_DESCRIPTION">
			<Text>Makedonya İmparatorluğu</Text>
		</Row>
		<Row Tag="LOC_CIVILIZATION_SCENARIO_HYKSOS_ADJECTIVE">
			<Text>Hyksos</Text>
		</Row>
		<Row Tag="LOC_CIVILIZATION_SCENARIO_LIBYANS_ADJECTIVE">
			<Text>Libyalı</Text>
		</Row>
		<Row Tag="LOC_CIVILIZATION_SCENARIO_ASSYRIA_ADJECTIVE">
			<Text>Asurlu</Text>
		</Row>
		<Row Tag="LOC_CIVILIZATION_SCENARIO_PERSIA_ADJECTIVE">
			<Text>Acem</Text>
		</Row>
		<Row Tag="LOC_CIVILIZATION_SCENARIO_MACEDON_ADJECTIVE">
			<Text>Makedonyalı</Text>
		</Row>
		<!-- Civics-->
		<Row Tag="LOC_CIVIC_ROYAL_DYNASTIES_NAME">
			<Text>Kraliyet Hanedanları</Text>
		</Row>
		<Row Tag="LOC_CIVIC_HIEROGLYPHICS_NAME">
			<Text>Hiyeroglif Yazılar</Text>
		</Row>
		<Row Tag="LOC_CIVIC_MUMMIFICATION_NAME">
			<Text>Mumyalama</Text>
		</Row>
		<Row Tag="LOC_CIVIC_SCRIBES_NAME">
			<Text>Arzuhalciler</Text>
		</Row>
		<Row Tag="LOC_CIVIC_BOOK_OF_THE_DEAD_NAME">
			<Text>Ölülerin Kitabı</Text>
		</Row>
		<Row Tag="LOC_CIVIC_INSTITUTION_OF_THE_MUSES_NAME">
			<Text>Muses Enstitüsü</Text>
		</Row>
		<Row Tag="LOC_CIVIC_SEPATS_NAME">
			<Text>Sepats</Text>
		</Row>
		<Row Tag="LOC_CIVIC_BOARDGAMES_ATHLETICS_NAME">
			<Text>Masa Oyunları ve Atletizm</Text>
		</Row>
		<Row Tag="LOC_CIVIC_AMUN_LORD_OF_ALL_GODS_NAME">
			<Text>Amun: Tüm Tanrıların Efendisi</Text>
		</Row>
		<Row Tag="LOC_CIVIC_ROYAL_DYNASTIES_DESCRIPTION">
			<Text>Tamamlandıktan sonra [ICON_Capital] Capital hesabınıza ücretsiz bir Hesap Kazancı alın.</Text>
		</Row>
		<Row Tag="LOC_CIVIC_HIEROGLYPHICS_DESCRIPTION">
			<Text>Ödüller 1 [ICON_Envoy] Elçisi.</Text>
		</Row>
		<Row Tag="LOC_CIVIC_MUMMIFICATION_DESCRIPTION">
			<Text>Dininize bir İnanç eklemenizi sağlar.</Text>
		</Row>
		<Row Tag="LOC_CIVIC_NUBIA_SCENARIO_STATE_WORKFORCE_DESCRIPTION">
			<Text>Tamamlandıktan sonra [ICON_Capital] Başkent hesabınıza ücretsiz bir Hesap Kazancı alın.</Text>
		</Row>
		<Row Tag="LOC_CIVIC_NUBIA_SCENARIO_FOREIGN_TRADE_DESCRIPTION">
			<Text>Bir tane daha [ICON_TradeRoute] Ticaret Rotası oluşturulmasına izin verir. Ödüller 1 [ICON_Envoy] Elçisi.</Text>
		</Row>
		<Row Tag="LOC_CIVIC_SCRIBES_DESCRIPTION">
			<Text>Ödüller 1 [ICON_Envoy] Elçisi.</Text>
		</Row>
		<Row Tag="LOC_CIVIC_BOOK_OF_THE_DEAD_DESCRIPTION">
			<Text>Dininize bir İnanç eklemenizi sağlar.</Text>
		</Row>
		<Row Tag="LOC_CIVIC_INSTITUTION_OF_THE_MUSES_DESCRIPTION">
			<Text>Ödüller 1 [ICON_Envoy] Elçisi.</Text>
		</Row>
		<Row Tag="LOC_CIVIC_SEPATS_DESCRIPTION">
			<Text>Tamamlandıktan sonra [ICON_Capital] Başkent hesabınıza ücretsiz bir Hesap Kazancı alın.</Text>
		</Row>
		<Row Tag="LOC_CIVIC_BOARDGAMES_ATHLETICS_DESCRIPTION">
			<Text>Tamamlandıktan sonra [ICON_Capital] Başkent hesabınıza ücretsiz bir [ICON_GreatGeneral] Büyük General kazanın. Tüm savaş birimlerine komşu para kazandırır ve destek verir.</Text>
		</Row>
		<Row Tag="LOC_CIVIC_AMUN_LORD_OF_ALL_GODS_DESCRIPTION">
			<Text>Dininize bir İnanç eklemenizi sağlar.</Text>
		</Row>
		<Row Tag="LOC_CIVIC_NUBIA_SCENARIO_FUTURE_CIVIC_DESCRIPTION">
			<Text>Birden çok kez tamamlanabilir.</Text>
		</Row>
		<!-- Districts-->
		<Row Tag="LOC_DISTRICT_NUBIA_SCENARIO_HARBOR_DESCRIPTION">
			<Text>Şehrinizde deniz etkinliği için bir bölge. Ayrıca [ICON_Movement] Hareketi bu karoya bindirmek ve inmek için harcanan cezayı kaldırır. Karaya bitişik Sahil, Nil Nehri veya Arazi Gölü üzerine inşa edilmelidir. [NEWLINE][NEWLINE]+1 [ICON_TradeRoute] Bu kentte henüz bir Ticaret Merkezi bölgesi bulunmuyorsa, Ticaret Güzergah kapasitesi.</Text>
		</Row>
		<Row Tag="LOC_DISTRICT_NILE_RIVER_FAITH">
			<Text>+{1_num} [ICON_Faith] Bitişik Nil Nehrinden İnanç {1_Num : plural 1?tile; other?tiles;}.</Text>
		</Row>
		<Row Tag="LOC_DISTRICT_NILE_RIVER_GOLD">
			<Text>+{1_num} [ICON_Gold] Yanındaki Nil Nehri'nden altın {1_Num : plural 1?tile; other?tiles;}.</Text>
		</Row>
		<!-- Governments-->
		<Row Tag="LOC_GOVERNMENT_KANDAKE_NAME">
			<Text>Kandake</Text>
		</Row>
		<Row Tag="LOC_GOVERNMENT_PHARAOH_NAME">
			<Text>Firavun</Text>
		</Row>
		<Row Tag="LOC_GOVT_INHERENT_BONUS_KANDAKE">
			<Text>+1 [ICON_TradeRoute] Ticaret Yolları.</Text>
		</Row>
		<Row Tag="LOC_GOVT_INHERENT_BONUS_PHARAOH">
			<Text>[ICON_Capital] Başkent, tüm getirilere +2 destek verir.</Text>
		</Row>
		<Row Tag="LOC_GOVT_ACCUMULATING_BONUS_KANDAKE">
			<Text>[ICON_Gold] Altın ile alışverişlerde %15 indirim.</Text>
		</Row>
		<Row Tag="LOC_GOVT_ACCUMULATING_BONUS_PHARAOH">
			<Text>+2 [ICON_Housing] Kutsal bir site ile herhangi bir şehirde konut.</Text>
		</Row>
		<!-- Great People-->
		<Row Tag="LOC_NUBIA_SCENARIO_DOUBLE_COMBAT_STRENGTH_AOE_LAND">
			<Text>+10 [ICON_Strength] 2 kutu içindeki tüm birimlere savaş bonusu.</Text>
		</Row>
		<Row Tag="LOC_NUBIA_SCENARIO_DOUBLE_COMBAT_STRENGTH_AOE_LAND_MODIFIER">
			<Text>+10 [ICON_Strength] [ICON_GreatGeneral] Büyük General'den Savaş Bonusu.</Text>
		</Row>
		<Row Tag="LOC_GREAT_PERSON_INDIVIDUAL_MONTUHOTEP_NAME">
			<Text>Mentuhotep II</Text>
		</Row>
		<Row Tag="LOC_GREAT_PERSON_INDIVIDUAL_PIYE_NAME">
			<Text>Piye</Text>
		</Row>
		<Row Tag="LOC_GREAT_PERSON_INDIVIDUAL_AMANIRENAS_NAME">
			<Text>Amanirenas</Text>
		</Row>
		<Row Tag="LOC_GREAT_PERSON_INDIVIDUAL_SHA_NABU_SHU_NAME">
			<Text>Sha-Nabu-shu</Text>
		</Row>
		<Row Tag="LOC_GREAT_PERSON_INDIVIDUAL_CAMBYSES_NAME">
			<Text>II. Cambyses</Text>
		</Row>
		<Row Tag="LOC_GREAT_PERSON_INDIVIDUAL_ALEXANDER_NAME">
			<Text>İskender</Text>
		</Row>
		<Row Tag="LOC_GREAT_PERSON_INDIVIDUAL_AMANISHAKETO_NAME">
			<Text>Amanishaketo</Text>
		</Row>
		<Row Tag="LOC_GREAT_PERSON_INDIVIDUAL_HOREMHEB_NAME">
			<Text>Horemheb</Text>
		</Row>
		<!-- Improvements-->
		<Row Tag="LOC_IMPROVEMENT_NUBIA_SCENARIO_SPHINX_DESCRIPTION">
			<Text>Mısır'a özgü, bir Sfenks inşa etme kabiliyetinin kilidini açar.[NEWLINE][NEWLINE]+1 [ICON_Faith] İnanç ve +1 [ICON_Culture] Kültür. +1 İtiraz. +2 [ICON_Faith] Bir mucizenin veya Kutsal Sitenin yanındaysa İnanç. Başka bir Sfenks'in yanına yapılamaz. Taşkın Planları üzerine inşa edilebilir.</Text>
		</Row>
		<!-- Policies-->
		<Row Tag="LOC_POLICY_ABU_SIMBEL_NAME">
			<Text>Ebu Simbel</Text>
		</Row>
		<Row Tag="LOC_POLICY_FRONTIER_FORTRESSES_NAME">
			<Text>Sınır Kaleleri</Text>
		</Row>
		<Row Tag="LOC_POLICY_INUNDATION_CALENDAR_NAME">
			<Text>Su Baskını Takvimi</Text>
		</Row>
		<Row Tag="LOC_POLICY_MERCENARIES_NAME">
			<Text>Paralı Askerler</Text>
		</Row>
		<Row Tag="LOC_POLICY_MILITARY_COMMUNICATION_NAME">
			<Text>Askeri İletişim</Text>
		</Row>
		<Row Tag="LOC_POLICY_MUSAEUM_NAME">
			<Text>Musaeum</Text>
		</Row>
		<Row Tag="LOC_POLICY_RECORDKEEPING_NAME">
			<Text>Hafazası</Text>
		</Row>
		<Row Tag="LOC_POLICY_ROYAL_BODYGUARDS_NAME">
			<Text>Kraliyet Korumaları</Text>
		</Row>
		<Row Tag="LOC_POLICY_SCORPION_KING_NAME">
			<Text>Akrep Kral</Text>
		</Row>
		<Row Tag="LOC_POLICY_TRADE_AGREEMENT_NAME">
			<Text>Ticaret Anlaşması</Text>
		</Row>
		<Row Tag="LOC_POLICY_VALLEY_OF_THE_KINGS_NAME">
			<Text>Krallar Vadisi</Text>
		</Row>
		<Row Tag="LOC_POLICY_NUBIA_SCENARIO_CONSCRIPTION_DESCRIPTION">
			<Text>+%50 [ICON_Production] Eski ve Klasik dönemlere yönelik üretim yakın dövüş ve satış birimleri.</Text>
		</Row>
		<Row Tag="LOC_POLICY_NUBIA_SCENARIO_GOD_KING_DESCRIPTION">
			<Text>+2 [ICON_Faith] [ICON_Capital] Başkent'e İnanç.</Text>
		</Row>
		<Row Tag="LOC_POLICY_NUBIA_SCENARIO_MANEUVER_DESCRIPTION">
			<Text>+%100 [ICON_Production] Eski ve Klasik dönemlere yönelik ağır ve hafif süvari birimleri üretimi.</Text>
		</Row>
		<Row Tag="LOC_POLICY_ABU_SIMBEL_DESCRIPTION">
			<Text>+%100 [ICON_Culture] Kutsal Site binalarından kültür.</Text>
		</Row>
		<Row Tag="LOC_POLICY_FRONTIER_FORTRESSES_DESCRIPTION">
			<Text>+4 [ICON_Gold] Tüm [ICON_TradeRoute] Ticaret Yollarından Altın.</Text>
		</Row>
		<Row Tag="LOC_POLICY_INUNDATION_CALENDAR_DESCRIPTION">
			<Text>+1 [ICON_Science] Bir su taşına bitişik her şehir için bilim.</Text>
		</Row>
		<Row Tag="LOC_POLICY_MERCENARIES_DESCRIPTION">
			<Text>Şehir-devlet birimlerini arttırmak için normal ücretin yarısını öde.</Text>
		</Row>
		<Row Tag="LOC_POLICY_MILITARY_COMMUNICATION_DESCRIPTION">
			<Text>+2 [ICON_Movement] Tüm kara birimleri için hareket.</Text>
		</Row>
		<Row Tag="LOC_POLICY_MUSAEUM_DESCRIPTION">
			<Text>Tüm şehirlerinizin [ICON_Science] Bilim çıktısını iki katına çıkarır.</Text>
		</Row>
		<Row Tag="LOC_POLICY_RECORDKEEPING_DESCRIPTION">
			<Text>Ünite bakımı, ünite başına tur başına 1 [ICON_Gold] Altın azaltıldı.</Text>
		</Row>
		<Row Tag="LOC_POLICY_ROYAL_BODYGUARDS_DESCRIPTION">
			<Text>+2 [ICON_Culture] [ICON_Capital] Başkentte Kültür.</Text>
		</Row>
		<Row Tag="LOC_POLICY_SCORPION_KING_DESCRIPTION">
			<Text>+4 [ICON_Strength] Tüm birimler için Savaş Gücü.</Text>
		</Row>
		<Row Tag="LOC_COMBAT_PREVIEW_SCORPION_KING_COMBAT_STRENGTH">
			<Text>+{1_Value} Akrep Kralı'ndan.</Text>
		</Row>
		<Row Tag="LOC_POLICY_TRADE_AGREEMENT_DESCRIPTION">
			<Text>+2 [ICON_Gold] Uluslararası Altın [ICON_TradeRoute] Ticaret Yolları.</Text>
		</Row>
		<Row Tag="LOC_POLICY_VALLEY_OF_THE_KINGS_DESCRIPTION">
			<Text>+%100 Kutsal Site ilçe bitişik ikramiye.</Text>
		</Row>
		<!-- Religions-->
		<Row Tag="LOC_RELIGION_NUBIA_SCENARIO_NUBIA_NAME">
			<Text>Nubian Tanrıları</Text>
		</Row>
		<Row Tag="LOC_RELIGION_NUBIA_SCENARIO_EGYPT_NAME">
			<Text>Mısır Tanrıları</Text>
		</Row>
		<!-- Resources-->
		<Row Tag="LOC_RESOURCE_SCENARIO_GOLD_NAME">
			<Text>Altın Cevheri</Text>
		</Row>
		<!-- Routes-->
		<Row Tag="LOC_ROUTE_NUBIA_SCENARIO_ROAD_DESCRIPTION">
			<Text>[ICON_TradeRoute] Ticaret Yolları aracılığıyla oluşturulabilir. [ICON_Movement] İyileştirir Bir yol döşemesinden diğerine geçen herhangi bir birimin hareket hızını arttırır.</Text>
		</Row>
		<!-- Technologies-->
		<Row Tag="LOC_TECH_FISHING_NAME">
			<Text>Balık Tutma</Text>
		</Row>
		<Row Tag="LOC_TECH_MEDICINE_NAME">
			<Text>Tıp</Text>
		</Row>
		<Row Tag="LOC_TECH_FORTIFICATION_NAME">
			<Text>istihkâm</Text>
		</Row>
		<Row Tag="LOC_TECH_TOMB_BUILDING_NAME">
			<Text>Mezar Yapımı</Text>
		</Row>
		<Row Tag="LOC_TECH_FISHING_DESCRIPTION">
			<Text>Inşaatçılar atmaya izin verir.</Text>
		</Row>
		<Row Tag="LOC_TECH_NUBIA_SCENARIO_SAILING_DESCRIPTION">
			<Text>Tüm kara birimlerinin yerleşmesine izin verir.</Text>
		</Row>
		<Row Tag="LOC_TECH_NUBIA_SCENARIO_MATHEMATICS_DESCRIPTION">
			<Text>+2 [ICON_Movement] Tüm deniz birimleri için hareket.</Text>
		</Row>
		<Row Tag="LOC_TECH_MEDICINE_DESCRIPTION">
			<Text>Tamamlandıktan sonra [ICON_Capital] Başkent hesabınıza 2 ücretsiz Yerleşim Yerinizi alın.</Text>
		</Row>
		<!-- Units-->
		<Row Tag="LOC_UNIT_NUBIA_SCENARIO_GREAT_GENERAL_DESCRIPTION">
			<Text>Her [ICON_GreatGeneral] Büyük General, bu senaryoda yakındaki birimler üzerinde pasif bir savaş etkisine sahiptir.</Text>
		</Row>
		<Row Tag="LOC_UNIT_NUBIA_SCENARIO_GREAT_PROPHET_DESCRIPTION">
			<Text>Büyük [ICON_GreatProphet] Peygamberler bu senaryoda bulunamadı. Hem Mısır hem de Nubia, başkentleri kurulur kurulmaz otomatik olarak bir din kazanır.</Text>
		</Row>
		<Row Tag="LOC_UNIT_NUBIA_SCENARIO_EGYPTIAN_CHARIOT_ARCHER_DESCRIPTION">
			<Text>Mısır'ın eşsiz Antik dönemi, Ağır Savaş Gemisinin yerine geçen bir birimdir. 6 [ICON_Movement] Açık arazide başlarken hareket.</Text>
		</Row>
		<Row Tag="LOC_UNIT_NUBIA_SCENARIO_SETTLER_DESCRIPTION">
			<Text>Yeni şehirler yaratabilir. Yerleşimciler bu senaryoda sadece Civics ve Teknoloji Tıbbı'nı tamamlayarak alınmaktadır. Asla inşa edilemezler.</Text>
		</Row>
		<Row Tag="LOC_UNIT_HIGH_PRIESTESS_NAME">
			<Text>Yüksek Rahibe</Text>
		</Row>
		<Row Tag="LOC_UNIT_MEDJAY_NAME">
			<Text>Medjay</Text>
		</Row>
		<Row Tag="LOC_UNIT_HIGH_PRIESTESS_DESCRIPTION">
			<Text>Tek işlevi tek bir Sfenks veya Nubian Piramidi yaratmak olan eşsiz bir Oluşturucu.</Text>
		</Row>
		<Row Tag="LOC_UNIT_MEDJAY_DESCRIPTION">
			<Text>Dostça bir bölgede ve bir Kutsal Alanın 1 kutucuğundaysa, büyük bir savaş bonusuna sahip güçlü bir yakın dövüş ünitesi. Medjay'i sadece bir Tapınak binası içeren bir Kutsal Siteye sahip bir şehirde inşa edebilir.</Text>
		</Row>
		<Row Tag="LOC_ABILITY_MEDJAY_HOLY_SITE_COMBAT_MODIFIER_DESCRIPTION">
			<Text>+{1_Value} Kutsal Site yakınındaki dostça bölgede Mücadele Gücü.</Text>
		</Row>
		<Row Tag="LOC_ABILITY_GREAT_GENERAL_DOUBLE_STRENGTH_NAME">
			<Text>Büyük General Yakında</Text>
		</Row>
		<Row Tag="LOC_ABILITY_GREAT_GENERAL_DOUBLE_STRENGTH_DESCRIPTION">
			<Text>+10 [ICON_Strength] Büyük General'den Savaş Bonusu.</Text>
		</Row>
		<Row Tag="LOC_ABILITY_MEDJAY_DESCRIPTION">
			<Text>+20 [ICON_Strength] Kutsal Yer Tapınağının yanındayken Savaş Bonusu.</Text>
		</Row>
		<!-- Civic Boosts-->
		<Row Tag="LOC_BOOST_NUBIA_SCENARIO_TRIGGER_STATE_WORKFORCE">
			<Text>8 petek geliştirin.</Text>
		</Row>
		<Row Tag="LOC_BOOST_NUBIA_SCENARIO_TRIGGER_FOREIGN_TRADE">
			<Text>6 şehir-devletiyle tanışın.</Text>
		</Row>
		<Row Tag="LOC_BOOST_NUBIA_SCENARIO_TRIGGER_SCRIBES">
			<Text>2 farklı uzmanlık bölgesi oluşturun.</Text>
		</Row>
		<Row Tag="LOC_BOOST_NUBIA_SCENARIO_TRIGGER_BOOK_OF_THE_DEAD">
			<Text>Bir şehri fethet.</Text>
		</Row>
		<Row Tag="LOC_BOOST_NUBIA_SCENARIO_TRIGGER_INSTITUTION_OF_THE_MUSES">
			<Text>Matematik teknolojisini araştırın.</Text>
		</Row>
		<Row Tag="LOC_BOOST_NUBIA_SCENARIO_TRIGGER_SEPATS">
			<Text>2 ordugah bölgesi inşa et.</Text>
		</Row>
		<Row Tag="LOC_BOOST_NUBIA_SCENARIO_TRIGGER_BOARDGAMES_ATHLETICS">
			<Text>Medeniyetinizi en az 24 nüfusa çıkartın.</Text>
		</Row>
		<Row Tag="LOC_BOOST_NUBIA_SCENARIO_TRIGGER_AMUN_LORD_OF_ALL_GODS">
			<Text>3 Tapınak inşa et.</Text>
		</Row>
		<Row Tag="LOC_BOOST_NUBIA_SCENARIO_TRIGGER_LONGDESC_STATE_WORKFORCE">
			<Text>Erken şehirlerimizin etrafındaki arazi güzelce geliştikçe, üretim tekniklerimize ince ayar yapabiliriz.</Text>
		</Row>
		<Row Tag="LOC_BOOST_NUBIA_SCENARIO_TRIGGER_LONGDESC_FOREIGN_TRADE">
			<Text>Diğer devletlerle iletişiminiz kârlı ticaret fırsatları yarattı.</Text>
		</Row>
		<Row Tag="LOC_BOOST_NUBIA_SCENARIO_TRIGGER_LONGDESC_SCRIBES">
			<Text>Şehrimiz o kadar hızlı büyüyor ki, her şeyi izlememize yardımcı olmak için yeni bir işçi sınıfına ihtiyacımız var.</Text>
		</Row>
		<Row Tag="LOC_BOOST_NUBIA_SCENARIO_TRIGGER_LONGDESC_BOOK_OF_THE_DEAD">
			<Text>Şehrin fethinden bazı düşmüş kahramanlarımız var. Onların yeraltı dünyasını geçişlerini kolaylaştıralım.</Text>
		</Row>
		<Row Tag="LOC_BOOST_NUBIA_SCENARIO_TRIGGER_LONGDESC_INSTITUTION_OF_THE_MUSES">
			<Text>Öğrendiğimiz matematikçiler burs için bir modeldir. Dünyanın bilgisini bir çatı altında toplayarak onlara yardım edelim.</Text>
		</Row>
		<Row Tag="LOC_BOOST_NUBIA_SCENARIO_TRIGGER_LONGDESC_SEPATS">
			<Text>Encampment, topraklarımızı savunmak ve sınırlarımızı araştırmak için bir yer olduğundan, artık bölgesel otoritemizi savunabiliriz.</Text>
		</Row>
		<Row Tag="LOC_BOOST_NUBIA_SCENARIO_TRIGGER_LONGDESC_BOARDGAMES_ATHLETICS">
			<Text>Topraklarınızdaki artan vatandaş sayısının daha fazla eğlenceye ihtiyacı var. Senet oynayalım mı yoksa okçulukta elimizi deneyelim mi?</Text>
		</Row>
		<Row Tag="LOC_BOOST_NUBIA_SCENARIO_TRIGGER_LONGDESC_AMUN_LORD_OF_ALL_GODS">
			<Text>Halkımız şimdi bir yüce tanrı Amun'u tanıyor. Bu yaşam personelinin yaratıcısını kutlamak için harika tapınaklar inşa edelim.</Text>
		</Row>
		<!-- Tech Boosts-->
		<Row Tag="LOC_BOOST_NUBIA_SCENARIO_TRIGGER_SAILING">
			<Text>2 deniz kaynağını iyileştirin.</Text>
		</Row>
		<Row Tag="LOC_BOOST_NUBIA_SCENARIO_TRIGGER_IRRIGATION">
			<Text>4 Çiftlik kur.</Text>
		</Row>
		<Row Tag="LOC_BOOST_NUBIA_SCENARIO_TRIGGER_THE_WHEEL">
			<Text>Bir Mera inşa et.</Text>
		</Row>
		<Row Tag="LOC_BOOST_NUBIA_SCENARIO_TRIGGER_MEDICINE">
			<Text>2 plantasyon oluşturun.</Text>
		</Row>
		<Row Tag="LOC_BOOST_NUBIA_SCENARIO_TRIGGER_FORTIFICATION">
			<Text>Bir Savaş Deklarasyonunun hedefi olun.</Text>
		</Row>
		<Row Tag="LOC_BOOST_NUBIA_SCENARIO_TRIGGER_TOMB_BUILDING">
			<Text>Ölülerin Kitabını al.</Text>
		</Row>
		<Row Tag="LOC_BOOST_NUBIA_SCENARIO_TRIGGER_CELESTIAL_NAVIGATION">
			<Text>2 Kadırga Yap</Text>
		</Row>
		<Row Tag="LOC_BOOST_NUBIA_SCENARIO_TRIGGER_MATHEMATICS">
			<Text>3 Nilometre oluşturun.</Text>
		</Row>
		<Row Tag="LOC_BOOST_NUBIA_SCENARIO_TRIGGER_IRON_WORKING">
			<Text>Bir düşman şilahşörü öldür.</Text>
		</Row>
		<Row Tag="LOC_BOOST_NUBIA_SCENARIO_TRIGGER_HORSEBACK_RIDING">
			<Text>Bir düşman Süvari öldür.</Text>
		</Row>
		<Row Tag="LOC_BOOST_NUBIA_SCENARIO_TRIGGER_LONGDESC_SAILING">
			<Text>Balıkçılarınız, askeri amaçlar için tekneler yapmayı öğrenmemize yardımcı oluyor.</Text>
		</Row>
		<Row Tag="LOC_BOOST_NUBIA_SCENARIO_TRIGGER_LONGDESC_IRRIGATION">
			<Text>Çok sayıda çiftliğiniz size ekinlerinizi sulamanın önemini takdir eder.</Text>
		</Row>
		<Row Tag="LOC_BOOST_NUBIA_SCENARIO_TRIGGER_LONGDESC_THE_WHEEL">
			<Text>Evcil hayvanların faydalı olduğu kanıtlanmalıdır. Savaşta asker bulundurmalarını sağlayabilir miyiz?</Text>
		</Row>
		<Row Tag="LOC_BOOST_NUBIA_SCENARIO_TRIGGER_LONGDESC_MEDICINE">
			<Text>Tarlalarınızdaki bitkilerle bitkileri karıştırıyorsunuz. Bazı tıbbi kullanımları var mı?</Text>
		</Row>
		<Row Tag="LOC_BOOST_NUBIA_SCENARIO_TRIGGER_LONGDESC_FORTIFICATION">
			<Text>İstila tehdidi ile karşı karşıya kalan halkınız, yenilikçi savunmalar ile gelmeye hazır.</Text>
		</Row>
		<Row Tag="LOC_BOOST_NUBIA_SCENARIO_TRIGGER_LONGDESC_TOMB_BUILDING">
			<Text>Tüm uygun dualarla birlikte, artık en büyük insanlarımızı onurlandırmak için mezarlar inşa edebiliriz.</Text>
		</Row>
		<Row Tag="LOC_BOOST_NUBIA_SCENARIO_TRIGGER_LONGDESC_CELESTIAL_NAVIGATION">
			<Text>Mutfak ekipleriniz, gece gökyüzünü incelemek suretiyle seyahatlerine nasıl rehberlik edeceklerini öğreniyor.</Text>
		</Row>
		<Row Tag="LOC_BOOST_NUBIA_SCENARIO_TRIGGER_LONGDESC_MATHEMATICS">
			<Text>En iyi bilimsel zihinleriniz, Nil taşkınları tahminleriyle oldukça doğru bir şekilde doğrulanıyor.</Text>
		</Row>
		<Row Tag="LOC_BOOST_NUBIA_SCENARIO_TRIGGER_LONGDESC_IRON_WORKING">
			<Text>Yakında benzer birimler alan edebilmemiz için yeterince Kılıçlı öldürdük.</Text>
		</Row>
		<Row Tag="LOC_BOOST_NUBIA_SCENARIO_TRIGGER_LONGDESC_HORSEBACK_RIDING">
			<Text>Yakında benzer birimleri sahaya koyabilmemiz için yeterince Süvari yendik.</Text>
		</Row>
		<!-- Terrain/Features-->
		<Row Tag="LOC_FEATURE_CATARACT_NAME">
			<Text>Katarakt</Text>
		</Row>
		<Row Tag="LOC_TERRAIN_NILE_RIVER_NAME">
			<Text>Nil Nehri</Text>
		</Row>
		<!-- Victories -->
		<Row Tag="LOC_VICTORY_NUBIA_SCENARIO_TEXT">
			<Text>Büyük tanrı Amun'un şerefine 7 Tapınak inşa eden ilk oyuncu oldunuz. Kesinlikle başarılarınızı kutlamak için büyük bir piramit yapılmalı!</Text>
		</Row>
		<Row Tag="LOC_VICTORY_TEMPLE_COUNT">
			<Text>{1_Player} - Amun tapınakları inşa etti: {2_Num}</Text>
		</Row>
		<Row Tag="LOC_NUBIA_SCENARIO_ENDGAME_RANKING_LEADER_1_NAME">
			<Text>Amun'un Canlı Görüntüsü</Text>
		</Row>
		<Row Tag="LOC_NUBIA_SCENARIO_ENDGAME_RANKING_LEADER_2_NAME">
			<Text>Isis tarafından saygıdeğer</Text>
		</Row>
		<Row Tag="LOC_NUBIA_SCENARIO_ENDGAME_RANKING_LEADER_3_NAME">
			<Text>Anubis tarafından davet edildi</Text>
		</Row>
		<Row Tag="LOC_NUBIA_SCENARIO_ENDGAME_RANKING_LEADER_4_NAME">
			<Text>Horus'un öğrencisi</Text>
		</Row>
		<Row Tag="LOC_NUBIA_SCENARIO_ENDGAME_RANKING_LEADER_5_NAME">
			<Text>Bes tarafından unuttum</Text>
		</Row>
		<Row Tag="LOC_NUBIA_SCENARIO_ENDGAME_RANKING_LEADER_6_NAME">
			<Text>Ash tarafından Shunned</Text>
		</Row>
		<Row Tag="LOC_NUBIA_SCENARIO_ENDGAME_RANKING_LEADER_1_QUOTE">
			<Text>Bütün tanrıların efendisi seni onurlandırıyor. (Kafana gitmesine izin verme.)</Text>
		</Row>
		<Row Tag="LOC_NUBIA_SCENARIO_ENDGAME_RANKING_LEADER_2_QUOTE">
			<Text>Sizin başarınız için sevinç gözyaşları ağlıyor.</Text>
		</Row>
		<Row Tag="LOC_NUBIA_SCENARIO_ENDGAME_RANKING_LEADER_3_QUOTE">
			<Text>Sinirleriniz için özel kanopik kavanozlar hazırlar.</Text>
		</Row>
		<Row Tag="LOC_NUBIA_SCENARIO_ENDGAME_RANKING_LEADER_4_QUOTE">
			<Text>Eserlerini onurlandırdığın için, asla bir kum fırtınasına maruz kalmayacaksın.</Text>
		</Row>
		<Row Tag="LOC_NUBIA_SCENARIO_ENDGAME_RANKING_LEADER_5_QUOTE">
			<Text>Belki bir dahaki sefere seni yılanlar hakkında uyarmayı hatırlar.</Text>
		</Row>
		<Row Tag="LOC_NUBIA_SCENARIO_ENDGAME_RANKING_LEADER_6_QUOTE">
			<Text>Herhangi bir çölde vaha bulamazsınız - sadece kumun üzerine kumlayın.</Text>
		</Row>
		<!-- Events-->
		<Row Tag="LOC_SCENARIO_NUBIA_EVENT_TITLE_1">
			<Text>Eski Krallığı Yeniden İnşa Et</Text>
		</Row>
		<Row Tag="LOC_SCENARIO_NUBIA_EVENT_TITLE_2">
			<Text>Nubia Yayını Çekiyor</Text>
		</Row>
		<Row Tag="LOC_SCENARIO_NUBIA_EVENT_TITLE_3">
			<Text>Pítati Nubia'ya Geri Döndü</Text>
		</Row>
		<Row Tag="LOC_SCENARIO_NUBIA_EVENT_TITLE_4">
			<Text>Pítati Hizmetimize Dön</Text>
		</Row>
		<Row Tag="LOC_SCENARIO_NUBIA_EVENT_TITLE_5">
			<Text>Firavun II. Mentuhotep  Taht Yükseldi</Text>
		</Row>
		<Row Tag="LOC_SCENARIO_NUBIA_EVENT_TITLE_6">
			<Text>Firavun II. Mentuhotep Osiris ile Buluştu</Text>
		</Row>
		<Row Tag="LOC_SCENARIO_NUBIA_EVENT_TITLE_7">
			<Text>Yüksek Rahibe, Kutsal Siteyi Adamıştır</Text>
		</Row>
		<Row Tag="LOC_SCENARIO_NUBIA_EVENT_TITLE_8">
			<Text>Kral Piye Taht Yükseldi</Text>
		</Row>
		<Row Tag="LOC_SCENARIO_NUBIA_EVENT_TITLE_9">
			<Text>Kral Piye Osiris'le Buluştu</Text>
		</Row>
		<Row Tag="LOC_SCENARIO_NUBIA_EVENT_TITLE_10">
			<Text>Kraliçe Amanirenas Taht Yükseldi</Text>
		</Row>
		<Row Tag="LOC_SCENARIO_NUBIA_EVENT_TITLE_11">
			<Text>Kraliçe Amanirenas Osiris ile Buluştu</Text>
		</Row>
		<Row Tag="LOC_SCENARIO_NUBIA_EVENT_TITLE_12">
			<Text>Hyksos istila ediyor</Text>
		</Row>
		<Row Tag="LOC_SCENARIO_NUBIA_EVENT_TITLE_13">
			<Text>Libya istila ediyor</Text>
		</Row>
		<Row Tag="LOC_SCENARIO_NUBIA_EVENT_TITLE_14">
			<Text>Asur İstilaları</Text>
		</Row>
		<Row Tag="LOC_SCENARIO_NUBIA_EVENT_TITLE_15">
			<Text>Persler İstila ediyor</Text>
		</Row>
		<Row Tag="LOC_SCENARIO_NUBIA_EVENT_TITLE_16">
			<Text>Makedon İstilaları</Text>
		</Row>
		<Row Tag="LOC_SCENARIO_NUBIA_EVENT_TITLE_17">
			<Text>Roma istila ediyor</Text>
		</Row>
		<Row Tag="LOC_SCENARIO_NUBIA_EVENT_TITLE_18">
			<Text>Gizli Savaş Filleri</Text>
		</Row>
		<Row Tag="LOC_SCENARIO_NUBIA_EVENT_DESCRIPTION_1">
			<Text>Eski Krallık artık yok. İç savaş toprakları sallasa da, ailenizin kaderi bir Mısır'ın birleşmesi. Belki de Nubian paralı askerlerinin kısa süreli yardımı, Nil nehri boyunca bulunan kentleri geri kazanmanıza yardımcı olabilir.</Text>
		</Row>
		<Row Tag="LOC_SCENARIO_NUBIA_EVENT_DESCRIPTION_2">
			<Text>Ailen Nil nehrinin yaşamsal bir bölümünü yönetiyor. Mısırlı komşularınız, kuzeydeki iç çekişmelerin yarattığı komşularla, Yay Ülkesi kendisini imparatorluğun eşiğinde bulur.</Text>
		</Row>
		<Row Tag="LOC_SCENARIO_NUBIA_EVENT_DESCRIPTION_3">
			<Text>Nubian paralı askerleri sözleşmelerini tamamladılar. Yay Ülkesine geri dönüyorlar.</Text>
		</Row>
		<Row Tag="LOC_SCENARIO_NUBIA_EVENT_DESCRIPTION_4">
			<Text>Paralı okçumuz Mısır ile olan sözleşmesini tamamladı. Eve tecrübeli ve iyi para veriyorlar.</Text>
		</Row>
		<Row Tag="LOC_SCENARIO_NUBIA_EVENT_DESCRIPTION_5">
			<Text>Büyük Mentuhotep II, Yukarı ve Aşağı Mısır'ın birleşmesinden daha az bir şey aramıyor. Başarırsa, “İki Ülkeyi Birleştiren Horus” unvanı ile onu onurlandıracağız.</Text>
		</Row>
		<Row Tag="LOC_SCENARIO_NUBIA_EVENT_DESCRIPTION_6">
			<Text>II. Mentuhotep'in ölümü ile yaşam gücü bedenini terk eder ve öbür dünyaya yeni bir yolculuğa başlar. Orada Osiris'in kararını yerine getirecek. Yaptığı işler ona sonsuz yaşam kazandırabilir.</Text>
		</Row>
		<Row Tag="LOC_SCENARIO_NUBIA_EVENT_DESCRIPTION_7">
			<Text>Yeni ibadet yerinizi tamamlamak için dini bir lider ortaya çıkar. Onun yardımıyla, tanrılarımızın sahip olduğu ilahi güçlerin yeni sembollerini oluşturabiliriz.</Text>
		</Row>
		<Row Tag="LOC_SCENARIO_NUBIA_EVENT_DESCRIPTION_8">
			<Text>Dürüst Kral Piye, Mısır halkını ustalarının kalbinde çürüklükten kurtarmaya çalışıyor. Bunu, Nubian yönetimini Mısır topraklarının derinliklerine çıkarsa bile yapmalı.</Text>
		</Row>
		<Row Tag="LOC_SCENARIO_NUBIA_EVENT_DESCRIPTION_9">
			<Text>Piye'nin ölümü ile yaşam gücü bedenini terk eder ve öbür dünyaya yeni bir yolculuk başlar. Orada Osiris'in kararını yerine getirecek. Yaptığı işler ona sonsuz yaşam kazandırabilir.</Text>
		</Row>
		<Row Tag="LOC_SCENARIO_NUBIA_EVENT_DESCRIPTION_10">
			<Text>Sert Kraliçe Amanirenas, yabancı istilacılardan korkmuyor. Herhangi bir Nubia'yı tehdit etmesi durumunda, dünyanın en güçlü ordusu olsalar bile, kişisel olarak saldırıya öncülük edecek.</Text>
		</Row>
		<Row Tag="LOC_SCENARIO_NUBIA_EVENT_DESCRIPTION_11">
			<Text>Amanirenas'ın ölümü ile yaşam gücü bedenini terk eder ve öbür dünyaya yeni bir yolculuğa başlar. Orada Osiris'in kararını yerine getirecek. Yaptığı işler sonsuz yaşamını kazansın.</Text>
		</Row>
		<Row Tag="LOC_SCENARIO_NUBIA_EVENT_DESCRIPTION_12">
			<Text>Yabancı istilacılar kuzeydoğudan geliyor! Hyksos, Levant'tan vahşi bir savaş ordusuna hükmetti. Nil boyunca daha önce hiç tecrübe edilmemiş bir savaş aracıyla geliyorlar - at.</Text>
		</Row>
		<Row Tag="LOC_SCENARIO_NUBIA_EVENT_DESCRIPTION_13">
			<Text>Yabancı istilacılar Akdeniz'den geliyor! Libyalılar batıdan geliyor, sahil boyunca Nil'e doğru yürüyorlar. Doğudan gizemli müttefikleri geliyor; Deniz İnsanları.</Text>
		</Row>
		<Row Tag="LOC_SCENARIO_NUBIA_EVENT_DESCRIPTION_14">
			<Text>Yabancı istilacılar kuzeydoğudan geliyor! Sha-Nabu-shu liderliğindeki Asurlular, Mezopotamya topraklarını çoktan ele geçirdiler. Bu korkunç düşmana dikkat!</Text>
		</Row>
		<Row Tag="LOC_SCENARIO_NUBIA_EVENT_DESCRIPTION_15">
			<Text>Yabancı istilacılar kuzeyden geliyor! Persler, Asurluların topukluları üzerinde ateşlidir. Doğudan her iki krallık da Nil boyunca bir yer edinecek mi?</Text>
		</Row>
		<Row Tag="LOC_SCENARIO_NUBIA_EVENT_DESCRIPTION_16">
			<Text>Yabancı istilacılar kuzeydoğudan geliyor! Makedon III. İskender'in fetihlerinin dünyanın sonuna kadar uzandığı söyleniyor. Şimdi Nil halkını imparatorluğa eklemek istiyor.</Text>
		</Row>
		<Row Tag="LOC_SCENARIO_NUBIA_EVENT_DESCRIPTION_17">
			<Text>Yabancı istilacılar kuzeyden geliyor! Roma ordusunun güçlü lejyonları, Nil'i kendileri için istemek için batıdan geldi. Birisi dönemin en güçlü ordusunu durdurabilir mi?</Text>
		</Row>
		<Row Tag="LOC_SCENARIO_NUBIA_EVENT_DESCRIPTION_18">
			<Text>Ne pahasına olursa olsun, savaş fillerini gizli bir eğitim alanında eğitdik. Onları yakından koru - Yavaş üremelerine rağmen sayılarını koruyabiliriz, ancak daha fazla eğitim almayı beklemiyoruz.</Text>
		</Row>
		<Row Tag="LOC_SCENARIO_NUBIA_EVENT_EFFECT_1">
			<Text>Bu Nubian Pítati Okçusu, sonraki 6 turda ordunuzda hizmet verecek.</Text>
		</Row>
		<Row Tag="LOC_SCENARIO_NUBIA_EVENT_EFFECT_2">
			<Text>Bir şehir kur ve yakındaki zengin maden yataklarını keşfet.</Text>
		</Row>
		<Row Tag="LOC_SCENARIO_NUBIA_EVENT_EFFECT_3">
			<Text>Pítati Archer birimleriniz kaldırıldı.</Text>
		</Row>
		<Row Tag="LOC_SCENARIO_NUBIA_EVENT_EFFECT_4">
			<Text>Bu tecrübeli Pítati Okçular şimdi [ICON_Capital] Capital'in yakınında bulunmaktadır. Ayrıca 100 [ICON_Gold] Gold kazandık.</Text>
		</Row>
		<Row Tag="LOC_SCENARIO_NUBIA_EVENT_EFFECT_5">
			<Text>Bu [ICON_GreatGeneral] Büyük General, önümüzdeki 15 dönüş için birliklerimizi yönetecek.</Text>
		</Row>
		<Row Tag="LOC_SCENARIO_NUBIA_EVENT_EFFECT_6">
			<Text>[ICON_GreatGeneral] Büyük General II. Mentuhotep kaldırıldı.</Text>
		</Row>
		<Row Tag="LOC_SCENARIO_NUBIA_EVENT_EFFECT_7">
			<Text>Bu Yüksek Rahibe, Duvarcılık teknolojisini araştırdıktan sonra benzersiz gelişmenizi (Sfenks veya Nubian Piramidi) inşa etmek için kullanılabilir.</Text>
		</Row>
		<Row Tag="LOC_SCENARIO_NUBIA_EVENT_EFFECT_8">
			<Text>Bu [ICON_GreatGeneral] Büyük General, önümüzdeki 15 dönüş için birliklerimizi yönetecek.</Text>
		</Row>
		<Row Tag="LOC_SCENARIO_NUBIA_EVENT_EFFECT_9">
			<Text>[ICON_GreatGeneral] Büyük General Piye kaldırıldı.</Text>
		</Row>
		<Row Tag="LOC_SCENARIO_NUBIA_EVENT_EFFECT_10">
			<Text>Bu [ICON_GreatGeneral] Büyük General, önümüzdeki 15 dönüş için birliklerimizi yönetecek.</Text>
		</Row>
		<Row Tag="LOC_SCENARIO_NUBIA_EVENT_EFFECT_11">
			<Text>[ICON_GreatGeneral] Büyük General Amanirenas kaldırıldı.</Text>
		</Row>
		<Row Tag="LOC_SCENARIO_NUBIA_EVENT_EFFECT_12">
			<Text>Bu Hyksos işgalcileri şehirleri fethetmeye ve Akdeniz kıyılarında bir krallık kurmaya çalışacaklar.</Text>
		</Row>
		<Row Tag="LOC_SCENARIO_NUBIA_EVENT_EFFECT_13">
			<Text>Bu Libyalı istilacılar şehirleri fethetmeye ve Akdeniz kıyılarında bir krallık kurmaya çalışacaklar.</Text>
		</Row>
		<Row Tag="LOC_SCENARIO_NUBIA_EVENT_EFFECT_14">
			<Text>Bu Asur istilacıları şehirleri fethetmeye ve Akdeniz kıyılarında bir krallık kurmaya çalışacaklar.</Text>
		</Row>
		<Row Tag="LOC_SCENARIO_NUBIA_EVENT_EFFECT_15">
			<Text>Bu Pers işgalciler şehirleri fethetmeye ve Akdeniz kıyılarında bir krallık kurmaya çalışacaklar.</Text>
		</Row>
		<Row Tag="LOC_SCENARIO_NUBIA_EVENT_EFFECT_16">
			<Text>Bu Makedon işgalciler şehirleri fethetmeye ve Akdeniz kıyılarında bir krallık kurmaya çalışacaklar.</Text>
		</Row>
		<Row Tag="LOC_SCENARIO_NUBIA_EVENT_EFFECT_17">
			<Text>Bu Romalı istilacılar şehirleri fethetmeye ve Akdeniz kıyılarında bir krallık kurmaya çalışacaklar.</Text>
		</Row>
		<Row Tag="LOC_SCENARIO_NUBIA_EVENT_EFFECT_18">
			<Text>Yeni Savaş Filleri birimleri şu anda hazır. Bir şehirde inşa edilemezler ve sadece bu etkinlik tarafından alınabilirler.</Text>
		</Row>
	</EnglishText>
</GameData>
