﻿<?xml version="1.0" encoding="utf-8"?>
<GameData>
    <EnglishText>
		<Row Tag="LOC_AUSTRALIA_MOD_TITLE">
			<Text>DLC: Avustralya Medeniyet Paketi</Text>
		</Row>
		<Row Tag="LOC_AUSTRALIA_MOD_TEASER">
			<Text>Yeni Uygarlık ve Lider - Avustralya'dan John Curtin</Text>
		</Row>
		<Row Tag="LOC_AUSTRALIA_MOD_DESCRIPTION">
			<Text>Yeni bir uygarlık ve lider içerir.</Text>
		</Row>
		<Row Tag="LOC_MOD_AUSTRALIA_SCENARIO_TITLE">
			<Text>Senaryo: Taşra Zengini</Text>
		</Row>
		<Row Tag="LOC_MOD_AUSTRALIA_SCENARIO_TEASER">
			<Text>Hangi koloni, Avustralya'nın doğal zenginliklerinden en iyi şekilde yararlanacak?</Text>
		</Row>
		<Row Tag="LOC_MOD_AUSTRALIA_SCENARIO_DESCRIPTION">
			<Text>Kültür Şoku ile bu 60 turlu senaryoda toprak kaybettik, Avustralya'yı keşfetmek, doğal kaynaklarını bulmak ve sömürgeyi zenginleştirmek için kullanmak zorundayız. Bu rekabetçi ekonomik senaryo, savaşı içermez. Odak noktası, puanlarınıza karşılık gelen, tur başına net altın kârınızı artırmak olan, keşif ve alan genişletme çalışmalarıdır.[NEWLINE][NEWLINE]Tek oyuncu: Zorlukların her seviyesinde tur başına bir altın limiti var. Oyunun bitiminden önce bu sayının üstesinden gelin. {1_CivName} tarafından başlatıldı.[NEWLINE][NEWLINE]Çok oyunculu: Oyunun sonunda en yüksek Altına sahip olan oyuncu kazanır.</Text>
		</Row>
   </EnglishText>
</GameData>

