﻿<?xml version="1.0" encoding="utf-8"?>
<GameData>
	<BaseGameText>
		<Row Tag="LOC_AUTONARRATE_BUTTON_DONE">
			<Text>Tamam</Text>
		</Row>	
		<Row Tag="LOC_AUTONARRATE_CITY_FOUNDED">
			<Text>{1_CivName} tarafından bir şehir kuruldu.</Text>
		</Row>
		<Row Tag="LOC_AUTONARRATE_WONDER_COMPLETED_BY">
			<Text>{1_CivName} tarafından bir Dünya Harikası tamamlandı.</Text>
		</Row>
		<Row Tag="LOC_AUTONARRATE_PLAYER_DEFEATED_BY">
			<Text>{1_CivName}, {2_CivName} tarafından mağlup oldu..</Text>
		</Row>
		<Row Tag="LOC_AUTONARRATE_PLAYER_DEFEATED">
			<Text>{1_CivName} mağlup oldu.</Text>
		</Row>
		<!-- Victories -->
		<Row Tag="LOC_AUTONARRATE_PLAYER_VICTORY">
			<Text>{1_CivName} Oyunu kazandı!</Text>
		</Row>
		<Row Tag="LOC_AUTONARRATE_PLAYER_VICTORY_CONQUEST">
			<Text>{1_CivName} Oyunu fethederek kazandı!</Text>
		</Row>
		<Row Tag="LOC_AUTONARRATE_PLAYER_VICTORY_CULTURE">
			<Text>{1_CivName} Oyunu Kültürel zafer ile kazandı!</Text>
		</Row>
		<Row Tag="LOC_AUTONARRATE_PLAYER_VICTORY_RELIGIOUS">
			<Text>{1_CivName} Oyunu Dini zafer ile kazandı!</Text>
		</Row>
		<Row Tag="LOC_AUTONARRATE_PLAYER_VICTORY_SCORE">
			<Text>{1_CivName} Oyunu Skor zaferi ile kazandı!</Text>
		</Row>
		<Row Tag="LOC_AUTONARRATE_PLAYER_VICTORY_TECHNOLOGY">
			<Text>{1_CivName} Oyunu Bilim ile kazandı!</Text>
		</Row>
		<!-- -->
		<Row Tag="LOC_AUTONARRATE_MAKE_PEACE">
			<Text>{1_CivName}, {2_CivName} ile barış yaptı.</Text>
		</Row>
		<Row Tag="LOC_AUTONARRATE_DECLARE_WAR">
			<Text>{1_CivName}, {2_CivName} karşı savaş ilan etti.</Text>
		</Row>
		<!-- Era Change -->
		<Row Tag="LOC_AUTONARRATE_PLAYER_ERA_CHANGED">
			<Text>{1_CivName} Yeni bir döneme girdi.</Text>
		</Row>
		<Row Tag="LOC_AUTONARRATE_PLAYER_ERA_ANCIENT">
			<Text>{1_CivName} Antik Çağ'a girdi.</Text>
		</Row>
		<Row Tag="LOC_AUTONARRATE_PLAYER_ERA_CLASSICAL">
			<Text>{1_CivName} Klasik Çağ'a girdi.</Text>
		</Row>
		<Row Tag="LOC_AUTONARRATE_PLAYER_ERA_MEDIEVAL">
			<Text>{1_CivName} Orta Çağ'a girdi.</Text>
		</Row>
		<Row Tag="LOC_AUTONARRATE_PLAYER_ERA_RENAISSANCE">
			<Text>{1_CivName} Rönesans Çağ'ına girdi.</Text>
		</Row>
		<Row Tag="LOC_AUTONARRATE_PLAYER_ERA_INDUSTRIAL">
			<Text>{1_CivName} Sanayi Çağ'ına girdi.</Text>
		</Row>
		<Row Tag="LOC_AUTONARRATE_PLAYER_ERA_MODERN">
			<Text>{1_CivName} Modern Çağ'a girdi.</Text>
		</Row>
		<Row Tag="LOC_AUTONARRATE_PLAYER_ERA_ATOMIC">
			<Text>{1_CivName} Atom Çağ'ına girdi.</Text>
		</Row>
		<Row Tag="LOC_AUTONARRATE_PLAYER_ERA_INFORMATION">
			<Text>{1_CivName} Bilgi Çağ'ına girdi.</Text>
		</Row>
	</BaseGameText>
</GameData>
