﻿<?xml version="1.0" encoding="UTF-8" standalone="yes"?>
<GameData>
	<BaseGameText>
		<Row Tag="LOC_TRAIT_CIVILIZATION_LEGEND_FIVE_SUNS_NAME">
			<Text>Bes Günesin Efsanesi</Text>
		</Row>
		<Row Tag="LOC_TRAIT_CIVILIZATION_LEGEND_FIVE_SUNS_DESCRIPTION">
			<Text>Orijinal Bölge maliyetinin %20'sini tamamlamak için inşaatçı ücretleri harcayın.</Text>
		</Row>
		<Row Tag="LOC_TRAIT_LEADER_GIFTS_FOR_TLATOANI_NAME">
			<Text>Tlatoani için Hediyeler</Text>
		</Row>
		<Row Tag="LOC_TRAIT_LEADER_GIFTS_FOR_TLATOANI_DESCRIPTION">
			<Text>Kendi topraklarınızdaki lüks kaynaklar, ilave 2 şehir için bir [ICON_Amenities] İmkan sağlar. Askeri birimler, Aztek ülkelerinde geliştirilmiş her bir farklı Lüks kaynak için +1 [ICON_Strength] Saldırı Gücü alır.</Text>
		</Row>
		<Row Tag="LOC_UNIT_AZTEC_EAGLE_WARRIOR_NAME">
			<Text>Kartal Savaşçısı</Text>
			<Gender>Erkek</Gender>
		</Row>
		<Row Tag="LOC_UNIT_AZTEC_EAGLE_WARRIOR_DESCRIPTION">
			<Text>Aztek eşsiz Savaşçı'nın yerini alan Eski çağ birimi.  Onları inşaatçılara çevirerek diğer uygarlıkların askeri birimlerini yakalama şansınız var.</Text>
		</Row>
		<Row Tag="LOC_BUILDING_TLACHTLI_NAME">
			<Text>Tlatçtli</Text>
		</Row>
		<Row Tag="LOC_BUILDING_TLACHTLI_DESCRIPTION">
			<Text>Aztekler'e özgü bir bina. Bir [ICON_Amenities] İmkan, +2 [ICON_Faith] İnanç ve bir [ICON_GreatGeneral] Büyük General sağlar.</Text>
		</Row>
	</BaseGameText>
</GameData>