<?xml version="1.0" encoding="UTF-8" standalone="yes"?>
<GameData>
	<BaseGameText>
		<Row Tag="LOC_LOADING_INFO_LEADER_MONTEZUMA">
			<Text>Tlatoani Montezuma, Kartal Savaşçılarınızı mutlu ve tok tutun, çünkü ilelebet sizin davanız için savaşacaklar.  Aztek İmparatorluğun topraklara açılırken, duvarlarını yükseltmek için insanlara ihtiyacı olmayacak, fethettikçe yeni sadık işçilerle kutsanacaksın. İlerleyin; Huitzilopochtli çağırıyor.</Text>
		</Row>
		<Row Tag="LOC_CITIZEN_AZTEC_MALE_1">
			<Text>Acamapichtli</Text>
		</Row>
		<Row Tag="LOC_CITIZEN_AZTEC_MALE_2">
			<Text>Chimalli</Text>
		</Row>
		<Row Tag="LOC_CITIZEN_AZTEC_MALE_3">
			<Text>Cuauhtemoc</Text>
		</Row>
		<Row Tag="LOC_CITIZEN_AZTEC_MALE_4">
			<Text>Huitzilli</Text>
		</Row>
		<Row Tag="LOC_CITIZEN_AZTEC_MALE_5">
			<Text>Itzcoatl</Text>
		</Row>
		<Row Tag="LOC_CITIZEN_AZTEC_MALE_6">
			<Text>Nochehuatl</Text>
		</Row>
		<Row Tag="LOC_CITIZEN_AZTEC_MALE_7">
			<Text>Tlaloc</Text>
		</Row>
		<Row Tag="LOC_CITIZEN_AZTEC_MALE_8">
			<Text>Xiuhpilli</Text>
		</Row>
		<Row Tag="LOC_CITIZEN_AZTEC_MALE_9">
			<Text>Yaotl</Text>
		</Row>
		<Row Tag="LOC_CITIZEN_AZTEC_MALE_10">
			<Text>Zolin</Text>
		</Row>
		<Row Tag="LOC_CITIZEN_AZTEC_FEMALE_1">
			<Text>Centehua</Text>
		</Row>
		<Row Tag="LOC_CITIZEN_AZTEC_FEMALE_2">
			<Text>Chalchiuitl</Text>
		</Row>
		<Row Tag="LOC_CITIZEN_AZTEC_FEMALE_3">
			<Text>Chicomecoatl</Text>
		</Row>
		<Row Tag="LOC_CITIZEN_AZTEC_FEMALE_4">
			<Text>Chimalma</Text>
		</Row>
		<Row Tag="LOC_CITIZEN_AZTEC_FEMALE_5">
			<Text>Citlalli</Text>
		</Row>
		<Row Tag="LOC_CITIZEN_AZTEC_FEMALE_6">
			<Text>Cozamalotl</Text>
		</Row>
		<Row Tag="LOC_CITIZEN_AZTEC_FEMALE_7">
			<Text>Tlacotl</Text>
		</Row>
		<Row Tag="LOC_CITIZEN_AZTEC_FEMALE_8">
			<Text>Xilonen</Text>
		</Row>
		<Row Tag="LOC_CITIZEN_AZTEC_FEMALE_9">
			<Text>Xochitl</Text>
		</Row>
		<Row Tag="LOC_CITIZEN_AZTEC_FEMALE_10">
			<Text>Yaretzi</Text>
		</Row>
		<Row Tag="LOC_CITIZEN_AZTEC_MODERN_MALE_1">
			<Text>Carlos</Text>
		</Row>
		<Row Tag="LOC_CITIZEN_AZTEC_MODERN_MALE_2">
			<Text>Estévan</Text>
		</Row>
		<Row Tag="LOC_CITIZEN_AZTEC_MODERN_MALE_3">
			<Text>Ignacio</Text>
		</Row>
		<Row Tag="LOC_CITIZEN_AZTEC_MODERN_MALE_4">
			<Text>José</Text>
		</Row>
		<Row Tag="LOC_CITIZEN_AZTEC_MODERN_MALE_5">
			<Text>Montago</Text>
		</Row>
		<Row Tag="LOC_CITIZEN_AZTEC_MODERN_MALE_6">
			<Text>Niguel</Text>
		</Row>
		<Row Tag="LOC_CITIZEN_AZTEC_MODERN_MALE_7">
			<Text>Pedro</Text>
		</Row>
		<Row Tag="LOC_CITIZEN_AZTEC_MODERN_MALE_8">
			<Text>Richardo</Text>
		</Row>
		<Row Tag="LOC_CITIZEN_AZTEC_MODERN_MALE_9">
			<Text>Teyo</Text>
		</Row>
		<Row Tag="LOC_CITIZEN_AZTEC_MODERN_MALE_10">
			<Text>Tino</Text>
		</Row>
		<Row Tag="LOC_CITIZEN_AZTEC_MODERN_FEMALE_1">
			<Text>Amorita</Text>
		</Row>
		<Row Tag="LOC_CITIZEN_AZTEC_MODERN_FEMALE_2">
			<Text>Bellona</Text>
		</Row>
		<Row Tag="LOC_CITIZEN_AZTEC_MODERN_FEMALE_3">
			<Text>Eldora</Text>
		</Row>
		<Row Tag="LOC_CITIZEN_AZTEC_MODERN_FEMALE_4">
			<Text>Guadalupe</Text>
		</Row>
		<Row Tag="LOC_CITIZEN_AZTEC_MODERN_FEMALE_5">
			<Text>Luminosa</Text>
		</Row>
		<Row Tag="LOC_CITIZEN_AZTEC_MODERN_FEMALE_6">
			<Text>Orlena</Text>
		</Row>
		<Row Tag="LOC_CITIZEN_AZTEC_MODERN_FEMALE_7">
			<Text>Perdita</Text>
		</Row>
		<Row Tag="LOC_CITIZEN_AZTEC_MODERN_FEMALE_8">
			<Text>Pilar</Text>
		</Row>
		<Row Tag="LOC_CITIZEN_AZTEC_MODERN_FEMALE_9">
			<Text>Senalda</Text>
		</Row>
		<Row Tag="LOC_CITIZEN_AZTEC_MODERN_FEMALE_10">
			<Text>Zola</Text>
		</Row>
		<Row Tag="LOC_CITY_NAME_TENOCHTITLAN">
			<Text>Tenochtitlan</Text>
		</Row>
		<Row Tag="LOC_CITY_NAME_TEXCOCO">
			<Text>Texcoco</Text>
		</Row>
		<Row Tag="LOC_CITY_NAME_ATZCAPOTZALCO">
			<Text>Atzcapotzalco</Text>
		</Row>
		<Row Tag="LOC_CITY_NAME_TEOTIHUACAN">
			<Text>Teotihuacán</Text>
		</Row>
		<Row Tag="LOC_CITY_NAME_TLACOPAN">
			<Text>Tlacopán</Text>
		</Row>
		<Row Tag="LOC_CITY_NAME_XOCHICALCO">
			<Text>Xochicalco</Text>
		</Row>
		<Row Tag="LOC_CITY_NAME_MALINALCO">
			<Text>Malinalco</Text>
		</Row>
		<Row Tag="LOC_CITY_NAME_TEAYO">
			<Text>Teayo</Text>
		</Row>
		<Row Tag="LOC_CITY_NAME_CEMPOALA">
			<Text>Cempoala</Text>
		</Row>
		<Row Tag="LOC_CITY_NAME_CHALCO">
			<Text>Chalco</Text>
		</Row>
		<Row Tag="LOC_CITY_NAME_IXTAPALUCA">
			<Text>Ixtapaluca</Text>
		</Row>
		<Row Tag="LOC_CITY_NAME_TENAYUCA">
			<Text>Tenayuca</Text>
		</Row>
		<Row Tag="LOC_CITY_NAME_HUEXOTLA">
			<Text>Huexotla</Text>
		</Row>
		<Row Tag="LOC_CITY_NAME_CHAPULTEPEC">
			<Text>Chapultepec</Text>
		</Row>
		<Row Tag="LOC_CITY_NAME_TEPEXPAN">
			<Text>Tepexpan</Text>
		</Row>
		<Row Tag="LOC_CITY_NAME_ZITLALTEPEC">
			<Text>Zitlaltepec</Text>
		</Row>
		<Row Tag="LOC_CITY_NAME_XALAPA">
			<Text>Xalapa</Text>
		</Row>
		<Row Tag="LOC_CITY_NAME_TAMUIN">
			<Text>Tamuín</Text>
		</Row>
		<Row Tag="LOC_CITY_NAME_TELOLOAPAN">
			<Text>Teloloapan</Text>
		</Row>
		<Row Tag="LOC_CITY_NAME_MITLA">
			<Text>Mitla</Text>
		</Row>
		<Row Tag="LOC_CITY_NAME_TLATELOLCO">
			<Text>Tlatelolco</Text>
		</Row>
		<Row Tag="LOC_CITY_NAME_COYOTEPEC">
			<Text>Coyotepec</Text>
		</Row>
		<Row Tag="LOC_CITY_NAME_ZACATULA">
			<Text>Zacatula</Text>
		</Row>
		<Row Tag="LOC_CITY_NAME_YUCUNUDAHUI">
			<Text>Yucuñudahui</Text>
		</Row>
		<Row Tag="LOC_CITY_NAME_ECATEPEC">
			<Text>Ecatepec</Text>
		</Row>
		<Row Tag="LOC_CITY_NAME_MAZATAN">
			<Text>Mazatán</Text>
		</Row>
		<Row Tag="LOC_CITY_NAME_IZTAPALAPA">
			<Text>Iztapalapa</Text>
		</Row>
		<Row Tag="LOC_CITY_NAME_TLALMANALCO">
			<Text>Tlalmanalco</Text>
		</Row>
		<Row Tag="LOC_CITY_NAME_HUAXYACAC">
			<Text>Huaxyacac</Text>
		</Row>
		<Row Tag="LOC_CITY_NAME_ACATITLAN">
			<Text>Acatitlan</Text>
		</Row>
		<Row Tag="LOC_CIVILIZATION_AZTEC_DESCRIPTION">
			<Text>Aztek İmparatorluğu</Text>
		</Row>
		<Row Tag="LOC_CIVILIZATION_AZTEC_ADJECTIVE">
			<Text>Aztek</Text>
			<Gender>Masculine:an</Gender>
		</Row>
		<Row Tag="LOC_CIVINFO_AZTEC_LOCATION">
			<Text>Kuzey Amerika</Text>
		</Row>
		<Row Tag="LOC_CIVINFO_AZTEC_SIZE">
			<Text>Tahmini 117.5 bin mil (304 bin kilometre kare)</Text>
		</Row>
		<Row Tag="LOC_CIVINFO_AZTEC_POPULATION">
			<Text>Tahmini. En fazla 5,1 milyon</Text>
		</Row>
		<Row Tag="LOC_CIVINFO_AZTEC_CAPITAL">
			<Text>Tenochtitlan</Text>
		</Row>
		<Row Tag="LOC_TRAIT_CIVILIZATION_BUILDING_TLACHTLI_NAME">
			<Text>Aztek eşsiz yapısı: Tlatçtli</Text>
		</Row>
		<Row Tag="LOC_TRAIT_CIVILIZATION_UNIT_AZTEC_EAGLE_WARRIOR_NAME">
			<Text>Aztek eşsiz birimi: Kartal Savaşçı</Text>
		</Row>
		<Row Tag="LOC_PEDIA_CIVILIZATIONS_PAGE_CIVILIZATION_AZTEC_CHAPTER_HISTORY_PARA_1">
			<Text>Hernando Cortes ve onun kabiliyetli birlikleri geldiğinde, Aztek İmparatorluğu milattan sonra 1428 yılları civarında (az ya da çok) hala çocukluk çağındaydı. Excan Tlahtoloyan (Aztek İmparatorluğu) yüz yıl varlığını sürdürmesine rağmen, çok macera dolu bir yüz yıl yaşadı.</Text>
		</Row>
		<Row Tag="LOC_PEDIA_CIVILIZATIONS_PAGE_CIVILIZATION_AZTEC_CHAPTER_HISTORY_PARA_2">
			<Text>Başlangıçta ... Meksika Vadisi ve Zumpango, Xaltocan, Texcoco, Xochimilco ve Chalco sıra gölleri boyunca dağılmış küçük bir altepetl (şehir devletleri) vardı.  Bölge bol miktarda yağış alıyordu ve ılıman bir iklime sahipti, arazisi verimliydi.  Böylece 1250 yıllarında Nahua halkı (Mexihcati olarak da bilinir), Aztlan'tan güneye ("Beyaz Toprak" - adından da anlaşıldığı gibi "Aztekler") buraya göç ederek yerleşmeye çalıştılar.</Text>
		</Row>
		<Row Tag="LOC_PEDIA_CIVILIZATIONS_PAGE_CIVILIZATION_AZTEC_CHAPTER_HISTORY_PARA_3">
			<Text>Ne yazık ki başka kabileler de buradaydı, özellikle Azcapotzalco ve Culhuacan. Yüce Azcapotzalco, 1325'te Aztek'lere Texcoco Gölü'ndeki küçük bir adaya yerleşmelerine izin verdi;  Efsaneye göre, bu alan seçilmişti çünkü rahibin biri incir kaktüsünün içine yuvalanmakta olan bir kartal görmüştü ve bu da bu alanın seçilmiş olduğuna dair bir işaretti. Ancak Tenochtitlan büyümek için mükemmel bir konumdaydı. Bol miktardaki su, balıkçılık ve yapı malzemeleri kaynaklarıyla kolayca savunulabiliyordu. (Ada konumunda olduğu için) Görünüşe göre Aztekler, Azcapotzalcos'a, yalnız kalmak için haraç vermekten memnundular. Şimdilik...</Text>
		</Row>
		<Row Tag="LOC_PEDIA_CIVILIZATIONS_PAGE_CIVILIZATION_AZTEC_CHAPTER_HISTORY_PARA_4">
			<Text>Aztekler, Azcapotzalcos'a bir asır bağlı kaldı. Bu arada yakınlardaki bir şehir devleti huzursuzlaşıyordu. Gölün havzasının güney ucunda yer alan Texcoco'nun şehir devleti Alcohua ticaretle zenginleşti ve Azcapotzalcos'un hakimiyetine karşı geldi.  Devam eden savaşta Tenochtitlan Azcapotzalcos'a sadık kaldı ve Texcoco'nun fethi için hayati bir rol oynadı. Sonuç olarak, Aztekler, sadakatlerinden ötürü yenilen şehri alt şehir yapıp himaye ederek ödüllendirildi.</Text>
		</Row>
		<Row Tag="LOC_PEDIA_CIVILIZATIONS_PAGE_CIVILIZATION_AZTEC_CHAPTER_HISTORY_PARA_5">
			<Text>Olaylar Azcapotzalco 1426'da aniden ölene kadar çok iyi gidiyordu. Çıkan kısa süreli iç savaşta Tenochtitlan'ın Aztekleri, eski kralın tercih ettiği mirasçısı Tayahuah'yı destekledi; - en iyi seçenek değildi elbette.  Kardeşi Maxtla bu savaşı kazandı ve hemen Tayahuah'ı destekleyenleri cezalandırmaya başladı. Bütün bunların ortasında Aztek kralının şüpheli koşullar altında öldü, büyük ihtimalle Maxtla'nın emirleri üzerine. Ancak yeni kral Itzcoatl bu olaylara karşı çıktı ve bunun üzerine Maxtla şehrin etrafını kuşattı, adaya ulaşımı engelledi ve tamamen teslim olmalarını istedi.</Text>
		</Row>
		<Row Tag="LOC_PEDIA_CIVILIZATIONS_PAGE_CIVILIZATION_AZTEC_CHAPTER_HISTORY_PARA_6">
			<Text>Aynı zamanda, Maztla, pek haz etmediği Texcoco'daki Alcohua'ya da savaş açtı. Texcoco hükümdarı Nezahualcoyotl sürgüne kaçtı ve Itzcoatl'a katılmak için yol aradı. Muhalif Azcapotzalco kenti Tlacopan, Itzcoatl'a destek gönderdi. Böylece, ünlü Üçlü İttifak kuruldu: 1427 yılı sonunda Maxtla'yı devirmek için ortak bir amacı olan üç şehir devleti. Üç kral, Azcapotzalco'yu tamamen devirdiğinde "uyum içinde" yaşamayı kabul etti. İlk eylem kaybedenlerin topraklarını ikiye bölmekti; Buradaki aslan payını Tenochtitlan aldı. Üç şehirin ittifaklarını resmileştirmesi memnuniyet vericiydi. Hükümlere göre tüm haraç üçe bölünecekti ve herkes bir savaş durumunda katılmak zorunda kalacaktı. Kralların her biri, müttefik bölgenin bir üyesi olarak sırayla huetlatoani (''Kadim Konuşmacı'') ünvanını alacaklardı.</Text>
		</Row>
		<Row Tag="LOC_PEDIA_CIVILIZATIONS_PAGE_CIVILIZATION_AZTEC_CHAPTER_HISTORY_PARA_7">
			<Text>Önümüzdeki yüzyılda, bir dizi güçlü kadim konuşmacı altında, Aztek İttifakı başta komşularına saldırarak, Atlantik'ten Mesoamerika'nın Pasifik bölgesine kadar ulaştı. Nitekim, bu "imparatorluk" ya toplumsal ya da dini gereklilikler için neredeyse hep bir savaş halindedir. Aztec Weltanschaung'da (dilleri birleştirmek için), ölüm hayatı edebileştirmek için bir aracıydı. Doğal düzende, yaratımı dengede tutmak için hem tanrıların hem de insanın bir şeyleri feda etmesi gerekiyordu. Ve kan - insan, hayvan kanı işe yaramıyormuş gibi görünüyordu - güneşin düşmesini engelliyordu. Vatandaşlar kan akıtmaya istekli olmadığı için, daha fazla tutsağa ihtiyaç vardı. (Dolayısıyla çok fazla savaşa ihtiyaç duymaktaydı) Köle, hizmetçi ve fakirleri kullanmak gayet doğaldı. Kurban edilenlerin sayısı insanı hayrete düşürüyordu. Örneğin Tenochtitlan'da 1487'de, The Templo Mayor (Büyük Piramit) için adak olarak, tarihçiler yaklaşık on bin ila seksen bin kişinin öldüğünü tahmin ediyorlar.</Text>
		</Row>
		<Row Tag="LOC_PEDIA_CIVILIZATIONS_PAGE_CIVILIZATION_AZTEC_CHAPTER_HISTORY_PARA_8">
			<Text>Aztekler, kanlı ayinlerle uğraşmadıkları zamanın dışında, Amerika kıtasında benzeri olmayan bir kültür ve bilim geliştirdiler. Örneğin, çok yönlü Aztek takvimi Avrupa'da veya Asya'da gelişenlere eşitti. Tonalpohualli ("gün sayımı"), her gün 1 ila 18 arasında bir değer alıyor ve 20 günü gösteriyor, her 20 günü 18 ayrı perioda bölüyordu. Böylece bir yıl, 360 isimlendirilmiş gün ve beş isimsiz olandan oluşuyordu; Bu adsız günler lanetli olarak belirlenmişti. (kesinlikle bunlar kötü karmayı uzaklaştırmak için kurban edilenlerdi) Bu takvimin, gökyüzünü yoğun bir şekilde inceledikleri için ortaya çıktığı düşünülüyor, zira onlar bir sanat formu olan astronomiyi geliştirdiler. Aztekler her şeyi, kendi seçkin ideografik sistemlerindeki kabuklu bir kağıt üzerine yazdılar.</Text>
		</Row>
		<Row Tag="LOC_PEDIA_CIVILIZATIONS_PAGE_CIVILIZATION_AZTEC_CHAPTER_HISTORY_PARA_9">
			<Text>Itzcoatl 1440'da vefat ettiğinde yerini yeğeni Montezuma aldı. (birinci yeğeni aldı, daha az hünerli olan ikincisi değil) Montezuma'nın daha büyük üvey kardeşi Tlacaelel, Avrupa başbakanının eşdeğeri Cihuacoatl oldu. İkili daha sonra, Tenochtitlan'ı, Aztek İmparatorluğu'nu resmileştiren ittifakın baskın ortağı haline getirmeye başladı. Montezuma, Huastecs'i, Totonac'ları, Mixtec'leri, Cosamaloapanları, Orizabaları ve Cotaxtlas'ı aşan fetihleri hedef aldı. Tlacaelel, Aztek medeniyetini kendi vizyonuna dönüştürdü.</Text>
		</Row>
		<Row Tag="LOC_PEDIA_CIVILIZATIONS_PAGE_CIVILIZATION_AZTEC_CHAPTER_HISTORY_PARA_10">
			<Text>Montezuma, savaş yürütmekle meşgulken, Tlacaelel, (bazı kaynaklara göre) "tarihsel hataları" kaynak göstererek yüzlerce metnin yakılmasını emretti ve böylece Aztek'in geçmişi ve geleceğini tam anlamıyla yeniden yazmış oldu. Yenilenen Aztek dini, Tlacaelel döneminde Aztekler'in seçilmiş bir halk olduğunu, diğerlerinin üstünde olduğunu söyler. Tlacaelel, "yeni" Aztek teolojisinde, militarizmin ve kurban etme ritüelinin önemini vurguladı.Tenochtitlan'daki Templo Mayor da dahil olmak üzere bir dizi tapınak ve dini yapı inşa etmeyi başardı. Yeni kıymetli tanrı Huitzilopochtli'ye kutsandı. (çok kurban verildi).</Text>
		</Row>
		<Row Tag="LOC_PEDIA_CIVILIZATIONS_PAGE_CIVILIZATION_AZTEC_CHAPTER_HISTORY_PARA_11">
			<Text>Aztekler, otuz yıldır kardeşler tarafından geliştiriliyordu. Montezuma ile İmparatorluk yüz bin kilometrekareye yayılmış ve kendini idame ettiren yaklaşık beş milyonluk bir popülasyona ulaşmıştı.Tlacaelel ile, söz konusu kabileler, talep edilen haraç (tabii ki kurban bağışlarını da içeren) harekete geçtikçe ve askeri kuvvetler talep ettiklerinde, savaş techizatları onlara bıraklıyordu.  Tenochtitlan büyük ticaret ağı merkezi haline gelmişti, Aztek tüccarları müttefiklerle ve düşmanlarla mutlu bir şekilde ticaret yapıyordu. Herhangi bir para birimi kullanılmıyordu, takas sistemi baz alınmıştı. Tlacaelel, herhangi bir hayvanlı ya da tekerli taşıma sistemine sahip olmadığı için her şeyin insanlar tarafından bir yerden başka yere taşınması gerekiyordu. Bu yüzden de tabanvay kullanılmak üzere tasarlanmış geniş bir yol sistemi yapısını kontrol altında tutuyordu. Yollar, Aztek ordusu tarafından sürekli kullanılıyordu ve bu da yolu kadınların bile yalnız başlarıına gezebilecekleri kadar güvende yapıyordu. Ayrıca, erkeklerin din eğitimi ve askeri eğitim gördüğü her mahallede devlet tarafından finanse edilen telpokalli (okullar) vardı.</Text>
		</Row>
		<Row Tag="LOC_PEDIA_CIVILIZATIONS_PAGE_CIVILIZATION_AZTEC_CHAPTER_HISTORY_PARA_12">
			<Text>Montezuma, MS 1468'de vefat ettikten sonra oğlu Axayacatl, 13 yılını babasının fetihlerini devam ettirerek, çeşitli isyanları bastırarak ve Tarascan İmparatorluğunu savunarak geçirdi. Tlacaelel, 1487'de öldü. Axayacatl öldüğünde, yerini yeterli vasfı olmayan Tizoc almıştı. Zaten sadece beş yıl sonra soylular tarafından öldürüldü. Daha sonra 1486'da, tahta daha iyi olduğunu kanıtlayan başka bir kardeşi, Ahuitzotl oturdu. Otzoma eyaletini fethetti ve tehlike hattındaki birkaç sınır boyunca bir dizi kale inşa etmeye başladı. Ahuitzotl, 10 tavşan yılı içinde öldü (hesaplamak için sarmal Aztek takviminden faydalanın). Yerine Yeğeni İkinci Montezuma tahta çıktı.</Text>
		</Row>
		<Row Tag="LOC_PEDIA_CIVILIZATIONS_PAGE_CIVILIZATION_AZTEC_CHAPTER_HISTORY_PARA_13">
			<Text>Yeni Montezuma'nın egemenliği ilk bir şekilde başladı... ve sonra çöküşe geçti.  Ahuitzotl'un bir çok danışmanının yetkisini iptal etti.  Ardından Aztek toplumunda, bir tür yarı asil evre olan quauhpilli sınıfını kaldırarak halkın ailesini ilerletme şansını ortadan kaldırdı. Vasıfsız kitlelerin imparatorluğa, askeri ya da başka herhangi bir şekilde hizmet etmeleri konusunda bir teşvik yapılmadı. En güçlü soylu aileleri öfkelendiren ve halkı yabancılaştıran Montezuma,  tabii ki 1515 Şubat'ta Aztek kapılarına dayanan aç gözlü İspanyolların meydan okumasını karşılamak için iyi hazırlanamadı.</Text>
		</Row>
		<Row Tag="LOC_PEDIA_CIVILIZATIONS_PAGE_CIVILIZATION_AZTEC_CHAPTER_HISTORY_PARA_14">
			<Text>O yılın başlarında, 11 gemi, 630 asker, 13 at ve birkaç küçük toptan oluşan Hernando Cortes komutasındaki bir keşif ordusu, Maya Uygarlığının bir parçası olan Yutacan'a demir attı. Aslında, Cortes'in sefer anlaşması, limandan ayrılmadan önce Küba'nın İspanyol valisi tarafından feshedilmişti. Ancak Cortes, açık bir isyan eylemiyle emirlerini görmezden geldi ve yine de yola çıktı. Birkaç maceradan sonra, İspanyol İstilacıları, Veracruz'a giden yoldaki küçük bir ana yerleşime el koyup, birkaç Aztek yönetici kolu üyesiyle görüştü. Bu iki kişi Cortes ve İkinci Montezuma arasında bir buluşma ayarlama kararı almışlardı.</Text>
		</Row>
		<Row Tag="LOC_PEDIA_CIVILIZATIONS_PAGE_CIVILIZATION_AZTEC_CHAPTER_HISTORY_PARA_15">
			<Text>Ancak Montezuma inatla İspanyol "elçisini" kabul etmeyi reddetti, bu nedenle Cortes Tenochtitlan'a davet edilmedi. En istenmeyen konuklar gibi, İspanyollar çığrından çıktı. Maceraya, yağmalamaya ya da intikam almaya istekli bir dizi yerli savaşçıyla başkente doğru yürüyorlardı - onların grubuna katılan Cortes, büyük Cholula kentine geldi. Oradaki Büyük Piramit meydanında (Dünyadaki hacim olarak en geniş piramit) önceden toplanan yerel aztek soyluluğunun binlerce silahsız üyesini katlettiler. Sonra iyi bir önlem için İspanyollar şehri yaktılar. Bütün bu kan gölünden etkilenmiştim. Bu daha çok sefere katılan parçalanmış Aztek vasallarının bir görüntüsüydü. Cortes Tenochtitlan'a ulaşana kadar onu takip eden bir sürü insan vardı.</Text>
		</Row>
		<Row Tag="LOC_PEDIA_CIVILIZATIONS_PAGE_CIVILIZATION_AZTEC_CHAPTER_HISTORY_PARA_16">
			<Text>Kaderine boyun eğen İkinci Montezuma, İspanyollarla barışçıl bir şekilde konuşmak için onları şehirde ağırladı. Ondan sonra Cortes onu tutsak yaptı. Uzun lafın kısası Aztekler, Montezuma'yı taşlayarak öldürdüler ve İspanyolları da başkentlerinden defettiler.  Fakat Cortes takviye ordularla döndü ve Tenochtitlan'a kuşatma altına aldı. Tüm ateşli silahlar, toplar ve atlar (Azteklerin en çok etkilendikleri) ile şehir sonunda düştü ve yıkıldı ... ve Ağustos 1521'de Aztekler'in son hükümdarı Cuauhtémoc yakalandı.</Text>
		</Row>
		<Row Tag="LOC_PEDIA_CIVILIZATIONS_PAGE_CIVILIZATION_AZTEC_CHAPTER_HISTORY_PARA_17">
			<Text>Kanlı Aztek Derebeyleri artık yoktu ve imparatorluk İspanyol komutası altında şehir devletlerine bölünmüştü.</Text>
		</Row>
		<Row Tag="LOC_PEDIA_LEADERS_PAGE_LEADER_MONTEZUMA_TITLE">
			<Text>Birinci Montezuma</Text>
		</Row>
		<Row Tag="LOC_PEDIA_LEADERS_PAGE_LEADER_MONTEZUMA_SUBTITLE">
			<Text>Tenochtitlan'ın Huetlatoanı, Aztekler'in Beşinci Tlatoanı</Text>
		</Row>
		<Row Tag="LOC_PEDIA_LEADERS_PAGE_LEADER_MONTEZUMA_QUOTE">
			<Text>Güneş doğarken sıcak değildir; Bir süre seyrini tamamladıktan sonra sıcak olur..</Text>
		</Row>
		<Row Tag="LOC_PEDIA_LEADERS_PAGE_LEADER_MONTEZUMA_CHAPTER_HISTORY_PARA_1">
			<Text>Motecuhzoma Ilhuicamina (herhangi bir dilde söylemesi kelime) Aztekler'in beşinci tlatoanıydı ("seçilmiş imparator"). 29 yıllık hükümdarlığı sırasında, yakındaki Tlacopan ve Texcoco'yla olumlu ittifakı sürdürerek, Tenochtitlan kentini bölgedeki egemen güç haline getirdi. Bu üçlü ittifakla beraber Huastecs, Totonacs, Mixtecs, Cosamaloapanlar, Orizabalar ve Cotaxtlas'ları alaşağı ettiler. Üçlü ittifak koşullarına göre Tenochtitlan fethedilen topraklardan %40'lık bir oran aldı; Montezuma hayatının sonuna gelindiğinde, Aztek imparatorluğu Meksika Vadisi'nin ötesine Körfez Sahiline kadar genişlemişti.</Text>
		</Row>
		<Row Tag="LOC_PEDIA_LEADERS_PAGE_LEADER_MONTEZUMA_CHAPTER_HISTORY_PARA_2">
			<Text>Montezuma (isminin anlamı, "hükümdar gibi kaşlarını çatmak") gibi iyi bir anlamdan gelir.  Babası Huitzilihuitl, Tenochtitlan'ın kralıydı ve annesi Miahuaxihuitl Cuauhnahuac hükümdarının kızıydı.  Büyük Birinci Tlacaelel de dahil olmak üzere dört kardeşten biriydi. Babasının 1417'deki ölümünden sonra Montezuma'nın amcası Itzcoatl, tlatoani seçildi; Birinci Tlacaelel, Montezuma Aztek ordusunda general olarak görev yaptığı sırada. Itzcoatl'ın danışmanlarından biri olarak, yani Nahuati ya da "İlk Danışman" olarak seçildi.</Text>
		</Row>
		<Row Tag="LOC_PEDIA_LEADERS_PAGE_LEADER_MONTEZUMA_CHAPTER_HISTORY_PARA_3">
			<Text>Itzcoatl'ın 1440'da ölümünden sonra Montezuma imparator seçildi. Birinci Tlacaelel, es geçilmekten pek de mutsuz değildi. (Belki de tacı takmazsa daha uzun yaşayacağını düşünmüştür) ve bütün gücüyle kardeşine sadakatle hizmet etmiştir.  Diğer işlerin yanında Tlacaelel, dini işlerle de meşguldü.  Aztekler efsanelerini seçilmiş bir halk olarak yeniden canlandırdı, küçük tanrı Huitzilopochtli'yi (savaş ve güneş tanrısı ve yakında Tenochtitlan'ın lideri) yükseltti ve militarizmi inancıyla birleştirdi. Ve evet, insanın tanrıya kurban vermesi sıklığını da arttırdı. Özellikle de sıkıntılı zamanlarda (ki çoğu zaman olduğu gibi).</Text>
		</Row>
		<Row Tag="LOC_PEDIA_LEADERS_PAGE_LEADER_MONTEZUMA_CHAPTER_HISTORY_PARA_4">
			<Text>Bu arada Montezuma, imparator olmasına rağmen nispeten sade bir şekilde yaşıyordu. Codex Mendoza'ya göre İspanyolların Aztek Fetihi'nden sadece 14 yıl sonra "sadece birkaç eş" ile "basit" bir sarayda yaşıyordu. Aslında kayıtlara göre on adet harem vardı; Üçü kardeşi Huehue Zaca'ya tahsis edilmişti. Alımlı ve belli bir statüye sahip ilk karısı Chichimecacihuatzin, kuzeni ve üç çocuğu olan iki prens de dahil olmak üzere, onların annesiydi. Her ne kadar bazı şeyler bulanık olsa da, Montezuma'nın yavrularından kimin cesaretli olup olmadığı meçhuldü. Doğurmadığında, dini görev ya da işleriyle uğraşmadığında, arkadaşlarıyla ve danışmanlarıyla uzun konuşmalar yaptığı tahmin ediliyordu.</Text>
		</Row>
		<Row Tag="LOC_PEDIA_LEADERS_PAGE_LEADER_MONTEZUMA_CHAPTER_HISTORY_PARA_5">
			<Text>Bu konuşmaların çoğu, Aztek şehrini ve yeni fethedilen toprakları iyileştirme üzerine yoğunlaşmış gibi görünüyordu.  Bunlardan biri olan, Tenochtitlan'a bol miktarda taze su sağlamak için bir çift su kemeri inşa edilmesi, Aztek İmparatorluğu'nun en Ünlü Mühendislik harikası olarak kabul edilir. Tabii ki nüfusu artan şehir büyüdükçe, aç nüfusunu doyurmak için daha fazla miktarda yiyecek gerekiyordu. Orta Amerika'da doğurgan hayvanlar azaldığından, en ufak bir parçanın bile insan sırtında taşınması gerekiyordu. (kurban edilmeyen birçok kölenin ızdırabı) Montezuma hükümeti, devlet müfettişlerini, yürüme mesafesinde bulunan her ekilebilir arazinin verimli bir şekilde yetiştirilmesini sağlamaları için gönderdi. İmparator taşkınları aza indirgemek adına bataklıklardan daha fazla tarım arazisi geri kazanmak için setler yaptırdı.</Text>
		</Row>
		<Row Tag="LOC_PEDIA_LEADERS_PAGE_LEADER_MONTEZUMA_CHAPTER_HISTORY_PARA_6">
			<Text>Kardeşi Birinci Tlacaelel'in çağrısı üzerine Montezum, gelenekselleşmiş olan Aztek sınıf sistemini ayırmak ve güçlendirmek, özellikle de fuzuli tüketimi sınırlamak için geleneksel yasa maddeleri hazırladı.  Aztek'in yaşam tarzını, neyi giyebileceğini ve nasıl konuşabileceğini belirledi.  Örneğin, Montezuma'nın yeni yasaları uyarınca yoksulların pamuklu kumaş, sandaletler veya dizin altına uzanan herhangi bir kıyafet giymesine izin verilmedi. Suçlular, kölelik veya kurban edilmekle cezalandırıldı.</Text>
		</Row>
		<Row Tag="LOC_PEDIA_LEADERS_PAGE_LEADER_MONTEZUMA_CHAPTER_HISTORY_PARA_7">
			<Text>Montezuma ve dindar ağabeyi, Huitzilopochtli' de dahil olmak üzere kırsal alanlarda da birçok tapınak inşa etmeye karar verdi.  Huitzilopochtli tapınağı, MS 1455 yılında yüzlerce Huaxtec savaş tutsakının kurban edilmesiyle "kutsandı" (Bazı tarihçiler tarafından tutsakların kurban edilmesine duyulan ihtiyaç Aztek dış politikasındaki en önemli konular arasında yer aldı.) Tlacaele, Aztek dini alanlarını yeniden yazmakla meşguldü, kendi tarih ve inanç yorumlarıyla çelişen önceki türlerin imha edilmesini emretti.</Text>
		</Row>
		<Row Tag="LOC_PEDIA_LEADERS_PAGE_LEADER_MONTEZUMA_CHAPTER_HISTORY_PARA_8">
			<Text>Fakat Montezuma'nın büyüyen imparatorluğu öncelikle kısa ve sürekli bir savaş halinde biliniyor. Bazı tarihçilerin çabalarına rağmen periyodik açlığa maruz kalmaya devam eden Tenochtitlan için, sürekli bir besin kaynağı sağlamayı umut ederek yakındaki kabileleri haraç için ele geçirdiğini teorik olarak ortaya koyuyor. Bir diğer daha kötümser teori, imparatorluğun sık sık savaşlar düzenleyerek kanlı devlet dininin değişime uğramış zenginliği feda edecek birisine olan kronik ihtiyaçlarını karşılamasıdır.  Yine de başka bir teori Montezuma'nın çok savaşta olmasıdır, çünkü Aztek'lerin yaptıkları işi fethetti. Tarihin büyük bölümünde olduğu gibi kimse gerçekten de ne olduğunu tam olarak bilmiyor.</Text>
		</Row>
		<Row Tag="LOC_PEDIA_LEADERS_PAGE_LEADER_MONTEZUMA_CHAPTER_HISTORY_PARA_9">
			<Text>MS 1469'da Birinci Montezuma öldü, tarihin bilinmeyen sayfalarına gömüldü. Daha sonra 19 yaşındaki oğlu Axayacatl, talihsiz İkinci Montezuma'nın babası; sadece iki yıl içinde her şeyi Cortes'e kaptırmayı başardı. </Text>
		</Row>
		<Row Tag="LOC_PEDIA_LEADERS_PAGE_LEADER_MONTEZUMA_CHAPTER_CAPSULE_BODY">
			<Text>Montezuma, imparatorluğun ele geçirebilme gücüne sahip olduğu her türlü maddeviyatı toplamak için zorlayan agresif bir yayılmacıdır.</Text>
		</Row>
		<Row Tag="LOC_PEDIA_LEADERS_PAGE_LEADER_MONTEZUMA_CHAPTER_DETAILED_BODY">
			<Text>Aztekler oyun boyunca savaş çığırtkanlığı yapacaklardır ancak gelişen herhangi bir savaş yorgunluğunun üstesinden gelmek için pek çok [ICON_Amenities] miktarına sahip olmalıdırlar. Onların ilk baskısı düşmanlarını Kartal Savaşçılarıyla yenilgiye uğratmak ve bu düşman birimlerinin Aztek iş güçüne dönüşmesine izin vermektir. Bu iş gücü daha sonra, Aztek şehirlerinin hızlı bir şekilde genişlemesi için hizmet ederek, şehir inşasında büyük rol oynayacaklardır. Nihayetinde mümkün olduğunca geniş bir imparatorluk isteyen Aztekler için lüksler [ICON_Amenities] tesislerini daha da artıracak ve daha güçlü bir saldırı desteği sağlayacaktır.</Text>
		</Row>
		<Row Tag="LOC_PEDIA_UNITS_PAGE_UNIT_AZTEC_EAGLE_WARRIOR_CHAPTER_HISTORY_PARA_1">
			<Text>Aztek ordusundaki iki seçkin piyade sınıfından biri (diğeri Jaguar Savaşçıları) olan Kartal Savaşçıları, genç adamların en asilleri ve/ ya da savaşta en çok tutsak alınanlardı. Jaguarlar Savaşçılar gibi, Kartal Savaşçılar da yay, mızrak ve macuahuitl (obsidien parçalı tahta kılıçlar) kullanırlardı; Jaguarların aksine, Kartal Savaşçıları, zırhlarını kartal tüyleri ile süsledi ve gagası açık geniş bir kartal kafasını başlarının üzerine geçirdiler. Malinalco'da bir tepe tapınağı vardı. Burada kurban edilecek yirmiden fazla mahkum vardı ve genç bir savaşçı, kuşkusuz ailesini çok gururlandıran bir Kartal Savaşçı olma hakkına sahipti. İspanyollar topları, tüfeği ve atlarıyla gelene kadar Kartal ve Jaguar savaşçıları Mezoamerikan bölgesinin en zorlu zorbalarıydı.</Text>
		</Row>
		<Row Tag="LOC_DIPLO_REJECT_DECLARE_FRIEND_FROM_HUMAN_LEADER_MONTEZUMA_ANY">
			<Text>Aztecatl'ın arkadaşı değilsin. Bu onur kazanmalısın.</Text>
		</Row>
		<Row Tag="LOC_DIPLO_MODIFIER_TLATOANI_HAS_DESIRED_LUXURY">
			<Text>Montezuma, sizin lükslerinizi, saldırmak için yeterli uygunlukta bir hedef olarak görmüyor</Text>
		</Row>
		<Row Tag="LOC_DIPLO_MODIFIER_TLATOANI_HAS_NO_DESIRED_LUXURY">
			<Text>Montezuma, benzer sahip olduğu lükslerin kontrolünüz altında olduğu için mutlu</Text>
		</Row>
		<Row Tag="LOC_DIPLO_ACCEPT_DECLARE_FRIEND_FROM_HUMAN_LEADER_MONTEZUMA_ANY">
			<Text>Kalbim teklifinizle iyilik doluyor. Haydi dostluğumuzu kutlayalım.</Text>
		</Row>
		<Row Tag="LOC_DIPLO_DECLARE_FRIEND_FROM_AI_LEADER_MONTEZUMA_ANY">
			<Text>Bu dünyanın kötülüklerine karşı dostluğumuza katılın.</Text>
		</Row>
		<Row Tag="LOC_DIPLO_ACCEPT_DECLARE_FRIEND_FROM_AI_LEADER_MONTEZUMA_ANY">
			<Text>Teşekkür ederim.</Text>
		</Row>
		<Row Tag="LOC_DIPLO_REJECT_DECLARE_FRIEND_FROM_AI_LEADER_MONTEZUMA_ANY">
			<Text>Sabırımı sınıyorsun...</Text>
		</Row>
		<Row Tag="LOC_DIPLO_DECLARE_WAR_FROM_HUMAN_LEADER_MONTEZUMA_ANY">
			<Text>Askerleriniz ya bir savaş meydanında ya da bir sunakta ölecekler. Huitzilopochtli için hiçbir şey farketmez.</Text>
		</Row>
		<Row Tag="LOC_DIPLO_DECLARE_WAR_FROM_AI_LEADER_MONTEZUMA_ANY">
			<Text>Şimdi, korkak mı yoksa savaşçı mı olduğunuzu göreceğiz!</Text>
		</Row>
		<Row Tag="LOC_DIPLO_DEFEAT_FROM_AI_LEADER_MONTEZUMA_ANY">
			<Text>Huitzilopochtli zayıflığımızı bağışla... Size hizmet edecek kadar güçlü değildim.</Text>
		</Row>
		<Row Tag="LOC_DIPLO_ACCEPT_DELEGATION_FROM_HUMAN_LEADER_MONTEZUMA_ANY">
			<Text>Heyetinizi şeref konuklarımız olarak ağırlayacağız. Hediyeleriniz hoş bir haraçtır.</Text>
		</Row>
		<Row Tag="LOC_DIPLO_REJECT_DELEGATION_FROM_HUMAN_LEADER_MONTEZUMA_ANY">
			<Text>Bugün değil.</Text>
		</Row>
		<Row Tag="LOC_DIPLO_DELEGATION_FROM_AI_LEADER_MONTEZUMA_ANY">
			<Text>Heyetim tarafından, size hediye olarak Mısır ve çikolata gönderdik. Size bunları teklif ediyoruz.</Text>
		</Row>
		<Row Tag="LOC_DIPLO_DENOUNCE_FROM_HUMAN_LEADER_MONTEZUMA_ANY">
			<Text>Korktukları zaman yüksek sesle konuşanlar. Bizden korkuyorsunuz.</Text>
		</Row>
		<Row Tag="LOC_DIPLO_DENOUNCE_FROM_AI_LEADER_MONTEZUMA_ANY">
			<Text>Sen bu dünyaya için zehirlisin. Sen bir şeytansın! (Seni kınadı).</Text>
		</Row>
		<Row Tag="LOC_DIPLO_FIRST_MEET_LEADER_MONTEZUMA_ANY">
			<Text>Ben Tenochtitlan'ın çatık kaşlı efendisiyim. Tlatoani. Huzuruma kim geliyor? Bir savaşçı mı yoksa bir korkak mı?</Text>
		</Row>
		<Row Tag="LOC_DIPLO_FIRST_MEET_VISIT_RECIPIENT_LEADER_MONTEZUMA_ANY">
			<Text>Tanıştığımıza memnun oldum. Sizi yakınlardaki bir şehrimize davet ediyorum, yeteneklerinizi Ollamaliztli'de test edebilirsiniz.</Text>
		</Row>
		<Row Tag="LOC_DIPLO_FIRST_MEET_NEAR_INITIATOR_POSITIVE_LEADER_MONTEZUMA_ANY">
			<Text>Yerleşti.</Text>
		</Row>
		<Row Tag="LOC_DIPLO_FIRST_MEET_NO_MANS_INFO_EXCHANGE_LEADER_MONTEZUMA_ANY">
			<Text>Tenochtitlan, Huitzilopochtli'ye en yakın olanı; Şimdi bana başkentinizden bahset!</Text>
		</Row>
		<Row Tag="LOC_DIPLO_GREETING_LEADER_MONTEZUMA_ANY">
			<Text>Ne istiyorsun???</Text>
		</Row>
		<Row Tag="LOC_DIPLO_KUDO_EXIT_LEADER_MONTEZUMA_ANY">
			<Text>Ortak birçok noktamız var, neden olmasın. Tlacaelel'in sözlerini uyacaksın.</Text>
		</Row>
		<Row Tag="LOC_DIPLO_KUDO_LEADER_MONTEZUMA_REASON_ANY">
			<Text>(İstediği lüks yok)</Text>
		</Row>
		<Row Tag="LOC_DIPLO_WARNING_EXIT_LEADER_MONTEZUMA_ANY">
			<Text>Daha yaptığım hiç bir şeyi görmedin! Halkının köle olarak alınmasını görmek istiyor musun?</Text>
		</Row>
		<Row Tag="LOC_DIPLO_WARNING_LEADER_MONTEZUMA_REASON_ANY">
			<Text>(İstediği bir lüksün var.)</Text>
		</Row>
		<Row Tag="LOC_DIPLO_MAKE_ALLIANCE_FROM_AI_LEADER_MONTEZUMA_ANY">
			<Text>Bir ittifak kurmak ister misiniz?</Text>
		</Row>
		<Row Tag="LOC_DIPLO_MAKE_PEACE_AI_ACCEPT_DEAL_LEADER_MONTEZUMA_ANY">
			<Text>Tanrılar, bu savaştan büyük memnuniyet duydu. Hadi kutlayalım.</Text>
		</Row>
		<Row Tag="LOC_DIPLO_MAKE_PEACE_AI_REFUSE_DEAL_LEADER_MONTEZUMA_ANY">
			<Text>Kabul etmiyorum.</Text>
		</Row>
		<Row Tag="LOC_DIPLO_MAKE_PEACE_FROM_AI_LEADER_MONTEZUMA_ANY">
			<Text>Hadi evlerimize dönelim ve bir sonraki savaş için gücümüzü toplayalım.</Text>
		</Row>
		<Row Tag="LOC_DIPLO_ACCEPT_OPEN_BORDERS_FROM_HUMAN_LEADER_MONTEZUMA_ANY">
			<Text>Ordunuzdan korkacak bir durumumuz yok. Geçebilirsiniz.</Text>
		</Row>
		<Row Tag="LOC_DIPLO_REJECT_OPEN_BORDERS_FROM_HUMAN_LEADER_MONTEZUMA_ANY">
			<Text>Huitzilopochtli İmparatorluğu'nun topraklarından geçemezsiniz. Size kapalı.</Text>
		</Row>
		<Row Tag="LOC_DIPLO_OPEN_BORDERS_FROM_AI_LEADER_MONTEZUMA_ANY">
			<Text>Huitzilopochtli komutasıyla, Topraklarından geçelim!</Text>
		</Row>
		<Row Tag="LOC_DIPLO_WARNING_TOO_MANY_TROOPS_NEAR_ME_LEADER_MONTEZUMA_ANY">
			<Text>İmparatorluğa sürpriz yapamazsın. Hamlenizi görüyoruz. Onları bir an önce göndermezsen, önce biz saldıracağız.</Text>
		</Row>
		<Row Tag="LOC_PEDIA_BUILDINGS_PAGE_BUILDING_TLACHTLI_CHAPTER_HISTORY_PARA_1">
			<Text>Orta Amerika sakinleri, 2700 yılı aşkın süredir sağlanan alanlarda geleneksel "top oyunlarını" (Nahuatl'daki "Ollamaliztli") oynuyorlardı. Bir raketbal takımı türüne benzeyen kurallarla, bu "spor olayları" güçlü bir ritüel anlam taşıyordu; oyundan sonra kaybedenler genellikle kafaları kesilip tanrılara feda edilirdi. Bu kurban edilen insanları, halen bir çok yerde gösterilir, örneğin El Tajin ve Chichén Itzá'daki maya'da görülebilir. Yer ve zamana bağlı olarak biraz farklı kurallara sahip olan oyun, Kuzey Carolina'ya kadar Nikaragua'ya kadar Mesoamerika'ya yayılmıştı. İki buçuk bin yılda, alanların şekli pek değişmedi: sıkı, taştan inşa edildi, iki kapının "kapılar" ile biten, önce açılıp kapatılan iki yan çeper vardı. Boyalı ve dekore edilmiş bu aşamalar, medeniyetin zirvesini temsil ederdi.</Text>
		</Row>
	</BaseGameText>
</GameData>