﻿<?xml version="1.0" encoding="utf-8"?>
<!-- edited with XMLSPY v2004 rel. 2 U (http://www.xmlspy.com) by Ed Beach (Firaxis Games) -->
<GameData>
	<BaseGameText>
		<Row Tag="LOC_BUILDING_AIRPORT_DESCRIPTION">
			<Text>Bu şehirde eğitilmiş hava birimleri için %50 savaş deneyimi sağlar. Havaalanını Bölgesine +2 hava birimi yerleşebilir. Hava İndirme bilgisinin kilidinin açılmasından sonra Havaalanı bölgesine kara birimlerini ikmal etmek için hava limanı kurlmasını sağlar.</Text>
		</Row>
		<Row Tag="LOC_BUILDING_ARMORY_DESCRIPTION">
			<Text>Bu şehirde eğitilen tüm kara birimleri için %25'lik bir savaş deneyimi sağlar.</Text>
		</Row>
		<Row Tag="LOC_BUILDING_BARRACKS_DESCRIPTION">
			<Text>Bu şehirde eğitilen tüm yakın saldırı ve menzilli birimler için %25'lik bir savaş deneyimi sağlar. [NEWLINE][NEWLINE] Ahır binası kurulmadan Ordugah Bölgesini kuramazsınız.</Text>
		</Row>
		<Row Tag="LOC_BUILDING_CASTLE_DESCRIPTION">
			<Text>Dış savunma gücünü artırır. Provides 2 [ICON_TOURISM] Tourism after advancing to the Conservation Civic.</Text>
		</Row>
		<Row Tag="LOC_BUILDING_ELECTRONICS_FACTORY_DESCRIPTION">
			<Text>Japonya'ya özgü bir bina. 6 petek içindeki tüm şehirler için, +4 [ICON_Production] Üretim. Bu bina, Elektrik teknolojisi araştırıldıktan sonra şehrin merkezine ek olarak +4 [ICON_Culture] Kültür sağlar.</Text>
		</Row>
		<Row Tag="LOC_BUILDING_FACTORY_DESCRIPTION">
			<Text>Bonus 6 petek içindeki her şehir merkezini etkiler.</Text>
		</Row>
		<Row Tag="LOC_BUILDING_FILM_STUDIO_DESCRIPTION">
			<Text>Amerika'ya özgü bir bina. Modern Çağda diğer medeniyetlere yönelik [ICON_Tourism] Turizm baskısını +%100 artırır.</Text>
		</Row>
		<Row Tag="LOC_BUILDING_HANGAR_DESCRIPTION">
			<Text>Bu şehirde eğitilmiş hava birimleri için %25'lik bir savaş deneyimi sağlar. Havaalanı bölgesinde, +2 hava birimi slotu sağlar.</Text>
		</Row>
		<Row Tag="LOC_BUILDING_LIGHTHOUSE_DESCRIPTION">
			<Text>Bu şehirde eğitilmiş deniz birimleri için %25'lik bir savaş deneyimi sağlar.  Bu şehirdeki tüm Sahil peteklerine +1 [ICON_FOOD] Gıda.</Text>
		</Row>
		<Row Tag="LOC_BUILDING_MADRASA_DESCRIPTION">
			<Text>Arabistan'a özgü bir bina. Kampüs bölgesi bitişiklik bonusuna eşit [ICON_Faith] İnanç bonusu sağlar.</Text>
		</Row>
		<Row Tag="LOC_BUILDING_MILITARY_ACADEMY_DESCRIPTION">
			<Text>Bu şehirde eğitilen tüm kara birimleri için %25'lik bir savaş deneyimi sağlar. Daha hızlı Kolordu ve Ordu eğitimi sağlar.</Text>
		</Row>
		<Row Tag="LOC_BUILDING_MOSQUE_DESCRIPTION">
			<Text>Burada oluşturulan Misyoner ve Havariler dini +1 yaymaya sahiptir.</Text>
		</Row>
    <Row Tag="LOC_BUILDING_DAR_E_MEHR_DESCRIPTION">
      <Text>+1 ilave[ICON_FAITH] Yapıldığından veya son onarılmasından bu yana her çağ için inanç.</Text>
    </Row>
		<Row Tag="LOC_BUILDING_MUSEUM_ART_DESCRIPTION">
			<Text>[ICON_GreatWork_Landscape] Sanatsal Başyapıt'lar barındırır. Arkeoloji Müzesi'ne sahip olan bir Tiyatro Meydanı bölgesinde inşa edilmeyebilir.</Text>
		</Row>
		<Row Tag="LOC_BUILDING_MUSEUM_ARTIFACT_DESCRIPTION">
			<Text>[ICON_GreatWork_Artifact] Kalıntı barındırır. Sanat Müzesi'ne sahip olan bir Tiyatro Meydanı bölgesinde inşa edilmeyebilir.</Text>
		</Row>
		<Row Tag="LOC_BUILDING_POWER_PLANT_DESCRIPTION">
			<Text>Bonus 6 petek içindeki her şehir merkezini etkiler.</Text>
		</Row>
		<Row Tag="LOC_BUILDING_SEAPORT_DESCRIPTION">
			<Text>Daha hızlı Filo ve Donanma eğitimi. Bu şehirde eğitilen tüm deniz birimleri için +%25 savaş deneyimi sağlar. Bu şehirdeki tüm Sahil peteklerine +2 [ICON_GOLD] Altın.</Text>
		</Row>
		<Row Tag="LOC_BUILDING_SHRINE_DESCRIPTION">
			<Text>Misyonerleri satın almanızı sağlar. Misyonerler sadece [ICON_Faith] İnanç ile satın alınabilir.</Text>
		</Row>
		<Row Tag="LOC_BUILDING_STABLE_DESCRIPTION">
			<Text>Bu şehirde eğitilen tüm süvari sınıfı birimleri için, +%25 savaş deneyimi sağlar. Kışla inşa edilmiş Ordugah Bölgesinde inşa edilmeyebilir.</Text>
		</Row>
		<Row Tag="LOC_BUILDING_SHIPYARD_DESCRIPTION">
			<Text>Bu şehirde eğitilen tüm deniz birimleri için +%25 savaş deneyimi sağlar. Liman bölgesi bitişiklik bonusuna eşit [ICON_Production] Üretim bonusu sağlar.</Text>
		</Row>
		<Row Tag="LOC_BUILDING_STADIUM_DESCRIPTION">
			<Text>Bonus 6 petek içindeki her şehir merkezini etkiler.</Text>
		</Row>
		<Row Tag="LOC_BUILDING_STAR_FORT_DESCRIPTION">
			<Text>Dış savunma gücünü mümkün olan en üst seviyeye çıkarır. Provides 3 [ICON_TOURISM] Tourism after advancing to the Conservation Civic.</Text>
		</Row>
		<Row Tag="LOC_BUILDING_STAVE_CHURCH_DESCRIPTION">
			<Text>Norveç'e özgü bir bina. Havari ve Engizisyon Mahkemesi Üyelerini, [ICON_Faith] İnanç ile satın almak için gereklidir. Kutsal Site Bölgeleri, Ormanlardan ek standart bitişiklik bonusu alır.  +1 [ICON_PRODUCTION] Production to each coastal resource tile in this city.</Text>
		</Row>
		<Row Tag="LOC_BUILDING_TEMPLE_DESCRIPTION">
			<Text>Allows the purchasing of Apostles, Gurus, Inquisitors, and with the proper belief, Warrior Monks. These units can only be purchased with [ICON_Faith] Faith.</Text>
		</Row>
		<Row Tag="LOC_BUILDING_WALLS_DESCRIPTION">
			<Text>Şehir Merkezi ve Ordugah bölgesi etrafını Surlarla örer. Surlar,  Şehir Merkezi ve Ordugah bölgesiden [ICON_Ranged] Menzilli saldırıya izin verir ve şehir saldırıya uğramadan önce yok edilmesi gerekir. Provides 1 [ICON_TOURISM] Tourism after advancing to the Conservation Civic.</Text>
		</Row>
		<Row Tag="LOC_BUILDING_WATER_MILL_DESCRIPTION">
			<Text>Her bir [ICON_RESOURCE_RICE] Prinç ve [ICON_RESOURCE_WHEAT] Buğday kaynağı, +1 [ICON_Food] Gıda sağlar. Şehir bir nehir bitişiğinde olmalıdır.</Text>
		</Row>
		<Row Tag="LOC_BUILDING_ZOO_DESCRIPTION">
			<Text>Bonus 6 petek içindeki her şehir merkezini etkiler.</Text>
		</Row>
		<!-- Wonders -->
		<Row Tag="LOC_BUILDING_ALHAMBRA_DESCRIPTION">
			<Text>+1 Askeri politika slotu sağlar[NEWLINE][NEWLINE] Kale geliştirmesine benzer savunma bonusu sağlar. Bir Ordugah Bölgesine bitişik tepe üzerine inşa edilebilir.</Text>
		</Row>
		<Row Tag="LOC_BUILDING_BIG_BEN_DESCRIPTION">
			<Text>+1 Ekonomik politika slotu sağlar[NEWLINE][NEWLINE] Mevcut hazineyi iki katına çıkarır. Üzerinde Banka kurulu bir Ticaret Merkezi bölgesine bitişik bir nehrin yanında inşa edilmelidir.</Text>
		</Row>
		<Row Tag="LOC_BUILDING_BOLSHOI_THEATRE_DESCRIPTION">
			<Text>Tamamlandığında, rastgele seçilen 2 İlke'yi ödül olarak verir. Tiyatro Meydanı Bölgesine bitişik, düz bir arazide inşa edilmelidir.</Text>
		</Row>
		<Row Tag="LOC_BUILDING_BROADWAY_DESCRIPTION">
			<Text>Bu şehirde +%20 [ICON_Culture] kültür. Rastgele bedava 1 Atom çağı İlke'si için yardım. Tiyatro Meydanı Bölgesine bitişik, düz bir arazide inşa edilmelidir.</Text>
		</Row>
		<Row Tag="LOC_BUILDING_CHICHEN_ITZA_DESCRIPTION">
			<Text>Bu şehir için, tüm Yağmur ormanı peteklerine +2 [ICON_Culture] Kültür sağlar. Bu şehir için, tüm Yağmur ormanı peteklerine +1 [ICON_Production] Üretim sağlar. Yağmur ormanı üzerine inşa edilmelidir.</Text>
		</Row>
		<Row Tag="LOC_BUILDING_COLOSSEUM_DESCRIPTION">
			<Text>Kolezyum'un [ICON_Culture] Kültür'ü ve [ICON_Amenities] İmkan'ı, 6 petek içindeki her şehir merkezini etkiler. Bir Eğlence Kompleksi Bölgesine bitişik, düz bir arazide inşa edilmelidir.</Text>
		</Row>
		<Row Tag="LOC_BUILDING_COLOSSUS_DESCRIPTION">
			<Text>[ICON_TradeRoute] Ticaret Yolu kapasitesini +1 arttırır. Bir Kervan birimi verir. Liman Bölgesine bitişik bir Sahil arazisi üzerine inşa edilmelidir.</Text>
		</Row>
		<Row Tag="LOC_BUILDING_CRISTO_REDENTOR_DESCRIPTION">
			<Text>[ICON_GreatWork_Relic] Kutsal Emanetlerden gelen [ICON_Tourism] Turizm çıktısı, Aydınlanma İlkesini araştıran diğer uygarlıklar tarafından azaltılamaz. Medeniyetiniz içindeki Tatil Köylerinin [ICON_Tourism] Turizm çıktısı iki kat artar. Tepelere inşa edilmelidir.</Text>
		</Row>
		<Row Tag="LOC_BUILDING_EIFFEL_TOWER_DESCRIPTION">
			<Text>Medeniyetinizdeki tüm peteklere +2 Cazibe kazandırır. Şehir merkezine bitişik düz bir arazide inşa edilmelidir.</Text>
		</Row>
		<Row Tag="LOC_BUILDING_ESTADIO_DO_MARACANA_DESCRIPTION">
			<Text>Uygarlığınızın her şehrine +2 [ICON_Amenities] İmkan sağlar. Stadyum'a sahip bir Eğlence Kompleksi bölgesine bitişik olan düz bir arazide inşa edilmelidir.</Text>
		</Row>
		<Row Tag="LOC_BUILDING_FORBIDDEN_CITY_DESCRIPTION">
			<Text>+1 Joker politika slotu sağlar[NEWLINE][NEWLINE]Şehir merkezine bitişik, düz bir arazide inşa edilmelidir.</Text>
		</Row>
		<Row Tag="LOC_BUILDING_GREAT_LIBRARY_DESCRIPTION">
			<Text>Tüm Antik ve Klasik çağ teknolojilerinin tamamlanmasına yardım eder. Kütüphane'ye sahip bir Kampüs bölgesine bitişik olan düz bir arazide inşa edilmelidir.</Text>
		</Row>
		<Row Tag="LOC_BUILDING_GREAT_LIGHTHOUSE_DESCRIPTION">
			<Text>Tüm deniz birimlerine +1 [ICON_Movement] Hareket sağlar[NEWLINE][NEWLINE]Deniz Feneri'ne sahip bir Liman Bölgesi bitişiğindeki Sahil arazisi üzerine inşa edilmelidir.</Text>
		</Row>
		<Row Tag="LOC_BUILDING_GREAT_ZIMBABWE_DESCRIPTION">
			<Text>[ICON_TradeRoute] Ticaret Yolu kapasitesini +1 arttırır[NEWLINE][NEWLINE] Bu şehirdeki [ICON_TradeRoute] Ticaret Yollarınız, bu şehrin topraklarındaki within 3 tiles of the city her Bonus kaynağı için +2 [ICON_Gold] Altın sağlar. Bir Pazar'a sahip Ticaret Bölgesi ile [ICON_RESOURCE_CATTLE] Sığır kaynağına bitişik olarak inşa edilmelidir.</Text>
		</Row>
		<Row Tag="LOC_BUILDING_HAGIA_SOPHIA_DESCRIPTION">
			<Text>Misyonerler ve Havariler Dini ekstra 1 kere daha yayabilir. Bir Kutsal Site Bölgesine bitişik düz bir arazide inşa edilmeli ve ayrıca bir Din kurmuş olmalısınız.</Text>
		</Row>
		<Row Tag="LOC_BUILDING_HANGING_GARDENS_DESCRIPTION">
			<Text>Tüm şehirlerdeki büyümeyi %15 arttırır. Bir nehrin yanında inşa edilmelidir.</Text>
		</Row>
		<Row Tag="LOC_BUILDING_HERMITAGE_DESCRIPTION">
			<Text>Bir nehir boyunca inşa edilmelidir.</Text>
		</Row>
		<Row Tag="LOC_BUILDING_MAHABODHI_TEMPLE_DESCRIPTION">
			<Text>2 Havari sağlar. Tapınak'a sahip bir Kutsal Site Bölgesine bitişik Orman üzerinde inşa edilmeli ve ayrıca bir Din kurmuş olmalısınız.</Text>
		</Row>
		<Row Tag="LOC_BUILDING_MONT_ST_MICHEL_DESCRIPTION">
			<Text>Oluşturduğunuz tüm Havariler, normalde seçtiğiniz yeteneğe ek olarak Şehit yeteneği kazanırlar. Taşkın Ovaları veya Bataklık üzerine inşa edilmelidir.</Text>
		</Row>
		<Row Tag="LOC_BUILDING_ORACLE_DESCRIPTION">
			<Text>Harika İnsanların himaye maliyeti %25 daha az [ICON_Faith] İnanç ile olur. Bu şehrin bölgeleri türüne göre +2 [ICON_GreatPerson] Büyük Kişi puanı sağlar (örneğin, [ICON_GreatWriter] Tiyatro Meydanı'ndan Ünlü Yazar puanı). Tepede inşa edilmeli.</Text>
		</Row>
		<Row Tag="LOC_BUILDING_OXFORD_UNIVERSITY_DESCRIPTION">
			<Text>Tamamlandığında, bu şehirde +%20 [ICON_Science] Bilim ve rastgele seçilen 2 bedava Teknoloji kazanırsınız. Üniversite'ye sahip bir Kampüs bölgesine bitişik Otlak veya Ova üzerine inşa edilmelidir.</Text>
		</Row>
		<Row Tag="LOC_BUILDING_POTALA_PALACE_DESCRIPTION">
			<Text>+1 Diplomatik politika slotu sağlar[NEWLINE][NEWLINE] Bir Dağ'a bitişik Tepede inşa edilmelidir.</Text>
		</Row>
		<Row Tag="LOC_BUILDING_PETRA_DESCRIPTION">
			<Text>Bu şehir için tüm Çöl peteklerine, +2 [ICON_Food] Gıda, +2 [ICON_Gold] Altın ve +1 [ICON_Production] Üretim sağlar. (Taşkın Ovaları hariç). Tepe olmayan Çöl veya Taşkın Ovaları üzerine inşa edilmelidir.</Text>
		</Row>
		<Row Tag="LOC_BUILDING_PYRAMIDS_DESCRIPTION">
			<Text>Ücretsiz bir İnşaatçı sağlar. Tüm İnşaatçılara ekstra 1 geliştirme inşa edebilir. Tepe olmayan Çöl'de (Taşkın Ovaları dahil) inşa edilmelidir.</Text>
		</Row>
		<Row Tag="LOC_BUILDING_RUHR_VALLEY_DESCRIPTION">
			<Text>Bu şehirde +%20 [ICON_Production] Üretim ve her Maden Ocağı ve Taş Ocağı için +1 [ICON_Production] Üretim sağlar. Fabrika'ya sahip Endüstriyel Alan Bölgesine bitişik bir nehir boyunca inşa edilmelidir.</Text>
		</Row>
		<Row Tag="LOC_BUILDING_STONEHENGE_DESCRIPTION">
			<Text>Ücretsiz bir [ICON_GreatProphet] Büyük Peygamber sağlar. [ICON_GreatProphet] Büyük Peygamber, Kutsal Site yerine Asılı Taşlar'da Din Bulabilir. [ICON_RESOURCE_STONE] Taş kaynağına bitişik ve düz bir arazide olmalı.</Text>
		</Row>
		<Row Tag="LOC_BUILDING_SYDNEY_OPERA_HOUSE_DESCRIPTION">
			<Text>Liman Bölgesine bitişik bir Sahil arazisi üzerine inşa edilmelidir.</Text>
		</Row>
		<Row Tag="LOC_BUILDING_TERRACOTTA_ARMY_DESCRIPTION">
			<Text>Tüm mevcut birimler için bir terfi promosyonu sağlar. Tüm arkeoloğlar, Sınırlar açık olmasa bile yabancı topraklara girebilirler. Üzerinde bir Kışla ya da Ahır inşa edilmiş Ordugah Bölgesi'ne bitişik Otlak ya da Ova üzerine inşa edilmelidir.</Text>
		</Row>
		<Row Tag="LOC_BUILDING_VENETIAN_ARSENAL_DESCRIPTION">
			<Text>Bir deniz birimi eğitildiğinde, size ikinci bir deniz birimi verir. Bir Endüstri Alan bölgesi'ne bitişik Sahil peteği üzerine inşa edilmelidir.</Text>
		</Row>
		<!--Theming Bonuses-->
		<Row Tag="LOC_BUILDING_THEMINGBONUS_ART">
			<Text>Farklı sanatçılara ait aynı türdeki nesneleri görüntülerken, iki kat Fikir bonusu sağlar.</Text>
		</Row>
		<Row Tag="LOC_BUILDING_THEMINGBONUS_ARCHAEOLOGY">
			<Text>Farklı uygarlıklara ait aynı türdeki [ICON_GreatWork_Artifact] Kalıntıları görüntülerken, iki kat Fikir bonusu sağlar.</Text>
		</Row>
		<Row Tag="LOC_BUILDING_THEMINGBONUS_FULL_MUSEUM">
			<Text>Müze dolu olduğunda, iki kat Fikir bonusu sağlar.</Text>
		</Row>
	</BaseGameText>
</GameData>
