<?xml version="1.0" encoding="utf-8"?>
<!-- edited with XMLSPY v2004 rel. 2 U (http://www.xmlspy.com) by Ed Beach (Firaxis Games) -->
<GameData>
	<BaseGameText>
		<!-- Civics-->
		<Row Tag="LOC_CIVIC_FOREIGN_TRADE_DESCRIPTION">
			<Text>[ICON_TradeRoute] Ticaret Yolları oluşturulmasına izin verir.</Text>
		</Row>
		<Row Tag="LOC_CIVIC_MILITARY_TRADITION_DESCRIPTION">
			<Text>Tüm Saldırı birimlerine savaş destek bonusu ve Kanatlardan Saldirma Bonusu.</Text>
		</Row>
		<Row Tag="LOC_CIVIC_EARLY_EMPIRE_DESCRIPTION">
			<Text>Sınırları güçlendirme ve diğer uygarlıklara sınırları açma yeteneklerini açar.</Text>
		</Row>
		<Row Tag="LOC_CIVIC_MYSTICISM_DESCRIPTION">
			<Text>Hediye 1 [ICON_Envoy] Elçi.</Text>
		</Row>
		<Row Tag="LOC_CIVIC_MILITARY_TRAINING_DESCRIPTION">
			<Text>Hediye 1 [ICON_Envoy] Elçi.</Text>
		</Row>
		<Row Tag="LOC_CIVIC_THEOLOGY_DESCRIPTION">
			<Text>Hediye 1 [ICON_Envoy] Elçi.</Text>
		</Row>
		<Row Tag="LOC_CIVIC_NAVAL_TRADITION_DESCRIPTION">
			<Text>Hediye 1 [ICON_Envoy] Elçi.</Text>
		</Row>
		<Row Tag="LOC_CIVIC_FEUDALISM_DESCRIPTION">
			<Text>Bitişik 3 Çiftlik geliştirildiğinde, artık her bitişik Çiftlik için +1 [ICON_Food] Gıda.</Text>
		</Row>
		<Row Tag="LOC_CIVIC_CIVIL_SERVICE_DESCRIPTION">
			<Text>İttifaklara izin verilir.</Text>
		</Row>
		<Row Tag="LOC_CIVIC_MERCENARIES_DESCRIPTION">
			<Text>Hediye 1 [ICON_Envoy] Elçi.</Text>
		</Row>
		<Row Tag="LOC_CIVIC_EXPLORATION_DESCRIPTION">
			<Text>Otlak geliştirmelerinden +1 [ICON_Food] Gıda.</Text>
		</Row>
		<Row Tag="LOC_CIVIC_DIPLOMATIC_SERVICE_DESCRIPTION">
			<Text>Casus oluşturma olanağı sunar.</Text>
		</Row>
		<Row Tag="LOC_CIVIC_MERCANTILISM_DESCRIPTION">
			<Text>Kamp geliştirmelerinden +1 [ICON_Production] Üretim ve +1 [ICON_Food] Gıda. </Text>
		</Row>
		<Row Tag="LOC_CIVIC_THE_ENLIGHTENMENT_DESCRIPTION">
			<Text>Dinlerin uygarlıklarınız karşısında ki [ICON_Tourism] Turizm etkileri yarıya iner.</Text>
		</Row>
		<Row Tag="LOC_CIVIC_COLONIALISM_DESCRIPTION">
			<Text>Hediye 2 [ICON_Envoy] Elçi.</Text>
		</Row>
		<Row Tag="LOC_CIVIC_CIVIL_ENGINEERING_DESCRIPTION">
			<Text>Tepelerdeki Ovalar ve Otlak arazilere, Çiftlik oluşturulmasına izin verilir.</Text>
		</Row>
		<Row Tag="LOC_CIVIC_NATIONALISM_DESCRIPTION">
			<Text>Ek bir Casusluk kurma hakkı verir. İki aynı birim kullanılarak bir Kolordu veya Filo oluşturulmasına izin verir. Savaşları haklı olarak çıkarmak için kullanılabilecek yeni bir Casus Belli verilir: Sömürge Savaşı.</Text>
		</Row>
		<Row Tag="LOC_CIVIC_OPERA_BALLET_DESCRIPTION">
			<Text>Hediye 2 [ICON_Envoy] Elçi.</Text>
		</Row>
		<Row Tag="LOC_CIVIC_NATURAL_HISTORY_DESCRIPTION">
			<Text>[ICON_RESOURCE_ANTIQUITY_SITE] Antik Siteler ortaya çıkar. Arkeologların inşasına olanak sağlar. Hediye 2 [ICON_Envoy] Elçi.</Text>
		</Row>
		<Row Tag="LOC_CIVIC_SCORCHED_EARTH_DESCRIPTION">
			<Text>Hediye 2 [ICON_Envoy] Elçi.</Text>
		</Row>
		<Row Tag="LOC_CIVIC_CONSERVATION_DESCRIPTION">
			<Text>Hediye 3 [ICON_Envoy] Elçi. Ulusal Parkların inşasına ve [ICON_Faith] İnanç ile Naturalist'in satın alınmasına izin verir. İnşaatçıların ormanlarda çalışmasına izin verir (ikinci geliştirme). Topraklarınızdaki hiç kaldırılmamış ormanlara (eski geliştirme) +1 Cazibe. Receive [ICON_TOURISM] Tourism from Walls.</Text>
		</Row>
		<Row Tag="LOC_CIVIC_MOBILIZATION_DESCRIPTION">
			<Text>Savunma Paktı oluşturmaya izin verir. Üç aynı birim ile Bir Ordu ya da Donanma oluşturulmasına izin verir. avaşları haklı olarak çıkarmak için kullanılabilecek yeni bir Casus Belli verilir: Bölgesel Genişleme Savaşı.</Text>
		</Row>
		<Row Tag="LOC_CIVIC_IDEOLOGY_DESCRIPTION">
			<Text>Ek bir Casusluk oluşturulmasını sağlar.</Text>
		</Row>
		<Row Tag="LOC_CIVIC_COLD_WAR_DESCRIPTION">
			<Text>Ek bir Casusluk oluşturulmasını sağlar.</Text>
		</Row>
		<Row Tag="LOC_CIVIC_CULTURAL_HERITAGE_DESCRIPTION">
			<Text>[ICON_RESOURCE_SHIPWRECK] Gemi Enkazlarını açığa çıkarır ve Arkeologların onlardan [ICON_GreatWork_Artifact] Eserler çıkarmasına izin verir. Hediye 3 [ICON_Envoy] Elçi. </Text>
		</Row>
		<Row Tag="LOC_CIVIC_RAPID_DEPLOYMENT_DESCRIPTION">
			<Text>Havaalanları ile havaalanı bölgeleri arasında kara birimlerini nakletmenizi sağlar.</Text>
		</Row>
		<Row Tag="LOC_CIVIC_GLOBALIZATION_DESCRIPTION">
			<Text>Tarlalardan +2 [ICON_Gold] Altın.</Text>
		</Row>
		<Row Tag="LOC_CIVIC_FUTURE_CIVIC_DESCRIPTION">
			<Text>Birkaç kez tamamlanabilir, bu da skor zaferini elde etmek için elde edilen skoru artıracaktır.</Text>
		</Row>
		<Row Tag="LOC_CIVIC_ENVOY_AWARDED_TOOLTIP">
			<Text>{1_NumOfEnvoys} [ICON_Envoy] {1_NumOfEnvoys : plural 1?Envoy; other?Envoys;} Ödülü</Text>
		</Row>
		<!-- Civic Boosts-->
		<Row Tag="LOC_BOOST_TRIGGER_CRAFTSMANSHIP">
			<Text>3 Petek geliştirin.</Text>
		</Row>
		<Row Tag="LOC_BOOST_TRIGGER_FOREIGN_TRADE">
			<Text>İkinci bir kıtayı keşfedin.</Text>
		</Row>
		<Row Tag="LOC_BOOST_TRIGGER_MILITARY_TRADITION">
			<Text>Bir Barbar Kampını Kaldırın.</Text>
		</Row>
		<Row Tag="LOC_BOOST_TRIGGER_STATE_WORKFORCE">
			<Text>Herhangi bir Bölge kurun.</Text>
		</Row>
		<Row Tag="LOC_BOOST_TRIGGER_EARLY_EMPIRE">
			<Text>Medeniyetinizi en az 6 nüfusa yükseltin.</Text>
		</Row>
		<Row Tag="LOC_BOOST_TRIGGER_MYSTICISM">
			<Text>Bir Panteon bulun.</Text>
		</Row>
		<Row Tag="LOC_BOOST_TRIGGER_GAMES_RECREATION">
			<Text>İnşaat teknolojisini araştırın.</Text>
		</Row>
		<Row Tag="LOC_BOOST_TRIGGER_POLITICAL_PHILOSOPHY">
			<Text>3 Şehir Devletiyle tanışın.</Text>
		</Row>
		<Row Tag="LOC_BOOST_TRIGGER_DRAMA_POETRY">
			<Text>Bir Harika yaratın.</Text>
		</Row>
		<Row Tag="LOC_BOOST_TRIGGER_MILITARY_TRAINING">
			<Text>Bir Ordugah oluşturun.</Text>
		</Row>
		<Row Tag="LOC_BOOST_TRIGGER_DEFENSIVE_TACTICS">
			<Text>Bir Savaş Bildirgesi'nin hedefi olun.</Text>
		</Row>
		<Row Tag="LOC_BOOST_TRIGGER_RECORDED_HISTORY">
			<Text>2 Kampüs Bölgesi kurun.</Text>
		</Row>
		<Row Tag="LOC_BOOST_TRIGGER_THEOLOGY">
			<Text>Bir Din Bulun.</Text>
		</Row>
		<Row Tag="LOC_BOOST_TRIGGER_NAVAL_TRADITION">
			<Text>Kuadrirem ile bir birim öldürün.</Text>
		</Row>
		<Row Tag="LOC_BOOST_TRIGGER_FEUDALISM">
			<Text>6 Çiftlik inşa edin.</Text>
		</Row>
		<Row Tag="LOC_BOOST_TRIGGER_CIVIL_SERVICE">
			<Text>Bir kentin nüfusunu 10'a yükseltin.</Text>
		</Row>
		<Row Tag="LOC_BOOST_TRIGGER_MERCENARIES">
			<Text>Ordunuzda 8 askeri kara birimi bulundurun.</Text>
		</Row>
		<Row Tag="LOC_BOOST_TRIGGER_MEDIEVAL_FAIRES">
			<Text>4 Ticaret Yolu inşa edin.</Text>
		</Row>
		<Row Tag="LOC_BOOST_TRIGGER_GUILDS">
			<Text>2 Pazar oluşturun.</Text>
		</Row>
		<Row Tag="LOC_BOOST_TRIGGER_DIVINE_RIGHT">
			<Text>2 Tapınak inşa edin.</Text>
		</Row>
		<Row Tag="LOC_BOOST_TRIGGER_EXPLORATION">
			<Text>2 Karavela oluşturun.</Text>
		</Row>
		<Row Tag="LOC_BOOST_TRIGGER_HUMANISM">
			<Text>Bir Ünlü Sanatçı Kazanın.</Text>
		</Row>
		<Row Tag="LOC_BOOST_TRIGGER_DIPLOMATIC_SERVICE">
			<Text>Başka bir uygarlıkla ittifak kurun.</Text>
		</Row>
		<Row Tag="LOC_BOOST_TRIGGER_REFORMED_CHURCH">
			<Text>Dininizi takip eden 6 şehir sağlayın.</Text>
		</Row>
		<Row Tag="LOC_BOOST_TRIGGER_MERCANTILISM">
			<Text>Ünlü Tüccar Kazanın.</Text>
		</Row>
		<Row Tag="LOC_BOOST_TRIGGER_THE_ENLIGHTENMENT">
			<Text>3 Büyük Kişi Kazanın.</Text>
		</Row>
		<Row Tag="LOC_BOOST_TRIGGER_CIVIL_ENGINEERING">
			<Text>7 farklı uzmanlık bölgesi kurun.</Text>
		</Row>
		<Row Tag="LOC_BOOST_TRIGGER_NATIONALISM">
			<Text>Bir casus belli kullanarak savaş ilan et.</Text>
		</Row>
		<Row Tag="LOC_BOOST_TRIGGER_OPERA_BALLET">
			<Text>Bir Sanat Müzesi inşa edin.</Text>
		</Row>
		<Row Tag="LOC_BOOST_TRIGGER_COLONIALISM">
			<Text>Astronomi teknolojisini araştırın.</Text>
		</Row>
		<Row Tag="LOC_BOOST_TRIGGER_NATURAL_HISTORY">
			<Text>Bir Arkeoloji Müzesi kurun.</Text>
		</Row>
		<Row Tag="LOC_BOOST_TRIGGER_URBANIZATION">
			<Text>Bir kentin nüfusunu 15'e yükseltin.</Text>
		</Row>
		<Row Tag="LOC_BOOST_TRIGGER_SCORCHED_EARTH">
			<Text>Bir Sahra Topu yapın</Text>
		</Row>
		<Row Tag="LOC_BOOST_TRIGGER_CONSERVATION">
			<Text>Nefes kesici cazipliğe sahip bir Banliyö bölgesi sağlar.</Text>
		</Row>
		<Row Tag="LOC_BOOST_TRIGGER_MOBILIZATION">
			<Text>Ordunuzda 3 Kolordu bulundurun.</Text>
		</Row>
		<Row Tag="LOC_BOOST_TRIGGER_MASS_MEDIA">
			<Text>Radyo'yu Araştırın.</Text>
		</Row>
		<Row Tag="LOC_BOOST_TRIGGER_CAPITALISM">
			<Text>3 Borsa oluşturun.</Text>
		</Row>
		<Row Tag="LOC_BOOST_TRIGGER_NUCLEAR_PROGRAM">
			<Text>Bir Araştırma Laboratuarı kurun.</Text>
		</Row>
		<Row Tag="LOC_BOOST_TRIGGER_SUFFRAGE">
			<Text>4 Kanalizasyon inşa edin.</Text>
		</Row>
		<Row Tag="LOC_BOOST_TRIGGER_TOTALITARIANISM">
			<Text>3 Harp Akademisi kurun.</Text>
		</Row>
		<Row Tag="LOC_BOOST_TRIGGER_CLASS_STRUGGLE">
			<Text>3 Fabrika inşa edin.</Text>
		</Row>
		<Row Tag="LOC_BOOST_TRIGGER_COLD_WAR">
			<Text>Nükleer Fisyon teknolojisini araştırın.</Text>
		</Row>
		<Row Tag="LOC_BOOST_TRIGGER_PROFESSIONAL_SPORTS">
			<Text>4 tane Eğlence Kompleksi bölgesi kurun.</Text>
		</Row>
		<Row Tag="LOC_BOOST_TRIGGER_CULTURAL_HERITAGE">
			<Text>Temalı bir Müzeye Sahip Olun.</Text>
		</Row>
		<Row Tag="LOC_BOOST_TRIGGER_RAPID_DEPLOYMENT">
			<Text>Yabancı bir kıtada bir Havaalanı veya İniş Pisti inşa edin.</Text>
		</Row>
		<Row Tag="LOC_BOOST_TRIGGER_SPACE_RACE">
			<Text>Bir Uzay Üssü bölgesi kurun.</Text>
		</Row>
		<Row Tag="LOC_BOOST_TRIGGER_GLOBALIZATION">
			<Text>3 Havaalanı kurun.</Text>
		</Row>
		<Row Tag="LOC_BOOST_TRIGGER_SOCIAL_MEDIA">
			<Text>Telekomünikasyon teknolojisini araştırın.</Text>
		</Row>
		<!-- Civic Boosts Long Descriptions-->
		<Row Tag="LOC_BOOST_TRIGGER_LONGDESC_CRAFTSMANSHIP">
			<Text>Ülkemiz ilk şehirini muhteşem bir şekilde geliştirirken, üretim tekniklerimizi artırabiliriz.</Text>
		</Row>
		<Row Tag="LOC_BOOST_TRIGGER_LONGDESC_FOREIGN_TRADE">
			<Text>Başka bir kıtayı keşfettikten sonra, dünyanın geniş bir ticaret imkanı sağladığını fark ettik.</Text>
		</Row>
		<Row Tag="LOC_BOOST_TRIGGER_LONGDESC_MILITARY_TRADITION">
			<Text>Askerleriniz, Barbar Ordusu üzerindeki zaferinizin uzun bir askeri başarı kuyruğunun başlangıcı olmasını diliyor.</Text>
		</Row>
		<Row Tag="LOC_BOOST_TRIGGER_LONGDESC_STATE_WORKFORCE">
			<Text>İlk Bölgenizi çevrimiçi hale getirmek, devlet projeleri için işçileri askere almanın önemini kanıtladı.</Text>
		</Row>
		<Row Tag="LOC_BOOST_TRIGGER_LONGDESC_EARLY_EMPIRE">
			<Text>Ülkenizde artan vatandaş sayısı, bir dünya İmparatorluğu hayal ediyor.</Text>
		</Row>
		<Row Tag="LOC_BOOST_TRIGGER_LONGDESC_MYSTICISM">
			<Text>Tanrıların panteonunda ibadet etmek, dünyamızdaki manevi güçler hakkında başka sorular getirdi.</Text>
		</Row>
		<Row Tag="LOC_BOOST_TRIGGER_LONGDESC_GAMES_RECREATION">
			<Text>İnşaat konusundaki yeni becerileriniz, kesinlikle oyun alanları ve eğlence mekanları yaratmanıza yardımcı olacaktır.</Text>
		</Row>
		<Row Tag="LOC_BOOST_TRIGGER_LONGDESC_POLITICAL_PHILOSOPHY">
			<Text>Diğer uygarlıklarla olan temasınız, halkınızı yönetme konusundaki düşüncelerinizi belirginleştirdi.</Text>
		</Row>
		<Row Tag="LOC_BOOST_TRIGGER_LONGDESC_DRAMA_POETRY">
			<Text>Bir harikayı tamamlama şansı, halkınıza güç verdi. Şairler, bu büyük olayı anmak için eserler yazıyor.</Text>
		</Row>
		<Row Tag="LOC_BOOST_TRIGGER_LONGDESC_MILITARY_TRAINING">
			<Text>Artık bir Ordugah'ımız var, askeri eğitimi resmileştirebiliriz.</Text>
		</Row>
		<Row Tag="LOC_BOOST_TRIGGER_LONGDESC_DEFENSIVE_TACTICS">
			<Text>Halkınız, her yerde var olan işgal tehdidi sebebiyle, yenilikçi savunmalar geliştirdi.</Text>
		</Row>
		<Row Tag="LOC_BOOST_TRIGGER_LONGDESC_RECORDED_HISTORY">
			<Text>Kampüslerinizin kütüphanelerinde çok sayıda kitap bulundurmak için, insanlar imparatorluğunuzun tarihini yazmaya başladı.</Text>
		</Row>
		<Row Tag="LOC_BOOST_TRIGGER_LONGDESC_THEOLOGY">
			<Text>Büyük peygamberler tarafından bir din kurulması, ilahi doğa üzerine daha derin düşüncelere ilham kaynağı olmuştur.</Text>
		</Row>
		<Row Tag="LOC_BOOST_TRIGGER_LONGDESC_NAVAL_TRADITION">
			<Text>Denizdeki zaferiniz, halkınıza büyük bir deniz kuvveti haline gelmek için her türlü çabayı göstermesine ilham kaynağı oldu.</Text>
		</Row>
		<Row Tag="LOC_BOOST_TRIGGER_LONGDESC_FEUDALISM">
			<Text>İmparatorluğunuzun tarıma elverişli topraklarını işlemek için, bir Lordluk ve vasalla sistemi oluşturuluyor.</Text>
		</Row>
		<Row Tag="LOC_BOOST_TRIGGER_LONGDESC_CIVIL_SERVICE">
			<Text>Yakında geniş kentsel alanınız için bir sürü bürokrat lazım olacak.</Text>
		</Row>
		<Row Tag="LOC_BOOST_TRIGGER_LONGDESC_MERCENARIES">
			<Text>Bu boyuttaki düzenli bir orduyu daha da büyütmek isterseniz, paralı asker kullanma ihtimalini göz önüne almanız gerekir.</Text>
		</Row>
		<Row Tag="LOC_BOOST_TRIGGER_LONGDESC_MEDIEVAL_FAIRES">
			<Text>Ülkenizdeki ticaretin artması, yakında fuarların düzenlenmesine yol açacaktır.</Text>
		</Row>
		<Row Tag="LOC_BOOST_TRIGGER_LONGDESC_GUILDS">
			<Text>Ticaret bölgelerinizin başarısı, ticaret loncalarını canlandırabilir.</Text>
		</Row>
		<Row Tag="LOC_BOOST_TRIGGER_LONGDESC_DIVINE_RIGHT">
			<Text>Dindar insanlarınız, saltanatınızın ilahi bir nimet olduğuna sıkıca inanmaktadır.</Text>
		</Row>
		<Row Tag="LOC_BOOST_TRIGGER_LONGDESC_EXPLORATION">
			<Text>Araştırmalardan edindiğiniz dersler, halkınız tarafından yeni bir Hükümet biçimine yol açtı.</Text>
		</Row>
		<Row Tag="LOC_BOOST_TRIGGER_LONGDESC_HUMANISM">
			<Text>Yeni kazandığınız Ünlü Sanatçı tarafından sağlanan ilham, halkımızın birey gücüne olan inancını uyandırır.</Text>
		</Row>
		<Row Tag="LOC_BOOST_TRIGGER_LONGDESC_DIPLOMATIC_SERVICE">
			<Text>Bir ittifak kurmak için yapılan çalışmalar, ilk diplomat birliğinizi oluşturdu.</Text>
		</Row>
		<Row Tag="LOC_BOOST_TRIGGER_LONGDESC_REFORMED_CHURCH">
			<Text>Dininizin büyümesi bir bölünme tehlikesine neden oldu. Kilisenin yolsuzluğunu düzeltmek için derhal yeniden yapılandırma yapılmalıdır!</Text>
		</Row>
		<Row Tag="LOC_BOOST_TRIGGER_LONGDESC_MERCANTILISM">
			<Text>Yeni Ünlü Tüccarınız, bize ekonomik rekabette avantaj sağlayacak bazı fikirler yaymaktadır.</Text>
		</Row>
		<Row Tag="LOC_BOOST_TRIGGER_LONGDESC_THE_ENLIGHTENMENT">
			<Text>Ünlü karakterlerinizin fikirleri, ülke çapında entelektüel tartışmalara yol açtı.</Text>
		</Row>
		<Row Tag="LOC_BOOST_TRIGGER_LONGDESC_COLONIALISM">
			<Text>Cennet hakkındaki derin bilginiz, filonuzun denizde seyretmesine ve küresel bir imparatorluk kurmasına yardımcı oluyor.</Text>
		</Row>
		<Row Tag="LOC_BOOST_TRIGGER_LONGDESC_CIVIL_ENGINEERING">
			<Text>Farklı bölgelerin inşası, mühendislerinizi inanılmaz derecede iyi şehir plancılarına dönüştürdü.</Text>
		</Row>
		<Row Tag="LOC_BOOST_TRIGGER_LONGDESC_NATIONALISM">
			<Text>Halkınız bu savaşın meşruluğuna inanıyor. Ulusal gururumuzun ifadesi haline geldi.</Text>
		</Row>
		<Row Tag="LOC_BOOST_TRIGGER_LONGDESC_OPERA_BALLET">
			<Text>Yeni bir müzenin açılışı, insanları sanata doğru yönlendiriyor. Belki daha sonra dans ve opera?</Text>
		</Row>
		<Row Tag="LOC_BOOST_TRIGGER_LONGDESC_NATURAL_HISTORY">
			<Text>Artık tüm bulgularınız için bir müze olduğundan, dünyanın doğasını keşfetmeye çalışmalısınız.</Text>
		</Row>
		<Row Tag="LOC_BOOST_TRIGGER_LONGDESC_URBANIZATION">
			<Text>Büyük şehiriniz kalabalıklaşıyor. Bazı banliyöleri planlamaya başlama zamanı.</Text>
		</Row>
		<Row Tag="LOC_BOOST_TRIGGER_LONGDESC_SCORCHED_EARTH">
			<Text>Modern savaşlar gerçekten acımasızdır. Askeri prensipleriniz, bu savaş ilkelerinden bazılarını yansıtmaya başlıyor.</Text>
		</Row>
		<Row Tag="LOC_BOOST_TRIGGER_LONGDESC_CONSERVATION">
			<Text>Nefes kesen yeni mahallemizin sakinleri, dünyanın tüm doğal hazinelerinin korunması için bir plan hazırlamanızı istiyorlar.</Text>
		</Row>
		<Row Tag="LOC_BOOST_TRIGGER_LONGDESC_MASS_MEDIA">
			<Text>Radyo'nun gelişi, iletişimde yeni bir çağın başlangıcını işaret ediyor.</Text>
		</Row>
		<Row Tag="LOC_BOOST_TRIGGER_LONGDESC_MOBILIZATION">
			<Text>Ordunuz çok iyi organize olmuş. Güçlerinizi dünya sahnesine çıkarma zamanı.</Text>
		</Row>
		<Row Tag="LOC_BOOST_TRIGGER_LONGDESC_CAPITALISM">
			<Text>Birkaç şehirde zaten borsalar olduğundan, yatırım sermayesi çoktur ve piyasa ekonomisi gelişebilir.</Text>
		</Row>
		<Row Tag="LOC_BOOST_TRIGGER_LONGDESC_NUCLEAR_PROGRAM">
			<Text>Araştırmaya ayrılmış bir laboratuara sahip olduğumuza göre, nükleer enerji araştırmaları için bilim adamları almaya başlayabiliriz.</Text>
		</Row>
		<Row Tag="LOC_BOOST_TRIGGER_LONGDESC_SUFFRAGE">
			<Text>İmparatorluğunuzdaki kadınlar, uygun sağlık koşulları talep ediyor. Bu mücadeleyi kazandıktan sonra, oy verme hakkına ihtiyaçları olacak var.</Text>
		</Row>
		<Row Tag="LOC_BOOST_TRIGGER_LONGDESC_TOTALITARIANISM">
			<Text>Askeri akademileriniz tarafından aşılanan disiplin, şimdi vatandaşlar için ikinci bir özellik haline geldi.</Text>
		</Row>
		<Row Tag="LOC_BOOST_TRIGGER_LONGDESC_CLASS_STRUGGLE">
			<Text>Fabrika işçileriniz daha iyi çalışma koşulları için sıkıştırıyor. Tüm ülkelerdeki işçilerin birleşme zamanı!</Text>
		</Row>
		<Row Tag="LOC_BOOST_TRIGGER_LONGDESC_COLD_WAR">
			<Text>Nükleer silahların ortaya çıkışı, kesinlikle tüm dünyadaki silahlı çatışmaların seyrini değiştirecektir.</Text>
		</Row>
		<Row Tag="LOC_BOOST_TRIGGER_LONGDESC_PROFESSIONAL_SPORTS">
			<Text>Eğlence Kompleksleri'ne sahip 4 şehriniz, yeni bir profesyonel spor liginde rekabet etmek istiyor.</Text>
		</Row>
		<Row Tag="LOC_BOOST_TRIGGER_LONGDESC_CULTURAL_HERITAGE">
			<Text>Mükemmel korunaklı bir müze, halkınızın kültürel mirasını herkes için görülebilir kılmaktadır.</Text>
		</Row>
		<Row Tag="LOC_BOOST_TRIGGER_LONGDESC_RAPID_DEPLOYMENT">
			<Text>Ordunuz, Dünya genelindeki hava üsleri ile dünyanın herhangi bir yerinde çok az dikkat çekerek müdahale etmeye hazır.</Text>
		</Row>
		<Row Tag="LOC_BOOST_TRIGGER_LONGDESC_SPACE_RACE">
			<Text>Yeni uzay aracınızın açılışı, halkınıza kozmosun derinliklerini fethetmek için ilham kaynağı oldu.</Text>
		</Row>
		<Row Tag="LOC_BOOST_TRIGGER_LONGDESC_GLOBALIZATION">
			<Text>Birçok aktif hava limanı ile dünya gerçekten çok küçük oluyor.</Text>
		</Row>
		<Row Tag="LOC_BOOST_TRIGGER_LONGDESC_SOCIAL_MEDIA">
			<Text>İletişim teknolojisindeki ilerlemeniz, kişilerin ağ ortamında gruplar halinde bir araya gelmelerini sağlayacaktır.</Text>
		</Row>
		<!-- Governments -->
		<Row Tag="LOC_GOVERNMENT_OF">
			<Text>{1_civ} Hükümeti</Text>
		</Row>
		<Row Tag="LOC_CHANGE_GOVERNMENT">
			<Text>Hükümeti değiştir</Text>
		</Row>
		<Row Tag="LOC_MY_GOVERNMENT">
			<Text>Hükümetim</Text>
		</Row>
		<Row Tag="LOC_policIES">
			<Text>Politikalar</Text>
		</Row>
		<Row Tag="LOC_GOVERNMENTS">
			<Text>Hükümetler</Text>
		</Row>
		<Row Tag="LOC_CULTURE_PER_TURN">
			<Text>Tur Başına Kültür: +{1_Culture}</Text>
		</Row>
		<Row Tag="LOC_MILITARY">
			<Text>Askeri</Text>
		</Row>
		<Row Tag="LOC_ECONOMIC">
			<Text>Ekonomik</Text>
		</Row>
		<Row Tag="LOC_DIPLOMATIC">
			<Text>Diplomatik</Text>
		</Row>
		<Row Tag="LOC_WILDCARD">
			<Text>Joker Kart</Text>
		</Row>
		<Row Tag="LOC_EMPTY_POLICY_SLOT">
			<Text>Boş {1_policyType} Politika Slotu</Text>
		</Row>
		<Row Tag="LOC_NO_AVAIL_policIES">
			<Text>Kullanılabilir politika yok</Text>
		</Row>
		<Row Tag="LOC_VIEW_LOCKED_policIES">
			<Text>Kilitli politikaları görüntüle</Text>
		</Row>
		<!-- Government Effects-->
		<Row Tag="LOC_GOVT_INHERENT_BONUS_CHIEFDOM">
			<Text>Bonus yok.</Text>
		</Row>
		<Row Tag="LOC_GOVT_INHERENT_BONUS_AUTOCRACY">
			<Text>Başkent'in tüm verimlerinde +1 Artış.</Text>
		</Row>
		<Row Tag="LOC_GOVT_INHERENT_BONUS_OLIGARCHY">
			<Text>Tüm Kara birimleri +4 [ICON_Strength] Savaş Gücü kazanır.</Text>
		</Row>
		<Row Tag="LOC_GOVT_INHERENT_BONUS_CLASSREP">
			<Text>Bir bölgeye sahip tüm şehirler, [ICON_Amenities] İmkan +1 kazanır.</Text>
		</Row>
		<Row Tag="LOC_GOVT_INHERENT_BONUS_MONARCHY">
			<Text>Orta Çağ Duvarlarına sahip herhangi bir şehirde +1 [ICON_Housing] Konut.</Text>
		</Row>
		<Row Tag="LOC_GOVT_INHERENT_BONUS_THEOCRACY">
			<Text>Kara saldırı birimleri [ICON_Religion] İnanç ile satın alınabilir. Teolojik savaşta, Bütün birimlere +5 [ICON_Religion] Dini Güç.</Text>
		</Row>
		<Row Tag="LOC_GOVT_INHERENT_BONUS_MERCHREP">
			<Text>+2 [ICON_TradeRoute] Ticaret yolu.</Text>
		</Row>
		<Row Tag="LOC_GOVT_INHERENT_BONUS_FASCISM">
			<Text>Tüm saldırı birimleri +4 [ICON_Strength] Savaş gücü kazanır.</Text>
		</Row>
		<Row Tag="LOC_GOVT_INHERENT_BONUS_COMMUNISM">
			<Text>Kara birimleri +4 [ICON_Strength] Savunma Gücü kazanır.</Text>
		</Row>
		<Row Tag="LOC_GOVT_INHERENT_BONUS_DEMOCRACY">
			<Text>Harika İnsanların alımları %50 daha az Altın Tutar.</Text>
		</Row>
		<Row Tag="LOC_GOVT_ACCUMULATED_BONUS_BRIEF_CHIEFDOM">
			<Text>Bonus yok.</Text>
		</Row>
		<Row Tag="LOC_GOVT_ACCUMULATED_BONUS_BRIEF_AUTOCRACY">
			<Text>Harika üretiminde bonus.</Text>
		</Row>
		<Row Tag="LOC_GOVT_ACCUMULATED_BONUS_BRIEF_OLIGARCHY">
			<Text>Savaş birimleri için deneyim.</Text>
		</Row>
		<Row Tag="LOC_GOVT_ACCUMULATED_BONUS_BRIEF_CLASSREP">
			<Text>Büyük Kişi puan bonusu.</Text>
		</Row>
		<Row Tag="LOC_GOVT_ACCUMULATED_BONUS_BRIEF_MONARCHY">
			<Text>Etki Puanı Bonusu</Text>
		</Row>
		<Row Tag="LOC_GOVT_ACCUMULATED_BONUS_BRIEF_THEOCRACY">
			<Text>İnanç ile satın alımlarda İndirim.</Text>
		</Row>
		<Row Tag="LOC_GOVT_ACCUMULATED_BONUS_BRIEF_MERCHREP">
			<Text>Altın ile satın alımlarda İndirim.</Text>
		</Row>
		<Row Tag="LOC_GOVT_ACCUMULATED_BONUS_BRIEF_FASCISM">
			<Text>Birim Üretiminde Bonus.</Text>
		</Row>
		<Row Tag="LOC_GOVT_ACCUMULATED_BONUS_BRIEF_COMMUNISM">
			<Text>Tüm Üretimler için Bonus.</Text>
		</Row>
		<Row Tag="LOC_GOVT_ACCUMULATED_BONUS_BRIEF_DEMOCRACY">
			<Text>Bölge projelerinde verim bonusu.</Text>
		</Row>
		<Row Tag="LOC_GOVT_ACCUMULATED_BONUS_CHIEFDOM">
			<Text>Bonus yok.</Text>
		</Row>
		<Row Tag="LOC_GOVT_ACCUMULATED_BONUS_AUTOCRACY">
			<Text>Harika [ICON_Production] Üretimi için bonus (%10 artış, Standart hızdaki her 20 turda %1).</Text>
		</Row>
		<Row Tag="LOC_GOVT_ACCUMULATED_BONUS_OLIGARCHY">
			<Text>Birimlere Savaş Tecrübesi bonusu (%20 artış, Standart hızdaki her 5 turda %1).</Text>
		</Row>
		<Row Tag="LOC_GOVT_ACCUMULATED_BONUS_CLASSREP">
			<Text>[ICON_GreatPerson] Büyük Kişi puan bonusu (%15 artış, Standart hızdaki her 15 turda %1).</Text>
		</Row>
		<Row Tag="LOC_GOVT_ACCUMULATED_BONUS_MONARCHY">
			<Text>[ICON_Envoy] Elçilerin etki puanına yönelik bonus (%20 artış, Standart hızdaki her 10 turda %1).</Text>
		</Row>
		<Row Tag="LOC_GOVT_ACCUMULATED_BONUS_THEOCRACY">
			<Text>[ICON_Faith] İnanç ile satın alımlarda indirim (%15 artış, Standart hızdaki her 15 turda %1).</Text>
		</Row>
		<Row Tag="LOC_GOVT_ACCUMULATED_BONUS_MERCHREP">
			<Text>[ICON_Gold] Altın ile satın alımlarda indirim (%15 artış, Standart hızdaki her 15 turda %1).</Text>
		</Row>
		<Row Tag="LOC_GOVT_ACCUMULATED_BONUS_FASCISM">
			<Text>Birim [ICON_Production] Üretim'inde bonus  (%20 artış, Standart hızdaki her 10 turda %1).</Text>
		</Row>
		<Row Tag="LOC_GOVT_ACCUMULATED_BONUS_COMMUNISM">
			<Text>Tüm [ICON_Production] Üretimlerde bonus (%10 artış, Standart hızdaki her 20 turda %1).</Text>
		</Row>
		<Row Tag="LOC_GOVT_ACCUMULATED_BONUS_DEMOCRACY">
			<Text>Bölgesel Projelerde verim bonusu (%30 artış, Standart hızdaki her 10 turda %1).</Text>
		</Row>
		<Row Tag="LOC_GOVT_POLICIES_NO_REMAINING_PLACED">
			<Text>Bu Hükümet için artık daha fazla {1_policyName} ayarlanamaz.</Text>
		</Row>
		<Row Tag="LOC_GOVT_POLICIES_NO_TOTAL_PLACED">
			<Text>Bu Hükümet için {1_policyName} seçilemez.</Text>
		</Row>
		<Row Tag="LOC_GOVT_POLICIES_REMAINING_PLACED">
			<Text>{2_policyName} alanına {1_Num: number #} tane daha {1_Num : plural 1?politika; other?politika;} yerleştirilebilir .</Text>
		</Row>
		<Row Tag="LOC_GOVT_POLICIES_TOTAL_PLACED">
			<Text>{2_policyName} alanında {1_Num: number #} {1_Num : plural 1?politika; other?politika;} seçilebilir.</Text>
		</Row>
		<Row Tag="LOC_GOVT_INFLUENCE_POINTS_TOWARDS_ENVOYS">
			<Text>[ICON_Turn] Tur başına {1_InfluencePointRate} Etki {1_InfluencePointRate : plural 1?puanı; other?puanı;} sağlar. {2_InfluencePointThreshold} {2_InfluencePointThreshold : plural 1?puanınından; other?puanından;}, {3_EnvoysPerThreshold} [ICON_Envoy] {3_EnvoysPerThreshold : plural 1?Elçi; other?Elçi;} kazanmayı sağlar.</Text>
		</Row>
		<!-- Policy Descriptions-->
		<Row Tag="LOC_POLICY_PLACEHOLDER_DESC">
			<Text>Belirteç.</Text>
		</Row>
		<Row Tag="LOC_POLICY_AESTHETICS_DESCRIPTION">
			<Text>+%100 Tiyatro Meydanı bölgesine bitişiklik bonusu.</Text>
		</Row>
		<Row Tag="LOC_POLICY_AGOGE_DESCRIPTION">
			<Text>Antik ve Klasik Çağ'da Yakın ve Menzilli saldırı birimlerine yönelik +%50 [ICON_Production] Üretim.</Text>
		</Row>
		<Row Tag="LOC_POLICY_ARSENAL_OF_DEMOCRACY_DESCRIPTION">
			<Text>Sahip olduğun [ICON_TradeRoute] Ticaret Yolları'ndan Müttefik şehirlere gidenlerden, her iki tarafa da +2 [ICON_Food] Gıda ve +2 [ICON_Production] Üretim Sağlar.</Text>
		</Row>
		<Row Tag="LOC_POLICY_BASTIONS_DESCRIPTION">
			<Text>+6 Şehir [ICON_Strength] Savunma Gücü. +5 Şehir [ICON_Ranged] Menzili Gücü.</Text>
		</Row>
		<Row Tag="LOC_POLICY_CARAVANSARIES_DESCRIPTION">
			<Text>Tüm [ICON_TradeRoute] Ticaret Yollarından +2 [ICON_Gold] Altın.</Text>
		</Row>
		<Row Tag="LOC_POLICY_CHARISMATIC_LEADER_DESCRIPTION">
			<Text>Şehir Devletlerini kazanma yolunda, +2 [ICON_Envoy] Elçi etki puanı.</Text>
		</Row>
		<Row Tag="LOC_POLICY_CHIVALRY_DESCRIPTION">
			<Text>Ortaçağ, Rönesans ve Endüstriyel çağda, ağır ve hafif süvari birliklerine yönelik +%50 [ICON_Production] Üretim.</Text>
		</Row>
		<Row Tag="LOC_POLICY_COLLECTIVE_ACTIVISM_DESCRIPTION">
			<Text>İmparatoru olduğun Şehir Devleti başına +%10 [ICON_Culture] Kültür.</Text>
		</Row>
		<Row Tag="LOC_POLICY_COLLECTIVIZATION_DESCRIPTION">
			<Text>Yerel [ICON_TradeRoute] Ticaret Yollarından +4 [ICON_Food] Gıda.</Text>
		</Row>
		<Row Tag="LOC_POLICY_COLONIAL_OFFICES_DESCRIPTION">
			<Text>Orjinal [ICON_Capital] Başkent'inizin bulunduğu kıta dışındaki şehirlerde +%15 daha hızlı büyüme.</Text>
		</Row>
		<Row Tag="LOC_POLICY_COLONIAL_TAXES_DESCRIPTION">
			<Text>Orjinal [ICON_Capital] Başkent'inizin bulunduğu kıta dışındaki şehirlerden +%25 [ICON_Gold] Altın.</Text>
		</Row>
		<Row Tag="LOC_POLICY_COLONIZATION_DESCRIPTION">
			<Text>+%50 Göçmen'lere yönelik [ICON_Production] Üretim.</Text>
		</Row>
		<Row Tag="LOC_POLICY_CONSCRIPTION_DESCRIPTION">
			<Text>Tur başına Birim bakımları 1 [ICON_Gold] Altın düşürülür.</Text>
		</Row>
		<Row Tag="LOC_POLICY_CONTAINMENT_DESCRIPTION">
			<Text>Bir Şehir Devlet'inde farklı bir İmparator varsa, gönderdiğiniz [ICON_Envoy] Elçiler iki kişi sayılacaktır.</Text>
		</Row>
		<Row Tag="LOC_POLICY_CORVEE_DESCRIPTION">
			<Text>Antik ve Klasik Çağ Harikalarına yönelik +%15 [ICON_Production] Üretim.</Text>
		</Row>
		<Row Tag="LOC_POLICY_CRAFTSMEN_DESCRIPTION">
			<Text>%100 Endüstri Alanı'na bitişiklik bonusu.</Text>
		</Row>
		<Row Tag="LOC_POLICY_CRYPTOGRAPHY_DESCRIPTION">
			<Text>Topraklarınızdaki düşman casusların seviyeleri 2 seviye azalır. Casuslarınızın saldırı operasyonlarında seviyesi 1 arttırılır.</Text>
		</Row>
		<Row Tag="LOC_POLICY_DEFENSE_OF_MOTHERLAND_DESCRIPTION">
			<Text>Topraklarınızda savaş yorgunluğu olmaz.</Text>
		</Row>
		<Row Tag="LOC_POLICY_DIPLOMATIC_LEAGUE_DESCRIPTION">
			<Text>Her Şehir Devletine gönderdiğiniz ilk [ICON_Envoy] Elçi iki [ICON_Envoy] Elçi sayılır.</Text>
		</Row>
		<Row Tag="LOC_POLICY_DISCIPLINE_DESCRIPTION">
			<Text>Barbarlara karşı +5 [ICON_Strength] Savaş Gücü.</Text>
		</Row>
		<Row Tag="LOC_POLICY_ECOMMERCE_DESCRIPTION">
			<Text>Uluslararası [ICON_TradeRoute] Ticaret Yollarından, +5 [ICON_Production] Üretim ve +10 [ICON_Gold] Altın.</Text>
		</Row>
		<Row Tag="LOC_POLICY_ECONOMIC_UNION_DESCRIPTION">
			<Text>+%100 Ticaret Merkezi ve Liman Taşımacılığı bölgelerine bitişiklik bonusu.</Text>
		</Row>
		<Row Tag="LOC_POLICY_EXPROPRIATION_DESCRIPTION">
			<Text>Göçmenlere yönelik %50[ICON_Production] Üretim. Arazi alımında %20 azalma.</Text>
		</Row>
		<Row Tag="LOC_POLICY_FEUDAL_CONTRACT_DESCRIPTION">
			<Text>Ortaçağ ve Rönesans dönemi yakın ve menzilli birimlere yönelik +%50 [ICON_Production] Üretim.</Text>
		</Row>
		<Row Tag="LOC_POLICY_FINEST_HOUR_DESCRIPTION">
			<Text>Modern ve Atom çağı hava birimlerine yönelik +%50 [ICON_Production] Üretim.</Text>
		</Row>
		<Row Tag="LOC_POLICY_FIVE_YEAR_PLAN_DESCRIPTION">
			<Text>+%100 Kampüs ve Endüstriyel Alan bölgelerine bitişiklik bonusu.</Text>
		</Row>
		<Row Tag="LOC_POLICY_FREE_MARKET_DESCRIPTION">
			<Text>Ticaret Merkezi Bölgesindeki binalardan +%100 [ICON_Gold] Altın verimi.</Text>
		</Row>
		<Row Tag="LOC_POLICY_FRESCOES_DESCRIPTION">
			<Text>Tur başına +2 [ICON_GreatArtist] Ünlü Sanatçı puanı.</Text>
		</Row>
		<Row Tag="LOC_POLICY_GOD_KING_DESCRIPTION">
			<Text>[ICON_Capital] Başkent'ten, +1 [ICON_Faith] İnanç ve +1 [ICON_Gold] Altın.</Text>
		</Row>
		<Row Tag="LOC_POLICY_GOTHIC_ARCHITECTURE_DESCRIPTION">
			<Text>Ortaçağ ve Rönesans Harika'larına yönelik, +%15 [ICON_Production] Üretim.</Text>
		</Row>
		<Row Tag="LOC_POLICY_GRANDE_ARMEE_DESCRIPTION">
			<Text>Endüstriyel ve Modern Çağının yakın ve menzilli birimlerine yönelik +%50 [ICON_Production] Üretim.</Text>
		</Row>
		<Row Tag="LOC_POLICY_GRAND_OPERA_DESCRIPTION">
			<Text>Tiyatro Meydanı bölgesindeki binalardan +%100 [ICON_Culture] Kültür.</Text>
		</Row>
		<Row Tag="LOC_POLICY_GUNBOAT_DIPLOMACY_DESCRIPTION">
			<Text>Tüm Şehir Devletleriyle Sınırları açın ve her turda [ICON_Envoy] Elçi'leri kazanmaya yönelik +4 Etki puanı.</Text>
		</Row>
		<Row Tag="LOC_POLICY_HERITAGE_TOURISM_DESCRIPTION">
			<Text>[ICON_GreatWork_Landscape] Sanatsal Başyapıt ve [ICON_GreatWork_Artifact] Kalıntılardan, +%100 [ICON_Tourism] Turizm.</Text>
		</Row>
		<Row Tag="LOC_POLICY_ILKUM_DESCRIPTION">
			<Text>İnşaatçılara yönelik +%30 [ICON_Production] Üretim.</Text>
		</Row>
		<Row Tag="LOC_POLICY_INSPIRATION_DESCRIPTION">
			<Text>Tur başına +2 [ICON_GreatScientist] Ünlü Bilim Adamı puanı.</Text>
		</Row>
		<Row Tag="LOC_POLICY_INSULAE_DESCRIPTION">
			<Text>En az 2 uzmanlık bölgesine sahip tüm şehirlerde +1 [ICON_Housing] Konut.</Text>
		</Row>
		<Row Tag="LOC_POLICY_INTEGRATED_SPACE_CELL_DESCRIPTION">
			<Text>Bir Şehirde Harp Akademisi veya Liman varsa, Uzay Yarışı Projelerine yönelik +%15 [ICON_Production] Üretim.</Text>
		</Row>
		<Row Tag="LOC_POLICY_INTERNATIONAL_SPACE_AGENCY_DESCRIPTION">
			<Text>İmparatoru olduğun Şehir Devleti başına +%10 [ICON_Science] Bilim.</Text>
		</Row>
		<Row Tag="LOC_POLICY_INTERNATIONAL_WATERS_DESCRIPTION">
			<Text>Modern, Atom ve Bilgi çağında, Uçak Gemileri hariç diğer deniz birimlerine yönelik +%100 [ICON_Production] Üretim.</Text>
		</Row>
		<Row Tag="LOC_POLICY_INVENTION_DESCRIPTION">
			<Text>Tur başına +2 [ICON_GreatEngineer] Ünlü Mühendisi puanı.</Text>
		</Row>
		<Row Tag="LOC_POLICY_LAISSEZ_FAIRE_DESCRIPTION">
			<Text>Tur başına +4 [ICON_GreatMerchant] Ünlü Tüccar puanı.</Text>
		</Row>
		<Row Tag="LOC_POLICY_LAND_SURVEYORS_DESCRIPTION">
			<Text>Petek satın alma maliyeti %20 azalır.</Text>
		</Row>
		<Row Tag="LOC_POLICY_LEVEE_EN_MASSE_DESCRIPTION">
			<Text>Tur başına birim bakım maliyeti 2 [ICON_Gold] Altın azalır.</Text>
		</Row>
		<Row Tag="LOC_POLICY_LIBERALISM_DESCRIPTION">
			<Text>En az 2 Uzmanlık Bölgesi olan tüm şehirlere +1 [ICON_Amenities] İmkan.</Text>
		</Row>
		<Row Tag="LOC_POLICY_LIGHTNING_WARFARE_DESCRIPTION">
			<Text>Modern, Atom ve Bilgi çağında, Ağır ve hafif süvari birimleri için +%50 [ICON_Production] Üretim.</Text>
		</Row>
		<Row Tag="LOC_POLICY_LIMES_DESCRIPTION">
			<Text>Savunma binalarına yönelik +%100 [ICON_Production] Üretim.</Text>
		</Row>
		<Row Tag="LOC_POLICY_LITERARY_TRADITION_DESCRIPTION">
			<Text>Tur başına +2 [ICON_GreatWriter] Ünlü Yazar puanı.</Text>
		</Row>
		<Row Tag="LOC_POLICY_LOGISTICS_DESCRIPTION">
			<Text>Dost bir alanda tur'a başlıyorsa, +1 Hareket.</Text>
		</Row>
		<Row Tag="LOC_POLICY_MACHIAVELLIANISM_DESCRIPTION">
			<Text>Casuslara yönelik +%50 [ICON_Production] Üretim. Casus görevleri %25 daha çabuk yapılır.</Text>
		</Row>
		<Row Tag="LOC_POLICY_MANEUVER_DESCRIPTION">
			<Text>Antik ve Klasik çağda, Ağır ve hafif süvari birimlerine yönelik +%50 [ICON_Production] Üretim.</Text>
		</Row>
		<Row Tag="LOC_POLICY_MARITIME_INDUSTRIES_DESCRIPTION">
			<Text>Antik ve Klasik çağ deniz birimlerine yönelik +%100 [ICON_Production] Üretim.</Text>
		</Row>
		<Row Tag="LOC_POLICY_MARKET_ECONOMY_DESCRIPTION">
			<Text>Uluslararası [ICON_TradeRoute] Ticaret Yollarınız, [ICON_Culture] Kültür ve +2 [ICON_Science] Bilim'in yanı sıra varış yerinde geliştirilen Lüks ve Stratejik kaynak başına + 1 [ICON_Gold] Altın sağlar.</Text>
		</Row>
		<Row Tag="LOC_POLICY_MARTIAL_LAW_DESCRIPTION">
			<Text>%25 daha az savaş yorgunluğu sağlar.</Text>
		</Row>
		<Row Tag="LOC_POLICY_MEDINA_QUARTER_DESCRIPTION">
			<Text>En az 3 Uzmanlık Bölgesi olan tüm şehirlere +2 [ICON_Housing] Konut sağlar.</Text>
		</Row>
		<Row Tag="LOC_POLICY_MERCHANT_CONFEDERATION_DESCRIPTION">
			<Text>Şehir Devletlerindeki her bir [ICON_Envoy] Elçi için +1 [ICON_Gold] Altın sağlar.</Text>
		</Row>
		<Row Tag="LOC_POLICY_MERITOCRACY_DESCRIPTION">
			<Text>Şehirlerde oluşturulan her bir Uzmanlık Bölgesi için +1 [ICON_Culture] Kültür sağlar.</Text>
		</Row>
		<Row Tag="LOC_POLICY_MILITARY_FIRST_DESCRIPTION">
			<Text>Atom ve Bilgi çağı yakın ve menzilli saldırı birimlerine yönelik +%50 [ICON_Production] Üretim.</Text>
		</Row>
		<Row Tag="LOC_POLICY_MILITARY_ORGANIZATION_DESCRIPTION">
			<Text>Tur başına +4 [ICON_GreatGeneral] Büyük General puanı.</Text>
		</Row>
		<Row Tag="LOC_POLICY_MILITARY_RESEARCH_DESCRIPTION">
			<Text>Harp Akademisi ve Limanlar +1 [ICON_Science] Bilim üretir.</Text>
		</Row>
		<Row Tag="LOC_POLICY_NATIONAL_IDENTITY_DESCRIPTION">
			<Text>Yaralı birimlerde %50 daha az [ICON_Strength] Savaş Gücü kaybı sağlar.</Text>
		</Row>
		<Row Tag="LOC_POLICY_NATIVE_CONQUEST_DESCRIPTION">
			<Text>İlk çağlardan kalma birimlere karşı kazanılan savaş zaferleri, yenilgiye uğrayan birimin [ICON_Strength] Savaş Gücünün %50'si kadar [ICON_Gold] Altın sağlar.</Text>
		</Row>
		<Row Tag="LOC_POLICY_NATURAL_PHILOSOPHY_DESCRIPTION">
			<Text>+%100 Kampüs bölgesine bitişiklik bonusu.</Text>
		</Row>
		<Row Tag="LOC_POLICY_NAVAL_INFRASTRUCTURE_DESCRIPTION">
			<Text>+%100 Liman bölgesine bitişiklik bonusu.</Text>
		</Row>
		<Row Tag="LOC_POLICY_NAVIGATION_DESCRIPTION">
			<Text>Tur başına +2 [ICON_GreatAdmiral] Büyük Amiral bonusu.</Text>
		</Row>
		<Row Tag="LOC_POLICY_NEW_DEAL_DESCRIPTION">
			<Text>En az 3 Uzmanlık Bölgesi olan tüm şehirler için +4 [ICON_Housing] Konut, +2 [ICON_Amenities] İmkan, -8 [ICON_Gold] Altın.</Text>
		</Row>
		<Row Tag="LOC_POLICY_NOBEL_PRIZE_DESCRIPTION">
			<Text>Tur Başına +4 [ICON_GreatScientist] Ünlü Bilim Adamı puanı.</Text>
		</Row>
		<Row Tag="LOC_POLICY_NUCLEAR_ESPIONAGE_DESCRIPTION">
			<Text>Fark edilmeden bir teknoloji hakkında bilgi çalan casuslar, ekstra güç kazanırlar.</Text>
		</Row>
		<Row Tag="LOC_POLICY_ONLINE_COMMUNITIES_DESCRIPTION">
			<Text>[ICON_TradeRoute] Ticaret yollarınızın bulunduğu uygarlıklarda +%50 [ICON_Tourism] Turizm sağlar.</Text>
		</Row>
		<Row Tag="LOC_POLICY_PATRIOTIC_WAR_DESCRIPTION">
			<Text>Modern, Atom ve Bilgi çağında Destek birimleri için +%100 [ICON_Production] Üretim.</Text>
		</Row>
		<Row Tag="LOC_POLICY_POLICE_STATE_DESCRIPTION">
			<Text>Topraklarındaki düşman casuslarının seviyesi 2 azalır ama tüm şehirlerde -1 [ICON_Amenities] İmkan'a neden olur.</Text>
		</Row>
		<Row Tag="LOC_POLICY_PRESS_GANGS_DESCRIPTION">
			<Text>Rönesans ve Endüstriyel çağ deniz birimlerine yönelik %100 [ICON_Production] Üretim.</Text>
		</Row>
		<Row Tag="LOC_POLICY_PROFESSIONAL_ARMY_DESCRIPTION">
			<Text>Tüm birim yükseltmelerinde %50 indirim.</Text>
		</Row>
		<Row Tag="LOC_POLICY_PROPAGANDA_DESCRIPTION">
			<Text>%25 daha az savaş yorgunluğu.</Text>
		</Row>
		<Row Tag="LOC_POLICY_PUBLIC_TRANSPORT_DESCRIPTION">
			<Text>Bir Çiftlik Banliyö Bölgesi ile değiştirildiğinde, her Peteğin cazibesinden 50 [ICON_Gold] Altın sağlar.</Text>
		</Row>
		<Row Tag="LOC_POLICY_PUBLIC_WORKS_DESCRIPTION">
			<Text>İnşatçılara yönelik +%30 [ICON_Production] Üretim ve yeni eğitilen inşaatçılara ekstra 2 inşa hakkı sağlar.</Text>
		</Row>
		<Row Tag="LOC_POLICY_RAJ_DESCRIPTION">
			<Text>İmparator'u olduğunuz şehir devletlerinin her birinden +2 [ICON_Science] Bilim, [ICON_Culture] Kültür, [ICON_Faith] İnanç ve [ICON_Gold] Altın.</Text>
		</Row>
		<Row Tag="LOC_POLICY_RAID_DESCRIPTION">
			<Text>Geliştirmelerin yağmalanmasından iki kat yağmalama verimi sağlar.</Text>
		</Row>
		<Row Tag="LOC_POLICY_RATIONALISM_DESCRIPTION">
			<Text>Kampüs Bölgesi binalarından +%100 [ICON_Science] Bilim.</Text>
		</Row>
		<Row Tag="LOC_POLICY_RELIGIOUS_ORDERS_DESCRIPTION">
			<Text>Bütün Dini birimlere Teolojik savaşta +5 [ICON_Religion] Dini Güç.</Text>
		</Row>
		<Row Tag="LOC_POLICY_RESOURCE_MANAGEMENT_DESCRIPTION">
			<Text>1 Stratejik kaynak kopyası, size herhangi bir şehirde ihtiyaç duyduğunuz birimi üretmeye ve satın almaya izin verir.</Text>
		</Row>
		<Row Tag="LOC_POLICY_RETAINERS_DESCRIPTION">
			<Text>Garnizon birimleri olan şehirlerde +1 [ICON_Amenities] İmkan.</Text>
		</Row>
		<Row Tag="LOC_POLICY_REVELATION_DESCRIPTION">
			<Text>Tur başına +2 [ICON_GreatProphet] Büyük Peygamber puanı.</Text>
		</Row>
		<Row Tag="LOC_POLICY_SACK_DESCRIPTION">
			<Text>Bölgelerin yağmalanmasından iki kat yağmalama verimi sağlar.</Text>
		</Row>
		<Row Tag="LOC_POLICY_SATELLITE_BROADCASTS_DESCRIPTION">
			<Text>[ICON_GreatWork_Music] Müzikal Başyapıtlardan üç kat [ICON_Tourism] Turizm.</Text>
		</Row>
		<Row Tag="LOC_POLICY_SCRIPTURE_DESCRIPTION">
			<Text>+%100 Kutsal Site bitişiklik bonusu.</Text>
		</Row>
		<Row Tag="LOC_POLICY_SERFDOM_DESCRIPTION">
			<Text>Yeni eğitilen İnşaatçılara, ekstra 2 inşa hakkı sağlar.</Text>
		</Row>
		<Row Tag="LOC_POLICY_SIMULTANEUM_DESCRIPTION">
			<Text>Kutsal Site Bölgesi binalarından, iki kat [ICON_Faith] İnanç verimi.</Text>
		</Row>
		<Row Tag="LOC_POLICY_SKYSCRAPERS_DESCRIPTION">
			<Text>Endüstriyel çağ ve sonrasında ki Harikalara yönelik, +%15 [ICON_Production] Üretim.</Text>
		</Row>
		<Row Tag="LOC_POLICY_SPORTS_MEDIA_DESCRIPTION">
			<Text>+%100 Tiyatro Meydanı bitişiklik bonusu ve Stadyumlar +1 [ICON_Amenities] İmkan üretir.</Text>
		</Row>
		<Row Tag="LOC_POLICY_STRATEGIC_AIR_FORCE_DESCRIPTION">
			<Text>Bilgi çağı hava birimlerine ve taşıyıcılara yönelik, +50 [ICON_Production] Üretim.</Text>
		</Row>
		<Row Tag="LOC_POLICY_STRATEGOS_DESCRIPTION">
			<Text>Tur başına +2 [ICON_GreatGeneral] Büyük General Puanı.</Text>
		</Row>
		<Row Tag="LOC_POLICY_SURVEY_DESCRIPTION">
			<Text>Keşif birimleri için iki kat tecrübe.</Text>
		</Row>
		<Row Tag="LOC_POLICY_SYMPHONIES_DESCRIPTION">
			<Text>Tur başına +4 [ICON_GreatMusician] Ünlü Müzisyen puanı.</Text>
		</Row>
		<Row Tag="LOC_POLICY_THIRD_ALTERNATIVE_DESCRIPTION">
			<Text>Araştırma Laboratuvarı, Harp Akademisi ve Enerji Santrallerinden, +4 [ICON_Gold] Altın.</Text>
		</Row>
		<Row Tag="LOC_POLICY_TOTAL_WAR_DESCRIPTION">
			<Text>Yağmalamadan kazanılan verim iki katına çıkar.</Text>
		</Row>
		<Row Tag="LOC_POLICY_TOWN_CHARTERS_DESCRIPTION">
			<Text>+%100 Ticaret Merkezi Bölgesi bitişiklik bonusu.</Text>
		</Row>
		<Row Tag="LOC_POLICY_TRADE_CONFEDERATION_DESCRIPTION">
			<Text>Uluslararası [ICON_TradeRoute] Ticaret Yollarından, +1 [ICON_Culture] Kültür ve +1 [ICON_Science] Bilim.</Text>
		</Row>
		<Row Tag="LOC_POLICY_TRAVELING_MERCHANTS_DESCRIPTION">
			<Text>Tur başına +2 [ICON_GreatMerchant] Ünlü Tüccar puanı.</Text>
		</Row>
		<Row Tag="LOC_POLICY_TRIANGULAR_TRADE_DESCRIPTION">
			<Text>Tüm [ICON_TradeRoute] Ticaret Yollarından, +4 [ICON_Gold] Altın ve +1 [ICON_Faith] İnanç.</Text>
		</Row>
		<Row Tag="LOC_POLICY_URBAN_PLANNING_DESCRIPTION">
			<Text>Tüm şehirlerde, +1 [ICON_Production] Üretim.</Text>
		</Row>
		<Row Tag="LOC_POLICY_VETERANCY_DESCRIPTION">
			<Text>Ordugah Bölgeleri ve Bu Bölgedeki Binalara yönelik, +%30 [ICON_Production] Üretim.</Text>
		</Row>
		<Row Tag="LOC_POLICY_WARS_OF_RELIGION_DESCRIPTION">
			<Text>Başka bir Dini takip eden uygarlıklara karşı savaşırken, +4 [ICON_Strength] Savaş Gücü.</Text>
		</Row>
		<!-- Preview Text -->
		<Row Tag="LOC_GOVT_OLIGARCHY_COMBAT_BONUS_DESCRIPTION">
			<Text>+4 Oligarşi bonusu</Text>
		</Row>
		<!-- Temporary UI -->
		<Row Tag="LOC_CIVIC_STARTED">
			<Text>İlke başlatıldı: {1_CivicName}</Text>
		</Row>
		<Row Tag="LOC_CIVIC_COMPLETE">
			<Text>İlke Tamamlandı: {1_CivicName}</Text>
		</Row>
	</BaseGameText>
</GameData>
