<?xml version="1.0" encoding="UTF-8" standalone="yes"?>
<GameData xmlns:xsi="http://www.w3.org/2001/XMLSchema-instance">
	<BaseGameText>
    <Row Tag="LOC_PEDIA_BUILDINGS_PAGE_INTRO_CHAPTER_CONTENT_PARA_1">
      <Text>Bir bölge inşa edildikten sonra, binalarla doldurulabilir. Binalar ilçelerin yapıldığı “Üretim Menüsü” nden inşa edilebilir, bazı binaların diğer binalar veya teknoloji gibi önkoşulları vardır, bu yapılar Üretim menünüzde görünmez.</Text>
    </Row>
		<Row Tag="LOC_PEDIA_BUILDINGS_PAGE_BUILDING_AIRPORT_CHAPTER_HISTORY_PARA_1">
			<Text>Teknik olarak, bir “havaalanı”, uçakların, helikopterlerin, hava balonlarının veya diğer uçakların kalkış ve iniş yapabileceği herhangi bir konumdur. Bununla birlikte, yaygın kullanımda bir havalimanı, pistlerden, kontrol kulelerinden, askılardan, terminallerden, acil durum tesislerinden ve hatta park yapılarından oluşan ticari yolcu uçağı için bir komplekstir. İnsanın aceleyle olma eğilimi, havalimanlarını her şehir manzarasının doğal bir parçası haline getirmiştir (her ne kadar çoğu ticari havalimanı gürültü ve kirlilik göz önüne alındığında, şehirden uzak bir yere yerleştirilmiş olsa da). 1930’dan önce, çoğu havaalanı 2000 metreden daha az pistle küçük hava limanları ya da aerodromlardı. 1939'da New York'ta yoğun La Guardia, ayda yaklaşık çeyrek milyon yolcu tuttu; Havalimanı yolcu trafiği için en son istatistikler, 2011'de 92 milyondan fazla geçen, Atlanta'daki dünyanın en işlek oyuncusu Hartsfield-Jackson.</Text>
		</Row>
		<Row Tag="LOC_PEDIA_BUILDINGS_PAGE_BUILDING_AMPHITHEATER_CHAPTER_HISTORY_PARA_1">
			<Text>Ekmek ve sirkler kitleleri mutlu etmediyse, dikkatlerini dağıtmak için her zaman bir tiyatro vardı. Bir amfitiyatro, performanslar, spor etkinlikleri ve kamuya açık konuşmalar için bir mekan olarak hizmet veren bir dış mekan arenasıdır (terimin modern kullanımı oldukça gevşektir). Daha önce çeşitli yerlerde kesinlikle halka açık gözlükler gösterilse de, bunlar geçici olarak sahnelenme eğilimindeydi. Ancak Yunanlılar M.Ö. 532 civarında oyun yazmaya başladıklarında, bunları gerçekleştirebilecekleri küçük, açık hava yapıları inşa ettiler; Her zaman daha büyük ve daha iyi inşa etmek isteyen Romalılar, amfitiyatroyu yarattı. Romalılar onları fethedilen topraklarının her yerine kurdular, çünkü her sınır karakolu medenileşmek istedi. Uygulama, imparatorluktan diğer yerlere yayıldı, çünkü amfitiyatrolar oyun oynama, gladyatör ve olimpiyat oyunları, dini gösteriler, infazlar, siyasi tartışmalar, konserler ve diğer eğlence türlerinin sahnelenmesi için harika yerlerdi.</Text>
		</Row>
		<Row Tag="LOC_PEDIA_BUILDINGS_PAGE_BUILDING_ARENA_CHAPTER_HISTORY_PARA_1">
			<Text>Bir iç mekan amfitiyatrosu… Latin harena'dan bir “arena”, Roma İmparatorluğu boyunca kolosyumlardaki kan emmede çok iyi olan ince bir kum. Spor etkinliklerini, konserleri ve diğer gösterileri (siyasi konuşmalar gibi) izlemeye gidenler tarafından unutulan bu günler. Bir arenanın en ayırt edici özelliği, performans alanının, etrafta toplanmış izleyiciler için oturma yeri olan ana alanda en düşük nokta olmasıdır. Eskilerin geniş alanlarda çatı kaplaması konusunda bazı zorluklar yaşadıklarından, ünlü Colosseum seyircilerin alanını kaplamak için geri çekilebilir tenteler olmasına rağmen, medeniyetin ilk iç mekanı olarak adlandırılabilecekler bilinmemektedir. Şu anda dünyanın en büyük arenası yaklaşık 55 bin kişilik Bocaue'deki Filipin Arenası. Ancak büyük olasılıkla en iyi bilinen Manhattan’daki Madison Square Garden’dır, bu adın dördüncü, MS 1879’da P.T. Barnum. Etkinliğe bağlı olarak 18 ila 20 bin arasında değişen mevcut Bahçe, 1968 yılında açılmış ve o zamandan beri gönül yarası ve tarihine ev sahipliği yapmıştır.</Text>
		</Row>
		<Row Tag="LOC_PEDIA_BUILDINGS_PAGE_BUILDING_ARMORY_CHAPTER_HISTORY_PARA_1">
			<Text>Bir cephanelik (veya cephanelik, bazı önemli farklılıklar olsa da terimler karışmaya meyillidir), diğer insanların öldürülmesinde kullanılmadığı zaman silahların ve zırhların üretildiği, onarıldığı ve / veya saklandığı yer - yani barış zamanı. Düşmanla yüzleşmeyi planlamadıkça, askerler genellikle silahlarını ve zırhlarını yanlarında taşımazlar (özellikle silahları mızraklar ve zırh plakası ise). İlk silahlar, ilk Sümer ve Akkad'ın ilk profesyonel ordularına dayanıyor. O zamandan beri ayakta kalan her ordunun, belki de iyi korunan kadar basit (silahlıların silah tutmasına izin vermeyecek kadar) bir depoya ya da tüfek yapan bir üretim tesisi kadar ayrıntılı bir zırhı vardı. Şehrin diğer tarafında silahların askerlerden alınmasının bir anlamı olmadığından, cephanelik genellikle kışlaların yakınındaydı. Zırhlar, çeşitli nedenlerle medeniyetin akışını bile şekillendirdi: Londra Kulesi, Harper's Feribotu, Kremlin Cephaneliği, Springfield Cephaneliği, Berlin'deki Zeughaus, vb.</Text>
		</Row>
		<Row Tag="LOC_PEDIA_BUILDINGS_PAGE_BUILDING_BANK_CHAPTER_HISTORY_PARA_1">
			<Text>Daha önce para borç verenler ve hazineler olmasına rağmen (her şeyden önce para medeniyetin tekerleklerini yağlar), bankacılık Rönesans İtalya'nın başlarında, Cenova, Venedik, Floransa, Siena ve Lucca gibi kuzeydeki zengin şehirlerde başlar. 14. Yüzyıl boyunca, zaten zengin olan, hırslı aileler - Bardi, de Medici, Peruzzi, Cerchi, Gondi ve diğerleri - yalnızca kendi şehir ülkelerindeki ticari bankacılığa hükmedip, aynı zamanda Avrupa genelinde şubeler kurmamışlardı. Halen faaliyette olan en eski banka, MS 1472'den beri sürekli olarak faaliyet gösteren Siena'daki Monte dei Paschi'dir. Bankacılık, 1600 yılına kadar Kutsal Roma İmparatorluğu ve kuzey Avrupa ülkelerine yayıldı ve Avrupalılar, dünyayı sömürgeleştirmeye karar verdiklerinde onlarla birlikte uygulandı. Her ne kadar detaylar teknoloji ile çarpıcı biçimde değişmiş olsa da, bankacılık kârının temelleri aynı kalıyor: kontrol ve tasarruf ücretleri, krediler ve kredi kartları, döviz borsası, fon yönetimi vb.</Text>
		</Row>
		<Row Tag="LOC_PEDIA_BUILDINGS_PAGE_BUILDING_BARRACKS_CHAPTER_HISTORY_PARA_1">
			<Text>Militiamen’in evleri vardı, işleri vardı ve kendilerini beslediler ve giydirdiler, ancak hükümet tarafından çağrıldıklarında savaşa girdiler; Profesyonel askerlerin evleri yoktu, savaş onların işgaliydi, hükümetten zaferlerini ve sahte üniformalarını aldılar. Bir kez yazı icat edildiğinde, profesyonel ordular mümkün oldu (krallar ve medeniyetler dahil olmak üzere her şeyle birlikte). Bu şekilde evleri olmadığından kışlalar onları… genellikle şehir merkezine yakın bir yere yerleştirdi, böylece askerler harici ya da iç tehditlere tepki gösterebildi. Etkili bir şekilde, kışla da eğitim kampları, banyo odaları, sağlık tesisleri, yemekhaneler ve spor salonları gibi olanaklarla kalıcı kamplardı. Genellikle bu kışlalar, sadece sorun olması durumunda, en azından asgari düzeyde güçlendirildi. Hiç bu kadar mütevazi olun, ev kalbin olduğu yerdir… bu durumda, savaş.</Text>
		</Row>
		<Row Tag="LOC_PEDIA_BUILDINGS_PAGE_BUILDING_BROADCAST_CENTER_CHAPTER_HISTORY_PARA_1">
			<Text>İlk “yayın merkezinin” kurulduğu ticari radyonun yayına başlaması çok uzun sürmedi: 1932’de İngiliz Yayıncılık Kurumu’nun (dünyanın en eski ve en büyük) evi olan Broadcasting House. Bir “yayın merkezi”, ev alıcılarına radyo ve televizyon dalgaları gönderen ve böylece halkı saatlerce pasif bir şekilde eğlendiren karmaşık bir yapıdır (stüdyolar, ses kabinleri, anten ve birçok ezoterik elektrik ekipmanı). BBC 1922'de Büyük Britanya halkına düzenleyici eğlence ve bilgi sağlamak için devlet destekli bir operasyon olarak kabul edildi. Kısa bir süre sonra, bazı Milletler Topluluğu ülkeleri, diğer ülkelerden birkaçı gibi aynı yaklaşımı benimsemiştir. Amerikan modelinde, özel yayın şirketleri, reklam zamanlarının “sponsorlara” satılmasıyla finanse edilen rekabetçi bir programlama yaptılar. Bu rekabet (reklam gelirlerine çevrilen kitle sayıları için) ağları, elektronik çorak araziyi beslemek için kendi yayın merkezlerini kurdular.</Text>
		</Row>
		<Row Tag="LOC_PEDIA_BUILDINGS_PAGE_BUILDING_CASTLE_CHAPTER_HISTORY_PARA_1">
			<Text>Latin castellum'undan, önemli insanları (ve belki de onlara hizmet edenleri) düşmanlarından korumak için bir kale tasarlanmıştır. Bazen hendekler ve hareketlerle, çoğu zaman geçitlerle, baileylerle ve enceinte ile çevrelenmiş, genellikle işlerin gerçekten ters gittiği zamanlar için merkezi bir tutuşla, büyük kaleler sıkıntı zamanlarında son sığınaktı. Duvarlardan ve kulelerden adanmış savunucular saldırganların üzerine ölümleri fırlatabilirlerdi… eğer akıllılarsa, içleri aç ve duyarlı bir şekilde teslim olana kadar kazık kuşatmayı bıraktılar. Tarihçiler bu tür kaleler ortaya çıktığında pek de şaşırtıcı değildir (ancak pek şaşırtıcı değil), ancak çoğu Magyar'ların beğenisinden korunmak için gelişmeyi, efendisi evlerin çevresindeki duvarların evrimi ile ilişkilendirir. MS 9. ve 10. yüzyıllarda Müslümanlar ve Vikingler. Kanıtlanmış Roma mühendisliği teknikleri, bu uygarlık çıkışlarını mümkün olduğu kadar elverişsiz kılmak için uyarlandı. Ve zamanla, krallık, köylülerin isyan etmeye başladıkları zaman, kendi şehirlerinde de bazılarına ihtiyaç duyabileceklerine karar verdi. Bu köylüler barut sahibi oluncaya kadar yeterince çalıştılar.</Text>
		</Row>
		<Row Tag="LOC_PEDIA_BUILDINGS_PAGE_BUILDING_CATHEDRAL_CHAPTER_HISTORY_PARA_1">
			<Text>Bir zamanlar İtalya'nın her kavşağında Katolik kiliseleri bulunduktan sonra, bazı piskoposlar her bir piskoposluğun ya da piskoposun merkezi olarak hizmet etmek için daha büyük bir şeye ihtiyaçları olduğuna karar verdi. Böylece, katedral - “koltuk” veya “sandalye” anlamına gelen Latin cathedra'dan. Katedral kavramı, imparator Konstantin Hıristiyanlığı benimsediğinde MS 313'te başlar; Bununla birlikte Hristiyanlık, Roma dinine küçük bir inanç olmaktan çıktı ve piskoposlar, az çok isteyerek, imparatorluk boyunca hakimlerin görev ve saygınlığını üstlenmeye karar verdiler. Eski Roma sulh hakimleri, yüksek bir şekilde dekore edilmiş bir salonda (bazilika) bulunan bir tahttan başkanlık ettikleri için, piskoposların (sürülerine başkanlık ederken daha önce hiç oturmamış olan) katedraller inşa etmelerine başlamadan çok önce değildi; Tanrı'nın yüceliğine sahip köylüler. Sadık köylüler tarafından “bağışlanan” para, malzeme ve emekle, bunlar genellikle inşa etmek için bir ömür aldı… ancak tüm medeniyetlerin en etkileyici yapılarından bazıları. İlk katedral Aquileia'daki (yaklaşık 319) idi ve henüz inşa etmeyi bırakmadılar.</Text>
		</Row>
		<Row Tag="LOC_PEDIA_BUILDINGS_PAGE_BUILDING_DAR_E_MEHR_CHAPTER_HISTORY_PARA_1">
			<Text>İlk olarak Dokuzuncu Yüzyıl civarında görüldü, 'Dar-e Mehr' olarak adlandırılan ilk Zerdüşt yapıları 'Atar' ("kutsal ateş") kavramıyla bağlantılı. Dar-e Mehr'ın ortasındaki ateş ve temiz su ibadet edilmedi, bunun yerine ritüel saflık kazanmanın bir yolu oldu.</Text>
		</Row>
		<Row Tag="LOC_PEDIA_BUILDINGS_PAGE_BUILDING_DAR_E_MEHR_CHAPTER_HISTORY_PARA_2">
			<Text>İçinde barındırılan yangının türüne bağlı olarak bir tapınağa isimlendirilirdi; bunlardan en büyüğü, 32 papaz ve kutsanmış 16 kaynaktan kaynaklanmış bir yıl yanan ateşi gerektiren “Zafer Ateşi” veya “Atash Behram” dır.</Text>
		</Row>
		<Row Tag="LOC_PEDIA_BUILDINGS_PAGE_BUILDING_DAR_E_MEHR_CHAPTER_HISTORY_PARA_3">
			<Text>Genellikle bir tepeye veya daha yüksek bir yere inşa edilen bu tapınaklar atashgah adı verilen bir odaya yerleştirilmiş ritüelleşmiş alevler içerir. Ancak, eğer inanmayan biriysen, atashgah'ı veya içindeki alevi görmeyi beklemeyin: gelenek, yalnızca inançlıların kutsal ateşi görmesine izin verileceğini söyler.</Text>
		</Row>
		<Row Tag="LOC_PEDIA_BUILDINGS_PAGE_BUILDING_ELECTRONICS_FACTORY_CHAPTER_HISTORY_PARA_1">
			<Text>Tüketici elektroniğinin ortaya çıkışıyla birlikte, eğlence, iletişim ve boşa harcanan zamanın her türlü gizmos ve alet pazarı, 20. yüzyılın sonlarında patladı. Tüketici Elektroniği Birliği, kişisel kullanım amaçlı elektronik satışlarının - bilgisayarlardan MP3 çalarlara, hesap makinelerine ve dijital fotoğraf makinelerine, vb. - AD'de 2007 yılında 150 milyar doları aştığını tahmin etti. Bu postmodern bağımlılığı beslemek için, genişleyen elektronik fabrikalarında çalışan yarı vasıflı işçiler, standart parçaları birleştirerek sürekli artan yeni ürün seli haline getirmektedir. Hem Güney Kore hem de Çin giderek daha rekabetçi olmasına rağmen, bu gelgit dalgasında yol gösteren lider, dünyanın en büyük elektronik endüstrisi ile Japonya. İlk “modern” elektronik fabrikası, 1946'da kurulan Sony tarafından kuruldu. 1950'lerde, Japon mühendisler transistöre, 1970'lerde ve 1980'lerde yarı iletken için ticari uygulamalara öncülük etti. Minyatürleşmedeki ve elektronik üretimin standartlaştırılmasındaki Japon yenilikleri, fabrikalarını, tüketicilikte bugüne kadar görülen en rekabetçi alanda en kârlı hale getirdi.</Text>
		</Row>
		<Row Tag="LOC_PEDIA_BUILDINGS_PAGE_BUILDING_FACTORY_CHAPTER_HISTORY_PARA_1">
			<Text>Endüstri Devrimi medeniyete geldi ve bir zamanlar elle yapılan bütün bunlar yakında fabrikalarda ve çok miktarda yapıldı. Usta zanaatkarların elle gururla iş yaptıkları atölyeler, montaj hattına ve standart ürünlerin seri üretimine yol açtı. İngiliz Richard Arkwright, modern fabrika için prototip oluştururken alacaklı; 1769'da su tahrikli bir eğirme cihazı olan “su çerçevesini” patentledi ve Derbyshire'da Cromford Mill'i kurdu. Bu süreçte kalifiye işçilerin (çıkrık tekerleklerin üzerinde) daha fazla iplik daha hızlı (daha düşük kalitede de olsa) üretebilecek vasıfsız göçmenlerle değiştirdi; Aslında Arkwright, işçilerine fabrikasında değiştirilebilir bir mal yaptı. Yakında, diğerleri formülü kopyaladı ve teknoloji atölyelere buhar ve daha sonra da elektrik getirdiğinde diğer endüstrilere uygulandı. İşyerinin sanayileşmesindeki son adım: Henry Ford, 1913 yılında ilk montaj hattı ile fabrika üretiminde devrim yarattı ve 93 dakika içinde değiştirilebilir parçalar kullanarak bir Model T Ford üretebildi.</Text>
		</Row>
		<Row Tag="LOC_PEDIA_BUILDINGS_PAGE_BUILDING_FILM_STUDIO_CHAPTER_HISTORY_PARA_1">
			<Text>Thomas Edison tarafından MS 1893'te inşa edilen New Jersey'de West Orange'da tarpaper kaplı bir baraka olan “Black Maria” cömertçe ilk “film stüdyosu” olarak adlandırılabilir; Edison, halka açık alanlarda, kullanılmayan tiyatrolarda ve panayır çadırlarında halka göstermek için vaudeville ve tiyatro oyuncularının antikalarını yakalamak için filmi kullandı. 1909'da Edwin Thanhouser eski bir paten pisti kiraladı ve 1910 ve 1917 arasında 1086'da reklam filmi çekti. Bu arada Avrupa'da Pathé (Fransa), Münchner Lichtspielkunst AG (Bavyera) gibi stüdyolar açtı. Mosfilm (Rusya) ve Ealing Stüdyoları (İngiltere) kuruldu. Ancak, açıklanamayan nedenlerden dolayı, Los Angeles'ın içinde ve çevresinde bir sürü stüdyo filizlendi (en iyi açıklama, doğal güneş ışığının, o zamanların en iyi film kameraları için en iyisi olduğu), ilk olarak 1911'de Nestor Stüdyoları idi. 1920'de, orada medeniyetin en son kaçan bağımlılığını beslemek için Hollywood'un banliyösünde, bir mil uzakta film kazıyarak operasyonda bir düzine vardı. Her ne kadar film stüdyoları büyük oranda pasé olsa da (çoğu “yerinde” gerçekleşmekte olan prodüksiyonlar), bazıları dünyanın çeşitli köşelerinde çalışmaya devam ediyor.</Text>
		</Row>
		<Row Tag="LOC_PEDIA_BUILDINGS_PAGE_BUILDING_GRANARY_CHAPTER_HISTORY_PARA_1">
			<Text>Tarım bir kez gerçekten başladığında, sıçanlardan, böceklerden ve diğer insanlardan korunmasını sağlamak için bu fazla taneyi koyacak bir yere ihtiyaç duyuluyordu. Henüz keşfedilmemiş en eski tahıl ambarları Ürdün Vadisi'ndeki çömlekçilik öncesi Neolitik döneme kadar uzanmaktadır, c. 9500, M.Ö. İndus Vadisi'nde, M.Ö. 6000 yılına kadar olan en eski tarih ve Mısırlılar, bu zamana kadar zayıf hasatlara karşı korunma amaçlı olarak “silo” çukurlarında fazla tahıl depolamaktaydı. Doğu Asya'da Çin'deki Yangshao, M.Ö. 5000 yıllarında Sarı Nehir boyunca yüksek tahıl ambarı inşa ediyordu ve sonunda Koreliler (M.Ö. 1000) ve Japonlar (M.Ö. 800) bunu çözdüler. Modern zamanlarda, tahıl ambarları - diğerleri gibi - daha büyük, otomatik ve daha karmaşık hale gelmiştir; Özellikle Amerika Birleşik Devletleri ve Rusya'nın zengin tarlaları, sarsıcı medeniyet kitlelerini beslemeye yardımcı olmak için dev silolar ve tahıl asansörleri ile işaretlenmiştir.</Text>
		</Row>
		<Row Tag="LOC_PEDIA_BUILDINGS_PAGE_BUILDING_GURDWARA_CHAPTER_HISTORY_PARA_1">
			<Text>Bir gurdwara (“gurunun giriş kapısı” anlamına gelir) bir Sih tapınağıdır, ancak tüm inançlardan olanların orada kendilerine ibadet etmeleri beklenir. Gurdwara geleneksel olarak Guru Granth Sahib'in sergilendiği büyük bir salona (Darbar Sahib) ve ziyaretçilerin Sih topluluğunun sunduğu ücretsiz yiyecekleri alabileceği bir Langar'a sahiptir. Eşitlikçi kompleksi ayrıca bir kreş, kütüphane, hastane ve / veya sınıflara sahip olabilir. İlk Sih gurusu Nanak Dev Ji, MS 1521'de Pencap'ın Ravi Nehrinin kıyılarına ilk gurdwara'yı inşa etti… efsaneye göre. İlk gurdwaralar, mevcut gurunun konuşmasını dinlemek ve Waheguru'ya (gevşek bir şekilde, “Tanrı”) ilahiler söylemek için toplananların inandığı yerlerdi. Nihayet bu yerlere “gurdwara” adını veren altıncı Sih gurusu idi. Meditasyon ve kutsal yazılarla çalışma Sihizm için merkezi olduğundan, gurdwara bir Sih'in “uygun” ahlaki ve manevi gelişimi için hayati öneme sahiptir.</Text>
		</Row>
		<Row Tag="LOC_PEDIA_BUILDINGS_PAGE_BUILDING_HANGAR_CHAPTER_HISTORY_PARA_1">
			<Text>Gemilerin rıhtımlara ihtiyacı var; uçakların hangarlara ihtiyacı var. Havadan daha ağır olan erken gemilerin hava koşullarından, tamirattan ve sürekli bakımdan korumaya ihtiyaç duyduğu ve bunların hepsinin en iyi şekilde ahşap ve kumaştan yapılmış mağara yapıları içinde yapıldığı keşfedildi (hemen hemen tüm hangarlar yapıldı. metal ve / veya betondan). Uçak ne kadar büyük olursa, gerekli olan hangar o kadar büyük olur; XXL hangarları (120 metreden fazla) dünyanın en büyük uçaklarına ev sahipliği yapmak için kullanılıyor: Airbus A380, Antonov 225 ve Boeing 747. 1 Lakehurst'ta (Hindenburg felaketinin bulunduğu yer) yer almaktadır. S'den XXL'e kadar hangarlar, bu hızlı dönemde askeri hava limanlarının ve sivil havaalanlarının operasyonları için hayati öneme sahip (bu nedenle hangarlar, herhangi bir modern savaşta öncelikli hedefler).</Text>
		</Row>
		<Row Tag="LOC_PEDIA_BUILDINGS_PAGE_BUILDING_LIBRARY_CHAPTER_HISTORY_PARA_1">
			<Text>Bir zamanlar okuryazarlık medeniyete bağlanırsa, okuma malzemelerinin (kitaplar, süreli yayınlar, haritalar, gazeteler, parşömenler, tabletler, her türlü dökümanlar) bir yerde toplanması kaçınılmazdı - bir kütüphane. Sümer'in M.Ö. 2600'e kadar uzanan ilk kütüphaneleri, çivi yazısı senaryosunda yer alan kil tabletlerinin arşivleriydi. Gılgamış Destanı da dahil olmak üzere Nineveh'deki Asurbanipal Kütüphanesi'nde 30 binin üzerinde kil tableti ortaya çıkarıldı. İskenderiye Kütüphanesi, klasik dünyanın en büyük ve en önemli kütüphanesiydi, ama yakıldı - en büyük kütüphanelerin yaşadığı bir kader, öyle görünüyor. Avrupa bir Karanlık Çağ'a girerken, kâğıt yapımı gelişimi bilinen dünyadan metin edinmelerine büyük ölçüde yardımcı olan Müslüman Arapların altında kütüphaneler gelişti. Bu tarihi kütüphanelerin birçoğunun herkese açık olmasına rağmen, halkın kütüphaneleri 1850'deki İngiliz Halk Kütüphaneleri Yasası ile geldi; düşük doğumlarına bakılmaksızın okur yazarlığa bir nimettir (1870'de yaklaşık% 76).</Text>
		</Row>
		<Row Tag="LOC_PEDIA_BUILDINGS_PAGE_BUILDING_LIGHTHOUSE_CHAPTER_HISTORY_PARA_1">
			<Text>Deniz tehlikeli bir yer olup, sıradışı gemiyi kedere getirmeyi bekleyen, sürgün, sığlık, resif ve kayalarla doludur. Yorgun mürettebat güvenli liman bulmakta zorlanabilir. Böylece, antik dönemde, erkekler yelken açmaya başladıktan çok kısa bir süre sonra, gemiyi tehlikeden limana kadar yönlendirmek için sinyal yangınları yakıldı; bu tür sinyal yangınları yükselirse daha da görünür olacağından, ilk denizcilik medeniyetleri tarafından promonialarda “deniz fenerleri” kurulmaya başlandı. Eskilerin en ünlüsü: İskenderiye'deki Pharos, elbette, bir zamanlar dünyanın en işlek limanı olan gemileri yönlendiren elbette. O zamandan bu yana iki bin yıl boyunca denizciler boğulmama ve kargoların kaybolmamasına ihtiyaç duyulan her yerde inşa edildi. Taş, ahşap ve tuğla, çelik ve beton konstrüksiyona, yangın ise ark lambalarına yol açtı, ancak prensip aynı kalıyor.</Text>
		</Row>
		<Row Tag="LOC_PEDIA_BUILDINGS_PAGE_BUILDING_MADRASA_CHAPTER_HISTORY_PARA_1">
			<Text>Medrese (arapça medrese veya türkçe medrese), genellikle dini bir bileşene sahip olmakla birlikte laik bir eğitim kurumudur. Medreseler tıp, hukuk, bilim, felsefe, din veya (korku) kadınların eğitiminde uzmanlaşacaktır. Diğerleri aynı zamanda mantık, dünya tarihi, yabancı diller, matematik, sanat ve karşılaştırmalı edebiyat öğretti. İlk medrese Gama'at el-Qarawiyyn, MS 859'da varlıklı bir tüccarın kızı Fatimah el-Fihri tarafından kurulmuştur. Fatimid, Ayyubid ve Memlük hanedanlarının egemenliği sırasında, Mısır ve Orta Doğu'ya yayılan egemen, varlıklı seçkinlerin medreselere sponsorluk uygulaması. İlk Osmanlı medresesi 1331 yılında İznik'te kuruldu ve Sünni İslam'ın geleneklerini takip etti. Türklerin ve Arapların medreseleri, Avrupa Karanlık Çağlara rastlarken, Batılı bilgisini en iyi şekilde koruyacak ve Doğu'nunkiyle harmanlayacaktır.</Text>
		</Row>
		<Row Tag="LOC_PEDIA_BUILDINGS_PAGE_BUILDING_MARKET_CHAPTER_HISTORY_PARA_1">
			<Text>Çarşı (Arapça), çarşı (Farsça), mercado (İspanyolca) veya palengke (Filipino) olarak adlandırılanlar olsun, pazarlar çiftçilerin artığı ve esnafların kasaba halkına satmak için savaş yaptıkları için buralardaydı. İlkel piyasalar bir takas sistemi üzerinde faaliyet göstermiş olsa da, piyasaları karlı ve medeniyet için vazgeçilmez kılan yazı ve para birliği olmuştur. Piyasalar şehirler, hem ulaşım merkezleri hem de tüketim merkezleri olarak yer almaktaydı. Thebes, Babylon, Atina, Roma, Bangkok, Marakeş, Londra, Delhi, her yerde ve her zaman pazarlar, egzotik, yenilikçi ve her gün satışa sunuldu. Şekilleri ve stilleri çarpıcı bir şekilde değişebilir - değişken pazarlar, iç pazarlar, sokak pazarları, gece pazarları, pazar meydanları, reklam sonsuz - ancak amaç aynıdır: ahırlara kâr etmek.</Text>
		</Row>
		<Row Tag="LOC_PEDIA_BUILDINGS_PAGE_BUILDING_MEETING_HOUSE_CHAPTER_HISTORY_PARA_1">
			<Text>Katolik Kilisesi'nin görkemli katedralleri ve kiliselerine karşı, Protestanların ibadetlerin sanat tarafından ciddi ve bozulmamış olması gerektiğini düşünüyorlardı. Bu nedenle bazı Cemaatçiler toplantı evlerinde ibadet ettiler - yerel kaynaklardan (genellikle ahşap ve taş) yapılmış sade, süslenmemiş binalar. Yeni Dünya'da Protestan sömürgelerinin çoğunun sosyal ve kültürel merkezi, hem yerleşimciler için hem ibadete hem de kamuoyuna açık söylem olarak hizmet veren toplantı eviydi. Birçok erken Quaker, Mennonite, Unitarian, Puritan, Baptist ve diğer dindar türler için, toplantı evi, siyasi tartışmaların, oyların ve kararların alındığı fiili belediye binası olarak da hizmet vermiştir. Atlantik kıyısı kolonileri boyunca, ilk açılan kamu binası tipik olarak toplantı evidir. Yeni ABD'de kilise ve devletin ayrılması yaygın bir müdür haline geldiğinde, bu toplantı evlerinin hepsi belediye salonlarına dönüştürüldü.</Text>
		</Row>
		<Row Tag="LOC_PEDIA_BUILDINGS_PAGE_BUILDING_MILITARY_ACADEMY_CHAPTER_HISTORY_PARA_1">
			<Text>Bir medeniyetin profesyonel bir ordusu varsa, o zaman onu yönetecek profesyonellere ihtiyacı var. (Bu pahalı ordunun zaten boşa harcanmayacağına kesinlikle yardım etmiyor, ancak kesin olarak garanti etmiyor.) Askeri bir akademi, eğitim görevlilerine adanmış “savaş sanatında” “daha ​​yüksek” bir öğrenim kurumu. İlk askeri akademiler, Avrupa’daki 1700’lerin başlarında (en eski, Woolwich’teki Woolwich’teki Kraliyet Askeri Akademisi), ordunun mühendisler ve topçular gibi “teknik” dallarındaki subayları yetiştirmek için kuruldu. Fransa'da École Royale Militaire, genel bir askeri eğitim sunan ilk 1751 yılında kuruldu. Bir kuşak içinde Prusya, Rusya, Avusturya, İsveç ve daha az Avrupa ülkesinin çoğunda ordu subaylarına dönüşen askeri akademiler vardı. Ve neden çocuklara savaş yollarını da öğretmeye başlamıyorsunuz? Bu nedenle, Birleşik Krallık'ta (Welbeck College gibi), Fransa'da (örneğin, Saint-Cyr), Birleşik Devletler'de (Valley Forge) kolej öncesi sınıf öğrencilerine özel yatılı okullar kuruldu. Askeri Akademi ve diğerleri), Rusya (Suvorov Askeri Okulları) ve başka yerler.</Text>
		</Row>
		<Row Tag="LOC_PEDIA_BUILDINGS_PAGE_BUILDING_MONUMENT_CHAPTER_HISTORY_PARA_1">
			<Text>İnsanlar unutkan bir tür gibi göründüğü için - ya da belki sadece egoist - her türlü şeyi anmak için anıtlar - “önemli” insanlar, olaylar, askeri zaferler, tanrılar ve hatta (Kensington'daki Peter Pan'a göre) Bahçe). Özellikle onları şehirlerin ortasına sokmaktan hoşlanıyor gibi görünüyorlar, bu yüzden herkes onları görmeli ve dolaşmalı ya da dolaşmalı. Anıtlar tüm şekil ve boyutlarda, güzel ve korkunç gelir. Zafer kemerleri, sütunlar, dikilitaşlar, anıtlar ve senotaphlar hemen hemen her büyük kentsel metropolde bulunabilir ve bu sayede sakinleri sivil ve ulusal gururla besler. Ya da, genellikle olduğu gibi, güvercinler için yuvalanma yerleri ve turist fotoğrafları için tanınabilir arka planlar olarak hizmet vermektedir.</Text>
		</Row>
		<Row Tag="LOC_PEDIA_BUILDINGS_PAGE_BUILDING_MOSQUE_CHAPTER_HISTORY_PARA_1">
			<Text>Bir binanın cami olması için İslami fıkıhlarda katı gereklilikler ve standartlar vardır ve bunları karşılayamayan ibadethaneler yalnızca musalladır (“evler toplamak”). Şeriat yasalarına göre, bir cami resmi olarak kutsal bir yer olarak tanımladıktan sonra, Yargı Günü'ne (Yawm ad-Din) kadar kalır. Dünyanın en eski ve en büyük camisi olan Mescid-i Haram, MS 638 civarında Mekke şehrinde inşa edilmiştir. İslam'ın bütün yerlerinin en kutsal olan Kabe'nin kutsal bölgesini kapsar. Hz. Peygamber, özellikle Medine'de olmak üzere, diğer camileri kurmuştur. Oradan, camiler - ayırt edici kubbeleri, minareleri ve imam tarafından denetlenen ibadet salonları ile - 7. Yüzyılda Arabistan, Orta Doğu ve Kuzey Afrika'daki inançlı kılıçlar tarafından taşındı. Uzak Doğu'da inşa edilen ilk caminin - ki Xi'an'da olduğu - bildirildiği gibi 8. yüzyılın ortalarına kadar uzanıyor. Dua, yardım ve öğrenme alanı olan cami, İslam medeniyetinin fiziksel kalbidir.</Text>
		</Row>
		<Row Tag="LOC_PEDIA_BUILDINGS_PAGE_BUILDING_MUSEUM_ART_CHAPTER_HISTORY_PARA_1">
			<Text>Sanat müzeleri (veya sanat galerileri), halk tarafından, genellikle vergi biçiminde ödenen kamusal alanlardır, kitleleri düzenleyip yükseltmek amacıyla yapılan sanat eserleridir. Sanat objeleri birçok şekilde olabilir: resimler, eskizler, heykeller, seramikler, metal işleri, baskılar ve şimdi video. Belki de yüksek kültürü halka getirmek için ilk çaba, MS 1671'de, Basel'deki Amerbach-Cabinet'de (şimdi de Kunstmuseum) gerçekleşti. Ancak, kamuoyu düzenlemesi için bu tür koleksiyonlar fikri, kurulan Capitoline, Vatikan ve Uffizi galerileri gibi, Rönesans döneminde gerçekten başladı. 1700'lerde ikonik koleksiyonların başka bir açık dalgası görüldü: Hermitage, Prado, Louvre ve ilk Amerikan müzesi, Charleston Müzesi, 1773'te. Louvre, 1793 yılında, kraliyet sanat koleksiyonunun bulunduğu Fransız Devrimi'nden hemen sonra kuruldu. halkı mülkiyeti ilan etti, sanatı zenginlerin elinden alma ve halkın katılması için zevkli bir gösterime sokma eğilimine başladı.</Text>
		</Row>
		<Row Tag="LOC_PEDIA_BUILDINGS_PAGE_BUILDING_MUSEUM_ARTIFACT_CHAPTER_HISTORY_PARA_1">
			<Text>İnsanlar çok fazla önemsiz üretiyorlar. Aynı zamanda eski çöplükten de etkilenmişler ve bu yüzden de müzeler yaratılmışlar. Bir müze, medeniyetin halka açık manzara için en değerli eşyalarını elinde bulundurmak için tasarlanmış bir binadır. Sanat koleksiyonlarını içeren müzeler var, fosiller, tarihi ilgi çekici eserler ya da popüler kültür meraklarını sergileyen müzeler var. Kostümleri, mücevherleri, silahları, aletleri veya salonlarını doldurup insanlara ilgi duyabilecek her şeyi barındıran müzeler de vardır. Sergilenen en eski meraklı koleksiyon koleksiyonu Ennigaldi-Nanna’nın Müzesi’deydi, c. 530 M.Ö., eşyaların etiketlerini garanti altına almak için yeterli trafik ile (arkeologların harabenin müze olduğuna dair bir ipucu). Ancak, kamuoyu düzenlemesi için bu tür koleksiyonlar fikri, Aydınlanma döneminde, Londra Kulesi'ndeki Kraliyet Armatürleri, Besancon'daki Musée des Beaux-Arts ve d'Archeologie ve St. Petersburg'daki Kunstkamera'nın kurulmasıyla başladı. Bu ve diğer müzeler şimdi neredeyse sergiledikleri çöplük kadar tarihi.</Text>
		</Row>
		<Row Tag="LOC_PEDIA_BUILDINGS_PAGE_BUILDING_PAGODA_CHAPTER_HISTORY_PARA_1">
			<Text>Teknik olarak, bir "pagoda" bir bina tarzıdır - bir binadan ziyade taşkın saçakları olan katmanlı bir kuledir, ancak aydınlanmayanlar için Uzak Doğu'da, çoğunlukla Budist, Taocu, Şinto'daki dini yapılar için genel bir terim haline gelmiştir. ve Konfüçyüs Pagoda yapısının kökeni MÖ 3. yy Nepal'in stupalarına kadar izlenebilir. Oradan, mimari stil, Budistlerin kutsal kalıntıları ve metinleri barındıran binaları için benimsedikleri Çin ve Doğu Asya'ya yayıldı. Budist misyonerler, hacılar ve rahipler için, bu pagodalar, Gautama Buddha'nın öne çıkan ve bol görüntüsü ile Dünya'ya inançlarının merkezi haline geldi. Süslenmemiş bezemelerden süslemelere kadar olan yapı malzemeleri ve dekorasyon bölgeden bölgeye ve inançtan inanca değişiyor. Ancak pagodaların geleneksel olarak tuhaf sayıları vardır; kayda değer istisna, 1762'de Londra'daki Kew Gardens'taki Sir William Chambers tarafından İngilizcenin zekice düşündüğü 163 metrelik “pagoda perisi” dir.</Text>
		</Row>
		<Row Tag="LOC_PEDIA_BUILDINGS_PAGE_BUILDING_PALACE_CHAPTER_HISTORY_PARA_1">
			<Text>Bazı şefler kral olmayı başardıklarında, o (veya) ihtişam sanrıları hissetmeye başladı; herkesin yapamayacağı gibi bir kulübede yaşamak. Bir saray, bir medeniyetin hükümdarının evidir. Bu terim biraz aachronist, çünkü bugünlerde her türlü şeye “saray” deniyor, hatta kumar casinoları bile. Halen çoğu cetvel “Beyaz Saray” veya “Hükümet Sarayı” olarak adlandırılan süslü binalarda yaşamaktadır ancak etkisi aynıdır. Saraylar (ve modern eşdeğerleri) üç şey yapacak şekilde tasarlanır: cetvelin yönetmesi, lideri saldırıdan korumak için gerekli insanlara ve iletişimlere erişimini sağlamak, liderleri önemsiz ve şaşırtıcı kibirleri konu ve yabancı ziyaretçileri etkilemek için .</Text>
		</Row>
		<Row Tag="LOC_PEDIA_BUILDINGS_PAGE_BUILDING_POWER_PLANT_CHAPTER_HISTORY_PARA_1">
			<Text>Bir elektrik santralinin (veya elektrik santralinin, elektrik santralinin veya elektrik santralinin) tek amacı - hidro, nükleer, güneş, fosil yakıtla ateşlenen, gelgit veya diğer - bu medeniyetin geliştirdiği elektriğe karşı acımasız iştahını beslemektir. son 160 yıl. Biçim ne olursa olsun, ilke aynıdır: Bir tür enerjiyi diğerine dönüştürün, böylece insanlar kendi rahatlıklarından faydalanabilirler. İlk elektrik santrali MS 1868'de Baron William Armstrong tarafından (bilim adamları hala laboratuarlarda elektrikle uğraşırken) Cragside'da tasarlandı ve üretildi; bir gölden gelen su, dinamoları çevirmek için kullanıldı ve ortaya çıkan elektrikle çalışan ışıklar, ısıtma, sıcak su ısıtıcıları, bir asansör ve yakınlardaki mülklerindeki diğer garip cihazlar. 1882 Ocak'ında ilk kamu santrali Londra’da çevrimiçi oldu ve Eylül’de Pearl Street İstasyonu New York’ta Manhattan’a elektrik sağlamak için faaliyete geçti. Pearl Street İstasyonu 1890'da yanmasına rağmen, çok geç oldu - insanlar elektrik ışıklarına takıldılar ve şimdi 7300'den fazla santral yalnızca ABD'de çalışıyor.</Text>
		</Row>
		<Row Tag="LOC_PEDIA_BUILDINGS_PAGE_BUILDING_RESEARCH_LAB_CHAPTER_HISTORY_PARA_1">
			<Text>Bir araştırma laboratuvarı, tıp, fizik, kimya, robotik, temiz enerji veya TV infomercial'ları için yeni ürünler olabilecek bir konunun ileri çalışmalarına ayrılmış bir kurumdur. Bu tür laboratuarlar, kamu tarafından finanse edilebilir veya kar isteyen zengin şirketler tarafından yönetilebilir; araştırma laboratuvarları üniversitelere bağlanabilir veya akademik sınırlardan ve etikten bağımsız olabilirler. “Etkin” araştırma laboratuvarlarının her disiplinde araştırmanın geleceği olduğu açıktır. Medeniyetin dünyayı anlama anlayışı ilerledikçe, adanmış bilim adamının bodrumunda yalnız çalıştığı ve “Eureka!” Diye bağırdığı günler geride kaldı. İnsanlık doğal dünyadan ne kazanırsa kazansın, ne olursa olsun yeni teknoloji oyuncağının dikkatini çekebilecek her ne olursa olsun, günlük yaşamında ne gibi bir gelişme olursa olsun, ne dehşete uğramış olursa olsun, büyük olasılıkla (CERN'in Büyük Hadron'u) araştırma laboratuvarından çıkacaktır. Çarpıştırıcı) veya küçük (bilgisayar simülasyonu modellemesi).</Text>
		</Row>
		<Row Tag="LOC_PEDIA_BUILDINGS_PAGE_BUILDING_SEAPORT_CHAPTER_HISTORY_PARA_1">
			<Text>Antik limanların sahaları kara veya nehir rotalarına erişimi optimize etmek, bağlantılı nakliyeyi korumak ve liman ücretlerini en üst seviyeye çıkarmak için seçildi - Qin Çin'de Guangzhou, Atina Pire, Mısır'da Canopus ve İskenderiye, Harappan için Roma, Ostia Antica. Bir limandan öte, bir liman liman gemileri ve mürettebatı için tüm gereklilikleri sundu: kordon ve marangozluk atölyeleri, rıhtım ve fişler, çubuklar ve genelevler, depolar vb. Avrupa limanları, dünyanın keşfedilmesi ve sömürgeleştirilmesi ve başlangıçta askeri tarihte belirgin bir biçimde görülen deniz üsleri için başlangıç ​​noktalarıydı. Ticari imparatorluklar yükseldi ve limanlarının kaderine bağlandı: Phoenicia, Srivijaya, Portekiz ve diğerleri. Denizlere bakanlardan daha az yaygın olmasına rağmen, New Orleans veya Calcutta gibi iç limanlar, geniş bölgelere okyanuslara erişim izni verdi. Bugün dünyanın en büyük limanları - Port Said, Hamburg, Şangay, Melbourne, Santos, Hong Kong, Los Angeles ve Vancouver, birkaçını isimlendirmek için - bir vinç ormanı, bir karayolu ve demiryolu labirenti, bir depo şehri ve depolama tankları, hepsi ihracat ve ithalattan kar elde etmeye adanmıştır.</Text>
		</Row>
		<Row Tag="LOC_PEDIA_BUILDINGS_PAGE_BUILDING_SEWER_CHAPTER_HISTORY_PARA_1">
			<Text>Yeterince insanı ve hayvanı bir yere koyun, sokakları asın, yağmuru bekleyin… ve bir kanalizasyon sistemine olan ihtiyaç belirginleşir. En azından Kızılderililere yaptı; Arkeologlar tarafından ele geçirilen en eski kapalı kanalizasyonlar, İndus Vadisi medeniyetinin kalıntılarında bulundu. Akıntıyı atık sudan ve kanalizasyondan nereye koyacağınız her zaman bir problemdi; Eski Roma'daki büyük Cloaca Maxima, bir mühendislik harikası olarak kabul edildi, Tiber Nehri'ne boşaldı (umarım, kentin içme suyunun alındığı yerden aşağıya iner). Birçok yerde, doğal bir su yolu kaplandı ve lağım sistemi olarak kullanıldı; Londra’nın Nehir Filosu böyle. Endüstri Devrimi'nin ortaya çıkması ve şehirlerin patlayıcı büyümesi ile birlikte, 19. Yüzyılın başlarında birçok inşaat mühendisi, entegre, amaçlı su ve kanalizasyon sistemlerinin yapımını istedi; 1858’de Londra’daki “Büyük Kokuş”, Parlamento tarafından finanse edilen ilk “modern” kanalizasyon sistemi ile sonuçlandı ve o zamandan beri tüm kanalizasyon yeniliklerinin temeli oldu.</Text>
		</Row>
		<Row Tag="LOC_PEDIA_BUILDINGS_PAGE_BUILDING_SHIPYARD_CHAPTER_HISTORY_PARA_1">
			<Text>Bilinen en eski tersane - buluşma c. 2400 M.Ö. Hindistan, Gujarat eyaletindeki Lothal kalıntılarında bulundu. Naupactus, Yunancada “tersane” anlamına gelir; Bu antik kentin savaş gemileri için bilinmesi şaşırtıcı değil. Bir imparatorluk iddiası taşıyan her milletin kendi tersaneleri vardı. Gemiler seri üretilen ilk şeylerden biriydi; Endüstri Devrimi'nden yüzyıllar önce Venedik'teki Arsenal, bir montaj hattında önceden üretilmiş ve standart parçaları kullanarak bir günde bir tüccar ya da savaş gemisi üretebildi. Demir ve çelik gemilerin gelişiyle birlikte, tersaneler her zamankinden daha fazla fabrika haline geldi, şimdiye kadarki en büyük okyanus gemilerini inşa eden devasa kuraklıklarla… ama bir günden fazla sürdü. Yayılan Harland'da & amp; Belfast'taki Wolff tersanesi olan RMS Titanic Mart 1909'da atıldı, ancak Mayıs 1911'e kadar piyasaya sürülmedi.</Text>
		</Row>
		<Row Tag="LOC_PEDIA_BUILDINGS_PAGE_BUILDING_SHRINE_CHAPTER_HISTORY_PARA_1">
			<Text>Bir tanrı (ya da tanrıça) yatıştırmak için, bir türbe koymak. Basit olsun - ormanın derinliklerinden temizlenmiş büyük bir kaya - veya ayrıntılı - yükselen kemerler ve oluklu sütunlardan oluşan mermer bir yapı - amaç aynıdır: hacacılar ve teklifler için sadık bir yer. Kaçınılmaz olarak, bazı peygamberlerin (veya belki de sadece bir azizin) bir mucize gerçekleştirdikleri, bir vahiy gördükleri, kitlelere konuştukları veya bir cennete yükseldikleri yer, medeniyetinin manzarasını mabetlerle kapladı. Bu kutsal yerler hemen hemen her dine mensuptur, ancak genellikle yerelde yeni bir din devraldığında parçalanır ve yeni bir tanrının temyiz edilmesi gerekir.</Text>
		</Row>
		<Row Tag="LOC_PEDIA_BUILDINGS_PAGE_BUILDING_STABLE_CHAPTER_HISTORY_PARA_1">
			<Text>Süvari askerleri için kışla neleriydi, ahırları dağları içindi. Gerçekten de, ordunun atları ve katırları genellikle kendilerine bakan köylülerden daha iyiydi. Çoğu yerde, ahırlar aynı zamanda İmparatorluk Roma türbasından İngiliz Hanehalkı Süvari'ye kadar süvari biriminin barakalarını da kapsıyordu. Tezgahlara ek olarak, ahırlar, yem depoları, damatların daireleri (atlarla yatmadıkları sürece), askeri ahırlar eğitim ve tatbikat için geniş alanlar da sağladı ve elbette veterinerin mahalleleri de vardı. Zamanla İngiltere gibi bazı yerlerde “istikrarlı” terimi bile bir süvari alayı merkezinin merkezini ifade ediyordu. Arazinin askeri ahırlarının yanı sıra, hükümdarın şaheserlerinin ve arabalarının tutulduğu kraliyet ahırları ve ahırları vardı; Bunlar genellikle içinde yerleştirilmiş bir çeşit monte edilmiş kraliyet muhafızı vardı. Bugün, süvari ahırlarının çoğu daha az çekici olan “motorlu havuzlar” ile değiştirildi.</Text>
		</Row>
		<Row Tag="LOC_PEDIA_BUILDINGS_PAGE_BUILDING_STADIUM_CHAPTER_HISTORY_PARA_1">
			<Text>Bir stadyum, colosseum'un daha iyi bir sürümüdür, daha geniş bir atıştırmalık ve daha fazla tuvalet seçeneği sunar. Spor yarışmalarına ibadet etmeye adanmış bir açık hava mekanı olarak bilinen en eski stadyum, batı Peloponez’deydi ve ilk kez düzenlenen eski Olimpiyat Oyunları’nın yeri olarak görev yaptı. MİLATTAN ÖNCE 776. Rekabet kültürünün bir kanıtı olan birçok kentin kalıntılarında Yunan ve Roma stadyumları bulundu. Boş zamanların artması ve Victoria Çağında organize sporların popülaritesi - özellikle Avrupa’da futbol (medeniyetsizler için futbol) ve Amerika’da beyzbol - dünya çapında öfkeli bir hızla stadyumlar inşa ediliyordu. Endüstri çağı stadyumlarının çoğu, örneğin Dublin'deki Lansdowne Road (1872-2006) veya Boston'daki South End Grounds (1871-1914) gibi ahşaplardan yapılmıştır. Bu günlerde, modern beton ve çelik stadyumları 100 bin çığlık, sportif bir maç için iğrenç taraftarlar, rock konseri veya siyasi ralli düzenleyebilir.</Text>
		</Row>
		<Row Tag="LOC_PEDIA_BUILDINGS_PAGE_BUILDING_STAR_FORT_CHAPTER_HISTORY_PARA_1">
			<Text>Top savaşmaya geldiğinde, eski, yüksek, düz şehir surları pek iyi durmuyordu. İtalya’da Rönesans’taki sınırsız savaş sayesinde askeri mühendisler, MS 15. yüzyılın ortalarında “yıldız kalesi” ni (daha doğrusu İtalyan izini) tasarladılar. Bir yıldız kalesinin tasarımı, herhangi bir eskizden açıktır: top mermilerini saptırmak için bir buzla çevrili, birbirleri için ateş sağlayacak şekilde yerleştirilmiş, çok sayıda üçgen burundan oluşan düz, düşük ve kalın ve eğimli duvarlı bir yapı. ve piyadeleri caydırmak için bir hendek. Yıldız kaleleri Floransa için yaptığı savunma tasarımlarında Michelangelo tarafından kullanılmış ve daha sonra konsept Peruzzi (Siena için) ve yazar Scamozzi tarafından geliştirilmiştir. İstilacı Fransız ve Hapsburg'lara karşı, İtalyan şehirleri kısa süre sonra geleneksel tahkimatlardan vazgeçti ve şehirlerini yıldız uçlarıyla sardı. Etkili tasarım, 1530'lu ve 1540'lı yıllarda İtalya'dan yayıldı ve büyük askeri mühendis Vauban tarafından Avrupa çapında standart hale geldi.</Text>
		</Row>
		<Row Tag="LOC_PEDIA_BUILDINGS_PAGE_BUILDING_STAVE_CHURCH_CHAPTER_HISTORY_PARA_1">
			<Text>Pagan yollarını geçtikten sonra çıta kiliseleri, Vikingler Hristiyanlığa döndükten sonra, orta çağ İskandinavya'da inşa edilen ahşap, kiriş sonrası yapılardı. Sadece İsveç'te, binin en eskilerinin 1100'lerin ortalarına dayanan binden fazla çıta kilisesinin dağıldığı tahmin edilmektedir. Dini işlevlerinin yanı sıra, bunlar genellikle toplantı salonları, kültür merkezleri, adliye sarayları ve hatta pazar yeri olarak işlev görür. Erken dönem çıta kiliseleri, yoğun karları dökmek için dik eğimli çatıları olan palisade yapılardı. Kiliselerde, genellikle tasarım olarak Hıristiyan olmakla birlikte zaman zaman Hıristiyanlık öncesi kahramanları ve mitleri betimleyen ayrıntılı ahşap oymaları vardı. Daha sonra, sadece köşe dikmeleri yeryüzüne yerleştirildi, tahtalar çerçeveyi kapladı. Şu anda Norveç'te 30'u aşkın kilisesi var.</Text>
		</Row>
		<Row Tag="LOC_PEDIA_BUILDINGS_PAGE_BUILDING_STOCK_EXCHANGE_CHAPTER_HISTORY_PARA_1">
			<Text>“Halka açık” şirketlerde mülkiyet hisselerinin - hisse senedinin değerinin yükselip düştüğünü iddia eden - rafine bir şekilde kumar oynamak isteyen insanlar için borsalar mevcuttur. Her zaman bir ücret alan hisse senedi brokerlerinin tavsiyesiyle, herkes hisse senetleri, tahviller veya diğer menkul kıymetler ile işlem yapabilir. Uygulama, Rönesans'taki İtalyan bankalarının bir şirket veya kuruluştaki alacaklı hissesi olan (bir işlem gezisi gibi) alacaklı tahvillerin yaratılmasında genezine sahiptir. MS 1602'de kurulan Hollandalı Doğu Hint Adaları Şirketi, satışa yönelik hisse satışı yapan ilk şirket oldu ve satın almaya gücü olan herhangi biri tarafından spekülatif yatırım için gecikmiş kar payları (yıllık kârının bir kısmı) teklif etti. Tüm bu yeni orta sınıf halk direnemedi ve kısa sürede diğer şirketler de aynı şeyi yaptı. Zamanla, Jonathan’ın Kahvehanesi’nde faaliyet gösteren John Castaing adında şüpheli bir üne sahip olan İngiliz, düzenli bir hisse senedi ve emtia fiyatları listesi yayınlamaya ve bunlara bir ücret karşılığında komisyoncu olarak hizmet vermeye başladı; bu Londra Menkul Kıymetler Borsası'nın başlangıcını işaret ediyor. Güney Deniz Kabarcık ve Lale Mania ve diğer tüm aldatmaca ve skandallara rağmen, uygulama o zamandan beri olmuştur.</Text>
		</Row>
		<Row Tag="LOC_PEDIA_BUILDINGS_PAGE_BUILDING_STUPA_CHAPTER_HISTORY_PARA_1">
			<Text>Eğer Swat Vadisi'ne doğru yol alırsanız ve kendinizi Shingardar köyünde bulursanız, küçük kasabanın üzerinde yükselen kocaman bir taş kubbe görürsünüz. Bu yapı, Budist Swat Kralı tarafından 2. ve 3. Yüzyıllar arasında yapılan bir stupadır.</Text>
		</Row>
		<Row Tag="LOC_PEDIA_BUILDINGS_PAGE_BUILDING_STUPA_CHAPTER_HISTORY_PARA_2">
			<Text>Budist krallar, sadece sevdikleri için kubbeleri inşa etmede kısmi değildi - Asya'da inşa edilen stupalar, ilk olarak Dördüncü Yüzyılda Hindistan'da ortaya çıkan anıtlardı.</Text>
		</Row>
		<Row Tag="LOC_PEDIA_BUILDINGS_PAGE_BUILDING_STUPA_CHAPTER_HISTORY_PARA_3">
			<Text>Birçok stupas genellikle Buda, hayatı ve müritleriyle ilgili eserler içerir. Çin'deki 108 Stupa Stupa gibi diğerleri, akıllarında veya potansiyel manevi yararları için bazı teolojik öneme sahip olarak inşa edildi.</Text>
		</Row>
		<Row Tag="LOC_PEDIA_BUILDINGS_PAGE_BUILDING_STUPA_CHAPTER_HISTORY_PARA_4">
			<Text>Birçoğu katlanmış olsa da, tarih Asya’nın stupaları üzerinde biraz zor oldu: Birçoğu çatışma ve felaket sonucu kubbelerine zarar verdi.</Text>
		</Row>
		<Row Tag="LOC_PEDIA_BUILDINGS_PAGE_BUILDING_MBANZA_CHAPTER_HISTORY_PARA_1">
			<Text>Mbanza “şehir” için Kongolu ya da bazı durumlarda basitçe “yerleşim”. Portekizce orta Afrika'ya geldiğinde, M'banza Kongo zaten ticaret ve el sanatları imalatından zengin, ancak nüfusun çoğunu yaşayan büyük bir şehirdi çevreleyen mahallelerde çevreleyen vadilerde - belki de 100 bin kişi kadar. Bu küçük kasabaların bir pazarı ve atölyesi olsa da, önemli şeyler - kiliseler, saraylar, okullar, klinikler, vergi daireleri - tepenin başkentinde bulunuyordu. Yamaçtaki birkaç yolla M'banza Kongo'ya bağlandılar ve bunlar bayram ve vergi günleri gibi zamanlarda oldukça kalabalıktı. Bütün bunlar 1648'de ziyaretçiye göre Francesco da Roma'ya göre. Öyleyse, Kongolu olanlar uygarlığın banliyölerini değil, aynı zamanda “acele saati” verdiler.</Text>
		</Row>
		<Row Tag="LOC_PEDIA_BUILDINGS_PAGE_BUILDING_SYNAGOGUE_CHAPTER_HISTORY_PARA_1">
			<Text>Geleneksel olarak, sinagog ("derleme" için Yunanca) terimi tüm Yahudi tapınaklarını tanımlamak için kullanılır ve hem ibadete hem de çalışmanın yeridir. Ana odadaki kutsal alan ibadet ve dua edilir. Dua bir haham (“öğretmen”) tarafından yönetilebilir - ancak zorunlu değil ve birçok sinagogun katılımında bir haham yoktur. Bir 'minyan' (on Yahudi) toplandığında toplumsal ibadet oluşabilir. Sinagoglar MS 70'te Kudüs'teki İkinci Tapınağın yıkılmasından önce var olmasına rağmen, hahamlarından biri - Yohanan ben Zakkai - dağınık Yahudilerin kendilerini bulabileceği her yerde ibadet evleri kurma fikrini destekledi. Bu nedenle, o zamandan beri, herhangi bir Yahudi (kral, varlık sahibi, bilgin, vb.) Ya da Yahudi grubu (Sefarad, Hasidik, Karay, Ortodoks, Reform vb.) Bir sinagog bulabilir.</Text>
		</Row>
		<Row Tag="LOC_PEDIA_BUILDINGS_PAGE_BUILDING_TEMPLE_CHAPTER_HISTORY_PARA_1">
			<Text>Bir tapınak, bir tanrıya adanmış olan dua, cemaat, fedakarlık ve benzeri manevi faaliyetlere ayrılmış yapıdır. Neredeyse her organize dinin bir tür tapınakları vardır; türbelerin aksine, bunlar planlı dindarlıktır, Tanrı'nın gücü tezahür ettirdi. Tapınaklar aynı zamanda tüm endişeler ve bağışlar ile birlikte ticari kaygılardır ve bu nedenle rahipleri, yardımcıları, vestal bakirelerini, rahipleri, hahamları vb. Beslemeye, giydirmeye ve desteklemeye hizmet ederler. Mezopotamya'da bulunan en eski tapınaklar 10. yüzyılda MÖ ve basit işler. Ancak zamanla tapınaklar daha da ayrıntılı ve ihtişamlı hale geldi ve Medeniyet üzerinde önemli bir etkiye sahipti - örneğin Thebes'teki Karnak Tapınağı, Atina'daki Parthenon, Bihar'daki Mahabodhi Tapınağı veya Latter İsa Mesih Kilisesi Kilisesi gibi Gölü'ndeki bir günlük azizler.</Text>
		</Row>
		<Row Tag="LOC_PEDIA_BUILDINGS_PAGE_BUILDING_UNIVERSITY_CHAPTER_HISTORY_PARA_1">
			<Text>İlkinden beri “daha ​​yüksek” öğrenim kurumu c. MS 1100, modern üniversitenin 6. yüzyıldan kalma Katolik katedrali ve manastır okullarında kökleri vardır. Paris Üniversitesi hariç (1150’de kurulan), ilk üniversitelerin çoğu, toprakların kralları ve kraliçeleri tarafından başlatıldı - Bologna (1088), Oxford (1167), Modena (1175), Cambridge (1209) ) Padua (1222), Krakow (1364) ve diğerleri - Katolik okullarına alternatif olarak (ve kaldırıma). Katolik Kilisesi'nin aksine (ve meydan okurcasına), bu “kamu” üniversiteleri “akademik özgürlüğü” benimsemişlerdir; Bunlardan ilki, 1155’te, Bologna Üniversitesi’nde bulunan ve Kutsal Roma İmparatoru Frederick Barbarossa’nın güvence altına aldığı şekilde orada çalışan bilim adamlarına hak ve koruma sağlayan Constitutio Habita’ydı. Üniversiteler hukuk, tıp, mantık, felsefe, belli bilimler ve klasiklerle ilgili çalışmalar yaptı; şimdi genç bilim adamları sepet dokumacılığı, spor yönetimi, müzik terapisi ve benzeri alanlarda “derece” alabiliyorlar.</Text>
		</Row>
		<Row Tag="LOC_PEDIA_BUILDINGS_PAGE_BUILDING_WALLS_CHAPTER_HISTORY_PARA_1">
			<Text>Barut, bombardıman uçağı ve nükleer füzeler gibi şeyler onları anlamsız hale getirene kadar, şehir istila etmek istiyorsa şehir duvarları oldukça önemliydi. Eğer bir kasaba vatandaşlarını nispeten güvende tutmak istiyorsa ve eşyaları kapılarındaki barbarlardan nispeten emniyetli tutmak istiyorsa, etrafını saran görece güçlü bir duvara ihtiyaç duyuyordu. Sümer şehri Uruk, sözde tanrı-kral Gılgamış tarafından inşa edildiği sanılan, tamamen duvarla çevrili bilinen en eski yerleşim yeridir. İndus Vadisi'ndeki ilk yerleşim yerlerinden bazıları - Kot Diji gibi - korunmak için muazzam taş ve tuğla duvarlara sahipti. Öte yandan, eğer şehir müthiş savaşçılar tarafından ele geçirildiyse, genellikle duvarlar olmadan da geçebilirdi - Sparta ve Roma, duvarlar inşa edilmeden önce birkaç yüzyıl boyunca hayatta kaldı. Bugün, surların hangi kısımlarının kaldığı ya yok sayılıyor ya da “yerel rengin” bir parçası olarak kabul ediliyor.</Text>
		</Row>
		<Row Tag="LOC_PEDIA_BUILDINGS_PAGE_BUILDING_WAT_CHAPTER_HISTORY_PARA_1">
			<Text>Kamboçya, Tayland ve Laos'taki Budist manastırlarına “wats” (“koruma” için Sanskritçe) denir. Su çoğu zaman bir okulu kapsıyordu ve bu nedenle hem kutsal hem de eğitimseldi. Bir su genellikle Buda heykelleri, bir dua odası, dini metinler içeren bir oda, dinlenme için bir köşk, bir kütüphane, çalışma odası, çan kuleleri, davul kuleleri ve yaşam alanlarını içeren bir tapınaktan ibarettir. Wat'lar iki tür halinde gelir: wisungkhamasima (kraliyet patronluğu) ve olmayanlar (samnak şarkısı). Güneydoğu Asya'da bolca bulunurlar ve mimari tarzlar halklar kadar değişkendir - keşişlerin ve acemilerin yaşam alanları her zaman kutsal yapılardan ayrı tutulsa da. Çoğunlukla süslü bir şekilde dekore edilmiş ve yaldızlanmış, keçiler, Kral Suryavarman II'nin himayesinde 12. Yüzyıl başlarında inşa edilen Angkor, Kamboçya'daki ünlüler de dahil olmak üzere Malezya'daki en belirgin ve tarihi yapılardan bazılarıdır.</Text>
		</Row>
		<Row Tag="LOC_PEDIA_BUILDINGS_PAGE_BUILDING_WATER_MILL_CHAPTER_HISTORY_PARA_1">
			<Text>Bir su değirmeni, her türlü faydalı şeyi öğütmek, eğirmek, kesmek veya zımbalamak için diğer tekerlekleri döndürmek üzere tasarlanmış bir su çarkını döndürmek için akan su kullanır: tahıl, kereste, tekstil, cevher, metal, kağıt vb. Çoğu halk su değirmenlerini saf değirmenler olarak görüyor, tahıllardan un üretmeye adapte olmuşlar… ve bu kesinlikle bulunan en eski tip. Yunan mühendis Bizans Philo (yaklaşık 280-220 arası) bir su değirmeni işleyişini açıkladı; Roma Vitruvius, bir dişli tertibatlı bir alt tekerlek olan binanın ilk teknik tanımını sundu. Öyle faydalı ki, Kara Çağlar zamanında her yerleşime yakın yerlerde bulunabilecekleri su değirmeniydi ve (kaybedilen birçok bilgiden farklı olarak) Avrupalılar su güdümlü kum değirmenlerini inşa etmek ve işletmek için gerekli olanları korumayı başardılar. Daha sonra, buhar gücü ve elektrik gücü, daha verimli ve ekonomik olan su çarklarının yerini aldı; Bugün sadece barbarlar mısır ve buğdaylarını öğütmek için gerçek su değirmenlerini kullanırdı.</Text>
		</Row>
		<Row Tag="LOC_PEDIA_BUILDINGS_PAGE_BUILDING_WORKSHOP_CHAPTER_HISTORY_PARA_1">
			<Text>Bir atölye iş için… o ahşap, metal, cam, seramik ve değerli bir şey yapmak için gereken her şeyi çalışmak içindir. Araçlar ve basit makinelerle dolu yüzlerce yıldır atölyeler, kapıdan kapı tokmağına, züccaciyeden nallara kadar her şeyi yapan usta ustalar arasındaydı (bir demirci ustalığı bir tür atölyedir). Eski atölyeler, insanlığın “homo faber” olarak damgalanmasıyla en eski uygarlık yerleşimlerine dayanıyor. Orta çağlara gelindiğinde “ekonomi” atölyesi, çıraklık sistemi için olduğu gibi, giderek daha sert hale gelen uygulamalarla iyi bir ilişki içindeydi. genç erkeklerin yetenekli çalışmalarının inceliklerini öğreten ustalara bağlı oldukları bir yer. Çıraklık genellikle yedi yıl sürdü, bunun üzerine çırak usta oldu ve kendi atölyesini (yolculuk yapmayanlardı) edindi. Ancak, Endüstri Devrimi, fabrikaların daha ucuz ürünleri (daha düşük kalitede de olsa) üretebilmesi nedeniyle tüm sisteme ödendi.</Text>
		</Row>
		<Row Tag="LOC_PEDIA_BUILDINGS_PAGE_BUILDING_ZOO_CHAPTER_HISTORY_PARA_1">
			<Text>Bilinen en eski mentorluk (veya “hayvanat bahçesi parkı”, yani hayvanat bahçesi) Hierakonpolis'te kazılmış ve c. MÖ 3500; Arkeologlara göre, suaygırları, filler, en sert, babunlar ve vahşi kediler içeriyordu. M.Ö. 12. Yüzyılda Çin İmparatoriçesi Tanki'nin “geyik evi” vardı ve daha sonra Zhou'lu Wen 1500 dönümlük bir menageri kurdu. Büyük İskender, sergilenmesi için Yunanistan'a geri gönderilen olağandışı hayvan örneklerine sahipti ve Roma imparatorlarının çoğu, vatandaşların araştırabileceği geniş bir hayvan koleksiyonuna sahipti. İnsanlar kafesli hayvanları izleyerek her zaman etkilenmişlerdir, ancak kimse insanlara geri bakan hayvanların ne düşündüğünden emin değildir; bilmemek daha iyi olur. Var olan en eski hayvanat bahçesi, Viyana'daki Tiergarten Schoenbrunn, Habsburg hanedanı tarafından muhafaza edilen egzotik hayvan koleksiyonundan evrimleşerek MS 1765'te halka açıldı. İngiltere'deki Whipsnade Vahşi Hayvan Parkı, 1931'de kafeslerle dolu geleneksel hayvanat bahçesinin üzerinde bir “ileri” olarak adlandırılan ilk “safari” parkı olarak 1931'de açıldı.</Text>
		</Row>
	</BaseGameText>
</GameData>