<?xml version="1.0" encoding="UTF-8" standalone="yes"?>
<GameData xmlns:xsi="http://www.w3.org/2001/XMLSchema-instance">
	<BaseGameText>
		<Row Tag="LOC_PEDIA_RELIGIONS_PAGE_INTRO_CHAPTER_CONTENT_PARA_1">
			<Text>Dini tercihlerinizin medeniyetiniz üzerinde büyük etkisi olacak. Yepyeni Dini Zafer ve Teolojik Mücadele'nin tanıtımıyla birlikte, İnançlarınızı diğer şehirlere ve medeniyetlere yaymak için emrinizde yeni ve heyecan verici araçlara sahipsiniz.</Text>
		</Row>
		<Row Tag="LOC_PEDIA_RELIGIONS_PAGE_RELIGION_BUDDHISM_CHAPTER_HISTORY_PARA_1">
			<Text>Tekerlek dönüyor… yani dharma çarkı, Buda'nın Nirvana'ya olan yolu hakkındaki öğretileri döner. Bugün dünyada 350 milyondan fazla insanın izlediği Budizm, “Yüce Buda, Enlighten Bir” olarak bilinen saygın manevi lider Siddhartha Gautama'nın öğretilerine dayanıyor.</Text>
		</Row>
		<Row Tag="LOC_PEDIA_RELIGIONS_PAGE_RELIGION_BUDDHISM_CHAPTER_HISTORY_PARA_2">
			<Text>Budizm'in merkezi figürü olarak, Buda bir tanrı olarak tanınmıyordu ve Tanrı ile bir bağlantı olduğunu iddia etmiyordu. Aksine, Buddha takipçilerine, Budizm'i dünyanın diğer büyük dinlerinden birçoğundan ayıran, kendi yaşam deneyimlerine dayanarak aydınlanma yolunu öğretti.</Text>
		</Row>
		<Row Tag="LOC_PEDIA_RELIGIONS_PAGE_RELIGION_BUDDHISM_CHAPTER_HISTORY_PARA_3">
			<Text>Küçük bir Hint krallığında 29 yaşına kadar olan bir kerelik bir prens olan Siddhartha, sarayın sınırlarının dışına çıktıktan sonra münzevi hayatına döndü (orada bir ahlak var). Birkaç yıl Hindistan’ın etrafında dolaştı, sonunda meditasyon yapmak için incir ağacının altında oturuyordu; orada birkaç gün sonra “aydınlanma” yı buldu ve böylece dünyayı acı çeken döngüden kurtardı ve Buda'yı doğurdu.</Text>
		</Row>
		<Row Tag="LOC_PEDIA_RELIGIONS_PAGE_RELIGION_BUDDHISM_CHAPTER_HISTORY_PARA_4">
			<Text>Budizm'in ilkel ilkeleri, Dört Asil Gerçeği ve Sekiz Katlı Yolu, birinin Nirvana'yı ya da bitmeyen ıstırabından barışı sağlayabileceği yolları ortaya koyuyor. En basit şekliyle, Dört Asil Gerçek, bize yaşamın acı çektiğini, acı çekmenin bizim isteklerimizden kaynaklandığını, bu bağlantı kesildiğinde acı çekmenin sona erdiğini ve acı çekmekten kurtulmanın ancak Sekiz Katlı Yolu uygulayarak mümkün olduğunu söyler. Öyleyse, aydınlanmayı başarmak için kişinin zevk aldığı her şeyden vazgeçmesi gerekir.</Text>
		</Row>
		<Row Tag="LOC_PEDIA_RELIGIONS_PAGE_RELIGION_CATHOLICISM_CHAPTER_HISTORY_PARA_1">
			<Text>Roma Katolikliği, Roma'da bulunan papalık olan Holy See'nin himayesinde Hristiyan kilisesinin teolojisini ve doktrinini ifade eder. Dini bilginlere göre Katoliklik, kilisenin geleneklerine, kutsallıklara ve Kutsal Kitabın tercümanları olarak rahibe olma taahhüdüne bağlı olarak Hristiyanlığın diğer şubelerinden ayrılmaktadır.</Text>
		</Row>
		<Row Tag="LOC_PEDIA_RELIGIONS_PAGE_RELIGION_CATHOLICISM_CHAPTER_HISTORY_PARA_2">
			<Text>“Katolik Kilisesi” teriminin bilinen en eski kullanımı MS 107 civarında Antakya Ignatius'tur. Erken kilise, daha sonra Konstantinopolis ve Kudüs patriklerine eklenen üç patriğin (Roma, İskenderiye ve Antakya'nınkiler) üstünlüğüne dayanarak düzenlendi. Ancak çok fazla patrik, kutsal suları çamurlama eğilimindedir.</Text>
		</Row>
		<Row Tag="LOC_PEDIA_RELIGIONS_PAGE_RELIGION_CATHOLICISM_CHAPTER_HISTORY_PARA_3">
			<Text>Yakında, Roma patriği, St. Peter ve o şehir arasındaki bağlantıya dayanarak özel bir otorite talep etti. 1000 yıl boyunca Roma Katolikliği, MS 1054'teki Büyük Şizmin Doğu Ortodoksluğunu doğurana kadar Avrupa'ya egemen oldu. Yaklaşık 500 yıl sonra, Hıristiyanlıktaki başka büyük bir bölünme, Avrupa'da birçok kişinin Katolikliğin öğretilerini ve uygulamalarını daha kişisel inanç ifadeleri lehine reddettiklerini gösteren Protestan Reformu ile gerçekleşti.</Text>
		</Row>
		<Row Tag="LOC_PEDIA_RELIGIONS_PAGE_RELIGION_CATHOLICISM_CHAPTER_HISTORY_PARA_4">
			<Text>Halen, Roma Katolik Kilisesi, Vatikan'la bir arada olmayanları “Katolik olmayan” olarak görüyor, ancak Kutsal Kitabın farklı yorumlarına katılıyor. Heretik yaktığı günlerden ve Katolik dogmadan farklı olanların çoğundan biraz daha fazla bir kayma.</Text>
		</Row>
		<Row Tag="LOC_PEDIA_RELIGIONS_PAGE_RELIGION_CONFUCIANISM_CHAPTER_HISTORY_PARA_1">
			<Text>Konfüçyüsçülük, Çinli filozof Konfüçyüs'ün (MÖ 551-479) öğretilerine dayanan bir inançtır. Başlangıçta ayrıcalıklı seçkinler için etik ve sosyal bir felsefe olarak tanıtılan Konfüçyüsçülük, günümüzde ağırlıklı olarak Doğu Asya bölgelerinde yoğunlaşan birkaç milyonu takip etti.</Text>
		</Row>
		<Row Tag="LOC_PEDIA_RELIGIONS_PAGE_RELIGION_CONFUCIANISM_CHAPTER_HISTORY_PARA_2">
			<Text>Konfüçyüs hayatı boyunca, herkesin toplumdaki “uygun” rolüne hizmet ettiği için kişisel ahlak, sosyal sorumluluk ve aile sadakatine güçlü bir inancı aşılamak istedi. Müziklerini Beş Sözde'ye klasik olarak bıraktı. Hümanist bir felsefe olarak Konfüçyüsçülük, her insanın “etik” davranış ve başkalarını dikkate alarak öğrenme, büyüme ve gelişme yeteneğine odaklanır.</Text>
		</Row>
		<Row Tag="LOC_PEDIA_RELIGIONS_PAGE_RELIGION_CONFUCIANISM_CHAPTER_HISTORY_PARA_3">
			<Text>Konfüçyüs'ün ölümünün ardından, öğretileri felsefeyi bastırma girişimleri Qin Hanedanlığı tarafından ciddiye alınana kadar yaklaşık 200 yıla yayıldı. Qin hükümdarları Konfüçyüsçülüğün otoriteleri için doğrudan bir tehdit olduğuna inandılar ve sonuç olarak Konfüçyüs'ün orijinal yazılarının birçoğu da dahil olmak üzere çoğu Konfüçyüs kitabının yandığını söylediler. Tapınaklar ülke genelinde tahrip edildi ve Konfüçyüsçülük inatçı takipçileri canlı canlı gömüldü.</Text>
		</Row>
		<Row Tag="LOC_PEDIA_RELIGIONS_PAGE_RELIGION_CONFUCIANISM_CHAPTER_HISTORY_PARA_4">
			<Text>Bu Konfüçyüs inanç sistemini ortadan kaldırma girişimlerine rağmen, daha sonra bir alimin evinin duvarlarında gizli bir Konfüçyüs el yazması deposu bulundu ve din, Qin’in çöküşünden sonra yeni bir hayat buldu. Günümüzde, Konfüçyüsçülük eserleri tüm dünyada halk tarafından çalışılmaktadır. Her ne kadar Konfüçyanizm'e bir dinden çok bir felsefe yaklaşıyor.</Text>
		</Row>
		<Row Tag="LOC_PEDIA_RELIGIONS_PAGE_RELIGION_HINDUISM_CHAPTER_HISTORY_PARA_1">
			<Text>Günümüzde hala uygulamada olan en eski din olarak kabul edilen Hinduizm - veya Sanatana Dharma (“ebedi hukuk”) - Vedalar olarak bilinen bir dizi eski el yazması üzerine kuruludur. Dört ana yazı eserini kapsayan Sanskritçe metinlerin bu koleksiyonunun 3500 yıldan daha uzun bir süre önce yazılmış olduğu düşünülüyor. Bugün dünyada (bir çoğu Hindistan ve Güneydoğu Asya'da yoğunlaşan) bir milyar (ve sürekli büyüyen) takipçisiyle, Hinduizm, tek bir kurucusu veya inancı olmayan ve aynı zamanda bir yaşam biçimi gibi çeşitli kültür ve geleneklerin bir birleşimidir. din.</Text>
		</Row>
		<Row Tag="LOC_PEDIA_RELIGIONS_PAGE_RELIGION_HINDUISM_CHAPTER_HISTORY_PARA_2">
			<Text>Vedalar, varlığımızın tüm yönlerini düzenleyen tek ve birleştirici bir kuvvete odaklanır. Hinduizm içinde, özellikle de Shiva, Vishnu ve Brahma'da tanınabilir birçok tanrı olmasına rağmen, bu tanrılar, büyük Tanrı'nın küçük bir kısmıdır. Dharma veya “Nihai Gerçeklik”, var olan her şeyin bağlı olduğu evrensel güç veya kanundur. Bitmeyen reenkarnasyondan kurtulmanın tek yolu meditasyon ve bir Tanrı'nın her şeyde olduğunun farkına varılmasıdır. Hindular ayrıca, hem iyi hem de kötü olan eylemlerimizin, yaşamlarımızın nasıl ilerlediği üzerine sebep-sonuç ilişkisine sahip olduğu Karma'ya inanıyor.</Text>
		</Row>
		<Row Tag="LOC_PEDIA_RELIGIONS_PAGE_RELIGION_HINDUISM_CHAPTER_HISTORY_PARA_3">
			<Text>Hinduizm içinde birkaç rekabetçi tarikat olmasına rağmen Vedik okullar, eski el yazmaları hakkındaki yorumlarında farklılık gösterebilir, ancak birbirlerini rakip olarak görmezler ve gerçekte birbirleriyle aralarında fikir ve düşünceleri paylaşırlar.</Text>
		</Row>
		<Row Tag="LOC_PEDIA_RELIGIONS_PAGE_RELIGION_ISLAM_CHAPTER_HISTORY_PARA_1">
			<Text>Dünyadaki en büyük ikinci din olan İslam, yalnızca tek bir Tanrı, Allah olduğu inancına dayanmaktadır ve iradesini Dünya üzerindeki bir takım peygamberlerle tezahür ettirmiştir. Bu peygamberlerin en önemlisi olan Hz. Muhammed(s.a.v.) (MS 571-632), Allah'ın sözlerini Müslüman kutsal kitabı Kur'an'da, olduğunu söyledi. Bu noktadan itibaren, Muhammed, kurtuluşa giden tek yolun kendisini günlük dua ederek tamamen Tanrı'ya adamak ve O'nun belirlediği yasalara sıkı sıkıya bağlı kalmak olduğunu vaaz etti.</Text>
		</Row>
		<Row Tag="LOC_PEDIA_RELIGIONS_PAGE_RELIGION_ISLAM_CHAPTER_HISTORY_PARA_2">
			<Text>Kurtuluşun sağlanabileceği çerçeve olan İslam'ın Beş Sütunu, en temel haliyle, Allah'dan başka bir tanrı olmadığını ve Muhammed'in peygamber olduğunu belirtir; kişi, beş tanrı zamanında, her gün Tanrı'ya dua etmek zorundadır; kişi onları destekleme ihtiyacı duyacak; kişi Ramazan ayı boyunca şafaktan gün batımına kadar oruç tutmalı; ve kişi, Hic al-Hicat'ın kutsal ayı boyunca, en az bir kez bir ömür boyu Mekke'ye hacca gitmeli.</Text>
		</Row>
		<Row Tag="LOC_PEDIA_RELIGIONS_PAGE_RELIGION_ISLAM_CHAPTER_HISTORY_PARA_3">
			<Text>Dinlerin çoğunun kurulmasında olduğu gibi, Hz. Muhammed ve takipçileri diğer inançlardan gelen güçlü direnişlerle karşılandılar. Buna rağmen, mesajı ölümünden sonra Orta Doğu'ya yayıldı. O zamandan beri İslam, en büyükleri Sünni ve Şii mezhepleri olan bir dizi rekabet dalına bölündü. Genel inançlarına bağlı kalsalar da, bu iki mezhep, İslam’a sadık kalması gerekenlerin yorumlanması konusunda titiz.</Text>
		</Row>
		<Row Tag="LOC_PEDIA_RELIGIONS_PAGE_RELIGION_JUDAISM_CHAPTER_HISTORY_PARA_1">
			<Text>Rabbinik Yahudiliğe göre, ataerkil bir Tanrı yasalarını ve emirlerini Sina Dağı'ndaki Musa'ya emanet ederken, “Seçilmiş İnsanlar” esaretten kaçtıktan sonra çölde dolaşıyorlardı. Ve hepsi, Tanak'ın temelini oluşturan Tevrat'ta (bazı kısımlar Hristiyan Eski Ahit'e dönüşen bazı bölümlerle) yazılmıştır. Prosaik gerçeğe göre, Yahudilerin ilk kez yaklaşık 3500 yıl önce, en eski tek tanrılı dinlerden biri olan M.Ö. 6. Yüzyıl çevresindeki bazı Babil dinlerinin bir evrimi olarak ortaya çıktığına inanılır.</Text>
		</Row>
		<Row Tag="LOC_PEDIA_RELIGIONS_PAGE_RELIGION_JUDAISM_CHAPTER_HISTORY_PARA_2">
			<Text>Yahudiliğin asıl doktrinleri yüzyıllardır hahamlar tarafından tartışılsa da, Yahudiler, Tanrı'nın kendisiyle uyumlu olması için seçilen ve seçilmişlerin hepsini İsrail'e geri getirmesi için bir mesih gönderecekleri seçilmiş insanlar olduğuna inanıyorlar. Henüz gelmedi. Yahudilere tarih boyunca zulmedilmiş ve dünyaya dağılmış olsa da, bir din olarak Yahudilik hayatta kaldı ve hatta zenginleşti. Yahudi etno dinleri yaklaşık 14 milyon veya dünya nüfusunun yaklaşık% 0.2'sini oluşturuyor.</Text>
		</Row>
		<Row Tag="LOC_PEDIA_RELIGIONS_PAGE_RELIGION_JUDAISM_CHAPTER_HISTORY_PARA_3">
			<Text>İçsel farklılıklarına rağmen, Yahudiliğin birçok yönü, hem İshak (İsraillilerin atası) hem de İshak'ın (İsrael'in babası) olan İbrahim'den gelen, “Hristiyanlık ve İslâm” ile yakından bağlantılıdır.</Text>
		</Row>
		<Row Tag="LOC_PEDIA_RELIGIONS_PAGE_RELIGION_ORTHODOXY_CHAPTER_HISTORY_PARA_1">
			<Text>Tahmini 300 milyon Ortodoks Hristiyanın amacı, daha “Mesih benzeri” olmak için manevi bir hac olan teorisiyle yaşamları boyunca Tanrı'ya daha yakınlaşmaktır (tam olarak ne gerektirdiği konusunda biraz belirsiz olsa da). Hristiyanlıkla ilgili olarak “ortodoks” teriminin en erken kaydedilen kullanımı, “erken kilisenin inançlarına uymak” anlamına geldiği Codex Justinianus (c. MS 530) idi.</Text>
		</Row>
		<Row Tag="LOC_PEDIA_RELIGIONS_PAGE_RELIGION_ORTHODOXY_CHAPTER_HISTORY_PARA_2">
			<Text>Ortodoks Kilisesi, köklerini Büyük Şismilere kadar izler. MS 9. ve 10. yüzyıllarda Konstantinopolis Patrikliği altındaki Hıristiyan kilisesi, Kiev Rusya ve Balkanlar da dahil olmak üzere Doğu Avrupa halkları arasında önemli dönüşümler yaptı. Roma'nın ve Konstantinopolis'in siyasi ve ekonomik rekabeti ile daha da şiddetli olan, felioque bölünmesi ve Papa'nın Patrik üzerindeki otoritesi gibi doktriner konular düşmeye neden oldu. Ortodoks Kilisesi, yalnızca Mesih'in kurduğu ve Havarilerin yıktığı özgün ve gerçek inancı uyguladığını söyler.</Text>
		</Row>
		<Row Tag="LOC_PEDIA_RELIGIONS_PAGE_RELIGION_ORTHODOXY_CHAPTER_HISTORY_PARA_3">
			<Text>Dahası, 1453'de Konstantinopolis'in Osmanlılara düşmesinden sonra, Doğu Kilisesi, Türklerin nispeten hoşgörülü egemenliği altında Roma'dan daha da soyutlandı. Bu arada, Ortodoks Kilisesi Rus çarları altında gelişti ve Slavlar arasında çok sayıda dönüşüm sağladı. Her ne kadar Komünist yönetim ve bu kadar laiklik yüzünden tümüyle azalmış olsa da, Doğu Ortodoksluk günah, kurtuluş ve ruhun enkarnasyonu konusundaki eski Hristiyan inancına hızla bağlı.</Text>
		</Row>
		<Row Tag="LOC_PEDIA_RELIGIONS_PAGE_RELIGION_PROTESTANTISM_CHAPTER_HISTORY_PARA_1">
			<Text>Sonunda Hıristiyan Avrupa'yı bölen bir hareket olarak Protestan Reformu, Almanya'da Katolik öğreti ve uygulamalara, özellikle de İncil'in kurtuluşu, gerekçesi ve yorumlanmasına karşı bir protesto olarak başladı. Her ne kadar bazı farklılıklar olsa da, tüm Protestan hareketleri iki prensip sürdürdü: papalık yorumlama yerine “İyi Kitap” ın Hristiyanlar için tek otorite kaynağı olduğu; ve bu kurtuluş, iyi eserler veya hoşgörülerden ziyade, yalnızca Mesih olarak Mesih ile kişisel bir bağlantı yoluyla gelir.</Text>
		</Row>
		<Row Tag="LOC_PEDIA_RELIGIONS_PAGE_RELIGION_PROTESTANTISM_CHAPTER_HISTORY_PARA_2">
			<Text>Hümanist bilginlerin okumalarına dayanarak, 1517 yılında, Wittenberg üniversite kasabasındaki bir Alman rahip Martin Luther, Katolik Kilisesi'nin bazı uygulamalarını eleştiren 95 tez yazdı. Örneği, diğer liberal dini düşünürlerin kiliseyle ilgili kendi eleştirilerini geliştirdiklerini; Yakında “evangelical” Lutheran mezhepleri İsviçre ve John Calvin’in altındaki İsviçre’deki “reform” inançları ile birlikte Almanya ve İskandinavya’ya yayıldı. Bu arada din, İngiltere'de ve başka yerlerde siyasetle karıştı, ancak Protestan kiliselerinin varlığına neden oldu (Henry’nin Anne Boleyn’e olan tutkusu inancından daha fazla olmasına rağmen).</Text>
		</Row>
		<Row Tag="LOC_PEDIA_RELIGIONS_PAGE_RELIGION_PROTESTANTISM_CHAPTER_HISTORY_PARA_3">
			<Text>Katolik inancındaki bölünme, yankıları hala yankılanan Hristiyanları (Müslümanlar, Yahudiler ve diğer Hristiyan olmayanlar yerine) öldüren bir dizi dini savaşı ateşleyecektir. Protestanlık içerisindeki sayısız harekete ve bölünmeye rağmen, çoğu, bir çoğu (takip edilemeyecek kadar çok sayıda) mezhepleri birlikte yaklaşık 670 milyon üye.</Text>
		</Row>
		<Row Tag="LOC_PEDIA_RELIGIONS_PAGE_RELIGION_SHINTO_CHAPTER_HISTORY_PARA_1">
			<Text>Kurucu figürü ve merkezi doktrini olmayan Shinto, bir bireyin fiziksel dünyayla ve Japonya ile olan bağlantısına dayanarak, Japon halkının oldukça biçimsiz bir manevi inancıdır. Shinto'nun kayıtlı tarihi, İmparatoriçe Gemmei'nin emriyle O no Yasumaro tarafından yazılan iki büyük esere dayanmaktadır: Kojiki (MS 712) ve Nihon Shoki (MS 720). Sözlü geleneklere dayanarak, birincisi emperyal aileyi Japon kültürünün ruhu olarak kurar, ikincisi ise sosyal hiyerarşinin ve düzenli yaşamın “doğruluğuna” odaklanır.</Text>
		</Row>
		<Row Tag="LOC_PEDIA_RELIGIONS_PAGE_RELIGION_SHINTO_CHAPTER_HISTORY_PARA_2">
			<Text>Şintoizmin temel yönlerinden biri, tapınakların ziyareti ile tanınan Kami olarak bilinen ruhlara ibadet etmektir. Kami tanrılar olarak görülmese de, insanlarla yakın bağları olan ruhlar veya varlıklardır ve birinin varlığının seyri üzerinde olumlu bir etkisi olabilir. Ancak, Şinto Kami'ye olan inancına değil, adanmışlığın ritüeline odaklanır. Kami'ye tapınakta saygı duymakla, bir ilgi gösteriliyor ve bu nedenle Kami olumlu yararlar sağlayabilir.</Text>
		</Row>
		<Row Tag="LOC_PEDIA_RELIGIONS_PAGE_RELIGION_SHINTO_CHAPTER_HISTORY_PARA_3">
			<Text>Şinto yüzyıllardır Japon yaşamının merkezinde olmasına rağmen, bugün Japonya'da 100 milyondan fazla taraftar bulunduğundan, Şinto geleneksel anlamda bir din değil, Japon halkına özgü yerleşik bir inançtır.</Text>
		</Row>
		<Row Tag="LOC_PEDIA_RELIGIONS_PAGE_RELIGION_SIKHISM_CHAPTER_HISTORY_PARA_1">
			<Text>Guru Nanak Dev tarafından MS 15. yüzyılda kurulan Sihizm, barış, eşitlik ve özveriliğin erdemlerini benimseyen ardışık Sih gurularının çabalarıyla büyümüştür. Sihizm'in şu anda, öncelikle Hindistan'ın Pencap bölgesinde bulunan 20 milyondan fazla takipçisi var. Sihler, fiziksel bir formu olmayan tek bir tanrıya inanır, ancak her Sih, Tanrı ile konuşma yeteneğine sahiptir ve hepsi Tanrı'nın gözünde eşittir - çok eşitlikçi bir inanç.</Text>
		</Row>
		<Row Tag="LOC_PEDIA_RELIGIONS_PAGE_RELIGION_SIKHISM_CHAPTER_HISTORY_PARA_2">
			<Text>Sihler, diğerlerine karşı cömertlikleri ile bilinir, çünkü dinlerinin temel ilkelerinden biri, din, ırk veya cinsiyetten bağımsız olarak tüm insanların eşit yaratıldığı fikridir. Diğer büyük dinlerden farklı olarak, Sihizm, başkalarına hizmet etmede iyi davranmanın, her türlü ritüelden daha önemli olduğu inancını desteklemektedir.</Text>
		</Row>
		<Row Tag="LOC_PEDIA_RELIGIONS_PAGE_RELIGION_SIKHISM_CHAPTER_HISTORY_PARA_3">
			<Text>Sihler de, hakikaten herkesi destekleyen, hakikat ve barış her şeyden önce geçerli olduğu için adaletsizliğe karşı savunma yapmak zorundadır. Sihler, kurtuluşa ulaşmak için, her Sih'in disiplinli meditasyon yapması gerektiğine inanmaktadır, çünkü yalnızca kişisel gözlem ve Tanrı'ya odaklanılarak kurtuluşa ulaşılabilir. Bu nedenle, Sih inancının takipçilerine, saçlarını kesmeme, sarhoş edici madde tüketmeme ve özellikle de herhangi bir ayin, batıl inanç veya hac gerçekleştirmeme zorunluluğu da dahil olmak üzere bir dizi kısıtlama vardır.</Text>
		</Row>
		<Row Tag="LOC_PEDIA_RELIGIONS_PAGE_RELIGION_TAOISM_CHAPTER_HISTORY_PARA_1">
			<Text>Taoizm, MS 2. Yüzyıl Çin krallıklarının eski inançları ve felsefeleri temelinde kurulan eşsiz bir dindir. Çoğu inanç gibi tek bir kurucu figürle doğrudan ilişkilendirilmemesine rağmen, Taoizm M.Ö. 4. Yüzyılda Tao Te Ching'i yazan filozof Lao-Tsu'nun yazılarına dayanarak büyüdü. İlk “Göksel Efendi” olan Zhang Daoling, Lao-Tsu'nun çalışmalarına dayanarak ilk Tao okulunu kurdu. Diğerleri takip etti.</Text>
		</Row>
		<Row Tag="LOC_PEDIA_RELIGIONS_PAGE_RELIGION_TAOISM_CHAPTER_HISTORY_PARA_2">
			<Text>Modern dinlerin çoğundan farklı olarak, Taoculuk, bazı efsanevi, bütünüyle güçlü, antropomorfik bir “tanrı” nın varlığına bağlı değildir. Aksine, hayata felsefi bir yaklaşımdır. Dinin en iyi bilinen ilkelerinden biri olan Yin ve Yang, uyum ve dengede serbest güçlerle dolu dünyayı temsil eder, ortak bir örnek aydınlık ve karanlık. Taoizm'in takipçileri, dünyadaki bu dengeyi korumak için günlük yaşamlarında alçakgönüllülük, şefkat ve merhamet göstermeye teşvik edilir.</Text>
		</Row>
		<Row Tag="LOC_PEDIA_RELIGIONS_PAGE_RELIGION_TAOISM_CHAPTER_HISTORY_PARA_3">
			<Text>Taoizm, tarihi boyunca, Çin geleneğinin diğer unsurları felsefeye girerken, orijinal okuldan ayrılan birçok mezhep ve şubeye sahiptir. Büyü, simya ve diğer mistik güçlerin hepsi ilk günlerinden beri bazı Taocu düşünce biçimlerine dahil edildi. Her ne kadar toplam takipçi sayısının tahminleri geniş çapta değişse de, bugün hala Çin ve çevresindeki bölgelerde birkaç milyon “gerçek” inancının olduğuna inanılmaktadır.</Text>
		</Row>
		<Row Tag="LOC_PEDIA_RELIGIONS_PAGE_RELIGION_ZOROASTRIANISM_CHAPTER_HISTORY_PARA_1">
			<Text>Peygamber Zoroaster'ın öğretilerine dayanan eski bir inanç olan Zerdüştlüğün, İran'ın yaklaşık 3500 yıl önce Pers bölgesinde bulunduğu bir bölgede kurulduğuna inanılıyor. Dünyanın en büyük dinlerinden biri olan Zerdüşt, bugün yalnızca Hindistan, Pakistan ve İran'da yaşayan yaklaşık 200 bin kişi tarafından takip ediliyor. Genel olarak, MS 7. Yüzyıldan sonra Sassanid İmparatorluğu'nun çöküşünden bu yana İslam tarafından marjinalleştirildi ve gölgede bırakıldı.</Text>
		</Row>
		<Row Tag="LOC_PEDIA_RELIGIONS_PAGE_RELIGION_ZOROASTRIANISM_CHAPTER_HISTORY_PARA_2">
			<Text>Zoastastizm, bazıları tarafından dünyadaki en eski tek tanrılı din olarak kabul edilir, ancak bu, alimler arasında bir çekişme noktasıdır. Zerdüştlerin inançları, Zerdüştlerin tüm geleneğinin ve ibadetinin odak noktası olan yaratıcı tanrı Ahura Mazda'ya odaklanmıştır. Ahura Mazda'nın bilgisini, daha sonra bölgedeki öğretileri yaymak üzere dolaşan Zoroaster'a açıkladığı söylenir. Avesta olarak topluca bilinen Zoroastridizm'in kutsal metinleri, Zoroaster tarafından yazılmış olduğu söylenen ilahileri içerir.</Text>
		</Row>
		<Row Tag="LOC_PEDIA_RELIGIONS_PAGE_RELIGION_ZOROASTRIANISM_CHAPTER_HISTORY_PARA_3">
			<Text>Çoğu dinlerde olduğu gibi, Zerdüştcilik, insanların bu durumda “iyi düşünceler ve iyi eylemler” yoluyla uyum içinde yaşayabileceği yollarını ana hatlarıyla ortaya koymaktadır. Zerdüştler, genellikle ateşin tapanları olarak, kısmen de ateşin bir sembolü olarak yangının yaygınlığı nedeniyle yanlış tanımlanmıştır. Zerdüştler ayinleri. Zerdüştlükte, ateş Ahura Mazda'nın ışığını temsil eder ve inananlar ateşin kendisinden ziyade ışık yönünde dua ederler.</Text>
		</Row>
	</BaseGameText>
</GameData>