<?xml version="1.0" encoding="UTF-8" standalone="yes"?>
<GameData xmlns:xsi="http://www.w3.org/2001/XMLSchema-instance">
	<BaseGameText>
    <Row Tag="LOC_PEDIA_FEATURES_PAGE_INTRO_CHAPTER_CONTENT_PARA_1">
      <Text>Özellikler hex'in arazisinde görünebilecek arazi veya bitki örtüsü unsurlarıdır. (Örneğin, bir Otlak altıgen hekimi üzerinde Woods veya Bataklığı olabilir.) Özellikler bir altıgenin verimliliğini değiştirebilir ve altıgen girerken bir birimin harcadığı "hareket noktaları" (MP) miktarını da değiştirebilir. Özellikler ayrıca hex'i işgal eden bir birime savunma savaş bonusları veya cezaları sağlayabilir.</Text>
    </Row>
		<Row Tag="LOC_PEDIA_FEATURES_PAGE_FEATURE_BARRIER_REEF_CHAPTER_HISTORY_PARA_1">
			<Text>Kuzeydoğu Avustralya kıyılarının dışına çıkan 2300 km'lik (1400 mil) Büyük Bariyer Resifi, canlı organizmalar tarafından yapılan en büyük yapıdır (insan yapımı “harikalar” için) ve hatta yörüngeden görülebilir. Yarım milyar yıl boyunca milyarlarca mercan polisi tarafından inşa edilmiş, şimdi bazı 2900 bireysel resif ve 900 adadan oluşuyor ve 30 çeşit balina, yunus ve porselenden 215 kuş türüne kadar inanılmaz bir fauna çeşitliliğine ev sahipliği yapıyor. Ne yazık ki kirlilik, aşırı avlanma, turizm ve iklim değişikliği resifin geleceğini tehdit ediyor; mercanların ağartılması hızlanıyor ve bilim adamları sert adımlar atılmadığı sürece, MS 2030'da Büyük Bariyer Resifi'nin “geri dönüşü olmayan bir zarar” yaşayacağını ve artık “büyük” olmayacağını tahmin ediyorlar.</Text>
		</Row>
		<Row Tag="LOC_PEDIA_FEATURES_PAGE_FEATURE_CLIFFS_DOVER_CHAPTER_HISTORY_PARA_1">
			<Text>Ünlü Dover Beyaz Kayalıkları, İngiliz Kanalının Avrupa kıtasına bakan en dar şeridi üzerinde durur. Siyah çakmaktaşı ile çizilen tebeşirlerden oluşan kayalıklar, yerlerin 110 metre (350 fit) yüksekliğe ulaşıyor. Açık bir günde, kayalıklar Fransa'dan görülebilir. Bu doğa harikası ününü, sonsuza dek sürmeyecek olan doğal güzelliği kadar sembolik değerine de borçludur; uçurumun yüzü yılda yaklaşık bir santimetre uzağında ayrılıyor ve zaman zaman büyük parçalar kopuyor… bu nedenle, ziyaretçilerin kenardan uzak durmaları isteniyor (bir İngiliz çocuğun Dover'ın Beyaz Kayalıklarından düşmesini istemezdi. ).</Text>
		</Row>
		<Row Tag="LOC_PEDIA_FEATURES_PAGE_FEATURE_CRATER_LAKE_CHAPTER_HISTORY_PARA_1">
			<Text>John Wesley Hillman, “Deep Blue Lake” adını verdiği gölü gören ilk yerli olmayandı. Göl, o zamandan beri “Majesteleri Gölü” olarak adlandırılan ve şu anda “Krater Gölü” olarak adlandırılan bir kimlik krizi geçirdi. yerel Klamath kabilesi, gök tanrısı Skell ile yeraltı tanrısı Llao arasındaki savaş sırasında oluşturulan kutsal bir bölge olarak nitelendirdi. 7700 yıl önce Kuzey Amerika Cascade Range'deki Stratovolcano Mazama'nın çöktüğü zaman, Crater Gölü derin bir caldera gölüdür. Hiçbir nehir göle girip çıkmadığından, oradaki tatlı sular yağmur ve karların sonucudur; bilim adamları suyun sadece 250 yılda bir tamamen değiştirildiğini tahmin ediyorlar. Muhteşem Cascade parkurlarını gezerken kantini doldurmak için en iyi yer değil.</Text>
		</Row>
		<Row Tag="LOC_PEDIA_FEATURES_PAGE_FEATURE_DEAD_SEA_CHAPTER_HISTORY_PARA_1">
			<Text>Her ikisi de uygun olan “Antik Denizler” olarak bilinen İbraniler ve “Ölüm Denizi” olarak bilinen Araplar, her ikisi de uygun - Levant'taki bir tuz gölü ve en düşük kara yüksekliği (deniz seviyesinden 420 metre aşağıda) ) Yeryüzünde. Yüzde 34.2 tuzluluk oranıyla, gezegenin en tuzlu su kütlesi arasında yer alıyor. Ancak, Büyük Herod tarafından en çok tercih edilen tarihin ilk sağlık merkezlerinden biriydi ve sedef, rinosinüzit, kistik fibroz ve osteoartrit gibi hastalara varsayılan tedaviler önerdiği düşünülüyordu. Kıyı bölgesinden madencilik, mumyalama asfaltından gübre potasyumuna kadar her türlü ticari fırsatı sağlamıştır. İnsanoğlunun herhangi bir şeydeki gümüş astarı bulmak için bir yeteneği vardır… Ölü Deniz bile.</Text>
		</Row>
		<Row Tag="LOC_PEDIA_FEATURES_PAGE_FEATURE_EVEREST_CHAPTER_HISTORY_PARA_1">
			<Text>Everest Dağı, deniz seviyesinden 8848 metre (29029 fit) yüksekte ve Himalaya aralığının bir parçası olan dünyanın en yüksek dağıdır. 9. Yüzyıl Budist savcısı Padmasambhava ve 250'den fazla kişinin katili tarafından belirlenen “sığınak vadileri” den biri, 1922'den beri fatih olacaktı. dünyada zirveleri. Yarım asır sonra, 1858'de, Hindistan Genel Sekreteri Andrew Waugh, Peak XV'in (Everest) en yüksek olduğunu açıkladı. Ve maceracılar o zamandan beri tırmanmaya çalışıyorlar ... “Çünkü orada.”</Text>
		</Row>
		<Row Tag="LOC_PEDIA_FEATURES_PAGE_FEATURE_FLOODPLAINS_CHAPTER_HISTORY_PARA_1">
			<Text>Taşkın yatağı nehirlere bitişik olan ve her yıl (veya daha sık) su basmasına eğilimli ve bu nedenle toprak birikintilerinden ve bilinen en verimli tarım alanlarından birçoğu için su basması eğilimli bölgelerdir. Belki de en iyi bilinen, Antik Mısır'ın tarihin en büyük medeniyetlerinden biri olmasına yardım eden Nil boyunca olanlardır.</Text>
		</Row>
		<Row Tag="LOC_PEDIA_FEATURES_PAGE_FEATURE_FLOODPLAINS_CHAPTER_HISTORY_PARA_2">
			<Text>Semtler, Mısır gibi oynamadıkça, Floodplains'e normal olarak inşa edilemez.</Text>
		</Row>		
		<Row Tag="LOC_PEDIA_FEATURES_PAGE_FEATURE_FOREST_CHAPTER_HISTORY_PARA_1">
			<Text>Odunların ödülü, birden fazla kabilenin hayatta kalmasında hayati öneme sahip ahşap, hayvan ve bitki sağlayan hayati öneme sahipti. Ne yazık ki, medeniyet, çiftlikler, yollar ve banliyölere yer açmak için onları çok sık kesti… ve daha sonra, peletler, kütükler ve metallerden zenginleşmek isteyen açgözlü şirketler var.</Text>
		</Row>
		<Row Tag="LOC_PEDIA_FEATURES_PAGE_FEATURE_GALAPAGOS_CHAPTER_HISTORY_PARA_1">
			<Text>Islas Galapagos ilk kez Avrupalılar tarafından ziyaret edildi, Panama’daki İspanyol Piskopos Fray Tomás de Berlanga’nın MS 1535’te Peru’ya giderken yolunu kapatması. 1835 yılına kadar Charles Darwin adında genç bir doğa yazarı olan HMS Beagle'ın Pasifik limanlarına yaklaştığı sırada, 1835 yılına kadar izole edilmiş ekvator takımadalarına hiç kimse daha fazla dikkat etmedi. Darwin, Charles Adası'nı dolaştı ve oradaki kaplumbağaların, zincirdeki diğer adalardan farklı olduğunu belirtti. Darwin onları bir kez kestiğinde, farklı değişikliklere rağmen, adalardaki tek bir ispinoz kuşu türü buldu. Böylece, Türlerin Kökeni ortaya çıktı ... ve insanlığın biyolojik olan her şeyi (maneviyattan bahsetmeden) anladığını sonradan asla aynı olmayacaktı.</Text>
		</Row>
		<Row Tag="LOC_PEDIA_FEATURES_PAGE_FEATURE_ICE_CHAPTER_HISTORY_PARA_1">
			<Text>Buz gemilere geçemez (birkaçı birden fazla kedere geldi, sadece Titanik ekibine sor) ve diğer gezginler için pek eğlenceli değil. Belki kutup ayıları dışında.</Text>
		</Row>
		<Row Tag="LOC_PEDIA_FEATURES_PAGE_FEATURE_JUNGLE_CHAPTER_HISTORY_PARA_1">
			<Text>Karanlık, yasaklayan, iz bırakmayan, ölümcül - yağmur ormanları sadece hayatta kalabilmek için yetenekli ve dayanıklı olan kaşifler ve zehirli dart alan yerliler içindir. Asya, Afrika ve Güney Amerika'daki yağmur ormanları, modern uygarlığa her türlü zenginlik ve yiyecek sağladılar.</Text>
		</Row>
		<Row Tag="LOC_PEDIA_FEATURES_PAGE_FEATURE_KILIMANJARO_CHAPTER_HISTORY_PARA_1">
			<Text>Ernest Hemingway'e göre, Masai'de “Tanrı'nın Evi” Ngaje Ngai olarak bilinir. Üç volkanik koniden oluşan, en yüksek 5.900 metreye (19.340 fit) ulaşan - Afrika'nın en yüksek noktası ve en yüksek duruşu Dünyadaki dağ - Kilimanjaro masifi kuzeydoğu Tanzanya'da bulunmaktadır. Bir stratovolkan olduğu düşünüldüğünde, doruklarından ikisi (Mawenzi ve Shira) soyu tükenmişken, en yüksekleri (Kibo) uykudadır; son püskürmesi yaklaşık 150 bin yıl öncesine dayanıyor. Birden fazla başarısız girişimden sonra, Kibo'nun zirvesine, Kibo'nun gerçekten bir krater olduğunu doğrulayan Alman Hans Meyer ve Avusturyalı Ludwig Purtscheller tarafından MS 1889'da nihayet ulaştı. Bundan sonraki ipuçlarına rağmen, Kibo birkaç yıl önce yapılan hava fotoğrafçılığına dayanarak 1964 yılına kadar haritalandırılmadı.</Text>
		</Row>
		<Row Tag="LOC_PEDIA_FEATURES_PAGE_FEATURE_MARSH_CHAPTER_HISTORY_PARA_1">
			<Text>Odunsu bitkilerden ziyade otsu bitkilerle kaplı olan bu tatlı su sulak alanlar genellikle yavaş akan nehirler boyunca veya göllerin kıyısında bulunur. Bazı medeniyetlerde, bataklık ve bataklıktaki kasabalarda inanılmaz çeşitlilikteki değerli eşyalara, bitkilere ve hayvanlara ev sahipliği yapan St. Petersburg, New Orleans ve Pantanal'daki Brezilyalılar.</Text>
		</Row>
		<Row Tag="LOC_PEDIA_FEATURES_PAGE_FEATURE_OASIS_CHAPTER_HISTORY_PARA_1">
			<Text>Efsaneler ve çölde dolaşan insanlar için hayati önem taşıyan vahalar, temiz ve bol su kaynağı üzerine oturuyorlar. Aksi halde çorak ve cansız bir ülkede bu harika çıkışlardan masallar söylendi… ve savaşları kontrol etmek için savaştı.</Text>
		</Row>
		<Row Tag="LOC_PEDIA_FEATURES_PAGE_FEATURE_PANTANAL_CHAPTER_HISTORY_PARA_1">
			<Text>Pantanal, 195 bin kilometrekare (yaklaşık 75 bin mil kare) su, bataklık, bataklık ve su birikintisine yayılan dünyanın en büyük tropikal sulak alanı olarak kabul edilir. Elbette, yaklaşık 1000 kuş türü ve 480 sürüngen türü de dahil olmak üzere, çok çeşitli flora ve fauna biyo-sistemlerine ev sahipliği yapmaktadır. Yüzyıllar boyunca, yerli Bororo, bunların arasında mutlu bir şekilde yaşadı, ancak 1800'lerin sonunda, hastalıklar ve Brezilyalı kaşifler, köle tüccarları, arama yapan kişiler ve yerleşimciler tarafından oldukça iyi bir şekilde yok edildiler. Şimdi Pantanal'da birkaç Brezilya şehri bulunuyor.</Text>
		</Row>
		<Row Tag="LOC_PEDIA_FEATURES_PAGE_FEATURE_PIOPIOTAHI_CHAPTER_HISTORY_PARA_1">
			<Text>Milford Sound olarak herkes tarafından bilinen bu inatçı yerlileri kurtarır - şimdi soyu tükenmiş piopio kuşundan sonra ismini veren - muhteşem doğal fiyort bir zamanlar Rudyard Kipling tarafından "Dünyanın sekizinci harikası" olarak anılırdı. Buzulların oyduğu Yeni Zelanda fiyortunun kayalıkları, karanlık sulardan dikey olarak yükselirken, şelaleler yüzlerden 1000 metreye kadar düşmektedir. Kaptan James Cook gibi ilk kaşifler tarafından görmezden gelinen fiyort, en azından Avrupalılar tarafından, MS 1812'ye kadar, ilk kez Galler'de belirsiz bir noktaya ilk kez yelken açıldığı sırada isimlendirilmeden kaldı. 1888'de MacKinnon Geçidi yerleştirildi ve dünyanın en iyi yürüyüş parkurlarından biri olan Milford Pisti boyunca fiyorta erişim sağlandı. Şimdi, yılda dörtte üç milyon ziyaretçi ziyaret edip, ülkedeki en ünlü turizm merkezi haline gelen sese yelken açıyor.</Text>
		</Row>
		<Row Tag="LOC_PEDIA_FEATURES_PAGE_FEATURE_TORRES_DEL_PAINE_CHAPTER_HISTORY_PARA_1">
			<Text>Feminist ve muhabir Lady Florence Dixie, üç granit kulesini 1880 kitabında “Kleopatra'nın İğneleri” olarak nitelendirdi; bölgeye “ilk yabancı turist” olma konusunda şüpheli bir ayrım yaptı. Ne yazık ki, o son değildi, çünkü Torres del Paine Park, 1985'ten beri dikkatsiz sırt çantalılarından dolayı üç büyük orman yangını geçirdi. Neyse ki, deniz seviyesinden 2850 metre yüksekte bulunan Paine Masifi'nin üç tepesi göller ve buzullarla çevrilidir ve alevleri göreceli olarak etkilenmemiştir. Torres del Paine zirvelerini kapsayan parkın kendisi, 1977'de Şili hükümeti tarafından kuruldu ve ertesi yıl parka UNESCO tarafından bir Dünya Biyosfer Rezervi atandı.</Text>
		</Row>
		<Row Tag="LOC_PEDIA_FEATURES_PAGE_FEATURE_TSINGY_CHAPTER_HISTORY_PARA_1">
			<Text>Neredeyse çocuklar için bir tatil yeri olan Tsingy de Bemaraha, Madagaskar adasında, çukurlar ve mağaralarla kesilmiş, pürüzlü kireçtaşı oluşumlarının karst topolojisidir. Bitişikteki Sıkı Doğa Koruma Alanı ile birlikte (bir çok hayvan evlerini karıştırılmış kuleler ve ormanlar arasında, onbir lemur türü dahil ormanlar arasında yapar) 1990'lı yıllarda UNESCO Dünya Mirası Alanı olarak belirlenmiştir. Düşey kayaların labirentine - 300 metre yüksekliğinde ve tümüyle keskin olan yerlerde - keskin kalpli için değil (Madagaskar’ın başkentinden beş günlük bir yolculuk) ulaşmak zor. Tsingy de Bemaraha'ya cesaret veren doğa bilimcileri, tıbbi yardım almak için emekleme yapmak zorunda kaldılar. Sadece tsingy'nin “birinin yalınayak yürüyemeyeceği” anlamına gelen Madagaskarlı kelime olması beklenir.</Text>
		</Row>
		<Row Tag="LOC_PEDIA_FEATURES_PAGE_FEATURE_YOSEMITE_CHAPTER_HISTORY_PARA_1">
			<Text>Yoğun çam ormanları ve El Capitan ve Yarım Kubbe'nin granit zirvelerinin kuşattığı 13 kilometrelik (sekiz mil) uzun Yosemite Vadisi batı Sierra Nevada'da yatıyor. Asıl sakinleri, temel gıdaları meşe palamudu olan Mono Gölü Paiutes bir kabilesiydi; Bu yüzden California Gold Rush yerliler arasında huzursuzluk gördüğünde, devlet onları kovmak için Mariposa Taburu'nu kurdu. Birkaç yıl sonra, MS 1855'te James Hutchings, vadideki ilk turist partilerini düzenledi. Sanatçı-yazar Thomas Ayres'in metinleri, Uzak Doğu Amerika'daki Yosemite'ye ilgi duydu ve çok yakında bir paralı yol, birkaç otel ve yeni yürüyüş parkurları vardı. 1864 yılında, Başkan Lincoln, Yosemite Vadisi'nin ve yakındaki dev sekoyaların “her zaman için devredilemez” olduğunu ve ABD'nin ilk “federal” korumalı manzara parkına sahip olduğunu açıkladı.</Text>
		</Row>
		<Row Tag="LOC_PEDIA_FEATURES_PAGE_TERRAIN_COAST_CHAPTER_HISTORY_PARA_1">
			<Text>Kıyı suları (elbette bir göl olmadıkça), her türlü zenginlikleri ve yemek için güzel şeyler buldukları topraklardan çıkmaları için erken uygarlıkları çağırdı. Bu nedenle, bin yıl boyunca erkekler topraktan uzaklaşmaya yelken açmaya ihtiyaç duymuyordu (ya da korkuyorlardı).</Text>
		</Row>
		<Row Tag="LOC_PEDIA_FEATURES_PAGE_TERRAIN_DESERT_CHAPTER_HISTORY_PARA_1">
			<Text>Genel olarak, çöller orada yaşamayı öğrenen yaratıklar ve insanlar dışında, dikkate değer ölçüde yararsızdır. Dünyanın gerçek çölleri - Sahra, Gobi, Mojave, Büyük Victoria ve diğerleri - tarihin başından beri insanları ve medeniyetleri yutuyor.</Text>
		</Row>
		<Row Tag="LOC_PEDIA_FEATURES_PAGE_TERRAIN_DESERT_HILLS_CHAPTER_HISTORY_PARA_1">
			<Text>Düz çölden daha az çekici olsa da, çöl tepelerinin iyi olduğu tek şey savaşta savunmaktır. Maalesef, Bedeviler, Tuaregler, Berberler ve diğer çöl kabileleri, çılgınca onları suçlama eğilimindeydi.</Text>
		</Row>
		<Row Tag="LOC_PEDIA_FEATURES_PAGE_TERRAIN_DESERT_MOUNTAIN_CHAPTER_HISTORY_PARA_1">
			<Text>Tarih söz konusu olduğunda, dağlar harekete engel olarak kabul edilemezdir ve istilaya engel teşkil etmekten başka bir medeniyete pek faydası yoktur. Bu nedenle, yalnızca fotoğrafçılara, hermitlere ve dağcı türlerine hitap ediyorlar.</Text>
		</Row>
		<Row Tag="LOC_PEDIA_FEATURES_PAGE_TERRAIN_GRASS_CHAPTER_HISTORY_PARA_1">
			<Text>Zengin ve verimli topraklarla kutsanmış çayırlıklar, genişleme için gerekli yiyecek ve açık sınırları sağlayan birçok uygarlığın kalbi olmuştur. Ne yazık ki, her barbar da bunu anlar ve böylece otlaklar yüzyıllar boyunca kanla döllenir.</Text>
		</Row>
		<Row Tag="LOC_PEDIA_FEATURES_PAGE_TERRAIN_GRASS_HILLS_CHAPTER_HISTORY_PARA_1">
			<Text>Tüm bu zenginlikleri korumanın bir yolu, saldırı sırasında tepelere asker koymaktı, çünkü (mermiler ve bombalar icat edilene kadar) yüksek bir zeminde tutmak oldukça iyi bir stratejiydi. Böylece, zamanla, tepeler çevredeki kırsal alanın güzel manzarasına sahip medeniyetlerin kaleleri ve kaleleriyle noktalanmıştır.</Text>
		</Row>
		<Row Tag="LOC_PEDIA_FEATURES_PAGE_TERRAIN_GRASS_MOUNTAIN_CHAPTER_HISTORY_PARA_1">
			<Text>Tarih söz konusu olduğunda, dağlar harekete engel olarak kabul edilemezdir ve istilaya engel teşkil etmekten başka bir medeniyete pek faydası yoktur. Bu nedenle, yalnızca fotoğrafçılara, hermitlere ve dağcı türlerine hitap ediyorlar.</Text>
		</Row>
		<Row Tag="LOC_PEDIA_FEATURES_PAGE_TERRAIN_OCEAN_CHAPTER_HISTORY_PARA_1">
			<Text>Okyanusların derin suları, yalnızca Polinezyalıların ve Vikinglerin sevdikleriyle cesaretlenerek, tarihin büyük bir kısmını insanlıktan korkutuyor. Ancak, Avrupalılar onların arasında yelken açmaya ve her şeyi sömürmeye başladığında, dünya küçülmeye başladı ... bugüne kadar, insanlar onları korkmadan geçti.</Text>
		</Row>
		<Row Tag="LOC_PEDIA_FEATURES_PAGE_TERRAIN_PLAINS_CHAPTER_HISTORY_PARA_1">
			<Text>Bir ova, geniş, düz bir arazidir, toprağı verimli otlaklar kadar zengin değil, çöl kadar kuru değildir. Böylece, yalnız bırakılır (tüm bu traktörler ortaya çıkmadan önce) ovalar kuru otlarla ve tahıllarla büyümüş olma eğilimindedir… bizon, antilop, at ve barbar gibi hayvan sürüleri için mükemmeldir.</Text>
		</Row>
		<Row Tag="LOC_PEDIA_FEATURES_PAGE_TERRAIN_PLAINS_HILLS_CHAPTER_HISTORY_PARA_1">
			<Text>Ovalardaki tepeler görülecek yerler olma eğilimindedir… sadece Iowa'nın en yüksek noktası olan Hawkeye Noktası'nı, çarpıcı bir 1670 fit (510 metre) mesafede düşünün. Tümüyle düzlük göz önüne alındığında, bunlar sonsuz ve sıkıcı manzaralar boyunca uzun mesafeler için hoş bir görüş açısı sağlar.</Text>
		</Row>
		<Row Tag="LOC_PEDIA_FEATURES_PAGE_TERRAIN_PLAINS_MOUNTAIN_CHAPTER_HISTORY_PARA_1">
			<Text>Tarih söz konusu olduğunda, dağlar harekete engel olarak kabul edilemezdir ve istilaya engel teşkil etmekten başka bir medeniyete pek faydası yoktur. Bu nedenle, yalnızca fotoğrafçılara, hermitlere ve dağcı türlerine hitap ediyorlar.</Text>
		</Row>
		<Row Tag="LOC_PEDIA_FEATURES_PAGE_TERRAIN_SNOW_CHAPTER_HISTORY_PARA_1">
			<Text>Tarih, soğuk iklimlerde karla kaplı topraklarda çok az insan sağkalımı örnekleri sunmaktadır. Inuit ve Tlingit halkları gibi istisnalar vardır, ancak karlı atıklar gelişen bir medeniyet inşa etmek için ideal yerler değildir.</Text>
		</Row>
		<Row Tag="LOC_PEDIA_FEATURES_PAGE_TERRAIN_SNOW_HILLS_CHAPTER_HISTORY_PARA_1">
			<Text>Çok pitoresk, canlandırıcı, kayakçıların sevdiği, kayakçıların ve diğer aptalların. Tepelerde kar çok güzel ve çok eğlenceli… hiç erimezse.</Text>
		</Row>
		<Row Tag="LOC_PEDIA_FEATURES_PAGE_TERRAIN_SNOW_MOUNTAIN_CHAPTER_HISTORY_PARA_1">
			<Text>Tarih söz konusu olduğunda, dağlar harekete engel olarak kabul edilemezdir ve istilaya engel teşkil etmekten başka bir medeniyete pek faydası yoktur. Bu nedenle, yalnızca fotoğrafçılara, hermitlere ve dağcı türlerine hitap ediyorlar.</Text>
		</Row>
		<Row Tag="LOC_PEDIA_FEATURES_PAGE_TERRAIN_TUNDRA_CHAPTER_HISTORY_PARA_1">
			<Text>Tundra, dünyanın en soğuk iklimlerinde bulunan yarı donmuş topraktır. Kaynaklar için çaresiz olmadıkça (tundra geniş mineral ve petrol yataklarına binme eğiliminde olmadıkça) hiç kimse tundrada şehirler kurmaz… ya da gidecek başka bir yerleri yoktur.</Text>
		</Row>
		<Row Tag="LOC_PEDIA_FEATURES_PAGE_TERRAIN_TUNDRA_HILLS_CHAPTER_HISTORY_PARA_1">
			<Text>Tundra topraklarındaki tepeler çorak topaklar olma eğilimindedir, çünkü yıllık erime toprağı ve fideleri uzaklaştırır. Bununla birlikte, tarih boyunca, tundrada inşa edilen kasabaların çoğu, kurtların ve ayıları sokakların dışında tutmaya yardımcı olan tepelere kondu.</Text>
		</Row>
		<Row Tag="LOC_PEDIA_FEATURES_PAGE_TERRAIN_TUNDRA_MOUNTAIN_CHAPTER_HISTORY_PARA_1">
			<Text>Tarih söz konusu olduğunda, dağlar harekete engel olarak kabul edilemezdir ve istilaya engel teşkil etmekten başka bir medeniyete pek faydası yoktur. Bu nedenle, yalnızca fotoğrafçılara, hermitlere ve dağcı türlerine hitap ediyorlar.</Text>
		</Row>
	</BaseGameText>
</GameData>