<?xml version="1.0" encoding="UTF-8" standalone="yes"?>
<GameData xmlns:xsi="http://www.w3.org/2001/XMLSchema-instance">
	<BaseGameText>
    <Row Tag="LOC_PEDIA_WONDERS_PAGE_INTRO_CHAPTER_CONTENT_PARA_1">
      <Text>Harikalar, zamana dayanıp dünyayı sonsuza dek değiştiren muhteşem binalar, icatlar ve kavramlardır. Harikalar tamamlamak için zaman, enerji ve çaba gerektirir, ancak bir kez inşa edildiklerinde, medeniyetinize birçok fayda sağlar.</Text>
    </Row>
		<Row Tag="LOC_PEDIA_WONDERS_PAGE_CHAPTER_HISTORY_TITLE">
			<Text>Tarihsel Bağlam</Text>
		</Row>
		<Row Tag="LOC_PEDIA_WONDERS_PAGE_BUILDING_ALHAMBRA_CHAPTER_HISTORY_PARA_1">
			<Text>El Hamra, MS 889'da Endülüs'teki Granada Moors tarafından (İspanya) inşa edilen küçük bir kale olarak başladı; sonra 11. yüzyılda emir Muhammed ben El Ahmar tarafından yeniden inşa edildi ve genişletildi ve yine 1333'te Sultan Yusuf I tarafından tekrar genişletildi ve kraliyet sarayına dönüştürüldü. El Hamra (kelimenin tam anlamıyla, "kırmızı olan"), yani Kırmızı kil kale duvarları için adlandırılmış olan, iç mekan sıhhi tesisat da dahil olmak üzere tüm konforlarla, en azından zamanın Avrupa standartlarına göre cömert idi. Yerin doğal güzelliğini bölgenin en iyi Müslüman, Yahudi ve hatta Hıristiyan ustaları ve zanaatkarları tarafından tasarlanan ve donatılan yapılar ve bahçelerle bütünleştirdi. En dikkat çekici yönleri arasında, iç duvarların ve sütunların birçoğu Kuran'dan şiir ve ayetler ile oyulmuş akan Arapça yazıya yazılmıştır. Nasır Hanedanı'nın son padişahı Muhammed XII, Granada'yı İspanyollar'a MS 1492'de teslim etti, Alhambra haçlılar tarafından saldırıya uğramaksızın - aksi takdirde bu sadece bir başka moloz yığını ve zerafet hatıraları olurdu.</Text>
		</Row>
		<Row Tag="LOC_PEDIA_WONDERS_PAGE_BUILDING_BIG_BEN_CHAPTER_HISTORY_PARA_1">
			<Text>Dev çan, Big Ben, Elizabeth Kulesi'nde (Kraliçe II. Elizabeth'in Elmas Jubilee'sini kutlamak için adlandırılmıştır) (ondan önce sadece “Saat Kulesi”) - Westminster Sarayı'nın kuzey ucunda, Parlemento evleri. Dil olarak oldukça rahat olan çoğu İngiliz ve turist sürüsü, her şeyi "Big Ben" olarak adlandırmaya meyillidir. 16 tonluk büyük çan, 1856 Ağustos'unda Stockton-on-Tees'deki dökümhanede dökülmüş ve Whitechapel'de yeniden yapılandırılmıştır Londra'ya taşınırken çatlamasının ardından 1858 yılının Nisan ayında Çan Dökümhanesi. Sarkaçlı saat, Astronomer Royal tarafından tasarlandı ve saat yapımcısı Edward Dent ve üvey oğlu Frederick; 1854'te hazırdı. Çok hassas bir şeydi, sarkaç içine bir kuruş (İngilizce, elbette) eklemek veya çıkarmak, hızı her gün saniyenin onda biri kadar hızda değiştirecek. Ancak herkes 1859 yılına kadar yapılmayan saat kulesinin tamamlanmasını beklemek zorunda kaldı. Savaş sırasında susturulmasına ve ara sıra meydana gelen bozulmalara rağmen, Big Ben o zamandan beri bir araya geldi.</Text>
		</Row>
		<Row Tag="LOC_PEDIA_WONDERS_PAGE_BUILDING_BOLSHOI_THEATRE_CHAPTER_HISTORY_PARA_1">
			<Text>Moskova'nın İmparatorluk Bolşoy Tiyatrosu - “büyük” için Rus olan Bolşoy - dünyanın en eski ve en büyüklerinden biri olan Bolşoy Balesi ve Bolşoy Opera şirketlerine ev sahipliği yapar (bale yaklaşık 200 dansçıya sahiptir). Bale şirketi Mart 1776'da Prens Urusov ve İngiliz tiyatro yöneticisi Michael Maddox tarafından kuruldu; birkaç yıl özel evlerde performans sergileyen şirket, Petrovka Tiyatrosu'nu elde etmek için yeterince kârlıydı ve Aralık 1780'de ilk kez orada açıldı. Ne yazık ki, Petrovka 1805'te yandı ve yakılan Yeni Arbat Tiyatrosu'nun yerini aldı. Napolyon'un şehri ele geçirmesi sırasında 1812'de yıkıldı. Mevcut Bolşoy Tiyatrosu 1821 ve 1824 yılları arasında inşa edildi ve yakılmamayı başardı - 1843, 1856, 1921, 2002 ve 2011'de yenilendi. Sovyetler tarafından saldırıya uğradı) ve (aynı Sovyetler tarafından sökülmüş olan) orijinal imparatorluk dekorunu yeniden sağladı. 5000 ruble'ye kadar değişen fiyatlara rağmen, bale ve opera performansları satılmaya devam ediyor - çoğunlukla turistlere.</Text>
		</Row>
		<Row Tag="LOC_PEDIA_WONDERS_PAGE_BUILDING_BROADWAY_CHAPTER_HISTORY_PARA_1">
			<Text>Broadway, New York City'deki Manhattan ve Bronx'un merkezinde, ofisleri, dükkanları ve daireleriyle kaplı 15 mil uzunluğundaki bir caddedir… ama hiç kimse bunları düşünmüyor. Bunun yerine Broadway, 42-53. Sokaklar arasındaki “Büyük Beyaz Yol” - Tiyatro Bölgesi - orta kısım olarak bilinir. 1800'lerin ortalarından itibaren Broadway'de bir dizi tiyatro açıldı. MS 1880'de Madison ve Union meydanları arasındaki bir geçiş ark lambalarıyla aydınlatıldı ve Amerika Birleşik Devletleri'ndeki elektrikle aydınlatılan ilk caddelerden biri haline geldi (evlerden, hastanelerden ve okullardan önce tiyatroları aydınlatmak için New York'lulara bırakıldı). Büyüyen Amerikan zenginliği ve kültürel özlemleriyle teşvik edilen tiyatrolar, popüler eğlencenin bir parçası haline getirdi. 1900'de, bu şerit boyunca 20 tiyatro açıldı ve o kadar parlak ki elektrikli reklam panoları Büyük Beyaz Yol oldu. 1925 yılında en popüler popülaritesinde, Broadway'de cömert prodüksiyonlar, özellikle canlanmalar ve müzikaller konusunda uzmanlaşmış 80 tiyatro vardı.</Text>
		</Row>
		<Row Tag="LOC_PEDIA_WONDERS_PAGE_BUILDING_CHICHEN_ITZA_CHAPTER_HISTORY_PARA_1">
			<Text>Mayalar, büyük taş kentlerini Yucatan'da bir ormanın ortasında güzel bir plaj yerine ormana inşa etmeye karar verdiler. Bu tür bir noktayı seçme mantığı ne olursa olsun, Chichen Itza sıradışı sanatın evlerin, tapınakların, sarayların, avluların ve balo metropollerinin bir metropolüydü; Süslü yapıların bazıları 1500 yıl öncesine dayanıyor. Top oyunları kentte özel bir zaman geçirdi, çünkü kazanan kaptan oyunun sonunda tanrılara bir kurban olarak başladı (muhtemelen oyunu atmak için mükemmel bir neden gibi görünüyor), muhtemelen büyük basamaklı piramitte Kukulcan Tapınağı. Chichen Itza 13. yüzyıla kadar, Mayalılar arasında isyan ve iç savaş çıkıncaya kadar gelişen bir endişe kaynağıydı; bu noktada şehir asla geri kazanılmadığı sert bir düşüşe girdi. Ne savaş, halk arasında, hastalıkta ve açlıkta nelere dikkat etmedi. Şehrin merkezi, büyük ölçüde terk edildi ve İspanyol fetihleri sırasında yıkıldı.</Text>
		</Row>
		<Row Tag="LOC_PEDIA_WONDERS_PAGE_BUILDING_COLOSSEUM_CHAPTER_HISTORY_PARA_1">
			<Text>Kolezyum olarak da bilinen Flavian Amfitiyatrosu Roma'nın merkezindedir. İnşaat İmparator Vespasian döneminde başlamıştır. C. 72 MS, İlk Yahudi-Roma Savaşı sırasında Kudüs'ün yıkılmasından sonra Musevi İkinci Tapınaktan gelen ganimetlerle finanse edildi. Beton ve taştan inşa edilmiş, şimdiye kadar yapılmış en büyük amfitiyatro ve antik mimarlık ve mühendislik harikalarından biridir. Gladyatör maçlarını, hayvan avlarını, toplu idamları ve daha pek çok şeyi izlemesi 50 ila 80 bin izleyiciyi tutabilir. Ortaçağ Hristiyanlığı kök salınca, düşük kiralı daireler, atölyeler, dini bir düzen için mahalleler, bir taş ocağı ve bir Hıristiyan tapınağı barındırmak için yeniden düzenlenmiştir. Her ne kadar depremlerle çalınsa ve taş hırsızları tarafından yağmalandıysa da, Coliseum açılış töreninden sonraki iki bin yıl boyunca oldukça etkileyici.</Text>
		</Row>
		<Row Tag="LOC_PEDIA_WONDERS_PAGE_BUILDING_COLOSSUS_CHAPTER_HISTORY_PARA_1">
			<Text>Eritilmiş pirinçten ve terkedilmiş silahların demirinden ve başarısız bir istila ekipmanından inşa edilen Rodos Colossus'u, Titan Helios'un zaferini kutlamak için inşa ettiği 98 metrelik bir tasviri idi. Lindos Şatosu yönetimindeki inşaat M.Ö. 292'de başlamış ve 280 tarafından tamamıyla şaşırtılmıştır. Her ne kadar detaylar biraz puslu olsa da - eskilerin eskisi gibi olmaları - yükselen heykel, 49 metrelik mermer bir kaide üzerine kurulu Mandraki liman girişini görmezden geldi. Ancak, yalnızca bir deprem tarafından devrilmeden önce 56 yıl kaldı. Mısır Ptolemy III, yeniden inşası için ödeme yapmayı teklif etti, ancak Rhodians, Delphi Oracle'ın tanrıların bu konuda hakaret ettiklerini söylediği için reddetti. Tanrılar kırılmış olsa da, yaklaşık 900 yıl boyunca heykelin paslanmaya uğrayan kalıntıları “turistlerin görmesi gereken” bir turistti. MS 653’te Müslüman halifesi Muawiyah’ın güçleri Rodos’a saldırdım ve yeni mal sahipleri derhal hurdaya sattı Yahudi tüccarlara, kim kullanılmış - söyleniyor - 900 deve kitle çekmek için. Hurdadan hurdaya.</Text>
		</Row>
		<Row Tag="LOC_PEDIA_WONDERS_PAGE_BUILDING_CRISTO_REDENTOR_CHAPTER_HISTORY_PARA_1">
			<Text>Dünyanın en büyük art deco heykeli olan Cristo Redentor (“Kurtarıcı Mesih”), Corcovado Dağı'nın tepesinde, Rio de Janeiro'nun 2300 metre üzerinde durmakta ve o kentin günahkârlarına dikkat etmekte. Şaşırtıcı düzensizlikle aşağıya yayılan şehri kucaklamak için geniş yayılmış kolları olan Mesih'in bu heykeli 98 metre yüksekliğinde, kolları parmak ucundan parmak ucuna kadar 92 metre uzunluğunda duruyor. Fransız Paul Landowski tarafından yapıldı ve betonarme ve sabuntaşı inşa edildi. Şehrin yukarısındaki dev bir İsa heykeli koyma fikri ilk olarak Katolik rahip Pedro Boss tarafından önerilmişti; Yine 1920'de Rio'nun “Katolik Dairesi” tarafından önerilen grup, bağışlardan, çoğunlukla dindar Brezilya Katoliklerinden (tabii ki) gerekli bağışları topladı. İnşaat 1922'de başladı ve anıt 1931 Ekim'inde halka açıldı.</Text>
		</Row>
		<Row Tag="LOC_PEDIA_WONDERS_PAGE_BUILDING_EIFFEL_TOWER_CHAPTER_HISTORY_PARA_1">
			<Text>Paris’te 1889 Fuarı Universelle’e (dünya fuarı) ana giriş olarak hizmet vermek üzere devasa çelik kuleyi inşa eden Alexandre Gustave Eiffel’in adını alan Eyfel Kulesi, “Işıklar Şehri” ni sembolize etmeye başladı. Kule geceleri olduğu gibi, bu da uygun görünüyor.) Kalabalık bir kalabalığa açıldığı sırada dünyanın en yüksek yapısıydı, ama aynı zamanda kendi kendine atanmış kültür hakemlerinden gelen önemli tartışma ve eleştirilere konu oldu. Hatta en önde gelen Fransız mühendislerden ve sanatçılardan oluşan 300 üyeli bir komite kurulmadan önce, Açılan İşler Bakanına bir dilekçe gönderdi: “Biz, şimdiye dek el değmemiş yazarların, ressamların, heykeltraşların, mimarların ve tutkulu adanmışların Paris'in güzelliği, tüm gücümüzle, vurgulanan Fransız tadı adındaki tüm öfkemizle, bu işe yaramaz ve canavar Eyfel Kulesi'nin kurulmasına karşı protesto gösterileriyle protesto etti. ”Birçoğu, Fransız vergi mükelleflerine bir milyon dolara mal olacağına üzülmüştü. - o zamanlar önemsiz bir miktar. Neyse ki, Paris Turizm Kurulu için protestolar göz ardı edildi ve Eyfel Kulesi'ne çıktı.</Text>
		</Row>
		<Row Tag="LOC_PEDIA_WONDERS_PAGE_BUILDING_ESTADIO_DO_MARACANA_CHAPTER_HISTORY_PARA_1">
			<Text>Resmi olarak Estadio Jornalista Mario Filho - kendisinin adını taşıyan bir stadyum almak için bir spor yazarı heck olmalıydı - ama Maracanã olarak bilinen, fútbol stadyumu, Rio de Janeiro'nun kalbindeki büyük bir kompleksin bir parçası. 1948 yılında başlamış, Brezilya, FIFA Dünya Kupası'na ev sahipliği yapma hakkını kazandıktan sonra, 1950'de bu yarışmaya katılan ilk maçlar için açıldı (inşaat için tamamlanmadı). finalde, 199.854 kuduz hayranı kalabalığından önce Uruguay, 2-1 takımı tarafından üzüldü - o sırada dünyanın en büyük (ve en gürültülü) stadyumu yapıyordu. O zamandan beri Maracanã, Pan-Amerikan Oyunlarına, başka bir Dünya Kupasına, çok sayıda konsere ve kültürel etkinliğe ve binlerce futbol karşılaşmasına ev sahipliği yaptı. Daha küçük bir kapasiteye (78.838) ve daha konforlu bir konaklama birimine (292 yeni tuvalet dahil) yenilenen stadyum, 2016 yılında ilk kez Olimpiyatlara (Yaz Açıkçası) ev sahipliği yaptı.</Text>
		</Row>
		<Row Tag="LOC_PEDIA_WONDERS_PAGE_BUILDING_FORBIDDEN_CITY_CHAPTER_HISTORY_PARA_1">
			<Text>Pekin'in merkezinde yatarken, imparatorun kendisinden özel bir şekilde vazgeçilmeden, Guong'u (Çin İmparatorluk Sarayı) ziyaret etmek, halkın önünde yasaklandı; bu yüzden kompleks, bütün dünyada “Yasak Şehir” olarak tanındı (bugünlerde çoğu başkanlık konutu gibi). Dekoratif bahçelerle, zarif teraslarla, dinlendirici fıskiyelerle ve çok sayıda faydalanıcı idari ofisle birlikte serpiştirilmiş duvarlı “kent” in inşaatı MS 1408 yılında Ming hanedanlığının üçüncüsü Yonglu İmparatoru'nun rehberliğinde başlamıştır. Kompleks, Ming ve Qing'in 24 imparatoruna ev sahipliği yapan yüzyıllar içinde büyüdü. 170 metre genişliğindeki hendek ve 32 metre yüksekliğindeki duvarlarla çevrili 178 metrekarelik alana yayılmış 9.999 odayı kapsayacak şekilde büyüdü (bu ortakların hiçbirinin kontrol edilmediğinden emin olmak için). Zirvede, Yasak Şehir, hepsi bir imparatorun ihtiyaçlarını karşılayacak şekilde on bin kişiye ev sahipliği yapıyordu. Şimdi sadece birkaç yüz rehber ve kapıcı olarak hizmet etmek için görkemli arazide yaşıyor.</Text>
		</Row>					
		<Row Tag="LOC_PEDIA_WONDERS_PAGE_BUILDING_GREAT_LIBRARY_CHAPTER_HISTORY_PARA_1">
			<Text>Genel olarak, İskenderiye Kraliyet Kütüphanesinin, Ptolemy'nin hükümdarlığı sırasında MÖ 3. yy'ın başlarında, babasının sahadaki Muses Tapınağı'nı inşa etmesinden sonra kurulduğu varsayılmaktadır. Orijinal koleksiyon, Aristoteles'in öğrencisi olan Demetrius Phalereus'a atfedilir (sözde ünlü filozofun tohum olarak görev yaptığı kendi parşömenleri); Ptolemy’nin haleflerinin himayesinde, işletmeler sonunda 400 ila 700 bin papirüs parşömenleri ve çeşitli parşömen kodları arasında ulaştı. Koleksiyonun genişletilmesi bazı cetveller için bir saplantı haline geldi; Ptolemy III kararıyla, şehre gelen bütün ziyaretçiler, Kütüphane için kopyalanan yazılarını teslim etmek zorunda kaldı. Kaynaklar, Büyük Kütüphane’nin metin koleksiyonunun ateşli imhasının sorumluluğu bakımından büyük farklılıklar göstermektedir; Listelenen olağan şüpheliler, Julius Caesar’ın MÖ 48’deki birliklerini, Roma İmparatoru Aurelian’ı c. 270 AD ve diğerleri. Ancak, son manevraların Mısır'daki pagan etkilerini yok etmek için Patrik Theophilus'un emriyle 391'de yakıldığı anlaşılıyor - Hristiyanlar kitaplarını son kez yakmayacaktı.</Text>
		</Row>
		<Row Tag="LOC_PEDIA_WONDERS_PAGE_BUILDING_GREAT_LIGHTHOUSE_CHAPTER_HISTORY_PARA_1">
			<Text>İskenderiye Büyük Paşaları olarak bilinen on yedi şehirden biri olan ve kendisinin adı verilen egoist generalin Büyük Deniz Feneri, 393-450 metre yüksekliğinde durması ile ünlüydü, onu birçok medeniyetin en yüksek yapılarından biri yaptı. yüzyıllar. İskender’in Makedon generallerinden ve haleflerinden Ptolemy Sotor, küçük bir adada ticaret gemilerinin gelişen kentin limanına girmesine yardımcı olmak için küçük bir adada başlayan M.Ö. 280 yılında, 800 yeteneğin olağanüstü maliyetiyle 247 yılına kadar tamamlanmadı. Büyük kulenin tepesindeki ışığı, tanınmış bir şekilde kireçtaşı bloklarından yapılmış bir fırın tarafından üretildi ve yüz mil boyunca görüldü. MS 956 ve 1323 arasındaki üç depremden ağır hasar görmesine rağmen, devrilmediği için onu antik harikelerden en uzun süre kalan üçüncü kişi yaptı. Sonunda, Mısır'ın padişahı İskenderiye Kalesi'ni 1480'de İskenderiye'yi Osmanlı Türklerine karşı korumak için (işe yaramadı) inşa etmek için geri kalan taşı (bazıları limana düşmüştü) kavuşturdu.</Text>
		</Row>
		<Row Tag="LOC_PEDIA_WONDERS_PAGE_BUILDING_GREAT_ZIMBABWE_CHAPTER_HISTORY_PARA_1">
			<Text>Bir efsaneye göre, Büyük Zimbabve Sheba Kraliçesi'nin saray kompleksi idi. Bir başka habere göre, Kral Süleyman’ın madenlerinin - yakınlarda bir grup aldatılmış hazine avcısı tarafından düşünüldüğü - emeklileri boş zamanlarında rahatladıkları yerdi. Sıkıcı gerçeklere bakılırsa, başkent, sonunda yaklaşık 18 bin dönüm nüfusuyla 1700 dönümlük bir alanı kaplayan, MS 1220'de ortaya çıkan ve MS 1450'ye kadar giden Zimbabwe Krallığı'nın başkentiydi. Tamamen taştan yapılmış (ormanda oldukça büyük bir başarı), Great Zimbabwe kısa süre sonra terk edildi ve harabeye düştü. Kalıntıların bilinen en eski kayıtları, 1531 yılında yazılmış Portekizli memur Vicente Pegado tarafından yapılmıştır. Harçsız, taştan oyulmuş taştan yapılmış büyük duvarlardan söz eder. Kalıntılar üç grupta yer almaktadır: Arkeolojik eserlerin büyük çoğunluğunun bulunduğu Hill Kompleksi, Vadi Kompleksi ve Büyük Muhafaza: sabuntaşı figürinleri, altın boncuklar, bakır külçeler, bronz mızrak uçları, mücevher kolye ve bilezikler Başka. Yani, belki de bu hazine avcıları sonuçta kandırılmış değildi.</Text>
		</Row>
		<Row Tag="LOC_PEDIA_WONDERS_PAGE_BUILDING_HAGIA_SOPHIA_CHAPTER_HISTORY_PARA_1">
			<Text>İstanbul (ya da Konstantinopolis ya da Bizans, tercih ettiği gibi), birçok Bizans ve sonra Osmanlı imparatorluklarının başkenti olarak bilinen rolüne rağmen, birçok halkın evi olmuştur. Ve en önemlisi sırasıyla Doğu Ortodoks Hristiyanlığı ve İslamı olmak üzere birçok inanca ev sahipliği yapmıştır. Hiçbir şey, tek kişilik bir kubbe altındaki kişilik bozukluğunu, muhteşem Ayasofya (kelimenin tam anlamıyla, “kutsal bilgelik”) kadar iyi tanımlayamaz. MS 532 yıllarında Yunan Ortodoks ataerkil bazilikası olarak inşa edilmiş, 1500 yıl boyunca ibadet edenlere hizmet etmiştir. Konstantinopolis Osmanlılar tarafından yakalanıp yeniden adlandırıldığı 1453 yılında, Ayasofya camiye çevrildi. Süslü ve görkemli olan yapı, Müslüman yöneticiler dört minare eklemeden önce, 102 metre çapında bir altın kubbe ile örtülmüş taş ve mermerden inşa edilmiştir. Yapı, birkaç deprem, yangın, isyan, yağma (Dördüncü Haçlı Seferi sırasında olduğu gibi) ve bir katliamdan kurtuldu (orada yaşlılar ve harabelere sığınanlar Osmanlı fatihi tarafından katledildi). Bugün Ayasofya bir müze olarak hizmet veriyor ve medeniyetteki en çarpıcı yapılardan biri olarak kalıyor.</Text>
		</Row>
		<Row Tag="LOC_PEDIA_WONDERS_PAGE_BUILDING_HANGING_GARDENS_CHAPTER_HISTORY_PARA_1">
			<Text>Asma Bahçeler bile bulunmamış olabilir, çok daha az bir “harika” olmuş; hiçbir Babil kaynağı onlardan bahsetmez ve onlar için arkeolojik kanıt yoktur (dünyanın diğer antik mucizelerinin aksine). Bahçeler için en önemli kanıt birkaç Yunanca ve Roma metninden geliyor - nasıl yaratıldılar, neden yaratıldılar, büyüklükleri ve çeşitlilikleri, hatta nasıl sulandıklarını. Bunlara göre Nebuchadnezzar II, Bahçeleri inşa etti c. Doğum yeri yeşil tepelerini özleyen, M.Ö. 600 yıllarında (açıkça şımarık) vatan hastası Medyan karısı Amytis. “Tarihsel” kaynaklar ayrıca Bahçelerin çamur tuğlalarından yapılmış ve her türlü bitkiyi içeren, yükselen bir dizi teras (bir ziggurat gibi) olduğunu da belirtir. Tabanın sözde 400 fit kare olduğu ve tüm kütlenin çok kuru havaya 75 fit yükseldiği; tahminen, bahçelerin bitkileri Babil'de canlı tutmak için günde 8200 galon suya ihtiyaç duyacağı tahmin ediliyor. Bahçeler olsaydı, bunların bir zamanlar MS 1. yüzyılda tahrip edildiği varsayılır.</Text>
		</Row>
		<Row Tag="LOC_PEDIA_WONDERS_PAGE_BUILDING_HERMITAGE_CHAPTER_HISTORY_PARA_1">
			<Text>Bugün Petersburg'un ünlü Hermitage'sinin özü, Büyük Catherine'in İmparatorluk Rusya'nın gücünü ve gücünü yansıtacak bir ölçekte sarayını tamamladığı, MS 1764'ten beri Çarların ikamet ettiği anıtsal Kış Sarayı'nı kapsar. Catherine onu “hazinesi” ilan etti ve hazinelerle doldurmaya devam etti - Rönesans resimleri, mücevherli ve yaldızlı el sanatları (örneğin Fabergé yumurtalarının sevdiği), taç mücevherleri ve diğer biblolar. Sarayın birkaç uzantısını ekledikten ve bazılarını yeniden düzenledikten sonra, 1852'de Nicholas'ı halka açtım. Ve Çarlar koleksiyona eklemeye devam etti. 1917 Şubat Devrimi ile birlikte bina, Bolşevikler Ekim ayında iktidarı ele geçirip proletaryaya hediye edene kadar Geçici Hükümeti barındırıyordu. Şimdi beş binaya yayılmış olan Hermitage, dünyadaki en büyük resim koleksiyonu dahil olmak üzere koleksiyonunda üç milyondan fazla sanat ve tarihi esere sahip dünyanın en büyük müzelerinden biri.</Text>
		</Row>
		<Row Tag="LOC_PEDIA_WONDERS_PAGE_BUILDING_MAHABODHI_TEMPLE_CHAPTER_HISTORY_PARA_1">
			<Text>Bodh Gaya'daki Mahabodhi Tapınağı (veya “Büyük Uyanış” Tapınağı), Lord Buddha’nın (Siddhartha Gautama) hayatının dört kutsal yerinden ve Aydınlanma'yı kazandığı noktadan biridir. Tapınağın batı tarafında, kutsal Buda Bodhi Ağacı, böyle yaparken Buda'nın oturduğu incir ağacı. Olabildiğince, ilk Mahabodhi Tapınağı (bir çift vardı) İmparator Asoka tarafından inşa edildi. 250 Mevcut tapınak kompleksi - özellikle Hindistan'daki ilk tuğla yapılardan biri olan büyük kule - MS 5. ve 6. yüzyıllardan kalma. Tapınak alanlarının etrafındaki yüksek bir duvar daha sonra belgelenmemiş bir tarihte eklenmiştir; Duvar, Bodhi Ağacı'nı ve Buda'nın çok aydınlanmasının kutsal olan diğer altı bölgesini kapsamaktadır, çünkü yedi haftayı kendi vahiyleri üzerine meditasyon yapan yedi farklı noktada geçirdi. 1880'lerde İngiliz Raj bir restorasyon çabası üstlendi; 1949’da o bölgenin kontrolü Bihar eyaletine geçti. Bugün, dünyanın dört bir yanından gelen Budistler inançlarının en kutsal yeri olarak Bodh Gaya'yı ziyaret ediyorlar.</Text>
		</Row>
		<Row Tag="LOC_PEDIA_WONDERS_PAGE_BUILDING_MONT_ST_MICHEL_CHAPTER_HISTORY_PARA_1">
			<Text>Okyanus gelgitleriyle yıkanan kum tepelerinin ortasında Normandiya ve Brittany arasında kayalık bir adacık üzerinde yer alan Mont St. Michel, 11. ve 16. yüzyıllar arasında inşa edilen baş melek Micheal'e adanmış bir Gotik tarzı Benedictine manastırıdır. Aubert'in kafatasının yanı sıra Mont, St. Petroc ve St. Olaf ve diğer kutsal kalıntıların da bulunduğu bir depo idi. Yerin pratik bir amacı vardı; yüksek duvarları, taretleri ve konumu onu stratejik olarak değerlendiriyordu… ve birçok Fransız kralı orada küçük bir garnizona yerleşti. Düşük gelgitte, bir jeton vermeye istekli hacılara veya kutsanmayacak iki kişiye kolayca ulaşılabilirdi; gelgit dalgasında, gelen deniz her türlü saldırı kuvvetini boğacak veya boğacaktı. Mont, Yüz Yıllık Savaş boyunca ve ötesinde fethedilmeden kalacaktır. Pozisyonu ayrıca pişmanlık duymayan hainleri ve diğer günahkarları hapsetmeyi ideal kıldı; Louis XI, Mont'ı Ancien Régime'in geri kalanında hizmet ettiği bir rol haline getirdi. Ne yazık ki, bu sadece bir turistik.</Text>
		</Row>
		<Row Tag="LOC_PEDIA_WONDERS_PAGE_BUILDING_ORACLE_CHAPTER_HISTORY_PARA_1">
			<Text>Antik Yunanistan'daki rahibelerin kınamalarını söylediği tüm yerler arasında, en ünlü (ve kriptik olan), Parnassus Dağı'nın eteklerinde bulunan Apollo'nun bir tapınağı olan Delphi'deki Oracle'dı. “Pythia” olarak bilinen bir rahibe var - uygun tazminat için - hayalleri yorumluyor, trans halindeyken tanrılarla bir araya geliyor ve kurban edilmiş hayvanların bağırsağındaki işaretleri (ucuz olanlar için tavuklar veya ödemeye istekli olanlar için keçiler) Daha). Oracle, MÖ 1400 gibi erken bir tarihte çalışmaya başladı ve Hristiyanlık Romalılarla gelene kadar gelişen bir işin tadını çıkardı. En büyük yapı, görkemli Apollon tapınağıydı (elbette) ve MS 390’da Theodosius I’den emirleri alana kadar ayakta kaldı. Site, 4. Yüzyıl boyunca aktif bir “pagan” merkez olarak kaldı ve Pythian Oyunları (bugün olimpiyatların öncüsü olan) MS’in en az 424’üne devam etti.</Text>
		</Row>
		<Row Tag="LOC_PEDIA_WONDERS_PAGE_BUILDING_OXFORD_UNIVERSITY_CHAPTER_HISTORY_PARA_1">
			<Text>İngilizce konuşulan dünyadaki en eski üniversite (ve böylece Merry Ol’un İngiltere’si) Oxford Üniversitesi’nde c. 1096 AD. 1148'de Henry II'nin kraliyet tüzüğü verdiği ve 1167'de İngiliz öğrencilerin Paris Üniversitesi'ne girmesini yasakladığı zaman küçük bir kurumdan büyüdü. İngiliz İç Savaşı sırasında Kraliyetçi bir merkez olmasına rağmen, üniversitenin o zamandan beri siyasette çok az yer almasından kaynaklanmıştı. 1800'lerin ortalarında Oxford müfredatı, Pusey, Jowett ve Muller gibi bilginlerin gelmesiyle birlikte, Alman yüksek öğrenim modelinden büyük ölçüde etkilendi. Oxford Üniversitesi'ndeki ilk kadın koleji (Lady Margaret Hall) 1878'de kurulmuştur. Ve 1974'te, daha önce beş erkek kolejinden ilk kez kadınları almıştı. İşler o zamandan beri aynı değildi.</Text>
		</Row>		
		<Row Tag="LOC_PEDIA_WONDERS_PAGE_BUILDING_PETRA_CHAPTER_HISTORY_PARA_1">
			<Text>Kızıldeniz ve Ölü Deniz arasında yer alan Petra, Wadi Musa'nın (şimdi Ürdün'ün bir parçası) çevresindeki kırmızı kumtaşından Nabatalılar tarafından - açıkça M.Ö. 400 yıllarında boş zaman geçirmiş bir şehirdir. Mısır, Yunan ve İncil kaynaklarında belirtilen şehir, Arabistan, Mısır ve Suriye'nin kuzeyi arasındaki hayati bir kavşak olan büyük bir karavan merkezine dönüşecekti. Geçitlerle dolu kanyon geçitleri ve kanyon geçitleriyle çevrili dağlarla çevrili; ancak bir ticaret merkezi haline getiren bir çölün ortasında usta ve kapsamlı bir sarnıç ve rezervuar sistemi vardı. Zirvede Petra, belki de 20 bin nüfusa ev sahipliği yaptı ve Nijerya krallığının başkenti olarak hizmet etti. Yani, Romalılar gelip onu MS 106'ya ekleyene kadar. Bir dizi deprem ve bunun yanı sıra Roma vergileri yüzünden, İsviçre kaşifi Johann Burckhardt tarafından 1812 yılına kadar “keşfedilmemek” gerekmeden iki yüz yıl sonra terk edildi.</Text>
		</Row>
		<Row Tag="LOC_PEDIA_WONDERS_PAGE_BUILDING_POTALA_PALACE_CHAPTER_HISTORY_PARA_1">
			<Text>Tibet'te çok düz bir zemin bulunmadığından, tabanı Kırmızı Tepenin güney yamacına yerleştirilmiş olduğundan, Potala Sarayı - Dalai Lama'ya ev sahipliği yapmıştır (on dördüncü olan 1959'da bir ayaklanmadan kaçtı) - yamaç. Sarayın adı, onbir başlı bodhisattva Avalokiteśvara'nın bulunduğu Potalaka Dağı'nın adı. Bugün, kıpkırmızı ve beyaz duvarları ve altın çatısı turistlere ödeme yapmak için “görkemle parlıyor”…. Lozang Gyatso, beşinci Dalai Lama, Lhasa'nın üzerindeki “modern” sarayın yapımına başladı. C. MS 1645 ve dört yıl sonra taşındı. O zamandan beri yayılan yapıya daha fazla bit ve parça eklenmiştir, özellikle Potrang Marpo (“kırmızı saray”) ve kutsal stupa 1694'te tamamlanmıştır. Ancak, Potala Sarayı’nın Beyaz Saray Meydanı'nın sağ tarafında… dünyadaki en güzel tuvalet olduğu söyleniyor, ancak güneş ışığı ve iyi düşüncelerle dolu.</Text>
		</Row>
		<Row Tag="LOC_PEDIA_WONDERS_PAGE_BUILDING_PYRAMIDS_CHAPTER_HISTORY_PARA_1">
			<Text>Piramitler, Eski Krallık'ın başından Ptolemaik hanedanının yakınına kadar inşa edilmelerine rağmen, Nil Nehri boyunca gerçekten büyük taş yığınları yığılmış ve üçüncü hanedanlığın sonunda başlamış ve altıncı yıl boyunca devam etmekte (kabaca 500 yıl). Eski Mısır'ın “ihtişamı” ile neredeyse eşanlamlı olan Büyük Giza Piramidi, M.Ö. 2560 yıllarında, firavun Khufu'nun mezarı olarak görev yapmak üzere (saltanatının uzunluğunu koruyan başka bir şey yoktur) M.Ö. Eski Dünyanın Yedi Harikası'ndan biri olarak kabul edilir. Yetenekli ustalar da dahil olmak üzere on binlerce işçi tarafından inşa edilen ve “kasa taşları” (cilalanmış kireçtaşı plakaları) ile kaplı olan Giza Piramitleri, Mısır'ın gücüne ve yerlilerin öbür dünyaya olan inancına bir kanıtıydı - en azından seçkinler için . Bugüne kadar, bir zamanlar dünyanın en büyük imparatorluğunun içinde olan bazı 135 piramit bulundu.</Text>
		</Row>
		<Row Tag="LOC_PEDIA_WONDERS_PAGE_BUILDING_RUHR_VALLEY_CHAPTER_HISTORY_PARA_1">
			<Text>1700'lerden beri, Ruhrpott (Ruhr Vadisi) toplandı - dünyanın en üretken yerlerinden bazıları olan kömür ve demir madenleri. Başlangıçta cevher, şerit madenciliği yoluyla kolayca erişilebilirdi; Bundan sonra tükenmiş, Alman madenciler daha derin kazdık. 1850'de, Ruhrpott ve çevresinde yaklaşık 300 mayın işletiliyordu. Bunların hepsini başka bir yere göndermek zahmetli olduğundan, kömür ocağı, yüksek fırınlar, haddehaneler ve Endüstri Devrimi'nin yüksek bacaları ufuk çizgisini şekillendirdi. Ruhr'dan dökülen tek şey kömür ve çelik değildi; 1820 yılına kadar yüzlerce su değirmeni, tekstil, kereste ve demir çubuk üretiyordu. Ücretli kölelerle dolu kent merkezleri toprağa yayılmış… bugüne kadar Bochum, Dortmund, Duisburg ve Essen birbirine bağlı bir metropol oluşturuyor. Kömür ve demir endüstrilerindeki son gerileme ile, Ruhrpott kültürel bir dönüşüm geçirdi ve Zeche Zollverein kömür madeni kompleksi ve Gazometre Oberhausen gibi yapılarda UNESCO tarafından Dünya Miras Alanları listesinde yer alan tarihi yerler olarak yeniden doğuldu!</Text>
		</Row>
		<Row Tag="LOC_PEDIA_WONDERS_PAGE_BUILDING_STONEHENGE_CHAPTER_HISTORY_PARA_1">
			<Text>Elli tonluk kaya kütlesinden bir daire inşa etmek için bir grup Neolitik vahşiyi neyin motive ederse, dini değer, astrolojik merak, kraliyet cenaze töreni, ya da sadece eğlencesi için mi - Stonehenge'in etkileyici bir başarısı olduğu inkâr edilemez mühendislik, çalışmak zorunda oldukları araçlar göz önüne alındığında. Yaklaşık 5000 yıl önce Güney İngiltere’de başlayan Stonehenge, hendek (veya “henge”) ile çevrelenmiş eşmerkezli taş çemberleriydi. Tavuğun yerleştirilmesinden sonra, yaklaşık bin yıl sonra, bundan yaklaşık 500 yıl sonra daha büyük, dik "sarsen" taşlarından oluşan bir dış halka halka yerleştirildi. Her biri yaklaşık dört tonda gelen 80 bluestone, 240 mil uzaklıktaki bir taş ocağından taşınmış; Sarsen taşları kesilmiş ve bölgeye yaklaşık 20 mil uzaklıkta taşınmıştır. Bununla birlikte, ne amaçla olursa olsun, Stonehenge birkaç bin yıl sonra bile “harika” bir başarı olmaya devam ediyor.</Text>
		</Row>
		<Row Tag="LOC_PEDIA_WONDERS_PAGE_BUILDING_SYDNEY_OPERA_HOUSE_CHAPTER_HISTORY_PARA_1">
			<Text>Bennelong Noktası'nda Sidney için muazzam bir sanat merkezinin inşası 1940'lardan bu yana tartışıldı; 1956’da, Yeni Güney Galler hükümeti, kentin gerçekten zevk aldığını göstermek için büyük bir şeyin tasarımı için açık uçlu bir yarışma ilan etti. Danimarkalı bir mimar olan Jørn Utzon, benzersiz dışavurumcu tasarımıyla, iç cam perde duvarları olan bir milyondan fazla beyaz veya krem rengi karo ile kaplanmış bir seri beton prefabrik “mermi” ile kazandı. Bu yüzden benzersiz olan problemli tasarımdı (Utzon, yapısal mühendisliğe hiç dikkat etmedi), tahmin edilenden on kat daha yüksek bir maliyetle inşa edilmesi on altı yıl sürdü. Ancak, bir kez tamamlandığında ve Ekim 1973'te Kraliçe II. Elizabeth tarafından resmi olarak görevlendirildiğinde, o zamandan beri tek seferlik bir ceza kolonisinin ikonik sembolü haline geldi. 2.679 kişilik görkemli Konser Salonundan, 210 kişilik Utzon Salonuna kadar Opera Evi, her türlü performansı sergilemektedir.</Text>
		</Row>
		<Row Tag="LOC_PEDIA_WONDERS_PAGE_BUILDING_TERRACOTTA_ARMY_CHAPTER_HISTORY_PARA_1">
			<Text>Ölümsüzlük konusundaki çabaları meyve vermediğinden, ilk Qin imparatoru Qin Shi Huang'ın araya girme zamanı geldiğinde, büyüklüğüne uygun bir tarzda yapıldığından emin oldu. Asla kolejden yoksun olan imparator, M.Ö 246'da, 13 yaşından büyük bir süre önce tahtına çıkarken, türbesi üzerinde çalışmaya başlamasını emretti. Çinli coğrafyacı Li Daoyuan'a göre, altı yüzyıl sonra yazılan, uğurlu jeolojisi nedeniyle Li Dağı, güney yüzü yeşim yönünden zengin ve altın rengi kuzey yamaçlarıyla bölgeye seçildi. Büyük Tarihçi Kayıtlarında (bir Sima Qian tarafından), mezarı kazmak ve donatmak, 70000 işçi, mezarı doldurmak ve donatmak için 8000 asker, atlı 130 araba ve 150 süvari ile doldurulmuş olarak kullanılıyordu. kil bazlı seramik - ve işleyen silahlarla donanmış. Askeri formasyonda düzenlenmiştir. Bu nedenle, “Terracotta Ordusu.” 1974 yılına kadar, kuyu kazmaya çalışan köylüler tarafından keşfedildiğinde rahatsız edildi. Hubris için çok fazla.</Text>
		</Row>
		<Row Tag="LOC_PEDIA_WONDERS_PAGE_BUILDING_VENETIAN_ARSENAL_CHAPTER_HISTORY_PARA_1">
			<Text>MS 1104'te başlayan Venedik Arsenal'i, sonunda tersaneler, zırhlar ve silah dükkanlarının yayıldığı bir komplekstir. Cumhuriyetin hem bağımsızlığına hem de kazançlı deniz ticaret yollarına dayandığı Venedik Donanması'nın ihtiyaçlarına cevap vermek için inşa edilmiş, “endüstri öncesi uygarlığın merkezi yapısı ile büyük bir üretim kompleksinin en önemli örneği” olarak adlandırılmıştır. Arsenal'in farklı bölgelerinde, önceden talep edilmesi halinde, bir günde bir savaş gemisi hazırlamak için gerekli olan hazır bir gemi parçası, silahlar, halat, yelkenler ve gerekli olan her şey bir savaş gemisi hazırlandı. Montello tepelerindeki devlete ait bir orman, kereste ve katranı sağladı. Arsenal'e Porto Magna (“büyük kapı”) eklendi c. 1460, Venedik'teki ilk Klasik Canlanma yapısı olan sanatçı Jacopo Bellini'nin tasarımından; Yunanistan'da yakalanan iki taş aslan, 1687'de ziyaretçileri etkilemek için girişe eklendi. Arsenal ayrıca, Venedik’in Akdeniz’deki meydan okuyucularını yenmek için savaş gemileri başlatmazken, Venedik tüccar gemilerinin çoğunu servet getiren şehir tüccarlarına… daha fazla gemi inşa etmek için üretti.</Text>
		</Row>
	</BaseGameText>
</GameData>