<?xml version="1.0" encoding="utf-8"?>
<!-- edited with XMLSPY v2004 rel. 2 U (http://www.xmlspy.com) by Ed Beach (Firaxis Games) -->
<GameData>
	<BaseGameText>
		<!-- Empire Names-->
		<Row Tag="LOC_CIVILIZATION_AMERICA_DESCRIPTION">
			<Text>Amerikan İmparatorluğu</Text>
		</Row>
		<Row Tag="LOC_CIVILIZATION_ARABIA_DESCRIPTION">
			<Text>Arap İmparatorluğu</Text>
		</Row>
		<Row Tag="LOC_CIVILIZATION_BARBARIAN_DESCRIPTION">
			<Text>Barbarlar</Text>
			<Plurality>2</Plurality>
		</Row>
		<Row Tag="LOC_CIVILIZATION_BRAZIL_DESCRIPTION">
			<Text>Brezilya İmparatorluğu</Text>
		</Row>
		<Row Tag="LOC_CIVILIZATION_CHINA_DESCRIPTION">
			<Text>Çin İmparatorluğu</Text>
		</Row>
		<Row Tag="LOC_CIVILIZATION_EGYPT_DESCRIPTION">
			<Text>Mısır İmparatorluğu</Text>
		</Row>
		<Row Tag="LOC_CIVILIZATION_ENGLAND_DESCRIPTION">
			<Text>İngiliz İmparatorluğu</Text>
		</Row>
		<Row Tag="LOC_CIVILIZATION_FRANCE_DESCRIPTION">
			<Text>Fransız imparatorluğu</Text>
		</Row>
		<Row Tag="LOC_CIVILIZATION_GERMANY_DESCRIPTION">
			<Text>Alman imparatorluğu</Text>
		</Row>
		<Row Tag="LOC_CIVILIZATION_GREECE_DESCRIPTION">
			<Text>Yunan İmparatorluğu</Text>
		</Row>
		<Row Tag="LOC_CIVILIZATION_INDIA_DESCRIPTION">
			<Text>Hint İmparatorluğu</Text>
		</Row>
		<Row Tag="LOC_CIVILIZATION_JAPAN_DESCRIPTION">
			<Text>Japon İmparatorluğu</Text>
		</Row>
		<Row Tag="LOC_CIVILIZATION_KONGO_DESCRIPTION">
			<Text>Kongo İmparatorluğu</Text>
		</Row>
		<Row Tag="LOC_CIVILIZATION_NORWAY_DESCRIPTION">
			<Text>Norveç İmparatorluğu</Text>
		</Row>
		<Row Tag="LOC_CIVILIZATION_ROME_DESCRIPTION">
			<Text>Roma imparatorluğu</Text>
		</Row>
		<Row Tag="LOC_CIVILIZATION_RUSSIA_DESCRIPTION">
			<Text>Rus İmparatorluğu</Text>
		</Row>
		<Row Tag="LOC_CIVILIZATION_SCYTHIA_DESCRIPTION">
			<Text>İskit İmparatorluğu</Text>
		</Row>
		<Row Tag="LOC_CIVILIZATION_SPAIN_DESCRIPTION">
			<Text>İspanyol İmparatorluğu</Text>
		</Row>
		<Row Tag="LOC_CIVILIZATION_SUMERIA_DESCRIPTION">
			<Text>Sümer İmparatorluğu</Text>
		</Row>
		<!-- City-State Empire Names-->
		<Row Tag="LOC_CIVILIZATION_AMSTERDAM_DESCRIPTION">
			<Text>Amsterdam şehir devleti</Text>
		</Row>
		<Row Tag="LOC_CIVILIZATION_BANDAR_BRUNEI_DESCRIPTION">
			<Text>Bandar Brunei şehir devleti</Text>
		</Row>
		<Row Tag="LOC_CIVILIZATION_BRUSSELS_DESCRIPTION">
			<Text>Brüksel şehir devleti</Text>
		</Row>
		<Row Tag="LOC_CIVILIZATION_BUENOS_AIRES_DESCRIPTION">
			<Text>Buenos Aires şehir devleti</Text>
		</Row>
		<Row Tag="LOC_CIVILIZATION_CARTHAGE_DESCRIPTION">
			<Text>Kartaca şehri devlet</Text>
		</Row>
		<Row Tag="LOC_CIVILIZATION_GENEVA_DESCRIPTION">
			<Text>Cenevre şehir devleti</Text>
		</Row>
		<Row Tag="LOC_CIVILIZATION_HATTUSA_DESCRIPTION">
			<Text>Hattusa şehir devleti</Text>
		</Row>
		<Row Tag="LOC_CIVILIZATION_HONG_KONG_DESCRIPTION">
			<Text>Hong Kong şehir devleti</Text>
		</Row>
		<Row Tag="LOC_CIVILIZATION_JAKARTA_DESCRIPTION">
			<Text>Jakarta şehir devleti</Text>
		</Row>
		<Row Tag="LOC_CIVILIZATION_JERUSALEM_DESCRIPTION">
			<Text>Kudüs şehir devleti</Text>
		</Row>
		<Row Tag="LOC_CIVILIZATION_KABUL_DESCRIPTION">
			<Text>Kabil şehir devleti</Text>
		</Row>
		<Row Tag="LOC_CIVILIZATION_KANDY_DESCRIPTION">
			<Text>Kandy şehir devleti</Text>
		</Row>
		<Row Tag="LOC_CIVILIZATION_KUMASI_DESCRIPTION">
			<Text>Kumasi şehir devleti</Text>
		</Row>
		<Row Tag="LOC_CIVILIZATION_LA_VENTA_DESCRIPTION">
			<Text>La Venta şehir devleti</Text>
		</Row>
		<Row Tag="LOC_CIVILIZATION_LISBON_DESCRIPTION">
			<Text>Lizbon şehir devleti</Text>
		</Row>
		<Row Tag="LOC_CIVILIZATION_MOHENJO_DARO_DESCRIPTION">
			<Text>Mohenjo-Daro şehir devleti</Text>
		</Row>
		<Row Tag="LOC_CIVILIZATION_PRESLAV_DESCRIPTION">
			<Text>Preslav şehir-devlet</Text>
		</Row>
		<Row Tag="LOC_CIVILIZATION_NAN_MADOL_DESCRIPTION">
			<Text>Nan Madol şehir devleti</Text>
		</Row>
		<Row Tag="LOC_CIVILIZATION_SEOUL_DESCRIPTION">
			<Text>Seul şehir devleti</Text>
		</Row>
		<Row Tag="LOC_CIVILIZATION_STOCKHOLM_DESCRIPTION">
			<Text>Stockholm şehir devleti</Text>
		</Row>
		<Row Tag="LOC_CIVILIZATION_TORONTO_DESCRIPTION">
			<Text>Toronto şehir devleti</Text>
		</Row>
		<Row Tag="LOC_CIVILIZATION_VALLETTA_DESCRIPTION">
			<Text>Valletta şehir devleti</Text>
		</Row>
		<Row Tag="LOC_CIVILIZATION_VILNIUS_DESCRIPTION">
			<Text>Vilnius şehir devleti</Text>
		</Row>
		<Row Tag="LOC_CIVILIZATION_YEREVAN_DESCRIPTION">
			<Text>Erivan şehir devleti</Text>
		</Row>
		<Row Tag="LOC_CIVILIZATION_ZANZIBAR_DESCRIPTION">
			<Text>Zanzibar şehir devleti</Text>
		</Row>
		<!-- Adjectives -->
		<Row Tag="LOC_CIVILIZATION_AMERICA_ADJECTIVE">
			<Text>Amerikan</Text>
			<Gender>Masculine:an</Gender>
		</Row>
		<Row Tag="LOC_CIVILIZATION_ARABIA_ADJECTIVE">
			<Text>Arap</Text>
			<Gender>Masculine:an</Gender>
		</Row>
		<Row Tag="LOC_CIVILIZATION_BARBARIAN_ADJECTIVE">
			<Text>Barbar</Text>
		</Row>
		<Row Tag="LOC_CIVILIZATION_BRAZIL_ADJECTIVE">
			<Text>Brezilyalı</Text>
		</Row>
		<Row Tag="LOC_CIVILIZATION_CHINA_ADJECTIVE">
			<Text>Çinli</Text>
		</Row>
		<Row Tag="LOC_CIVILIZATION_EGYPT_ADJECTIVE">
			<Text>Mısırlı</Text>
			<Gender>Masculine:an</Gender>
		</Row>
		<Row Tag="LOC_CIVILIZATION_ENGLAND_ADJECTIVE">
			<Text>İngiliz</Text>
			<Gender>Masculine:an</Gender>
		</Row>
		<Row Tag="LOC_CIVILIZATION_FRANCE_ADJECTIVE">
			<Text>Fransız</Text>
		</Row>
		<Row Tag="LOC_CIVILIZATION_GERMANY_ADJECTIVE">
			<Text>Alman</Text>
		</Row>
		<Row Tag="LOC_CIVILIZATION_GREECE_ADJECTIVE">
			<Text>Yunan</Text>
		</Row>
		<Row Tag="LOC_CIVILIZATION_INDIA_ADJECTIVE">
			<Text>Hintli</Text>
			<Gender>Masculine:an</Gender>
		</Row>
		<Row Tag="LOC_CIVILIZATION_JAPAN_ADJECTIVE">
			<Text>Japon</Text>
		</Row>
		<Row Tag="LOC_CIVILIZATION_KONGO_ADJECTIVE">
			<Text>Kongolu</Text>
		</Row>
		<Row Tag="LOC_CIVILIZATION_NORWAY_ADJECTIVE">
			<Text>Norveçli</Text>
		</Row>
		<Row Tag="LOC_CIVILIZATION_ROME_ADJECTIVE">
			<Text>Romalı</Text>
		</Row>
		<Row Tag="LOC_CIVILIZATION_RUSSIA_ADJECTIVE">
			<Text>Rus</Text>
		</Row>
		<Row Tag="LOC_CIVILIZATION_SCYTHIA_ADJECTIVE">
			<Text>İskitli</Text>
		</Row>
		<Row Tag="LOC_CIVILIZATION_SPAIN_ADJECTIVE">
			<Text>İspanyol</Text>
		</Row>
		<Row Tag="LOC_CIVILIZATION_SUMERIA_ADJECTIVE">
			<Text>Sümerli</Text>
			<Gender>Masculine:an</Gender>
		</Row>
		<Row Tag="LOC_CIVILIZATION_AMSTERDAM_ADJECTIVE">
			<Text>Amsterdamlı</Text>
		</Row>
		<Row Tag="LOC_CIVILIZATION_BANDAR_BRUNEI_ADJECTIVE">
			<Text>Bandar Bruneili</Text>
		<Gender>Masculine:an</Gender>
		</Row>
		<Row Tag="LOC_CIVILIZATION_BRUSSELS_ADJECTIVE">
			<Text>Brükselli</Text>
		</Row>
		<Row Tag="LOC_CIVILIZATION_BUENOS_AIRES_ADJECTIVE">
			<Text>Buenos Airesli</Text>
		</Row>
		<Row Tag="LOC_CIVILIZATION_CARTHAGE_ADJECTIVE">
			<Text>Kartacalı</Text>
			<Gender>Masculine:an</Gender>
		</Row>
		<Row Tag="LOC_CIVILIZATION_GENEVA_ADJECTIVE">
			<Text>Cenevizli</Text>
		</Row>
		<Row Tag="LOC_CIVILIZATION_HATTUSA_ADJECTIVE">
			<Text>Hattuşalı</Text>
		</Row>
		<Row Tag="LOC_CIVILIZATION_HONG_KONG_ADJECTIVE">
			<Text>Hongkonglu</Text>
		</Row>
		<Row Tag="LOC_CIVILIZATION_JAKARTA_ADJECTIVE">
			<Text>Jakartalı</Text>
			<Gender>Masculine:an</Gender>
		</Row>
		<Row Tag="LOC_CIVILIZATION_JERUSALEM_ADJECTIVE">
			<Text>Kudüslü</Text>
		</Row>
		<Row Tag="LOC_CIVILIZATION_KABUL_ADJECTIVE">
			<Text>Kabilli</Text>
		</Row>
		<Row Tag="LOC_CIVILIZATION_KANDY_ADJECTIVE">
			<Text>Kandyanlı</Text>
			<Gender>Masculine:an</Gender>
		</Row>
		<Row Tag="LOC_CIVILIZATION_KUMASI_ADJECTIVE">
			<Text>Kumasili</Text>
		</Row>
		<Row Tag="LOC_CIVILIZATION_LA_VENTA_ADJECTIVE">
			<Text>La Ventalı</Text>
		</Row>
		<Row Tag="LOC_CIVILIZATION_LISBON_ADJECTIVE">
			<Text>Lizbonlu</Text>
		</Row>
		<Row Tag="LOC_CIVILIZATION_MOHENJO_DARO_ADJECTIVE">
			<Text>Mohenco-Darolu</Text>
		</Row>
		<Row Tag="LOC_CIVILIZATION_PRESLAV_ADJECTIVE">
			<Text>Preslav</Text>
		</Row>
		<Row Tag="LOC_CIVILIZATION_NAN_MADOL_ADJECTIVE">
			<Text>Nan Madollu</Text>
		</Row>
		<Row Tag="LOC_CIVILIZATION_SEOUL_ADJECTIVE">
			<Text>Seullu</Text>
		</Row>
		<Row Tag="LOC_CIVILIZATION_STOCKHOLM_ADJECTIVE">
			<Text>Stockholmlu</Text>
		</Row>
		<Row Tag="LOC_CIVILIZATION_TORONTO_ADJECTIVE">
			<Text>Torontolu</Text>
			<Gender>Masculine:an</Gender>
		</Row>
		<Row Tag="LOC_CIVILIZATION_VALLETTA_ADJECTIVE">
			<Text>Vallettalı</Text>
		</Row>
		<Row Tag="LOC_CIVILIZATION_VILNIUS_ADJECTIVE">
			<Text>Vilnialı</Text>
			<Gender>Masculine:an</Gender>
		</Row>
		<Row Tag="LOC_CIVILIZATION_YEREVAN_ADJECTIVE">
			<Text>Erivanlı</Text>
		</Row>
		<Row Tag="LOC_CIVILIZATION_ZANZIBAR_ADJECTIVE">
			<Text>Zanzibarlı</Text>
		</Row>
		<!-- Civ Traits-->
		<Row Tag="LOC_TRAIT_CIVILIZATION_AMAZON_NAME">
			<Text>Amazon</Text>
		</Row>
		<Row Tag="LOC_TRAIT_CIVILIZATION_AMAZON_DESCRIPTION">
			<Text>Yağmur ormanlarının petekleri, Kampüs, Ticari Hub, Kutsal Site ve Tiyatro Meydanı bölgeleri için +1 yakınlık bonusu sağlar. Yağmur ormanlarının petekleri, bitişik olarak inşa edilmiş komşular için +1 [ICON_Housing] Konut sağlar.</Text>
		</Row>
		<Row Tag="LOC_TRAIT_CIVILIZATION_DYNASTIC_CYCLE_NAME">
			<Text>Hanedan Döngüleri</Text>
		</Row>
		<Row Tag="LOC_TRAIT_CIVILIZATION_DYNASTIC_CYCLE_DESCRIPTION">
			<Text>[ICON_TechBoosted] Aydınlanma ve [ICON_CivicBoosted] İlham kaynakları, teknoloji ve ilkerin %50'si yerine %60'ını sağlar.</Text>
		</Row>
		<Row Tag="LOC_TRAIT_INEXPENSIVE_BUILDERS_NAME">
			<Text>Masrafsız İnşaatçı</Text>
		</Row>
		<Row Tag="LOC_TRAIT_INEXPENSIVE_BUILDERS_DESCRIPTION">
			<Text>İnşaatçıları her zamanki zamanın yarısı sürede yetiştirin.</Text>
		</Row>
		<Row Tag="LOC_TRAIT_CIVILIZATION_ADJACENT_DISTRICTS_NAME">
			<Text>Meiji Restorasyonu</Text>
		</Row>
		<Row Tag="LOC_TRAIT_CIVILIZATION_ADJACENT_DISTRICTS_DESCRIPTION">
			<Text>Tüm Bölgeler başka bölgeye bitişik olması için ek bir standart bitişiklik bonusu.</Text>
		</Row>
		<Row Tag="LOC_TRAIT_CIVILIZATION_DOUBLE_ARCHAEOLOGY_SLOTS_NAME">
			<Text>Britanya Müzesi</Text>
		</Row>
		<Row Tag="LOC_TRAIT_CIVILIZATION_DOUBLE_ARCHAEOLOGY_SLOTS_DESCRIPTION">
			<Text>Her Arkeoloji Müzesi, 3 yerine 6 adet [ICON_GreatWork_Artifact] Eser barındırır ve aynı anda 2 Arkeoloğu destekleyebilir. Arkeoloji Müzeleri 6 [ICON_GreatWork_Artifact] Esere sahip olduklarında otomatikmen fikir kazanır.</Text>
		</Row>
		<Row Tag="LOC_TRAIT_CIVILIZATION_EXTRA_LIGHT_CAVALRY_NAME">
			<Text>Bozkır Halkı</Text>
		</Row>
		<Row Tag="LOC_TRAIT_CIVILIZATION_EXTRA_LIGHT_CAVALRY_DESCRIPTION">
			<Text>Hafif Süvari birimi veya Saka Atlı Okçu'yu her eğittiğinizde, ikinci bir Hafif Süvari birimi veya Saka Atlı Okçu'su kazanın.</Text>
		</Row>
		<Row Tag="LOC_BONUS_AGAINST_BARBS_NAME">
			<Text>Vahşi</Text>
		</Row>
		<Row Tag="LOC_BONUS_AGAINST_BARBS_DESCRIPTION">
			<Text>Barbarlara karşı bonus.</Text>
		</Row>
		<Row Tag="LOC_TRAIT_CIVILIZATION_FIRST_CIVILIZATION_NAME">
			<Text>Epik Görevler</Text>
		</Row>
		<Row Tag="LOC_TRAIT_CIVILIZATION_FIRST_CIVILIZATION_DESCRIPTION">
			<Text>Bir Barbar Kampı'nı ele geçirdiğinizde, her zamanki [ICON_Gold] Altın'a ek olarak bir Kabile Köyü ödülü alırsınız. Şehir Devletlerine birimler için her zamanki maliyetin yarısını ödersiniz.</Text>
		</Row>
		<Row Tag="LOC_TRAIT_CIVILIZATION_ITERU_NAME">
			<Text>Nil</Text>
		</Row>
		<Row Tag="LOC_TRAIT_CIVILIZATION_ITERU_DESCRIPTION">
			<Text>Eğer bir nehrin yanındaysa, Bölgelere ve Harikalar için +%15 üretim. Sulak alanlar, Bölgelerin ve Harikaların yerleştirilmesini engellemez.</Text>
		</Row>
		<Row Tag="LOC_TRAIT_CIVILIZATION_PLATOS_REPUBLIC_NAME">
			<Text>Platon'un Cumhuriyeti</Text>
		</Row>
		<Row Tag="LOC_TRAIT_CIVILIZATION_PLATOS_REPUBLIC_DESCRIPTION">
			<Text>Herhangi bir hükümette ekstra bir Joker kart politika slotu.</Text>
		</Row>
		<Row Tag="LOC_TRAIT_CIVILIZATION_MOTHER_RUSSIA_NAME">
			<Text>Rusya Ana</Text>
		</Row>
		<Row Tag="LOC_TRAIT_CIVILIZATION_MOTHER_RUSSIA_DESCRIPTION">
			<Text>Kurucu şehirlere ekstra arazi. Tundra'lardan +1 [ICON_Faith] İnanç ve +1 [ICON_Production] Üretim.</Text>
		</Row>
		<Row Tag="LOC_TRAIT_CIVILIZATION_LAST_PROPHET_NAME">
			<Text>Son Peygamber</Text>
		</Row>
		<Row Tag="LOC_TRAIT_CIVILIZATION_LAST_PROPHET_DESCRIPTION">
			<Text>Sonuncu olduğu belirtildiğinde, son [ICON_GreatProphet] Büyük Peygamber'i otomatik olarak alırsınız ( [ICON_GreatProphet] Büyük Peygamber kazanmadıysanız). Arabistan Dinini takiben her yabancı şehir için +1 [ICON_Science] Bilim.</Text>
		</Row>
		<Row Tag="LOC_TRAIT_CIVILIZATION_NKISI_NAME">
			<Text>Nkisi</Text>
		</Row>
		<Row Tag="LOC_TRAIT_CIVILIZATION_NKISI_DESCRIPTION">
			<Text>+2 [ICON_Food] Gıda, +2 [ICON_Production] Üretim, ve +4 [ICON_Gold] Altın from each [ICON_GreatWork_Relic] Relic, [ICON_GreatWork_Artifact] Artifact, and Sculpture [ICON_GreatWork_Sculpture] Great Work of Art in addition to the usual [ICON_Culture] Culture. 50% daha fazla [ICON_GreatWriter] Ünlü Yazar, [ICON_GreatArtist] Ünlü Sanatçı, [ICON_GreatMusician] Ünlü Müzisyen ve [ICON_GreatMerchant] Ünlü Tüccar puanları sağlanır. Saray'da 5 Büyük Eser için slot var.</Text>
		</Row>
		<Row Tag="LOC_TRAIT_CIVILIZATION_TREASURE_FLEET_NAME">
			<Text>Donanma Hazinesi</Text>
		</Row>
		<Row Tag="LOC_TRAIT_CIVILIZATION_TREASURE_FLEET_DESCRIPTION">
			<Text>Donanmaları ve Filoları daha erken sürede oluşturabilir (Merkantılizm). Birden çok kıta arasındaki [ICON_TradeRoute] Ticaret yolları, diğer uygarlıklara giden yollar için, bonus olarak [ICON_Gold] Altın alır ve kendi şehirleriniz arasındaki yollardan [ICON_Food] Gıda ve [ICON_Production] Üretim bonusu sağlar.</Text>
		</Row>
		<Row Tag="LOC_TRAIT_CIVILIZATION_FOUNDING_FATHERS_NAME">
			<Text>Kurucu Babalar</Text>
		</Row>
		<Row Tag="LOC_TRAIT_CIVILIZATION_FOUNDING_FATHERS_DESCRIPTION">
			<Text>Tüm hükümet mirası bonusları, normal sürenin yarısında kazanılır.</Text>
		</Row>
		<Row Tag="LOC_TRAIT_CIVILIZATION_DHARMA_NAME">
			<Text>Dharma</Text>
		</Row>
		<Row Tag="LOC_TRAIT_CIVILIZATION_DHARMA_DESCRIPTION">
			<Text>En az 1 takipçisi olan herhangi bir dine sahip şehirden, takipçi inancı bonusu kazanın.</Text>
		</Row>
		<Row Tag="LOC_TRAIT_CIVILIZATION_WONDER_TOURISM_NAME">
			<Text>Büyük Tur</Text>
		</Row>
		<Row Tag="LOC_TRAIT_CIVILIZATION_WONDER_TOURISM_DESCRIPTION">
			<Text>Ortaçağ, Rönesans ve Endüstriyel çağ Harikalarına yönelik, +%20 [ICON_Production] Üretim. Herhangi bir çağın Harikasından gelen [ICON_Tourism] Turizm ikiye katlanır.</Text>
		</Row>
		<Row Tag="LOC_TRAIT_CIVILIZATION_IMPERIAL_FREE_CITIES_NAME">
			<Text>Ücretsiz İmparatorluk Şehirleri</Text>
		</Row>
		<Row Tag="LOC_TRAIT_CIVILIZATION_IMPERIAL_FREE_CITIES_DESCRIPTION">
			<Text>Her şehirde normalden 1 fazla Bölge daha inşa edilebilir (Normal limitin aşılması, [ICON_Citizen] Nüfusa dayalı).</Text>
		</Row>
		<Row Tag="LOC_TRAIT_CIVILIZATION_ALL_ROADS_TO_ROME_NAME">
			<Text>Tüm yollar Roma'ya çıkar</Text>
		</Row>
		<Row Tag="LOC_TRAIT_CIVILIZATION_ALL_ROADS_TO_ROME_DESCRIPTION">
			<Text>Kurduğunuz veya fethettiğiniz tüm şehirlerde, Ticaret Dükkanı ile başlayın. [ICON_Capital] Başkent'iniz bir [ICON_TradeRoute] Ticaret Yolu menzilindeyse, ayrıca onlara bir yol bağlar. [ICON_TradeRoute] Ticari Yollarınız, kendi şehirlerinizdeki Ticaret Dükkanlarından geçerken, +1 [ICON_Gold] Altın kazanır.</Text>
		</Row>
		<Row Tag="LOC_TRAIT_CIVILIZATION_EARLY_OCEAN_NAVIGATION_NAME">
			<Text>Knarr</Text>
		</Row>
		<Row Tag="LOC_TRAIT_CIVILIZATION_EARLY_OCEAN_NAVIGATION_DESCRIPTION">
			<Text>Birimler, Gemi İmalatı teknolojisi araştırıldıktan sonra Okyanus peteklerine girme kabiliyetine sahip olurlar. Tarafsız sularda, yakın saldırı yapan deniz birimleri iyileşebilirler. Birimler, karaya çıkma ve bindirme [ICON_Movement] Hareket'i maliyetinden muaf tutulurlar.</Text>
		</Row>
		<!-- Civilization Info -->
		<Row Tag="LOC_CIVINFO_LOCATION">
			<Text>Konum</Text>
		</Row>
		<Row Tag="LOC_CIVINFO_SIZE">
			<Text>Büyüklük</Text>
		</Row>
		<Row Tag="LOC_CIVINFO_POPULATION">
			<Text>Nüfus</Text>
		</Row>
		<Row Tag="LOC_CIVINFO_CAPITAL">
			<Text>Başkent</Text>
		</Row>
		<Row Tag="LOC_CIVINFO_AMERICA_LOCATION">
			<Text>Kuzey Amerika</Text>
		</Row>
		<Row Tag="LOC_CIVINFO_AMERICA_SIZE">
			<Text>Kabaca 3.8 milyon mil (9.6 milyon kilometrekare)</Text>
		</Row>
		<Row Tag="LOC_CIVINFO_AMERICA_POPULATION">
			<Text>Yaklaşık 318 milyon</Text>
		</Row>
		<Row Tag="LOC_CIVINFO_AMERICA_CAPITAL">
			<Text>Çeşitli (Philadelphia, New York, currently Washington)</Text>
		</Row>
		<Row Tag="LOC_CIVINFO_ARABIA_LOCATION">
			<Text>Asya-Afrika</Text>
		</Row>
		<Row Tag="LOC_CIVINFO_ARABIA_SIZE">
			<Text>Emeviler Halifeliği altında Est.  5.79 milyon mil (15 milyon kilometrekare)</Text>
		</Row>
		<Row Tag="LOC_CIVINFO_ARABIA_POPULATION">
			<Text>Emeviler döneminde yaklaşık 34 milyon</Text>
		</Row>
		<Row Tag="LOC_CIVINFO_ARABIA_CAPITAL">
			<Text>Birçok (Medine, Kufa, Şam, Bağdat, Kahire)</Text>
		</Row>
		<Row Tag="LOC_CIVINFO_BRAZIL_LOCATION">
			<Text>Güney Amerika</Text>
		</Row>
		<Row Tag="LOC_CIVINFO_BRAZIL_SIZE">
			<Text>3.29 milyon mil (8.5 milyon kilometrekare)</Text>
		</Row>
		<Row Tag="LOC_CIVINFO_BRAZIL_POPULATION">
			<Text>193 milyon</Text>
		</Row>
		<Row Tag="LOC_CIVINFO_BRAZIL_CAPITAL">
			<Text>Çeşitli (Salvador, Rio de Janeiro ve şu anda Brezilya)</Text>
		</Row>
		<Row Tag="LOC_CIVINFO_CHINA_LOCATION">
			<Text>Asya</Text>
		</Row>
		<Row Tag="LOC_CIVINFO_CHINA_SIZE">
			<Text>37 milyon mil (9.6 milyon kilometrekare)</Text>
		</Row>
		<Row Tag="LOC_CIVINFO_CHINA_POPULATION">
			<Text>1990'da 1.1 milyar</Text>
		</Row>
		<Row Tag="LOC_CIVINFO_CHINA_CAPITAL">
			<Text>Birçok (en başta gelen 4 tanesi: Nanjing, Luoyang, Chang'an, ve şuanda Beijing)</Text>
		</Row>
		<Row Tag="LOC_CIVINFO_ENGLAND_LOCATION">
			<Text>Avrupa</Text>
		</Row>
		<Row Tag="LOC_CIVINFO_ENGLAND_SIZE">
			<Text>Kabaca 94 bin mil (243458.88 kilometrekare)</Text>
		</Row>
		<Row Tag="LOC_CIVINFO_ENGLAND_POPULATION">
			<Text>64.1 milyon</Text>
		</Row>
		<Row Tag="LOC_CIVINFO_ENGLAND_CAPITAL">
			<Text>Londra (genel)</Text>
		</Row>
		<Row Tag="LOC_CIVINFO_EGYPT_LOCATION">
			<Text>Afrika</Text>
		</Row>
		<Row Tag="LOC_CIVINFO_EGYPT_SIZE">
			<Text>390 bin mil (1 milyon kilometrekare)</Text>
		</Row>
		<Row Tag="LOC_CIVINFO_EGYPT_POPULATION">
			<Text>7.5 milyon (Ptolemaik Hanedanlığı)</Text>
		</Row>
		<Row Tag="LOC_CIVINFO_EGYPT_CAPITAL">
			<Text>Çeşitli (Memphis, Thebes, Alexandria, ve şu anda Cairo)</Text>
		</Row>
		<Row Tag="LOC_CIVINFO_FRANCE_LOCATION">
			<Text>Avrupa</Text>
		</Row>
		<Row Tag="LOC_CIVINFO_FRANCE_SIZE">
			<Text>246.2 bin mil (640.6 bin kilometrekare)</Text>
		</Row>
		<Row Tag="LOC_CIVINFO_FRANCE_POPULATION">
			<Text>66.6 milyon</Text>
		</Row>
		<Row Tag="LOC_CIVINFO_FRANCE_CAPITAL">
			<Text>Çeşitli (Orleans, Tours, Versailles, Vichy, başlıca Paris)</Text>
		</Row>
		<Row Tag="LOC_CIVINFO_GERMANY_LOCATION">
			<Text>Avrupa</Text>
		</Row>
		<Row Tag="LOC_CIVINFO_GERMANY_SIZE">
			<Text>390 bin mil (MS 1050 - 1 milyon kilometrekare)</Text>
		</Row>
		<Row Tag="LOC_CIVINFO_GERMANY_POPULATION">
			<Text>26.3 milyon (MS 1780)</Text>
		</Row>
		<Row Tag="LOC_CIVINFO_GERMANY_CAPITAL">
			<Text>Şu anda Berlin</Text>
		</Row>
		<Row Tag="LOC_CIVINFO_GREECE_LOCATION">
			<Text>Avrupa</Text>
		</Row>
		<Row Tag="LOC_CIVINFO_GREECE_SIZE">
			<Text>Kabaca (çok) 50.9 bin mil (131.9 bin kilometrekare)</Text>
		</Row>
		<Row Tag="LOC_CIVINFO_GREECE_POPULATION">
			<Text>667.5 bin (Peloponnezyen Savaşı sırasında)</Text>
		</Row>
		<Row Tag="LOC_CIVINFO_GREECE_CAPITAL">
			<Text>Tüm şehirler ama başlıcaları Sparta ve Atina, şu anda ise Atina</Text>
		</Row>
		<Row Tag="LOC_CIVINFO_INDIA_LOCATION">
			<Text>Asya</Text>
		</Row>
		<Row Tag="LOC_CIVINFO_INDIA_SIZE">
			<Text>1.3 mil (3.3 milyon kilometrekare)</Text>
		</Row>
		<Row Tag="LOC_CIVINFO_INDIA_POPULATION">
			<Text>1.2 milyar (Günlük artan)</Text>
		</Row>
		<Row Tag="LOC_CIVINFO_INDIA_CAPITAL">
			<Text>Çeşitli (Calcutta, Delhi, şu anda New Delhi)</Text>
		</Row>
		<Row Tag="LOC_CIVINFO_JAPAN_LOCATION">
			<Text>Asya</Text>
		</Row>
		<Row Tag="LOC_CIVINFO_JAPAN_SIZE">
			<Text>146 bin mil (378 bin kilometrekare)</Text>
		</Row>
		<Row Tag="LOC_CIVINFO_JAPAN_POPULATION">
			<Text>En son 126.4 milyon</Text>
		</Row>
		<Row Tag="LOC_CIVINFO_JAPAN_CAPITAL">
			<Text>Çeşitli (Kyoto'ya kadar listelenecek kadar çok; şu anda Tokyo)</Text>
		</Row>
		<Row Tag="LOC_CIVINFO_KONGO_LOCATION">
			<Text>Afrika</Text>
		</Row>
		<Row Tag="LOC_CIVINFO_KONGO_SIZE">
			<Text>Büyük ölçüde 49.9 bin mil (129.4 bin kilometrekare)</Text>
		</Row>
		<Row Tag="LOC_CIVINFO_KONGO_POPULATION">
			<Text>MS 1650'de 509 bin</Text>
		</Row>
		<Row Tag="LOC_CIVINFO_KONGO_CAPITAL">
			<Text>M'banza Kongo</Text>
		</Row>
		<Row Tag="LOC_CIVINFO_NORWAY_LOCATION">
			<Text>Avrupa</Text>
		</Row>
		<Row Tag="LOC_CIVINFO_NORWAY_SIZE">
			<Text>148.7 bin mil (385.2 bin kilometrekare)</Text>
		</Row>
		<Row Tag="LOC_CIVINFO_NORWAY_POPULATION">
			<Text>En yeni 5.1 milyon</Text>
		</Row>
		<Row Tag="LOC_CIVINFO_NORWAY_CAPITAL">
			<Text>Çeşitli (Trondheim, Bergen, Ve şu anda Oslo)</Text>
		</Row>
		<Row Tag="LOC_CIVINFO_ROME_LOCATION">
			<Text>Avrupa (Ve Küçük Asya, Afrika, Orta Doğu ve diğer parçalar)</Text>
		</Row>
		<Row Tag="LOC_CIVINFO_ROME_SIZE">
			<Text>Yaklaşık 2.5 milyon mil (6.5 milyon kilometrekare) Trajan'ın altında</Text>
		</Row>
		<Row Tag="LOC_CIVINFO_ROME_POPULATION">
			<Text>88 milyon (En yoğun hali)</Text>
		</Row>
		<Row Tag="LOC_CIVINFO_ROME_CAPITAL">
			<Text>Roma</Text>
		</Row>
		<Row Tag="LOC_CIVINFO_RUSSIA_LOCATION">
			<Text>Avrupa-Asya (ve kısaca Kuzey Amerika'nın bir parçası)</Text>
		</Row>
		<Row Tag="LOC_CIVINFO_RUSSIA_SIZE">
			<Text>Yaklaşık 8.4 milyon mil (21.8 milyon kilometrekare)</Text>
		</Row>
		<Row Tag="LOC_CIVINFO_RUSSIA_POPULATION">
			<Text>181.5 milyon</Text>
		</Row>
		<Row Tag="LOC_CIVINFO_RUSSIA_CAPITAL">
			<Text>Moskova sonra St. Petersburg</Text>
		</Row>
		<Row Tag="LOC_CIVINFO_SCYTHIA_LOCATION">
			<Text>Asya</Text>
		</Row>
		<Row Tag="LOC_CIVINFO_SCYTHIA_SIZE">
			<Text>Kabaca 384 bin mil (994 bin kilometrekare)</Text>
		</Row>
		<Row Tag="LOC_CIVINFO_SCYTHIA_POPULATION">
			<Text>Bilinmiyor, En iyi tahmin, en çok 40-50 Bin</Text>
		</Row>
		<Row Tag="LOC_CIVINFO_SCYTHIA_CAPITAL">
			<Text>Yok (tarihte bahsedilen tek şehir MS 3. Yüzyılda Gotlar tarafından yıkılan "İskit Neapolis" tir)</Text>
		</Row>
		<Row Tag="LOC_CIVINFO_SPAIN_LOCATION">
			<Text>Avrupa</Text>
		</Row>
		<Row Tag="LOC_CIVINFO_SPAIN_SIZE">
			<Text>195 bin mil (504.4 bin kilometrekare)</Text>
		</Row>
		<Row Tag="LOC_CIVINFO_SPAIN_POPULATION">
			<Text>47.6 milyon</Text>
		</Row>
		<Row Tag="LOC_CIVINFO_SPAIN_CAPITAL">
			<Text>Madrid (genellikle)</Text>
		</Row>
		<Row Tag="LOC_CIVINFO_SUMERIA_LOCATION">
			<Text>Asya</Text>
		</Row>
		<Row Tag="LOC_CIVINFO_SUMERIA_SIZE">
			<Text>Söylemesi imkansız</Text>
		</Row>
		<Row Tag="LOC_CIVINFO_SUMERIA_POPULATION">
			<Text>1.1 ile 1.5 milyon arasında</Text>
		</Row>
		<Row Tag="LOC_CIVINFO_SUMERIA_CAPITAL">
			<Text>Birçok (Lagash, Eridu, Uruk, Kish, Ur ya da mevcut kralın kaldığı her yerde)</Text>
		</Row>
		<!-- Uniques -->
		<Row Tag="LOC_TRAIT_CIVILIZATION_BUILDING_FILM_STUDIO_NAME">
			<Text>Amerika'nın Eşsiz Binası: Film Stüdyosu</Text>
		</Row>
		<Row Tag="LOC_TRAIT_CIVILIZATION_BUILDING_MADRASA_NAME">
			<Text>Arabistan'nın Eşsiz Binası: Medrese</Text>
		</Row>
		<Row Tag="LOC_TRAIT_CIVILIZATION_IMPROVEMENT_GREAT_WALL_NAME">
			<Text>Çin'nin Eşsiz Geliştirmesi: Çin Seddi</Text>
		</Row>
		<Row Tag="LOC_TRAIT_CIVILIZATION_IMPROVEMENT_SPHINX_NAME">
			<Text>Mısır'ın Eşsiz Geliştirmesi: Sfenks</Text>
		</Row>
		<Row Tag="LOC_TRAIT_CIVILIZATION_UNIT_EGYPTIAN_CHARIOT_ARCHER_NAME">
			<Text>Mısır Eşsiz Birimi: Maryannu Okçu Arabası</Text>
		</Row>
		<Row Tag="LOC_TRAIT_CIVILIZATION_UNIT_CHINESE_CROUCHING_TIGER_NAME">
			<Text>Çin Eşsiz Birimi: Çömelen Kaplan</Text>
		</Row>
		<Row Tag="LOC_TRAIT_CIVILIZATION_IMPROVEMENT_CHATEAU_NAME">
			<Text>Fransa'nın Eşsiz Geliştirmesi: Şato</Text>
		</Row>
		<Row Tag="LOC_TRAIT_CIVILIZATION_DISTRICT_HANSA_NAME">
			<Text>Almanya'nın Eşsiz Bölgesi: Hansa</Text>
		</Row>
		<Row Tag="LOC_TRAIT_CIVILIZATION_DISTRICT_ACROPOLIS_NAME">
			<Text>Yunanistan'nın Eşsiz Bölgesi: Akropolis</Text>
		</Row>
		<Row Tag="LOC_TRAIT_CIVILIZATION_UNIT_GREEK_HOPLITE_NAME">
			<Text>Yunan Eşsiz Birimi: Hoplit</Text>
		</Row>
		<Row Tag="LOC_TRAIT_CIVILIZATION_IMPROVEMENT_STEPWELL_NAME">
			<Text>Hindistan'nın Eşsiz Geliştirmesi: Baoli</Text>
		</Row>
		<Row Tag="LOC_TRAIT_CIVILIZATION_BUILDING_ELECTRONICS_FACTORY_NAME">
			<Text>Japonya'nın Eşsiz Binası:Elektronik Fabrikası</Text>
		</Row>
		<Row Tag="LOC_TRAIT_CIVILIZATION_UNIT_JAPANESE_SAMURAI_NAME">
			<Text>Japon Eşsiz Birimi: Samuray</Text>
		</Row>
		<Row Tag="LOC_TRAIT_CIVILIZATION_MBANZA_NAME">
			<Text>Kongol'un Eşsiz Bölgesi: Mbanza</Text>
		</Row>
		<Row Tag="LOC_TRAIT_CIVILIZATION_BUILDING_STAVE_CHURCH_NAME">
			<Text>Norveç'in Eşsiz Binası: Stave Kilisesi</Text>
		</Row>
		<Row Tag="LOC_TRAIT_CIVILIZATION_DISTRICT_BATH_NAME">
			<Text>Roma'nın Eşsiz Bölgesi: Hamam</Text>
		</Row>
		<Row Tag="LOC_TRAIT_CIVILIZATION_UNIT_ROMAN_LEGION_NAME">
			<Text>Roma'nın Eşsiz Birimi: Lejyoner</Text>
		</Row>
		<Row Tag="LOC_TRAIT_CIVILIZATION_UNIT_KONGO_SHIELD_BEARER_NAME">
			<Text>Kongol'un Eşsiz Birimi: Ngao Mbeba</Text>
		</Row>
		<Row Tag="LOC_TRAIT_CIVILIZATION_DISTRICT_LAVRA_NAME">
			<Text>Rusya'nın Eşsiz Bölgesi: Lavra</Text>
		</Row>
		<Row Tag="LOC_TRAIT_CIVILIZATION_IMPROVEMENT_KURGAN_NAME">
			<Text>İskit'lerin Eşsiz Geliştirmesi: Kurgan</Text>
		</Row>
		<Row Tag="LOC_TRAIT_CIVILIZATION_UNIT_SCYTHIAN_HORSE_ARCHER_NAME">
			<Text>İskit'lerin Eşsiz Birimi: Saka Atlı Okçu</Text>
		</Row>
		<Row Tag="LOC_TRAIT_CIVILIZATION_IMPROVEMENT_MISSION_NAME">
			<Text>İspanya'nın Eşsiz Geliştirmesi: Misyon</Text>
		</Row>
		<Row Tag="LOC_TRAIT_CIVILIZATION_UNIT_SPANISH_CONQUISTADOR_NAME">
			<Text>İspanya'nın Eşsiz Birimi: Fetihçi</Text>
		</Row>
		<Row Tag="LOC_TRAIT_CIVILIZATION_UNIT_RUSSIAN_COSSACK_NAME">
			<Text>Rusya'nın Eşsiz Birimi: Kazak</Text>
		</Row>
		<Row Tag="LOC_TRAIT_CIVILIZATION_IMPROVEMENT_ZIGGURAT_NAME">
			<Text>Sümerlerin Eşsiz Geliştirmesi: Ziggurat</Text>
		</Row>
		<Row Tag="LOC_TRAIT_CIVILIZATION_UNIT_SUMERIAN_WAR_CART_NAME">
			<Text>Sümerlerin Eşsiz Birimi: Sümer Savaş Arabası</Text>
		</Row>
		<Row Tag="LOC_TRAIT_CIVILIZATION_UNIT_INDIAN_VARU_NAME">
			<Text>Hintli Eşsiz Birim: Varu</Text>
		</Row>
		<Row Tag="LOC_TRAIT_CIVILIZATION_UNIT_ENGLISH_SEADOG_NAME">
			<Text>İngiliz Eşsiz Birim: Deniz Köpeği</Text>
		</Row>
		<Row Tag="LOC_TRAIT_CIVILIZATION_UNIT_ARABIAN_MAMLUK">
			<Text>Arap Eşsiz Birimi: Memluk</Text>
		</Row>
		<Row Tag="LOC_TRAIT_CIVILIZATION_UNIT_FRENCH_GARDE_IMPERIALE_NAME">
			<Text>Fransız Eşsiz Birimi: İmparatorluk Muhafızları</Text>
		</Row>
		<Row Tag="LOC_TRAIT_CIVILIZATION_UNIT_GERMAN_UBOAT_NAME">
			<Text>Alman Eşsiz Birimi: Alman Denizaltısı</Text>
		</Row>
		<Row Tag="LOC_TRAIT_CIVILIZATION_UNIT_AMERICAN_P51_NAME">
			<Text>Amerika'nın Eşsiz Birimi: P-51 Avcı Uçağı</Text>
		</Row>
		<Row Tag="LOC_TRAIT_CIVILIZATION_UNIT_BRAZILIAN_MINAS_GERAES_NAME">
			<Text>Brezilya'nın Eşsiz Birimi: Minas Geraes Savaş Gemisi</Text>
		</Row>
		<Row Tag="LOC_TRAIT_CIVILIZATION_UNIT_NORWEGIAN_BERSERKER_NAME">
			<Text>Norveç'in Eşsiz Birimi: Berserker</Text>
		</Row>
		<Row Tag="LOC_TRAIT_CIVILIZATION_STREET_CARNIVAL_NAME">
			<Text>Brezilya'nın Eşsiz Bölgesi: Sokak Karnavalı</Text>
		</Row>
		<Row Tag="LOC_TRAIT_CIVILIZATION_ROYAL_NAVY_DOCKYARD_NAME">
			<Text>İngiliz Eşsiz Bölgesi: Kraliyet Donanması Tersanesi</Text>
		</Row>
	</BaseGameText>
</GameData>
