﻿<?xml version="1.0" encoding="UTF-8" standalone="yes"?>
<GameData xmlns:xsi="http://www.w3.org/2001/XMLSchema-instance">
	<BaseGameText>
    <Row Tag="LOC_PEDIA_DISTRICTS_PAGE_INTRO_CHAPTER_CONTENT_PARA_1">
      <Text>Civilization VI'da, binalar artık şehir merkezinizde sıkışıp kalmaz, ancak bölgenizde bölgelerin bir parçası olarak yayılabilir. Önemli stratejik yerleştirme kararları ile karşı karşıya olduğunuzda harita her zamankinden daha önemlidir. Kampüsler ve Kutsal Siteler, Dağların yakınlarına yerleştirilmekten özel destek alırlar, ancak yalnızca eski ilçeler yakındaki bir Rainforest kaynağından yararlanır.</Text>
    </Row>
		<Row Tag="LOC_PEDIA_DISTRICTS_PAGE_DISTRICT_CITY_CENTER_CHAPTER_HISTORY_PARA_1">
			<Text>Bir şehrin politik, kültürel, tarihi, ticari ve coğrafi kalbi… en azından teori. Dünyanın farklı bölgelerinde, köyler kasabalara ve şehirlere doğru büyüdükçe, bu uygarlığın bu simbiyotik niteliklerinin farklı yönleri, genellikle önceden tahmin edilmeden vurgulanmıştır. Şehir merkezinde dolaşıp, insanlar hakkında çok şey ortaya çıkıyor. Nadiren halk aslında şehir merkezinde yaşıyor (gökdelenlerin ve kınamakların ortaya çıkmasına kadar); bunun yerine, kentin kişiliğinin sergilendiği, görkemli anıtları, görkemli parkları, yükselen ofisleri, gösterişli hükümet binaları ve benzerleriyle sergilendiği “şehir” dir. Genellikle ilk yerleşmiş kısmı (şu anda kentsel yenileme ile düzleştirilmiş basit evler) kapsar ve şimdi yayılan şehrin en tarihi bölgesidir.</Text>
		</Row>
		<Row Tag="LOC_PEDIA_DISTRICTS_PAGE_DISTRICT_HOLY_SITE_CHAPTER_HISTORY_PARA_1">
			<Text>Tanrı güdümlü uygarlıklarda, dini “bölgelerin” tüm tapınakların, tapınakların, manastırların, sunakların, kiliselerin bir araya geldiği bazı şehirlerde evrimleşmesi bilinmemektedir. Genellikle bunlar kutsal bir mekanda, bazı mucizelerin, vizyonların veya vahiylerin yerinde ortaya çıkıyor. Kâbe merkezli, İslam'ın en kutsal bölgesi böyledir. Kudüs, kutsal yerler için bir merkez üssüdür. Sonra Roma'nın ortasına inşa edilmiş, tamamen kutsal bir şehir olan Roma Katolik Vatikan var. Ve halk, Mekke'ye Hac veya Sihlerin Amritsar'daki Altın Tapınak'ı ziyaret etmek için günlük duaları veya Seçilmiş Halk tarafından Tapınak Dağını görmek için ateşli bir dilek gibi bu tür bölgelere hala hac ziyareti yapıyor.</Text>
		</Row>
		<Row Tag="LOC_PEDIA_DISTRICTS_PAGE_DISTRICT_CAMPUS_CHAPTER_HISTORY_PARA_1">
			<Text>“Kampüs” terimi, “alan” için Latince bir kelimedir ve ilk olarak MS 1746’da kurulan Princeton Üniversitesi’nin ne olacağı gerekçesiyle uygulandı; kelime o zamandan beri herhangi bir yüksek öğrenim kurumunun genellikle çevre düzenlemesi ortamına (ve bazen iddialı şirket ofisi komplekslerine) uygulanmaya başlandı. Kampüsün öğrenmeye ayrılan özel bir ilçe olarak geleneği, eğitmenlerin ve öğrencilerin kendi kendini düzenleyen, manastırlı bir yerleşim yerlerinde bir arada yaşadıkları 12. Yüzyıl Avrupa okullarında köklerine sahiptir. Toplu hakları ve yasal ayrıcalıklarına sahip bu ilk kampüsler, prensiplerden veya imtiyazlardan yapılan tüzüklerle genellikle, bulundukları kasaba tarafından “bağışlanan” arazilerle garanti altına alınmıştır.</Text>
		</Row>
		<Row Tag="LOC_PEDIA_DISTRICTS_PAGE_DISTRICT_ENCAMPMENT_CHAPTER_HISTORY_PARA_1">
			<Text>Eski bir yönetici, profesyonel bir orduya - ihtiyaç duyduğuna karar verdiğinde - sivri uçlu sopayla silahlandırılmış bir grup iyi niyetli çiftçi yerine - ölüm ve kargaşayla uğraşmadığı zamanlarda koyacak bir yer olması gerekiyordu. Askerlerin ortalama halkla karışmalarını sağlamak istemeyeceklerinden, askerleri yerleştirmek ve eğitmek için kamplar kuruldu. Genellikle, ordunun refahı için gerekli olan her şeyi içeren - takviye, ahırlar, mağazalar, eğitim alanları ve benzeri - bu kamplar oldukça etkileyici olabilir; Roma İmparatorluğu'nun zirvesinde, standart bir askeri kamp bütün bir lejyonu barındırabilir ve bakımını yapabilirdi. Nitekim, Roma hukuku ve geleneği şehre girmekten bile hiçbir lejyonu yasakladı - kötü bir fikir değil, Lucius Sulla lejyonlarına yürüdü ve M.Ö. 87'de diktatör ilan etti.</Text>
		</Row>
		<Row Tag="LOC_PEDIA_DISTRICTS_PAGE_DISTRICT_HARBOR_CHAPTER_HISTORY_PARA_1">
			<Text>Güvenli sığınak, fırtınalardan korunmak, dinlenip oturmak için yer, liman. Erkekler yelken açtıklarında limanlara duyulan ihtiyaç belirginleşti. İlk medeniyetler doğal limanları aradılar ve tarih bu deniz yerleşimlerinin oturduğu yer tarafından sıkça tanımlandı. Zamanla dalgakıranlar, iskeleler, deniz duvarları, deniz fenerleri ve kuru havuzlar eklenmiş ve limanı açık tutmak için gerekirse deniz dibi taraması yapılmıştır. Limanlar, ticaret ve deniz savaşı merkezleri, keşif için başlangıç noktası ve göçün bitiş noktasıydı. Teknoloji geliştikçe, “suni” limanlar şimdi, tuzlu bataklıklar ve gelgit düzlüklerinden oluşturulan Long Beach Limanı gibi modern ticari gemileri, beton, çelik, tarama mavnaları ve pompalama istasyonları kullanarak ele almak için inşa edilebilir.</Text>
		</Row>
		<Row Tag="LOC_PEDIA_DISTRICTS_PAGE_DISTRICT_AERODROME_CHAPTER_HISTORY_PARA_1">
			<Text>Bir havaalanı, uçakların havalanıp indiği bir yerdir. Teknik olarak, Uluslararası Sivil Havacılık Örgütü'ne göre, bir “havaalanı” “tamamen veya kısmen uçağın varış, kalkış ve yüzey hareketleri için kullanılması amaçlanan” karada veya suda tanımlanmış bir alandır ”. Tamamen Paris'in bir banliyösü olan Viry-Châtillon'da bulunuyordu. Uçuşun ilk günlerinde, açık, nispeten düz, çimenli bir alan hizmet ederdi… ve yaptı. Bu, şu ankinden farklı olarak, uçakların herhangi bir yöne inip, rüzgar yönü ve hava koşullarına göre ayarlayarak, bir rüzgar çorabı veya bayraktan başka bir şey gerektirmeyen anlamına gelebileceği anlamına geliyordu. Sonra birisi asfalt pist ekleme konusunda akıllıca bir fikre sahipti ve tüm bu iniş ve kalkışlar çok daha karmaşık hale geldi.</Text>
		</Row>
		<Row Tag="LOC_PEDIA_DISTRICTS_PAGE_DISTRICT_COMMERCIAL_HUB_CHAPTER_HISTORY_PARA_1">
			<Text>Bir kentin “ticari merkezi” genellikle kapitalizmin ve açgözlülüğün kentin finansmanını canlandırdığı şehir merkezindeki ticaret bölgesini ifade eder. İşte birkaç insanı zengin yapan ve şehrin büyümesini sağlayan pazarlar, bankalar ve borsalar. Zamanla, basit bir yerel finansör ve şirket ofisleri koleksiyonundan evrimleşen bir ticari merkez “küresel bir finans merkezi” haline gelebilir. Bu tür küresel merkezlerin sıralanması için bir sistem bile vardır; 2013 yılına kadar Londra, New York City tarafından desteklendiğinde Global Finansal Merkezler Endeksi'nde en üst sıralarda yer aldı, ardından her ikisi de Hong Kong, Singapur ve Tokyo tarafından yakından takip edildi. Kâr arayışı açık bir şekilde evrensel bir medeniyet özelliğidir.</Text>
		</Row>
		<Row Tag="LOC_PEDIA_DISTRICTS_PAGE_DISTRICT_ENTERTAINMENT_COMPLEX_CHAPTER_HISTORY_PARA_1">
			<Text>“Eğlence” bölgesi, kentsel bir ortamda yaşamanın yükünden aile dostu rahatsızlıklar sunuyor. Bazı şehirlerde, eğlence kompleksi müzeler, hayvanat bahçeleri ve diğer ilginç yerlerle doludur; diğerlerinde ise tiyatroların, barların, müzik mekanlarının ve benzeri yerlerin ilçesidir; Bazıları ise kentin stadyum ve kapalı alanlara sahip sporunun merkezidir. Biçimi ne olursa olsun - Montreal'deki Quartier des Spectacles, ya da Wellington'daki Te Aro Bölgesi, hatta Hamburg'daki St. Pauli olsa bile - her uygar şehrin, vatandaşlarına mutluluk ve gurur vermesi, sosyal kimlik duygusu vermesi Kırsal olamaz.</Text>
		</Row>
		<Row Tag="LOC_PEDIA_DISTRICTS_PAGE_DISTRICT_THEATER_CHAPTER_HISTORY_PARA_1">
			<Text>Kentsel orta sınıf 19. yüzyılın sonlarında “kültürlenmenin” yönünü üstlenirken, ayı yemleme ve çıplak eklemli bokstan daha rafine eğlence talep etti. Tiyatro bölgeleri, genellikle sınıfın himayesinde olan mevcut tiyatro ve müzelerin etrafında toplanan cevaptı. Böylece New York'un Broadway bölgesi, 1883'te Metropolitan Opera Binası'nın Batı 39. ve Broadway'e taşınmasından hemen sonra açılan bir dizi yeni müzik salonu ve restoran gördü. 1800'lerin başında, Londra'nın West End tiyatro bölgesi, Covent'taki Kraliyet Opera Binası'ndan dışarı doğru genişledi. Bahçe. Zamanla, tiyatro yeteneklerini besleyenler de tiyatro bölgelerinde bulundu: kayıt stüdyoları, radyo stüdyoları, ajanslar, yapımcılar, vb.</Text>
		</Row>
		<Row Tag="LOC_PEDIA_DISTRICTS_PAGE_DISTRICT_INDUSTRIAL_ZONE_CHAPTER_HISTORY_PARA_1">
			<Text>Bir sanayi bölgesi (bazen euphemistically bir sanayi “parkı” olarak adlandırılır), modern medeniyette “ağır” üretim ve nakliyenin gerçekleştiği yerdir. Endüstri Devrimi'nden çok önce, şehir duvarlarının dışındaki en gürültülü, kokulu ve tehlikeli atölyeleri - tabaklayıcıları, eriticileri, mezbahaları vb. - bulmak yaygındı. Kimse onların yanında yaşamak istemedi. Kaçınılmaz olarak, ağır taşımacılık bu bölgelerdeki hammaddeleri ve bitmiş ürünleri taşımak için gelişti; Bugün sanayi bölgeleri karayolları, demiryolları, havaalanları ve limanlara bağdır. Altyapı bölgeleri ile büyüdü: depolar, enerji santralleri, su kuleleri, boru hatları ve iletişim ağları. Ve sanayi bölgeleri, sanayi büyüdükçe büyümeye devam etti; Örneğin, Edmonton dışındaki Terfi Yolu 318 kilometrekare (yaklaşık 123 mil karelik) kapsar.</Text>
		</Row>
		<Row Tag="LOC_PEDIA_DISTRICTS_PAGE_DISTRICT_NEIGHBORHOOD_CHAPTER_HISTORY_PARA_1">
			<Text>Bay Rogers, Big Bird ve Kurabiye Canavarı gibi, idealize edilmiş bir evde yaşadı. Gerçekte, mahalleler nadiren dost değerler, özlemler ve kültür ile bu tür işlevsel sosyal ağlardır. Endüstri Devrimi'nin gelişiyle ilk kez şehirlerde kırsal alanlardan daha fazla insan yaşıyordu; taşımacılığın sınırlı ve yavaş olduğu göz önüne alındığında, kalabalık ve sağlıksız kiralamalar Londra, New York ve Berlin gibi yerlerde büyüdüğü için fabrika işçileri ve büro memurları çalışma yerlerine yakın olabilir. Sonra telefon ve otomobil geldi; aniden bu orta sınıf ücret köleleri, iç kısımdaki kenar mahallelerden ve gettolardan kurtularak banliyölere gidebilirdi. 1880'lerde, Londra, Wembley Park ve Kingsbury Garden Village gibi planlı “mülkler” ile çevriliydi… ve yakında diğer pek çok sanayi şehriydi.</Text>
		</Row>
		<Row Tag="LOC_PEDIA_DISTRICTS_PAGE_DISTRICT_AQUEDUCT_CHAPTER_HISTORY_PARA_1">
			<Text>Su kemeri kalıntıları - insan yapımı su kanalları - dünyadaki antik yerleşimler hakkında dağınık olarak bulundu ... Mısır, Hindistan, Pers, Yunanistan, Azteca ve özellikle bir zamanlar Roma toprakları arasında. 415 kilometreden fazla (yaklaşık 258 mil) su kemeri, içmek ve banyo yapmak için Roma metropolüne taze su getirdi. Bu Roma su kemerleri, mühendislik harikasıydı (zamanları göz önünde bulundurarak) ve çoğu zaman çatılıydı, bu yüzden de geçit ve su yollarını geçtikleri köprüler olarak hizmet ediyorlardı. Su kemerlerinin tasarımında bazı sağlık sorunları olmasına rağmen (özellikle de onları yönlendirecek şekilde kullanılması), genel olarak, nispeten temiz su temini, bir şehre dönüşmeyi ümit eden herhangi bir kasabanın nimetiydi.</Text>
		</Row>
		<Row Tag="LOC_PEDIA_DISTRICTS_PAGE_DISTRICT_SPACEPORT_CHAPTER_HISTORY_PARA_1">
			<Text>Bir yıldız geçidinin (ya da kozmodromun) yıldızlara açılan bir kapı olduğu görüntüsü, medeniyet için bir sonraki “büyük sınır” ın macera ve keşiflerini andırıyor. Gerçek şu ki çok daha açık sözlü: roketleri fırlatacak bir yer (ve belki de karaya inebilir). Bunlar gibi, bir uzay limanı da derilerden, vinçlerden, yönetim binalarından, kontrol merkezlerinden, yakıt tanklarından ve çalışma altyapısından oluşur. Dünyanın ilk yörüngesel, insanlı denize indirmek için kurduğu tesis, 1955'te, Sovyet askeri test aralığı olarak başlayan Baikonur'du. ABD'nin kısa bir süre sonra Cape Canaveral'daki Hava Kuvvetleri Füze Test Merkezi'ni alt-yörünge ve ardından yörünge roket testi uçuşları başlatmak için dönüştürdüğü ve uzay yarışı başladı.</Text>
		</Row>
		<Row Tag="LOC_PEDIA_DISTRICTS_PAGE_DISTRICT_ACROPOLIS_CHAPTER_HISTORY_PARA_1">
			<Text>Antik Yunanistan'da, akropolis, kelimenin tam anlamıyla, “üst şehir” anlamına geliyordu. Atina'da, Corinth, Argos, Thebes ve başka yerlerde, tam olarak öyle bir şeydi. yamaçlarda, kesinlikle savunulabilir oldu. Dış duvarlar işgalcilere düşerse akropolde son bir stant yapılabilir. Zamanla, birçok yerde eski akropol, yayılan yeni bir şehrin çekirdeği haline geldi. Yunanistan'daki Arkaik Dönem boyunca, şehirler büyüdükçe ve barbarların tehdidi azaldıkça, bu eski üst bölgelere tapınaklar, tiyatrolar, forumlar, saraylar, hükümet binaları ve mütevazı evler, pazarlar, kışlalar ve meydanların yerini alan benzerleriyle şehir yenileme çalışmaları yapıldı. Bu bir zamanlar zirveyi işgal etti.</Text>
		</Row>
		<Row Tag="LOC_PEDIA_DISTRICTS_PAGE_DISTRICT_BATH_CHAPTER_HISTORY_PARA_1">
			<Text>Eski Roma'da, bunlar büyük banyo kompleksleriydi; Birçok Roma villaları ve sarayları özel, ısıtmalı banyolara sahipken, halk halka açıktı, rahatlaması ve temizliği gereken tüm acele, kirli vatandaşlara açıktı. Yerleşim düzeni Roma kentinden Roma kentine kadar çeşitlilik gösterse de, genel olarak her biri rahatlama ve egzersiz için bir atriyum, bir caldarium (sıcak banyo), ılık, (sıcak banyo), frigidarium (soğuk banyo) ve apodyterium (giyinme odası) ) ve benzerleri. Gerçekten güzel olanlarda ayrıca sudatoryum (nemli buhar banyosu) ve lakonyum (kuru buhar banyosu) vardı. Kadın banyoları adeta daha ayrıntılıydı ve duvar resimleri ve mozaiklerle süslenmişti. Kolezyum'da katliamı izleyen uzun bir günden sonra, yerel bölgeyi ziyaret etmek kadar lüks bir şey olmamalı.</Text>
		</Row>
		<Row Tag="LOC_PEDIA_DISTRICTS_PAGE_DISTRICT_HANSA_CHAPTER_HISTORY_PARA_1">
			<Text>Eski Fransız “tüccar şirketi” anlamına gelen Hanse, ticaret ve ulaşımın korunması ve tesis edilmesi için bir kasabada düzenlenen tüccar ve tüccarların gönüllü bir konfederasyonuydu. Baltık ve Kuzey Denizi'nin ticari limanlarında bu üretim ve ticaret guild'leri 13. yüzyılda oldukça güçlü ve etkili oldu, karargahları hansa olarak da bilinen komplekslerdeki merkezleriyle. En büyük hansa ilçeleri sadece rakip guildlerin idari ofislerini değil, aynı zamanda depoları, atölyeleri, pazarları, bankaları ve kar getirebilecek herhangi bir şeyi barındırıyordu. Bunlardan ilki Lubeck c’de yapıldığı anlaşılıyor. 1159 AD, Batı Avrupa ile kuzey Rusya'nın kaynak bakımından zengin bölgeleri arasındaki ticareti kolaylaştırmak için.</Text>
		</Row>
		<Row Tag="LOC_PEDIA_DISTRICTS_PAGE_DISTRICT_LAVRA_CHAPTER_HISTORY_PARA_1">
			<Text>Doğu Ortodoks geleneğinde, bir lavra (Yunanistan'daki Athos Dağı'nda veya Romanya'da Neamț'de olduğu gibi), merkezi bir kiliseye ve / veya bölgeye sahip olan heritler için kapalı bir manastır manastırıdır. Belki de en ünlüsü Alexander Nevsky Lavra'dır (Rusların bir savaşçıdan sonra kutsal bir yer seçmelerine güvenen Ruslar) ve çok ünlü ama ölü Rusların gömüldüğü St. Petersburg'da - Nevsky dışında, Euler, Suvarov, Mussorgsky, Çaykovski, Dostoyevski ve diğerleri var . Köklerinin MS 4. yüzyılın başlarında olduğuna inanılan ilk lavranın, Mısır çölünde Nitria çevresine yaklaşık 600 keşiş yerleştiği görülüyor. Katı Eremitik geleneğinde, bu keşiş rahipler, genellikle sessizlik, iffet, meditasyon ve / veya oruç yeminleri eşliğinde, duaya adanmış tenha bir yaşam sürdüler. Bazı inançlıların kurtarılacağı uzunlukların daha fazla ispatı.</Text>
		</Row>
		<Row Tag="LOC_PEDIA_DISTRICTS_PAGE_DISTRICT_MBANZA_CHAPTER_HISTORY_PARA_1">
			<Text>Mbanza “şehir” için Kongolu ya da bazı durumlarda basitçe “yerleşim”. Portekizce orta Afrika'ya geldiğinde, M'banza Kongo zaten ticaret ve el sanatları imalatından zengin, ancak nüfusun çoğunu yaşayan büyük bir şehirdi çevreleyen mahallelerde çevreleyen vadilerde - belki de 100 bin kişi kadar. Bu küçük kasabaların bir pazarı ve atölyesi olabilirken, önemli şeyler - kiliseler, saraylar, okullar, klinikler ve vergi daireleri - tepenin başkentinde bulunuyordu. Yamaçtaki birkaç yolla M'banza Kongo'ya bağlandılar ve bunlar bayram ve vergi günleri gibi zamanlarda oldukça kalabalıktı. Bütün bunlar 1648'de ziyaretçiye göre Francesco da Roma'ya göre. Öyleyse, Kongolu olanlar uygarlığın banliyölerini değil, aynı zamanda “acele saati” verdiler.</Text>
		</Row>
		<Row Tag="LOC_PEDIA_DISTRICTS_PAGE_DISTRICT_STREET_CARNIVAL_CHAPTER_HISTORY_PARA_1">
			<Text>Pek çok şehirde, özellikle de Lent'in Hıristiyan mevsimi boyunca, sokak karnavalları vardır - ancak sadece Brezilyalılar bu tür festivallerde rüzgara nasıl bakılacağını gerçekten bilir. Kutlamalar, geçit törenleri, konserler, gösteriler, maskeler ve halka açık ziyafetler (liberal miktardaki alkolle birlikte) kutlamaları besliyor. Sosyolog postmodern sosyologlara göre, bir sosyal kurum olarak Karnaval, kentsel yaşamın ciddiyetinden yalnızca bir soluk almanın ötesine geçiyor, toplumsal düzeni tehdit eden ve kendileri tarafından somutlaşarak marjinal grupların sosyal çatışmalara dikkat etmelerini sağlayan doğal dürtülerin salıverilmesi olarak hizmet ediyor. “anlamsız” faaliyetlerde. Bu yorumlamanın gerçeği ne olursa olsun, Rio de Janeiro, son yıllarda günde iki milyon katılımcıya ev sahipliği yapan, dünyanın en büyük sokak karnavalı.</Text>
		</Row>
		<Row Tag="LOC_PEDIA_DISTRICTS_PAGE_DISTRICT_ROYAL_NAVY_DOCKYARD_CHAPTER_HISTORY_PARA_1">
			<Text>1960'ların sonlarına kadar resmen “HM Royal Dockyards” olarak adlandırılan İngiliz Donanması, dünya çapında görevlendirilen gemilerinin temel alınabileceği, elden geçirilebileceği, yeniden yerleştirilebileceği ve tamir edilebileceği (eğer işler ters giderse) tamir edilebilecek bir dizi tesis sürdürdü. İlki, bir tersanenin yanı sıra bir tersane avlusu, MS 1496'da Portsmouth'da, İspanyol ve Fransızları gelecek birkaç asır boyunca yatağa yatırmak için tam zamanında tayin edildi. Büyük Britanya'nın sınırları dışındaki ilk ülke: 1728'de Antigua'daki İngiliz Limanı'ndaki Kraliyet Tersanesi. Hollanda Savaşları, Napolyon Savaşları, sömürge savaşları ve iki dünya savaşı ile Kraliyet Tersaneleri, (metaforları fazla karıştırmamak) hizmetini verdi. Fakat Kraliyet Donanması'nın rolü ve imparatorluğun aşınması ile 20. Yüzyılın ikinci yarısında, açık kalan Kraliyet Tersaneleri, büyük ölçüde deniz personelinin konaklama ve eğitimine dönüştürüldü.</Text>
		</Row>
	</BaseGameText>
</GameData>