<?xml version="1.0" encoding="UTF-8" standalone="yes"?>
<GameData xmlns:xsi="http://www.w3.org/2001/XMLSchema-instance">
	<BaseGameText>
    <Row Tag="LOC_PEDIA_IMPROVEMENTS_PAGE_INTRO_CHAPTER_CONTENT_PARA_1">
      <Text>İyileştirmeler, döşemelerinizin çıktısını artırabilir. ([ICON_Production] Üretim gibi , [ICON_Gold] Altın, ve [ICON_Food] Gıda). Ayrıca, belirli kaynaklar tarafından sağlanan özel bonuslara erişim sağlarlar. Arazinizi iyileştirmezseniz, medeniyetiniz kesinlikle daha yerleşik medeniyetler tarafından boğulacak.</Text>
    </Row>
		<Row Tag="LOC_PEDIA_IMPROVEMENTS_PAGE_IMPROVEMENT_AIRSTRIP_CHAPTER_HISTORY_PARA_1">
			<Text>Erken havacılık acelesi olan bir yere ihtiyaç duyduğunda, oldukça düz ve yapışıklığı olmayan herhangi bir alan birçok çiftçinin sürprizine çok hizmet ederdi. Zamanla bunlardan bazıları tanınmış ve sıklıkla kullanılmıştır, bu nedenle bir “hava pisti”. Dünyadaki uzak yerlerde, bu genişletilmiş hava her yere seyahat eder. Bunların çoğu çimenli bir pist ve belki de bazı yakıt depolama tankları ve pompalarından oluşuyordu. Çok fazla olanak yok, ancak bunlar turistler ve rahat gezginler için tasarlanmamıştır. Hava limanlarından ve havaalanlarından farklı olarak - bazı hava pistleri bunlara olgunlaştığı halde - hava pistleri planlanmamış duraklar için değil ya da bazı su altı yerleşimlerine yakın bir yerde bulunma araçlarından daha fazlaydı. Petrol sahaları, kereste kampları, koyun istasyonları, sığır çiftlikleri ve benzerleri çoğu zaman bir hava pistini artırdı. Bazıları hala yapıyor.</Text>
		</Row>
		<Row Tag="LOC_PEDIA_IMPROVEMENTS_PAGE_IMPROVEMENT_BARBARIAN_CAMP_CHAPTER_HISTORY_PARA_1">
			<Text>Tarihsel olarak, barbarlar iki türlü ortaya çıktı: dolaşıp kalanlar ve yerleşenler. İkincisi “medeni” oldu ve kentler, imparatorluklar vb. İnşa etti. İlki, ikincisini sarstı, sınırları yıktı ve imparatorluğun vatandaşlarını üzdü. Genel olarak kabile çizgileri boyunca örgütlenen bu barbarlar - “asil vahşi” klişeden uzak, birçoğu gerçekten acımasız, zalim ve savaşçı olan - medeniyete ve birbirlerine saldırmak için geçici çıkışlar kuran göçebelerdi. Tüm bu azgınlığın eğlencesi tükendiğinde ya da örgütlü bir ordu ortaya çıkıp onları fırlattığında, hayatta kalan barbarlar toparlanır ve başka bir karakolda başka bir karakol kurmak için hareket ederdi. Genel olarak iyi bir fikir olduğu için - eğer bir barbar ise - medeni tarafından kolayca bulunamazdı, zamanla çıkışlar daha fazla erişilemez (ve savunulabilir) yerlerde… elbette böyle bir yer kalmayana kadar yerleştirildi.</Text>
		</Row>
		<Row Tag="LOC_PEDIA_IMPROVEMENTS_PAGE_IMPROVEMENT_BEACH_RESORT_CHAPTER_HISTORY_PARA_1">
			<Text>Deniz kenarı tatil beldeleri Roma halkının, ilk önce halk - zengin halkın - yalan söylemeye zaman harcadığı zamanlardı; Napoli Körfezi'ndeki Roma kenti Baiae, Capri adası ve mahkum Pompeii kenti, imparatorluğun seçkinleri tarafından tercih edildi. Fakat varlıklıların, 18. yüzyılın ortalarına kadar, deniz kıyısındaki tatil yerlerinde sulara göze çarpan tüketiminin bir parçası olarak sürdüğü; Zengin zenginleri karşılayan ilk kişi, 1720 yılında Scarborough idi. 1793'te Heiligendamm açıldı ve Avrupa aristokrasisini Baltık kıyılarına taşıdı. Endüstri Devrimi'nin gelmesiyle birlikte, nouveau riche, ılık sularda sıçramaya başladı. Ardından, çalışma saatleri azaldıkça ve harcanabilir gelir arttıkça, işçi sınıfları bile Brighton, Nice ve Coney Adası'nda onlara katılabilirdi… pis zenginleri, güneş ve eğlenceleri için Monte Carlo ve Acapulco gibi yerlere gitmeye zorladı.</Text>
		</Row>
		<Row Tag="LOC_PEDIA_IMPROVEMENTS_PAGE_IMPROVEMENT_CAMP_CHAPTER_HISTORY_PARA_1">
			<Text>Bir zamanlar, bir kamp hayatta kalmak için çok önemliydi… barbarları dolaşıp atılan geçici bir sığınak mı yoksa büyüyen nüfusa oyun, balık veya kümes hayvanı besleyen yarı-kalıcı bir av kampı olsun. İnsanlık daha güvenilir bir et kaynağı için evcilleştirmeyi ve hayvancılık yapmayı öğrenene kadar, avcılık kampları medeniyetin yoluna devam etti. Zamanla kamplar kürk, yakacak odun tedarik etmek ya da yakınlardaki yerlilerle ticaret yapmak gibi yeni roller üstlendi. Bugün, çoğu zaman, bir “kamp” (geçici veya kalıcı), şehir sakinlerinin “doğaya geri dönebileceği” bir rekreasyon alanıdır. Ve şimdi medeni halk avı, balık avlamak ve hayatta kalmaktan ziyade spor yapmak için mücadele ediyor.</Text>
		</Row>
		<Row Tag="LOC_PEDIA_IMPROVEMENTS_PAGE_IMPROVEMENT_CHATEAU_CHAPTER_HISTORY_PARA_1">
			<Text>Birinin sorması gerekiyorsa, bunu karşılayamazsınız. Şato, genellikle tahkimatsız bir malikanenin veya bir ülkenin toprak topraklarının bulunduğu bir ülkedir. Orta çağlarda, bir şato büyük ölçüde kendi kendine yeterliydi, Lord'un cehennemi (kalıtsal topraklar) tarafından destekleniyordu. 1600'lerde, zengin ve aristokrat Fransız lordları, kırsal bölgeleri Château de Maisons gibi zarif, bereketli, mimari olarak rafine edilmiş konaklarla süsledi. Ancak bu görkemli evlerin çoğu köylü isyanları ve popülist devrimler sırasında yakıldı. Ancak birkaçı turistik olarak kalmaktadır. Bugün château terimi gevşek olarak kullanılıyor; örneğin, ne kadar mütevazi olursa olsun, herhangi bir şaraphane veya han için, "Château" ile adını belirtmek yaygındır.</Text>
		</Row>
		<Row Tag="LOC_PEDIA_IMPROVEMENTS_PAGE_IMPROVEMENT_FARM_CHAPTER_HISTORY_PARA_1">
			<Text>İnsanlar bir yerde kalmanın ve ekin yetiştirmenin çok daha kolay olduğunu anladıklarında, büyümekte olan her şeyi toplama konusunda dolaşmak yerine, “medeniyet” patlak verdi. Yaklaşık 12.000 yıl önce, bu “Neolitik Devrim” idi. Çiftçilik, kalıcı yerleşim yerlerinin kendileri sürdürebildiği ve hasat edilebilecek yiyecek ne kadar fazla olursa o kadar büyük yerleşim yerleri büyüyebilirdi. O zamandan beri, teknolojideki gelişmeler tarımı daha verimli hale getiriyor: sulama, makineler, gübreler, böcek ilaçları, GDO'lar ve diğerleri. Getiriler fırladı. </Text>
		</Row>
		<Row Tag="LOC_PEDIA_IMPROVEMENTS_PAGE_IMPROVEMENT_FISHING_BOATS_CHAPTER_HISTORY_PARA_1">
			<Text>“Bakın, birçok balıkçıya göndereceğim,” diye ilan etti Rab, “onlar için balık tutacaklar” (Yeremya 16:16) Ve o zamandan beri, erkeklerin sularından kancalar ve ağlar döktüler. deniz kıyısında veya nehir kıyısında. Sonunda, balıkçılar bu balıkları daha derin sulara doğru takip etmek için tekneler inşa ettiler. Pasifik Polinezyalarından Kuzey Denizi'ndeki İskandinavya kadar bir dizi uygarlık, yiyecek, petrol, hammadde ve ticari ürünler için balık avına dayanıyordu. Tarımın uygulanabilir olduğu yerlerde bile, balıkçı tekneleri, başka hiçbir şekilde kullanılamayan temel malzemeleri sağladı. Küçük botlardan büyük ticari gemilere, balıkçı tekneleri her limandan faaliyet göstermektedir; 2004’ten itibaren, dört milyon kayıtlı balıkçı teknesi vardı. Balıkçı tekneleri, avcılar, uzun kuyruklular ve balina avcıları yüzyıllardır denizleri kışkırttı. Bazı insanlar bile balık tutmayı spor olarak görüyorlar...</Text>
		</Row>
		<Row Tag="LOC_PEDIA_IMPROVEMENTS_PAGE_IMPROVEMENT_COLOSSAL_HEAD_CHAPTER_HISTORY_PARA_1">
			<Text>Devasa “Olmec Heads”, MÖ 900 yıllarından kalma 17 taş heykel, bir zamanlar MesoAmerican Olmec medeniyetinin en iyi bilinen kalıntılarıdır (en azından turistler tarafından). Tek bir kayadan oyulmuş ve daha sonra kilometrelerce taşınan, her biri olgun bir erkeğin başını ve yüzünü, muhtemelen güçlü bir Olmec cetvelinin veya bazı teorilerin sahip olacağı şekilde tasvir eder, ünlü top oyuncuları (eğer öyle değilse, pek değişmedi) . Büyük kafalar Veracruz yakınlarındaki Sierra de los Tuxtlas'daki ocaklardan bazalttan yapılan altı (en küçük) ve 50 ton (en büyük, ancak bitmemiş) arasındadır. Olmec'in metal araçları olmadığı göz önüne alındığında, bu heykelleri kırsal bölgelere saçma çabası çok büyüktü… yine de insanlığın dünyaya damgasını vurma arzusunun bir başka örneği.</Text>
		</Row>
		<Row Tag="LOC_PEDIA_IMPROVEMENTS_PAGE_IMPROVEMENT_FORT_CHAPTER_HISTORY_PARA_1">
			<Text>İlk ego-manyak şefi bir kir duvarı yıktığından ve arkasındaki her şeyi ilan ettiğinden beri askerler sur inşa ediyorlardı. Yeni bölgeyi pasifize etmek, sınırları korumak veya hükmetin kalkmamasını sağlamak için, askeri fikirli hendekler kazıp kazdılar, kazıklar dikti ve her türlü duvarları diktiler. Bazıları bu tür askeri mühendisliği, gün boyunca yürüyebilecek ve akşama doğru yerinde müstahkem bir kamp geçirebilecekleri Roma lejyonları gibi bir sanat formu yaptı. Zamanla, barutun ortaya çıkışı tahkimatlarda yeniliklere neden oldu; Bu ahşap ve taş duvarlar artık yeterli değildi. Bu yüzden, inşa etmek yerine, tahkimatlar düştü - siperler ve bunkerler, hap kutuları ve mayın tarlaları, dikenli teller ve “derinlemesine savunma”. Ancak askerleri korumak ve uygarlığı hem içeriden hem de içeriden korumak için amaç aynı kalır.</Text>
		</Row>
		<Row Tag="LOC_PEDIA_IMPROVEMENTS_PAGE_IMPROVEMENT_ROMAN_FORT_CHAPTER_HISTORY_PARA_1">
			<Text>{LOC_PEDIA_IMPROVEMENTS_PAGE_IMPROVEMENT_FORT_CHAPTER_HISTORY_PARA_1}</Text>
		</Row>
		<Row Tag="LOC_PEDIA_IMPROVEMENTS_PAGE_IMPROVEMENT_GOODY_HUT_CHAPTER_HISTORY_PARA_1">
			<Text>Kabile köyleri, yıkanmamış, uygar olmayanların yaşadığı yerdi. Solgunun ötesinde. Bu köylere “medeni” yerlerdeki kaşifler geldiğinde, yerliler onları sık sık silah, hediye, bilgi, huşu ve saygıyla karşıladılar. Kabile köyleri, medeni yerleşim yerlerinden bir dizi faktörle ayrıldı - inançları deneyimsel olma eğilimindeydiler, yerel hükümetlerini, takas ettikleri ekonomileri, ortak yasalarını, kooperatiflerini (rekabetten ziyade), doğrudan sosyal yapılarını, ailelerini genişletilmiş ve onların kültürü pratik. Aslında, bu kabile köylerinden bazıları, bu ilkelliğin hiçbirinin hayatta kalamadığı şehirlere dönüştü.</Text>
		</Row>
		<Row Tag="LOC_PEDIA_IMPROVEMENTS_PAGE_IMPROVEMENT_GREAT_WALL_CHAPTER_HISTORY_PARA_1">
			<Text>Bazı medeniyetler medeniyetsizlerin dışarıda kalmadığından emin olmaya çalıştıklarında, takviye edilmiş bir sınır yeni bir anlam kazanmıştır. Bir çok imparatorluk “büyük duvarlar” inşa etti - Roma Hadrian Duvarı, Chola-Pandya Madukkarai Duvarı, Gorgan Sassanid Seddi, Fransız Maginot Hattı ve tabii ki Çin Seddi. Birçoğu toprak ve taştan inşa edilmiştir, çoğu doğal arazi özelliği (tepeler, nehirler ve benzeri) içermektedir ve çoğunun uzunluğu boyunca dağılmış kaleleri veya garnizonları vardır. Aşamalı, bazen uzun bir süre boyunca inşa edilmişlerdir. Niyet açısından, bunların hiçbiri çok iyi çalışmadı, yabancıların ne kadar büyük olursa olsun, sınır duvarlarını “geçmeleri” için zaman ve tekrar başardıkları için. Öte yandan, bu büyük duvarlar imparatorluğun vatandaşlarına psikolojik bir engel sağladı ve daha az barbar barbarın sınır yerleşim yerlerine baskın yapmalarını engelledi. Tarih onları geçtikten sonra, büyük duvarların çoğu yoksulluğa ve belirsizliğe düştü… ya da turist tuzağı haline geldi.</Text>
		</Row>
		<Row Tag="LOC_PEDIA_IMPROVEMENTS_PAGE_IMPROVEMENT_KURGAN_CHAPTER_HISTORY_PARA_1">
			<Text>Her nedense, bazı uygarlıkların en büyük mühendislik ve inşaat özellikleri türbeler ve mezarlardır ve bazı nedenlerden dolayı, bu büyük yığınlar genellikle askeri ve siyasi liderlere ayrılmıştır. İskitlere göre bu yığınlar, artık “kurban” kelimesiyle kurgan adı verilen büyük kir yığınlarıydı. Görünüşe göre, Orta Asya'daki bozkırların barbar göçebelerinden birkaçı liderlerini bu höyüklerle ara sıra dördüncü sırada bulmaya başladılar. Yüzyıl M.Ö. Erken Demir Çağı'na göre İskitlerin ve diğer kabilelerin kurbanları, tabanda en fazla 500 metre (1600 fit) kadar olan ve 27 metre (89 fit) yüksekliğe kadar dayanabilecek kadar etkileyici höyüklerdi. Böylece, bunlar bozkırların yuvarlanan açık arazisinde öne çıkma eğilimindeydi. Sonra İskitler tümülüsleri köle ve atların bedenleriyle süslediler, sadece herkesin dikkatini çekmek için burada harika bir erkek (veya belki de kadın) olduğunu söyledi.</Text>
		</Row>
		<Row Tag="LOC_PEDIA_IMPROVEMENTS_PAGE_IMPROVEMENT_LUMBER_MILL_CHAPTER_HISTORY_PARA_1">
			<Text>Yüzyıllar boyunca kereste fabrikasının amacı değişmedi: kütükler bir uçtan aşağıya sarkıyor ve kirişler, tahtalar, direkler ve zonalar diğerinden çıkıyor. Güvenilir bir şekilde tarihlendirilebilecek bilinen en eski kereste fabrikası, MS 3. Yüzyıl'a tarihlenen Hierapolis'te bulunan Roma su ile çalışan bir değirmendir. Küçük, su ile çalışan değirmenler, ağaçların bol olduğu Avrupa ve Orta Doğu'da yaygındı ve tasarımlar daha sonra Avrupalı sömürgecilerle birlikte gitti, böylece bakir ormanları başka yerlerde de kesmeye başlayabildiler. Endüstri Devrimi tüm süreçleri hızlandırdı, çünkü buharlı demiryolları tomrukları buhar kereste değirmenlerine taşıyabiliyordu ve ardından “bitmiş” (birden fazla şekilde) hızla büyüyen şehirlerde piyasaya sürülecek odun ürünlerini taşıyorlardı. Zaman zaman, kâğıt, yakıt ve paketleme için düzeltme ve kesme yan ürünleri bile kullanılmıştır.</Text>
		</Row>
		<Row Tag="LOC_PEDIA_IMPROVEMENTS_PAGE_IMPROVEMENT_MINE_CHAPTER_HISTORY_PARA_1">
			<Text>Değerli (ya da bazen çok değerli olmayan) minerallerin çıkarılması, tarım yapmak ya da savaş yapmak kadar uygarlığın bir parçasıdır. “Tarih öncesi” zamanlarda bile, Neolitik avcı toplayıcıları Grimes Graves'deki gibi mayınlar yaratarak, çakmakları çakmaktan çıkardılar (M.Ö 4000). Mısırlılar malakit, Yunanlılar gümüşü, Romalılar kalay ve kurşun ve her uygarlığa madencilik yaptılar. Endüstri Devrimi'nin elle yapılmasına kadar yapılan işlerin çoğu, madenciliğin açık bir çukur veya yeraltı tüneli olup olmadığı, köleler veya ücret köleleri tarafından toplayıcılar, kürek ve kırıcılar kullanılarak yapılmıştır. Medeniyetin ilk büyük şirketlerinden bazıları madencilikle ilgili endişelerdi ve adaylar sınırların dışına çıkmaya başladı. Bugün, makineler tüm zor işleri yapıyor - maden arama, madencilik ve arıtma. Bu kadar verimli, değerli şeyleri çıkarmaya devam ediyorlar ve şu anda yalnızca ABD'de 560 bin terkedilmiş maden ocağı bulunduğunu söylüyorlar.</Text>
		</Row>
		<Row Tag="LOC_PEDIA_IMPROVEMENTS_PAGE_IMPROVEMENT_MISSILE_SILO_CHAPTER_HISTORY_PARA_1">
			<Text>Her şey roket gibi, Almanlar da 1944'te Saint-Omer'e yakın ilk kompleksi inşa eden yeraltı füze silosuna öncülük etti. V2'lerin İngiltere'de depolanması ve lanse edilmesi amaçlandı, ancak ağır Müttefik bombalaması nedeniyle hizmete hiç girmedi. İngilizler, 1950'lerde füzeleri için yeraltı fırlatma tesisleri fikrini kullandılar ve hatta ICBM'lerini fırlatmak için denizaltıları kullanmayı seçmeden önce bir tane yaptılar. Ne var ki, nükleer füzelerin yeraltına yerleştirilmesi fikrini gerçekten ele alan Amerikalılar ve Ruslardı - sanki III. Siloların birincil amacı, Sovyet UR-100 veya Amerikan Titan II füzelerinin hızlı bir şekilde imha edilmesini sağlamak için başlatılmasını sağlamaktı. Soğuk Savaştan bu yana, Ruslar ICBM'lerinin çoğunu denizaltılara taşıdılar, Amerikalılar halen yaklaşık 450 siloyu işletmekte ve Çin birkaç silo inşa etmiş ancak yine de mobil ICBM rampalarını tercih etmektedir.</Text>
		</Row>
		<Row Tag="LOC_PEDIA_IMPROVEMENTS_PAGE_IMPROVEMENT_MISSION_CHAPTER_HISTORY_PARA_1">
			<Text>Katolik Kilisesi'ne göre misyonlar, yerel nüfusa öğretme, eğilme ve yardım etme amaçlı dini topluluklar ve böylece Mesih'in ideallerini destekliyor. Tabii ki, İspanyol, Portekiz ve Fransız misyonları yerel halkın dönüşümüne ve daha sonra kültürel asimilasyon yoluyla “medenileştirilmesine” adanmıştır. İspanyol misyonları kiliseler, yurtlar, tarlalar ve meralar, bahçeler, ahırlar, çalışma odaları, hastaneler ve okullar ile birlikte geleneksel destekleyici yerleşim birimi olarak hizmet eder. Bu yerlerde güçlendiler bile, muhalefetten kendilerini savunmaya hazırlardı. Amerika, Asya ve Afrika'daki misyonların çoğu, Kilise'nin kendisinden ziyade Fransiskenler, Cizvitler, Dominicanslar ve Augustinianslar gibi dini emirlerle idare edildi, ancak etkiler aynıydı. Bununla birlikte, misyonlar genellikle Avrupa sömürgecilik çabalarının birleşebileceği bir çekirdek işlevi gördü.</Text>
		</Row>
		<Row Tag="LOC_PEDIA_IMPROVEMENTS_PAGE_IMPROVEMENT_OFFSHORE_OIL_RIG_CHAPTER_HISTORY_PARA_1">
			<Text>Bir zamanlar, uzun zaman önce, ilkellerin balık avı, yosun hasadı veya mermi toplaması için ilkel bir platform kullanıldı. Ancak medeniyet, petrolün tüm kullanımlarını keşfettiğinde, açık deniz platformları, derin sularda deniz tabanının altındaki yağı sıkmak için demirleyen büyük yapılar haline geldi. İlk su altı petrol sondajı, MS 1891’deki Ohio Gölü St. Mary’deki tatlı sudaki kazıklar üzerine yapıldı. İlk gerçek offshore teçhizatı, 1896'da Santa Barbara yakınlarındaki Kaliforniya sahillerindeki Summerland sahasında yükseldi. Çok geçmeden, açık deniz platformları, 1910'larda Teksas ve Louisiana kıyı şeridinde, 1920'lerde Azerbaycan yakınlarındaki Hazar Denizi'nde, Pers Körfezi, Kuzey Denizi, Campos ve Santos Brezilya'daki havzalarda ve petrol şirketlerinin her yerinde filizleniyordu. onların manzaralarını açıkla. Denizaltı boru hatları sonunda petrolün ucuza karaya çıkması sorununu çözdü. Her ne kadar petrol kuleleri pahalı olsa ve zaman zaman biri batıyorsa veya sızıyorsa, karlar en azından kısa vadede maliyetlerden ağır basar.</Text>
		</Row>
		<Row Tag="LOC_PEDIA_IMPROVEMENTS_PAGE_IMPROVEMENT_OIL_WELL_CHAPTER_HISTORY_PARA_1">
			<Text>J. Paul Getty'nin belirttiği gibi, “Başarı için formül: erken yüksel, sıkı çalış, grev yağla.” Çin'de ilk petrol kuyusu MS 340 civarında açıldığından beri, bambu direklerine tutturulmuş metal parçalar kullanarak, erkekler Sadece bunu yap. Binyıl boyunca o zamandan bu yana geçen bir buçuk yıl boyunca teknoloji, medeniyetin petrolden gelen her şeyi kullanmanın yeni yollarını bulmasına yol açtı: benzin, yağlayıcılar, asfalt, petrokimyasallar, katran, plastik, gübre, pestisitler ve bin tane daha eşyalar. Kuzey Amerika'daki ilk “modern” ticari petrol kuyusu, 1858'de Ontario'daki Oil Springs'te çevrimiçi oldu. Daha sonra otomobilin gelişimi geldi ve insanlığın petrole olan susuzluğu doyumsuz hale geldi. O zamandan beri, onun için savaşlar yapıldı, rejimler bunun yüzünden devrildi ve kontrolsüz kirlilik bundan kaynaklandı. Fakat o zaman da, inanılmaz bir servet yapıldı - Getty'nin kanıtlayabileceği gibi.</Text>
		</Row>
		<Row Tag="LOC_PEDIA_IMPROVEMENTS_PAGE_IMPROVEMENT_PASTURE_CHAPTER_HISTORY_PARA_1">
			<Text>Kırsal kesimde gevşek dolaşmazlarsa, hayvanların izini sürmek çok daha kolay olduğu için, hayvanların otlatılmasından çok kısa bir süre sonra, tembel bir çobanın onları bir merada tutmak için bir çit tasarladığı evcilleştirildi. Transhanumance uygulayan pastoralistler bile mevsimsel yolculuklarının her bir ucunda kaba meralara sahipti. Meralar (çayırlarla karıştırılmamalıdır) tipik olarak yaz boyunca otlanır ve bilerek ekilebilir veya basitçe çitle çevrili meralar olabilir. Çitler, çiftlik hayvanlarını içeride ve yerel avcıları (hayvan veya insan) dışarıda tutacak hemen hemen her şeyden yapılabilir: kaya ve taş, direkler ve raylar, dikenli fırça, dikenli tel veya elektrikli tel. Çoğu yerde, toprak mülkiyeti, feodal toplumlarda veya Amerikan Batı'sındaki ilerici çiftçilerde olduğu gibi çitlerle çevrili otlaklarla ilişkilendirildi. </Text>
		</Row>
		<Row Tag="LOC_PEDIA_IMPROVEMENTS_PAGE_IMPROVEMENT_PLANTATION_CHAPTER_HISTORY_PARA_1">
			<Text>Sadece lüks bir çiftlik değil (bazıları gerçekten güzel evlere sahip olsa da), bir ekim alanı genellikle tek bir değerli “nakit” ürüne ayrılan büyük bir tarım işletmesidir - pamuk, tütün, çay, şeker kamışı, kauçuk, kahve ve benzeri - yerleşik işçiler tarafından eğilimindedir. Ekinler genellikle bölgeye özgüdür, ancak her zaman değil, ve tarihteki plantasyonların çoğu tropikal veya yarı tropikal iklimlerdedir. Ekinler tüm yağmur ve sicakliklarla iyiydi ve tarla sahibinin isçileri sicak tutmak için para harcamak zorunda kalmiyordu. Avrupalılar imparatorluklarını dünyaya yayarken, plantasyon formülünü yanlarında Amerika, Hindistan ve Afrika'ya götürdüler. Ürün yerel tüketim için değil, medeni halkın bu zengin ödülü takdir edebileceği Avrupa pazarlarına sevk edildi.</Text>
		</Row>
		<Row Tag="LOC_PEDIA_IMPROVEMENTS_PAGE_IMPROVEMENT_QUARRY_CHAPTER_HISTORY_PARA_1">
			<Text>İnsanlar çubuk ve çamurdan ziyade taştan yapılar inşa etmeye başladıklarında, taş ve kayaya olan ihtiyaç artmıştır. Bunlar, ocak, mermer ve kireçtaşı, granit, kayrak, kumtaşı parçalarını veya diğer her hangi bir şeyin yararlı olduğunu tespit etmek için kullanılan toplayıcıların ve çekiçlerin ve keskilerin (ve daha sonra dinamit ve buldozerlerin) kullanıldığı bir ocak. Aletler daha sofistike hale geldikçe, levhalar kesilebilir ve daha sonra saha cilalanabilir. Bilinen en eski taş ocakları, Mısır'ın Aswan bölgesinde bulunmakta ve bir zamanlar Roma İmparatorluğu'nun toprakları mermer ocaklarıyla doludur (tüm bu büyük binalar için çok ihtiyaç duyuyorlardı). Mısırlılar ve Romalılar ve diğer uygar eskiler çoğunlukla köleleri kullanıyor ve suçluları mahkum ediyorlardı (ocaklarda yaşam süresi), Paskalya Adası'nda tüm topluluk ocaklardan çıkardı. Bugün, taş ocağı madencileri yetenekli profesyoneller olarak kabul edilmektedir.</Text>
		</Row>
		<Row Tag="LOC_PEDIA_IMPROVEMENTS_PAGE_IMPROVEMENT_SPHINX_CHAPTER_HISTORY_PARA_1">
			<Text>Yunan versiyonunun aksine, Mısır sfenksinin bir aslanın vücudunda bir insan kafası var, yardımsever ve tapınakların ve mezarların koruyucusu. Belki de inşa edilen ilk Mısır sfenksi, ünlü Khufu'nun kızı olan Kraliçe Hetepheres II'nin yüzünü betimleyen Dördüncü Hanedanlık döneminde (M.Ö. 2500). Ancak sfenks, sonsuzluk takıntılı firavunlar arasında yaygın bir motifdi; Diğer ünlüler arasında Hatshepsut ve Memphis'in “kaymaktaşı sfenksini” betimlemek yer alıyor. Sonra Giza’daki firavun Khafra’ın benzerliğini taşıyan “Büyük Sfenks” var (başka bir deyişle tarihsel olarak önemsiz). Küçük olanlar mezarlara ve tapınaklara yaklaşımları sıraladılar ve saraylarda ve halka açık yerlerde merdivenlerin üstüne herhangi bir sayı kondu. 18. Hanedan, Mısır'daki bir kediyi sfenksine çarpmadan zor sallayabiliyordu.</Text>
		</Row>
		<Row Tag="LOC_PEDIA_IMPROVEMENTS_PAGE_IMPROVEMENT_STEPWELL_CHAPTER_HISTORY_PARA_1">
			<Text>“Stepwell”, bir dizi adımla ulaşılabilen bir kuyu veya havuzdur. Diğer bölgelerde bulunmasına rağmen, Hindistan ve Güneydoğu Asya'da üvezler (çeşitli isimlerle bilinir) yaygındır. Hindistan'da ilk kayalara oyulmuş üveyler M.Ö. 200 yıllarından kalmadır ve MS 600'lerde Gujarat bölgesi boyunca yaygındır; alimler “silindirik tuğla kaplı kuyuların” erken Tunç Çağı İndus Vadisi medeniyetinin bir ürünü olduğuna inanıyorlar. Eski Hint yerleşim yerlerinin çoğunda üvey köpeği vardı ve ayrıntılı süslemeler - bazıları herhangi bir Hindu tapınağınınkiler kadar ayrıntılı olarak - vatandaş tarafından çok fazla düşünüldüğünü gösteriyor. Şaşırtıcı değil, bölgedeki temiz su kıtlığı göz önüne alındığında. Ne yazık ki, Raj İngiliz gözetmenleri, kuyucukların hijyenini arzu edilenden daha az buldular ve bu yüzden ellerinde yer alan basamakların yerini alacak pompa ve borular kurdular. Çok daha az pitoresk, ama kesinlikle daha verimli.</Text>
		</Row>
		<Row Tag="LOC_PEDIA_IMPROVEMENTS_PAGE_IMPROVEMENT_ZIGGURAT_CHAPTER_HISTORY_PARA_1">
			<Text>Mısırlılar Nil boyunca piramitler inşa ederken, Akkadiyenler, Sümerler, Elamitler, Babiller ve Asurlar Mezopotamya'nın her yerine ziggratlar inşa ediyorlardı. Bunlar teraslı piramitlerdi, bazen kesiliyordu, böylece bir tapınak üzerine yerleştirilebiliyordu. Erken Hanedanlar Dönemi'nden kalma en erken tarih, kabaca MÖ 2900 - 2400 yılları arasında ve en yeni bulunan tarih c. MÖ 600. Güneşte pişmiş tuğlalar, merkezi oluşturuyordu ve daha dayanıklı olan yangına dayanıklı tuğlalarla karşı karşıya kaldılar. Mısır piramitlerinden farklı olarak, ziggratlar genellikle katıydı; zirvede bazen tapınak ve tapınaklar vardı (bazen herhangi bir tanrıya saldırmak istemediği için). Ne yazık ki türbelerin ya da tapınakların hiçbiri hayatta kalmamıştır - savaş, deprem ve dini tutku sayesinde - büyük tuğla yığınları olmasına rağmen. Babil'deki tanrı Marduk'a adanmış olan Babil Kulesi'nin masalına ilham vermiş olan bir de dahil olmak üzere bir dizi “büyük” zikrat vardı.</Text>
		</Row>
	</BaseGameText>
</GameData>