<?xml version="1.0" encoding="UTF-8" standalone="yes"?>
<!-- edited with XMLSPY v2004 rel. 2 U (http://www.xmlspy.com) by Anton Strenger (Firaxis Games) -->
<GameData xmlns:xsi="http://www.w3.org/2001/XMLSchema-instance">
	<BaseGameText>
    <Row Tag="LOC_PEDIA_RESOURCES_PAGE_INTRO_CHAPTER_CONTENT_PARA_1">
      <Text>Kaynaklar, [ICON_Food] Gıda, [ICON_Production] Prodüksiyon, [ICON_Science] Bilim, [ICON_Gold] Altın veya [ICON_Culture] Kültür kaynaklarıdır ve bir medeniyete özel ikramiye sağlayabilirler. Medeniyetinizin zenginliği ve gücü, büyük ölçüde kontrol ettiğiniz kaynakların sayısına ve türüne göre belirlenir. Bir kaynağı kullanmak için, önce uygarlığın sınırları dahilinde olmalı ve daha sonra bu altıgen içinde uygun "iyileştirme" yi oluşturmalısınız. Örneğin, bir Muz kaynağından yararlanmak için Plantation geliştirmesini yapılandırmanız gerekir.</Text>
    </Row>
		<Row Tag="LOC_PEDIA_RESOURCES_PAGE_RESOURCE_ALUMINUM_CHAPTER_HISTORY_PARA_1">
			<Text>Yunanlılar ve Romalılar büzücü ve banyo tozu olarak alüminyum tuzları kullandılar. Yüzyıllar boyunca, bu tamamen alüminyum için iyiydi, MS 1825'te Danimarkalı kimyager Hans Orsted bir alüminyum metal yığını yaratmayı başardı. 1850'lerde, saf alüminyumun çubuklarını altından daha değerli olduğu ve 1855'te Exposition Universelle'da bir merak olarak sergilendiği bir ürün ortaya çıkarmak çok zordu. Bilim adamları, elbette, sadece bunun için bir kullanım bulmak zorunda kaldılar. uzay aracından tavaya kadar her şeyde bulundu.</Text>
		</Row>
		<Row Tag="LOC_PEDIA_RESOURCES_PAGE_RESOURCE_ANTIQUITY_SITE_CHAPTER_HISTORY_PARA_1">
			<Text>Francis Bacon, 1605'te “eski eserler tarihin bozulduğunu ya da zamanın enkazından kaçan tarihin bazı kalıntılarını” yazdı. Hazine avcıları, mezar soyguncuları ve akademisyenler bir binyılın uygarlığına geri dönmek için “antikalar” arıyorlar. Tanım olarak, eski eserler basit ok uçlarından sanatsal hazinelere kadar uzanan geçmişteki nesnelerdir. Kayıp bir medeniyetin kalıntıları ve eserleri üzerine yapılan sistematik bir çalışma ile açığa çıkabileceği hissi, amatör koleksiyoncuları ve ünlü alimleri (ve hırsızları), dünyanın en eski yerlerinden bazıları da dahil olmak üzere, dünyanın her yerindeki eski yerleşim yerlerinde arama ve kazmaya zorladı. bilinen. Geçmişin insan kalıntılarını toplamaya yönelik bu tutku, sonunda arkeoloji alanındaki yeni bir akademik disipline neden oldu.</Text>
		</Row>
		<Row Tag="LOC_PEDIA_RESOURCES_PAGE_RESOURCE_BANANAS_CHAPTER_HISTORY_PARA_1">
			<Text>Lezzetli ve besleyici, muzlar ve daha az tatlı olan plantain tropik iklimlerde bulunan büyük, otsu, çiçekli bitkilerin ürünüdür. İlk olarak Yeni Gine ve Güneydoğu Asya'da ekili olan kayıtlar (çoğunlukla halk hikayeleri) muzların ilk olarak M.Ö. 5000 yıllarında Kuk Bataklığı'nda amaçlı olarak yetiştirildiğini göstermektedir. Zamanla, tüccarlar Madagaskar'a muz bitkileri taşıdılar ve bunların avrupada yayılması - Avrupalılar tarafından keşfedilmek üzere yeni bir tedavi aradı.</Text>
		</Row>
		<Row Tag="LOC_PEDIA_RESOURCES_PAGE_RESOURCE_CATTLE_CHAPTER_HISTORY_PARA_1">
			<Text>Sığır eti, mandıra ya da hayvan taslakları, her türlü sığır, tarihin başlamasından bu yana insanlığa hizmet ediyor. Aslında, vahşi aurokların 10,500 yıl kadar önce bir noktada bugün Türkiye'de olduğu gibi evcilleştiği anlaşılmaktadır. Kanıtlar, sığırların Hindistan alt kıtasında MÖ 7000 civarında bir takas aracı olarak kullanıldığını göstermektedir. O zamandan beri sığırlar ve öküzler et ve süt, deri ve boynuz sağladılar ve yük canavarları ve dini adanmışlık nesneleri oldular.</Text>
		</Row>
		<Row Tag="LOC_PEDIA_RESOURCES_PAGE_RESOURCE_CINNAMON_CHAPTER_HISTORY_PARA_1">
			<Text>Romalı yazar Pliny 'e göre, bir Romalı pound (yaklaşık 11.5 ons) tarçın 300 denarii ye mal oldu… şehirdeki sıradan bir işçi için on aylık ücret. Tarçın, antik çağlardan beri tıp, afrodizyak olarak ve hem tatlı hem de tuzlu yiyecekleri tatlandırmak için kullanılmıştır. Mısır'a M.Ö 2000 kadar erken ithal edildi ve Yunanlılar arasında öylesine büyük bir ödül aldı ki, Milet'teki tapınağında Apollo'ya küçük miktarlar hediye edildi. Bu kadar değerli tüccarların kaynağını (Sri Lanka'da ve Hindistan'ın Malabar sahilinde bulunan Cinnamomum ağaçlarının kabuğu) yüzyıllarca gizli tuttukları baharattı.</Text>
		</Row>
		<Row Tag="LOC_PEDIA_RESOURCES_PAGE_RESOURCE_CITRUS_CHAPTER_HISTORY_PARA_1">
			<Text>Citrus cinsi, portakallar, mandalinalar, greyfurt, limonlar, limonlar ve binlerce yıldır insan beslenmesinde temel olan diğerleri de dahil olmak üzere çeşitli meyveler üreten birçok çiçekli bitki içerir. İlk olarak Güneydoğu Asya'da yetişen bu ağaçlardan ve çalılardan elde edilen meyveler, C vitamini kaynağıdır; bu durum, bir miktar kirleticidir... oldukça kötü bir ölüm biçimine yol açabilecek zayıflatıcı bir durumdur. Bu nedenle, uzun yolculuklarda komutanlar bir narenciye deposunu el altında tutmanın faydalı olduğunu buldu.</Text>
		</Row>
		<Row Tag="LOC_PEDIA_RESOURCES_PAGE_RESOURCE_CLOVES_CHAPTER_HISTORY_PARA_1">
			<Text>Karanfil, Endonezya’daki Maluku Adaları’na özgü bir ağaçtan kurutulmuş çiçek tomurcukudur; aromatik bir baharattır, dünya mutfaklarında kullanılır. Şimdi Endonezya, Hindistan, Zanzibar ve Madagaskar'da hasat edilen karanfiller ağız dokuları üzerinde uyuşukluk yaratıyor ve geçmişte bir ilaç kadar baharat olarak da kullanılıyor. Adaların dışına dikilene kadar, Hollanda Doğu Hindistan Şirketi baharat üzerinde sanal bir tekele sahipti; Avrupa'da 17. ve 18. yüzyıllarda karanfil, talep nedeniyle tam anlamıyla altın cinsinden ağırlıklarına değdi.</Text>
		</Row>
		<Row Tag="LOC_PEDIA_RESOURCES_PAGE_RESOURCE_COAL_CHAPTER_HISTORY_PARA_1">
			<Text>Kömür, “fosilleşmiş karbon minerali” anlamına gelen eski İngiliz teriminden itibaren, medeniyetin binlerce yıl boyunca yaşadığı başlıca ısı kaynağıdır - evler, demirciler, eriticiler, elektrik santralleri vb. Binlerce yıl boyunca sıkıştırılmış, ayrıştırılmış bitki maddesi olan kömür, ilk önce c'ye tarihlenen oyulmuş süs eşyaları için kullanılmıştır. 4000 M.Ö. Shenyang bölgesinde bulundu. Erkekler o zamandan beri onu yerden çıkarıyor.</Text>
		</Row>
		<Row Tag="LOC_PEDIA_RESOURCES_PAGE_RESOURCE_COCOA_CHAPTER_HISTORY_PARA_1">
			<Text>Çikolata kakao çekirdeğinden, kakao çekirdeği ise Orta ve Güney Amerika’nın her zaman yeşillik olan kakao ağacından geliyor. Fasulye yetiştiriciliği, ilk Meso-Amerikan medeniyetlerinde yaygındı; Olmec harabelerinde c. 1750 İspanyollar tarafından Avrupa'ya sunulan, 1700'lerin ortalarında kakao, orada sıcak bir içecek, yemek pişirme maddesi ve hatta bir ilaç olarak son derece popülerdi.</Text>
		</Row>
		<Row Tag="LOC_PEDIA_RESOURCES_PAGE_RESOURCE_COFFEE_CHAPTER_HISTORY_PARA_1">
			<Text>Kahve çekirdekleri 70'ten fazla ülkede yetiştiriliyor ve bunlardan üretilen acı içecek dünya çapında tüketiliyor. Kakao ve tütün gibi, kahve de bir uyarıcı görevi görür… bu durumda bir adenosin antagonisti olan kafeinin varlığı nedeniyle. Efsaneye göre, her şey 9. yüzyılda bir Etiyopyalı Kaldi'nin yabani bir kahve bitkisinden fasülyeleri parçaladıktan sonra keçilerinin enerji kazandığını fark etmesiyle başladı. Muhtemelen kıyamet masalı, ancak 15. yüzyılda kahve çekirdeğinin kavrulduğu, öğütüldüğü ve Arabistan'daki içeceklerde kullanıldığı biliniyor.</Text>
		</Row>
		<Row Tag="LOC_PEDIA_RESOURCES_PAGE_RESOURCE_COPPER_CHAPTER_HISTORY_PARA_1">
			<Text>Yüksek ısıya ve elektrik iletkenliğine sahip yumuşak, bakır erkekler tarafından binlerce yıldır, en azından M.Ö. 8000'den beri (Bakır Çağı adıyla anılan) kullanılmaktadır. Fakat çoğunlukla bronz, pirinç ve cupronickel gibi alaşımlarda, hepsi çok daha dayanıklı ve daha güçlü olan ve dolayısıyla zırh ve kılıç gibi şeyler için kullanıldı. Bakırın bazı faydalı özellikleri vardır, en azından bazı rahatsız edici koşullardan kaçınmak için insanların diyetlerinde eser miktarlara ihtiyaç duymaları gerçeğini değil.</Text>
		</Row>
		<Row Tag="LOC_PEDIA_RESOURCES_PAGE_RESOURCE_COSMETICS_CHAPTER_HISTORY_PARA_1">
			<Text>Kozmetik kullanımı 6000 yıl ve hemen hemen her medeniyeti kapsar. Öyle ya da böyle - ritüel, din, kur yapma, sanat - kozmetik, insan olmanın temelini oluşturuyor. Eski Roma'da olduğu gibi kaşlarını çattığında bile (örneğin wanton Kleopatra bunun için mahkum edildi) ve eski İsrail (Jezebel'in Eski Ahit'teki boyalı gözleri için kızartıldığı). Kozmetik kullanmak 1900'lerin sonlarına kadar bile bir şekilde itibarsızdı, ancak “Sineklik Dönemi” Amerika ve Avrupa'da öne çıkmasını sağladı ve büyük bir iş haline getirdi. Kozmetik endüstrisi, günümüzde yaygın olan “gençlik kültürü” tarafından yönlendirilen o zamandan beri istikrarlı bir şekilde büyüdü.</Text>
		</Row>
		<Row Tag="LOC_PEDIA_RESOURCES_PAGE_RESOURCE_COTTON_CHAPTER_HISTORY_PARA_1">
			<Text>Yaklaşık yedi bin yıl önceki İndus Vadisi uygarlığından bu yana yetiştirilen pamuk bitkisi, kozalakta olgunlaşan ve kolayca hasat edilebilen yumuşak bir lif üretir. İplik bükülmüş elyaf, sıcak iklimler için mükemmel olan yumuşak, esnek ve hafif bir kumaş oluşturur. Yıllık yaklaşık 27,5 milyon ton üretilen üretime yardımcı olmaktadır. Ve pamuk Sanayi Devrimi'nin teşvik edilmesine yardımcı oldu, bir kez makineli iplik makinaları ve pamuk çırçırları 1700'lerin sonlarında icat edildi.</Text>
		</Row>
		<Row Tag="LOC_PEDIA_RESOURCES_PAGE_RESOURCE_CRABS_CHAPTER_HISTORY_PARA_1">
			<Text>Uzun yedi bin yıl önceki İndus Vadisi uygarlığından bu yana yetiştirilen pamuk bitkisi, kozalakta İplik bükülmüş elyaf, sıcak iklimler için mükemmel olan yumuşak, esnek ve hafif bir kumaş ayarlayın. Yıllık yaklaşık 27,5 milyon ton üretken yardımcı oluyor. Ve pamuk Sanayi Devrimi'nin yardım edilmesine yardımcı oldu, bir kez makineli iplik imalatı ve pamuk çırçırları 1700'lerin sonlerinde icat edildi.</Text>
		</Row>
		<Row Tag="LOC_PEDIA_RESOURCES_PAGE_RESOURCE_DEER_CHAPTER_HISTORY_PARA_1">
			<Text>Neredeyse gezegenin her ikliminde ve arazisinde bulunan geyik sürüsü, sonsuza dek gereklilik ve spor için mızraklı ilkel hayvanlar (ya da şimdi silahlar) tarafından avlanır. Üst Paleolitik dönemde, ren geyiği Cro-Magnon halkının birincil etiydi; Çin'de Homo erectus sika geyiğine; Eski Keltler Kızıl geyik avladı. Geyikler çok bol (ve çok lezzetli) olduklarından, sanatsal kültürde ve birçok uygarlığın habercisi de olduklarını düşünüyorlardı.</Text>
		</Row>
		<Row Tag="LOC_PEDIA_RESOURCES_PAGE_RESOURCE_DIAMONDS_CHAPTER_HISTORY_PARA_1">
			<Text>Litosferik mantoda aşırı sıcak ve basınç koşulları altında oluşan, daha iyi elmas olarak bilinen karbonun metastatik allotrop topakları antik Hindistan günlerinden bu yana medeniyette şaşkınlık ve açgözlülük yarattı. Yüzeye yakın çökeltilerde bulunan, M.Ö. 4. Yüzyılda birkaç Hint yerleşimi, kaçınılmaz olarak Avrupa'ya yönelmiş olan elmaslarla ticaret yapıyordu. Kesilmemiş ve perdahlanmamış olmasına rağmen - bunun teknolojisi 1300'lerin sonlarına kadar geliştirilmeyecekti - elmaslar güç ve ayrıcalığın işareti haline geldi. Onlar hala vardır, ancak şimdi sahte elmaslar laboratuarlarda yapılabilir.</Text>
		</Row>
		<Row Tag="LOC_PEDIA_RESOURCES_PAGE_RESOURCE_DYES_CHAPTER_HISTORY_PARA_1">
			<Text>İnsanlar her zaman parlak renkleri sevmişlerdir. Ve medeniyetler sonsuza dek görünüşte rol, rütbe, statü ve üyeliği belirtmek için renk kullandılar. Eski halklar, bu parlak renkleri sağlamak için boya üretmek için çok çeşitli maddelerin - bitkiler, mineraller ve hayvan bitleri - kullanılabileceğini keşfetti. Yani, yaklaşık 37 bin yıldır halk, kumaş, boya ve onların derisi ve saçları için ölüyor.</Text>
		</Row>
		<Row Tag="LOC_PEDIA_RESOURCES_PAGE_RESOURCE_FISH_CHAPTER_HISTORY_PARA_1">
			<Text>Protein, yağ ve mineral bakımından zengin olan balık, yaklaşık 40 bin yıl önce Paleolitik Çağ'dan bu yana, insanların beslenmesinde önemli bir unsur olmuştur. Deniz kabukları, balık kemikleri yığınları, mağara resimleri ve Tianyuan Man'ın analizi, tatlı su balıklarının tarih öncesi ilkellerin düzenli olarak tüketildiğini göstermektedir. Teknoloji geliştikçe, özellikle deniz tekneleri dünyasında, balıklar ve onlardan gelen her şey, uygarlıklara daha uygun hale geldi. Şimdilik, dünya okyanuslarını aşırı avlamanın, bütün türleri yaymakla tehdit ettiği.</Text>
		</Row>
		<Row Tag="LOC_PEDIA_RESOURCES_PAGE_RESOURCE_FURS_CHAPTER_HISTORY_PARA_1">
			<Text>Homo sapiens, yaklaşık 125 bin yıl önce soğuk iklimlerde dolaştığından beri memelilerin toplarını giyiyor. Çok daha dayanıklı, daha sıcak ve temiz tutulması kolay olan yün ve pazen kumaşlar geliştirildikten sonra, kürk takmak sadece bir tutundu. Bununla birlikte, 1700'lerde ve 1800'lerde birçok nesli tükenmek üzere avlanmıştı - kunduz, tilki, vizon, fok, liste devam ediyor. Diğerleri, katları için hasat edilecek olan ermin, sable, chinchilla vb. Esaret altında yetiştirildi. Ve “kürk ticareti” (Hudson’ın Bay Şirketi’ni düşünür) bazı adamları çok zengin yaptı.</Text>
		</Row>
		<Row Tag="LOC_PEDIA_RESOURCES_PAGE_RESOURCE_GYPSUM_CHAPTER_HISTORY_PARA_1">
			<Text>Sert, ancak nispeten kolay işlenebilen alçı taşı, sedimanter kayalarda birikintilerde bulunan bir sülfat, buharlaşan mineraldir. Eski Mısırlılar, Mezopotamyalılar, Romalılar, Bizanslılar ve İngilizler tarafından Ortaçağ'da heykeller ve anıtlar için ince taneli, beyaz veya hafif renkli bir çeşitlilikte-kaymaktaşı- kullanılmıştır. Oldukça yaygın olarak, alçı bir toz halinde öğütülebilir ve gübre olarak kullanılabilir, sıva yapımında ve hatta çeşitli gıdaların (örneğin ekmek, bira ve mead), şampuanların ve kremlerin hazırlanmasında kullanılabilir. Medeniyette alçı kadar yararlı olan çok az şey vardır.</Text>
		</Row>
		<Row Tag="LOC_PEDIA_RESOURCES_PAGE_RESOURCE_HORSES_CHAPTER_HISTORY_PARA_1">
			<Text>At, Equus ferus'un kalan iki alt türünden biridir ve ilk hayvanlardan biri, Orta Asya'da bir zamanlar M.Ö. 3500 civarında evcilleştirildi. İlkellerin yapması gereken hareket eden ve avlanan herkes için atlar çok faydalı görünüyor. Yük hayvanı, askeri birlik, eşlik ve arada sırada yiyecek kaynağı olarak, at muhtemelen tarihteki en önemli evcil hayvandır.</Text>
		</Row>
		<Row Tag="LOC_PEDIA_RESOURCES_PAGE_RESOURCE_INCENSE_CHAPTER_HISTORY_PARA_1">
			<Text>Hem tıbbi hem de mistik özelliklere sahip olduğuna inanılan tütsü, yandığında aromatik bir duman veren herhangi bir materyaldir - genellikle bitkinin bir kısmı -. Tütsü, hem antik Mısır'da hem de antik Hindistan'da MÖ 3300’de yaygın olarak kullanıldığı bilinmektedir. Dini törenlerde kullanımının yanı sıra, evlerde kalabalık insanlığın zengin kokusunu örtmek için tütsüleme kullanılırken, karanfil kokusu Mısırlılar için mumyalarda bozulma kokusunu susturmaya yardımcı oldu.</Text>
		</Row>
		<Row Tag="LOC_PEDIA_RESOURCES_PAGE_RESOURCE_IRON_CHAPTER_HISTORY_PARA_1">
			<Text>Yeryüzündeki en yaygın element olan kütleye göre atom numarası 26 olan demir, ısı altında oldukça yumuşaktır ve oldukça faydalıdır. Mısır'ın Gerzah kentinde yapılan kazılarda MÖ 3500 yıllarına kadar uzanan demir boncuklar bulunmuştur. Demir, ilk uygarlıkların ihtiyaç duyduğu her türlü şey için faydalı olduğunu kanıtladı: pişirme kapları, menteşeler, aletler ve diğer insanları bıçaklamak için sivri silahlar.</Text>
		</Row>
		<Row Tag="LOC_PEDIA_RESOURCES_PAGE_RESOURCE_IVORY_CHAPTER_HISTORY_PARA_1">
			<Text>Fil, balina, suaygırı, deniz aygırı ve benzeri hayvan türlerinin dişlerinden ve dişlerinden toplanan fildişi parlaklığı ve dayanıklılığı onu (plastik daha iyi kanıtlanmadan önce) medeniyetin en değerli mallarından biri yaptı. Yunanlılar, Romalılar ve Çinliler, uzun ömürlü dekorasyonlara, heykelciklere, bardaklara, mutfak aletlerine ve takma dişlere oyulma yetenekleri nedeniyle övgüler aldı. Bu, nesli tükenmek üzere avlanan hayvanlar için talihsiz bir durumdu. Yalnızca 1831’de Büyük Britanya’da fildişi talebi, o yılki 4000’den fazla filin ölümüne neden oldu.</Text>
		</Row>
		<Row Tag="LOC_PEDIA_RESOURCES_PAGE_RESOURCE_JADE_CHAPTER_HISTORY_PARA_1">
			<Text>Moğolistan’ın Hongshan kültüründe ve Çin’in Liangzhu kültüründe, c. MÖ 3500, yeşim hem faydacı hem de tören amaçlı kullanılmıştır. Silikat mineralinin yüzey yatakları her iki bölgede de kolayca çıkarılmıştır. Jade biraz sonradan da olsa Hindistan ve Kore'de de kullanıldı. Daha sonra bile, Kolomb öncesi Mesoamerica'daki seçkinler dini ritüellerde sembolik kullanımı için değer verdi. Jade, çekiciliğinin hiçbirini kaybetmedi ve yine de ustalar ve sanatçılar tarafından parlaklığı ve neredeyse her şekilde oyulabilmesi nedeniyle ödüllendirildi.</Text>
		</Row>
		<Row Tag="LOC_PEDIA_RESOURCES_PAGE_RESOURCE_JEANS_CHAPTER_HISTORY_PARA_1">
			<Text>Jacob Davis ve Levi Strauss tarafından 1873'te icat edilen kotlar, batı altın hücumunda daha sağlam bir çift pantolona ihtiyaç duyulduğundan doğdu.</Text>
		</Row>
		<Row Tag="LOC_PEDIA_RESOURCES_PAGE_RESOURCE_MARBLE_CHAPTER_HISTORY_PARA_1">
			<Text>Eskiler mermeri bir yapı malzemesi olarak sağlam ve güzel, kumtaşından daha uzun ömürlü ve taş ocağından granitten daha kolay bulmuşlardır. Renk ve yere göre sınıflandırılan mermer, kültürel bir gelenek ve lezzet standardı haline geldi. Yunanlılar ve Romalılar tarafından büyük beğeni toplayan mermer, heykeltıraşlar ve mühendisler tarafından zamana dayanan şeyler için kullanılmıştır. Şimdi beton kullanıyorlar… daha az dayanıklı ama daha ucuz.</Text>
		</Row>
		<Row Tag="LOC_PEDIA_RESOURCES_PAGE_RESOURCE_MERCURY_CHAPTER_HISTORY_PARA_1">
			<Text>Civa - veya hızlı gümüş - normal sıcaklık ve basınç koşulları altında sıvı olan iki elementten biridir. Yüzyıllar boyunca bilinmesine rağmen, yararlı olmaktan çok bir meraktı; Çin ve Tibet'te, Rumların merhemlere koyduğu, kozmetiklerin de Romalıların (ciddi olarak olumsuz sağlık etkilerinin olduğunu öğrendikleri için şok olurlar) hayatını uzatıp canlılığını sürdürdüğü düşünülüyordu. Bilimsel Devrime kadar, termometreler, barometreler, manometreler, tansiyon ölçerler, cıva şalterleri ve her türlü diğer cihazlarda faydalı olduğu kanıtlanmamıştı.</Text>
		</Row>
		<Row Tag="LOC_PEDIA_RESOURCES_PAGE_RESOURCE_NITER_CHAPTER_HISTORY_PARA_1">
			<Text>Daha iyi bilinen tuzluluk derecesi olan niter, potasyum nitratın mineral şeklidir. Milenyum için bilinmesine rağmen, Çin, MS 1. yüzyılın ortalarında barut yapmak için kükürtle birleştirilebileceğini anlayana kadar önemli değildi. Barut, havai fişek yapmak ve bir şeyleri havaya uçurmak için gerçekten iyidir. Niter ayrıca bir gübre ve gıda koruyucu olarak da faydalıdır, ancak çok az insan bunu hatırlar.</Text>
		</Row>
		<Row Tag="LOC_PEDIA_RESOURCES_PAGE_RESOURCE_OIL_CHAPTER_HISTORY_PARA_1">
			<Text>Petrol, modern uygarlığın tekerleklerini yağlar, tabiri caizse. İçten yanmalı motorun gelmesinden yüzyıllar önce, ateş, yağlama ve asfalt yapmak için yağ kullanıldı. MS 347'de, Çin'deki bambu sondaj kuyularından petrol üretiliyordu. Ancak James Young, petrol sondajının patlayan bir endüstri haline geldiği için gazyağı damıtmak için bir yöntem keşfettiğinde 1847'ye kadar değildi. Patlama, yalnızca benzini ham yağdan arıtmaya yönelik yöntemlerin keşfedilmesiyle ortaya çıktı.</Text>
		</Row>
		<Row Tag="LOC_PEDIA_RESOURCES_PAGE_RESOURCE_PEARLS_CHAPTER_HISTORY_PARA_1">
			<Text>Konsantrik katmanlardaki kalsiyum karbonattan oluşan bir inci, yumuşak iç dokusunu tahriş eden bir şeyin etrafında bir istiridye tarafından salgılanır. Bazı insanlar bu küçük kaplamalı tahrişleri oldukça çekici bulurlar ve bu yüzden inciler yüzyıllar boyunca oldukça değerlidir. En azından MÖ 6. yy'dan beri, Hint ve Pasifik okyanuslarındaki dalgıçlar, takı olarak hizmet etmek, giysilere dikilmek, taçlar ve tahtları süslemek için derinliklerden inciler getirdi.</Text>
		</Row>
		<Row Tag="LOC_PEDIA_RESOURCES_PAGE_RESOURCE_PERFUME_CHAPTER_HISTORY_PARA_1">
			<Text>Solventler ve fiksatiflerle karıştırılmış kokulu yağlar medeni bir insan tarafından binlerce yıldır kullanılıyor, çünkü insanlar bazen kokuyor. Eski kayıtlar ve modern arkeologların bulguları, ilk insan yerleşimlerinden bu yana bitkilerden, hayvanlardan ve hatta bazı minerallerden üretilen çeşitli türlerde parfümlerin kullanıldığını doğrulamaktadır. Köklerini 14. Yüzyıl Arabistan ve Fransa'ya kadar izleyen modern parfüm endüstrisi, yeni karışımlarla birlikte aroma bileşiklerini genişletti. Belki parfümlerin astım ataklarına, alerjik cilt reaksiyonlarına, baş ağrısına veya mide bulantısına neden olabileceğini bilselerdi almazlardı.</Text>
		</Row>
		<Row Tag="LOC_PEDIA_RESOURCES_PAGE_RESOURCE_RICE_CHAPTER_HISTORY_PARA_1">
			<Text>Pirinç, çoğunlukla Asya'da olmak üzere, dünyadaki insan nüfusunun yarısından fazlasının bir besin maddesidir. Çin efsanesi ilk tarımı ekili tarımı “icat eden” Shennong'a bağlar. Bunun gerçeği ne olursa olsun, eski Mısırlıların pirinç ihraç ettiği ve MS 1. yüzyıla tarihlenen Roma kamplarında büyük miktarda korunmuş pirinç birikimi olduğu bilinmektedir. Pirinç kıtlıktan kurtulmak için hayatidir; dünya pirinç üretimi 1960 yılında yaklaşık 200 milyon tondan 2000 yılında 600 milyon tona yükseldi.</Text>
		</Row>
		<Row Tag="LOC_PEDIA_RESOURCES_PAGE_RESOURCE_SALT_CHAPTER_HISTORY_PARA_1">
			<Text>Yiyecekleri korumak ve yemek pişirmek için baharatlamak için kullanılırsa, tuz aynı zamanda hayvanların yaşamı için çok önemlidir. Tuzun işlendiğine dair en eski kanıt, altı bin yıl öncesine, Romanya ve Çin'de bulunan tuz işlerinin kalıntılarına dayanıyor. Tuz, mayınlı veya deniz suyunun buharlaşması ile elde edilebilir, her ikisi de okuma yazma bilmeyen barbarların idare etmesi için yeterince basit bir işlemdir.</Text>
		</Row>
		<Row Tag="LOC_PEDIA_RESOURCES_PAGE_RESOURCE_SHEEP_CHAPTER_HISTORY_PARA_1">
			<Text>Yerli koyunlar muhtemelen Avrupa ve Asya'ya dağılmış bulunan yabani kunduz cinslerinin soyundan gelmektedir. Sheepherding, 5000 yıl önce Küçük Asya'da başlayan en eski belgelenmiş işgaldir. Erkekler ve köpekleri, koyunları yırtıcı hayvanlardan uzak tutuyordu, böylece köy, eski Mezopotamya medeniyetlerinin yükselişinde gerekli olan yün ve koyunların tadını çıkarabiliyordu. Uygulama Avrupa, Kuzey Afrika ve Orta Doğu'ya yayıldı. Günümüzde, her biri belirli bir kalite için yetiştirilmiş 200'den fazla koyun cinsi vardır: sertlik, büyüklük, yapının miktarı ve kalitesi, süt üretimi… ve lezzet.</Text>
		</Row>
		<Row Tag="LOC_PEDIA_RESOURCES_PAGE_RESOURCE_SHIPWRECK_CHAPTER_HISTORY_PARA_1">
			<Text>Gemiler batıyor… denizcilerin bildiği bir gerçek. Ve avcıları, kurtarma dalgıçlarını ve su altı arkeologlarını hazine etmek için, hepsi gemi kazasından eserler (özellikle altın olanlar) getirerek kendileri için bir isim yapmak istiyorlar. Bir gemi enkazı bir hazine hazinesidir: sualtı arkeologları geçmişi içinden anlamaya çalışırlar; kurtarma dalgıçları, kargo veya parçalarını kurtarmaya çalışır; hazine avcıları - romantik fikirlere rağmen - ondan zengin olmaya çalışırlar. Deniz dibinde bulunan kayıp hazinenin cazibesi, Nuestra Senora de Atocha'nın (yaklaşık 450 milyon dolar değerinde) enkazı ya da korsan gemisi Whydah Gally'nin (400 milyon dolar) olduğu gibi bazı muhteşem keşiflerle desteklendi. Yine de dışarıda bir yerlerde, daha az gemi enkazı arasında, Portekizli Flor de la Mar (yaklaşık 2.6 milyar dolarlık hazine).</Text>
		</Row>
		<Row Tag="LOC_PEDIA_RESOURCES_PAGE_RESOURCE_SILK_CHAPTER_HISTORY_PARA_1">
			<Text>Doğal bir protein lifi olan ipek, koza oluşturmak için böcek larvaları tarafından üretilir. İpekin en iyi kalitesi, Çinlilerin M.Ö. 3630 yıllarında keşfedildiği gibi dut ipekböceği kozasından gelir (arkeologlar, o dönemdeki bir çocuğun vücudunu ipek sargılarla ortaya çıkardılar). Efsaneye göre İmparatoriçe Leizu, saltanat döneminde Uzak Doğu'ya yayılan ipek dokumasını geliştiriyor. Yakında İpek Yolu boyunca taşındı ve Çin’in Batı’ya yaptığı önemli ihracat oldu.</Text>
		</Row>
		<Row Tag="LOC_PEDIA_RESOURCES_PAGE_RESOURCE_SILVER_CHAPTER_HISTORY_PARA_1">
			<Text>Dövülebilir ve parlak olan gümüş, en azından 6000 yıl boyunca madenci ve hırsızları cezbeder; çünkü ilk kez Küçük ve Küçük Ege adalarında madencilik yapılır. Roma para birimi gümüşe dayanıyordu ve Roma madenciliği (çoğunlukla köleler tarafından yapıldı) benzeri görülmemiş bir ölçekte gümüş üretti. Çin hanedanları da gümüşlerini takas ortamı olarak kullandılar ve borçlarını sömürgeci güçlere ödemek için madeni paralara bastırdılar. Yeni Dünya'da İspanyol Cerro de Potosi, tarihin en büyük gümüş madeni idi ve Comstock Lode, Nevada'ya binlerce batı getirdi. Bunların hepsi, Judas Iscariot’un 30 parça gümüşü bir pittance olarak görüyordu.</Text>
		</Row>
		<Row Tag="LOC_PEDIA_RESOURCES_PAGE_RESOURCE_SPICES_CHAPTER_HISTORY_PARA_1">
			<Text>Baharatlar hazır yiyeceklerin lezzetini arttırır (veya maskesini alır) ve tohumdan, ağaç kabuğundan, kökten, yapraktan, çiçekten veya bitkinin hemen hemen herhangi bir bölümünden yapılabilir. İnsanların uygun bir şekilde hazırlanmış tarçın ve karabiber bulmayı şımarık yiyecekleri lezzetli hale getirmelerine yardımcı olduklarında MÖ 2000 civarında Güney Asya ve Orta Doğu'da gelişen “baharat ticareti”. Birkaç yüzyıl içinde baharat tüccarları bilinen dünyaya yayıldı ve Doğu ile Batı'yı birbirine bağladı. Baharatlar gerçekten “yaşamın baharatı” ydı ve onlar için talep o zamandan beri doyumsuzdu.</Text>
		</Row>
		<Row Tag="LOC_PEDIA_RESOURCES_PAGE_RESOURCE_STONE_CHAPTER_HISTORY_PARA_1">
			<Text>Jeologlara göre, taş “doğal olarak oluşan bir veya daha fazla mineral veya mineraloidin katı toprağıdır”. Örneğin granit, feldspat, biyotit ve kuvars karışımıdır. Yerkabuğunun dış katmanının tamamı kayadan oluşur. Bu nedenle, “uygar” bir insanın, Taş Devri'nden bu yana inşaatlar, aletler, silahlar, dekorasyonlar ve kağıt ağırlıkları için taş kullanması şaşırtıcı değildir.</Text>
		</Row>
		<Row Tag="LOC_PEDIA_RESOURCES_PAGE_RESOURCE_SUGAR_CHAPTER_HISTORY_PARA_1">
			<Text>Şeker, şeker kamışından (veya pancarlardan) elde edilen inanılmaz derecede tatlı bir kısa zincirli karbonhidrattır. Şekerin ilk kez Polinezyalılar tarafından yiyeceklerini ve içeceklerini baharatlandırmak için kullanıldığına ve uygulamanın Hindistan ve Çin'e, oradan da Asya ve Avrupa'ya yayıldığına inanılıyor. Sonunda şeker kamışı Karayipler'e ve Kuzey ve Güney Amerika'ya nakledildi, burada inanılmaz derecede iyi büyüdüğü bulundu… biri ona elverişli olduğu sürece.</Text>
		</Row>
		<Row Tag="LOC_PEDIA_RESOURCES_PAGE_RESOURCE_TEA_CHAPTER_HISTORY_PARA_1">
			<Text>Kuru yapraklar sıcak veya kaynar suya batırılmış çay, dünyada en çok tüketilen ikinci içecektir (sudan sonra). Çay bitkileri Doğu ve Güney Asya'ya özgüdür ve Çin'deki Shang hanedanlığında, muhtemelen kazanılmış bir tada dönüşen tıbbi bir tedavi olarak, çay içme başladı. Darjeeling veya yeşil çaylar gibi birçok çay acı, büzücü bir tada sahiptir, ancak hafif bir uyarıcı etkiye sahiptir. Yüzyıllar boyunca, tatlıdan çiçeğe, cevizden otluya kadar birçok çay çeşidi geliştirilmiştir.</Text>
		</Row>
		<Row Tag="LOC_PEDIA_RESOURCES_PAGE_RESOURCE_TOBACCO_CHAPTER_HISTORY_PARA_1">
			<Text>Tütün, Solanaceae (gece gölgesi) ailesinin bir üyesi olan tütün bitkisinin kurutulmuş yapraklarıdır. Uyarıcı olarak hizmet etmek, sigara içmek veya çiğnemek için tütün de insan vücudunda dopamin salgılar; dopamin normalde yeme, içme ve diğer zevk verici aktivitelerle serbest bırakılır. Amerika yerlileri tarafından M.Ö. 1400'den beri, hem sosyal hem de dini amaçlarla kullanılan, pek çok kötü niyetli tütün, MS 1559 civarında İspanyol kaşifler tarafından II. Kral Philip.</Text>
		</Row>
		<Row Tag="LOC_PEDIA_RESOURCES_PAGE_RESOURCE_TOYS_CHAPTER_HISTORY_PARA_1">
			<Text>Herhangi bir ebeveynin bildiği gibi, çocuklar eldeki herşeyle oynayacaktır - kayalar, çubuklar, karton kutular, kağıt torbalar, ölü böcekler vb. Ama medeni çocuklar medeni oyuncaklarla oynar - bebekler, bloklar, küçük askerler, tahta silahlar, oyulmuş hayvanlar, vb. - hepsi psikologlara göre, onları yetişkin yaşamına hazırlamak için. Yetişkin oyuncakları kavramını bir kenara bırakarak, Indus Vadisi medeniyetine (M.Ö. 3010) ve Mezopotamya şehir-devletlerine kadar uzanan mezarlarda oyunlar bulunmuştur. Aydınlanma ve çocukların çocukluktan “zevk almaları” gerektiği düşüncesiyle “oyun” büyük bir endüstri haline geldi… ve birden fazla yenilikçi, çocukların kaprislerine hitap eden bir servet kazandı.</Text>
		</Row>
		<Row Tag="LOC_PEDIA_RESOURCES_PAGE_RESOURCE_TRUFFLES_CHAPTER_HISTORY_PARA_1">
			<Text>Nadir ve pahalı bir incelik olan trüf mantarı, yeraltında büyüyen bir mantar ailesinin meyvesidir. Keskin bir aroması ve güçlü tadıyla yer mantarı, öncelikle çeşitli mutfaklarda baharat yemeklerinde kullanılır. Ancak yer mantarı bulmak zahmetli bir süreçtir. “Trüf domuzları”, trüf mantarı bulmak amacıyla özel olarak evcilleştirildi; Tekinsiz koku alma duyusuyla, bu domuzların Roma İmparatorluğu'ndan beri kullanımda oldukları söylenir.</Text>
		</Row>
		<Row Tag="LOC_PEDIA_RESOURCES_PAGE_RESOURCE_URANIUM_CHAPTER_HISTORY_PARA_1">
			<Text>92 proton ve elektron, son değer elektronlardan altısı olan uranyum, hafif radyoaktif olan gümüş-beyaz bir metaldir. Uranyum kullanımı, seramik camlara sarımsı bir renk eklemek için kullanıldığı zaman, en az 79 AD'ye dayanır. Fakat Enrico Fermi metal için daha kötü bir kullanım buldu; 1934'teki araştırması “nükleer fisyon” un ortaya çıkmasına yol açtı. Aralık 1942'de Manhattan Projesi'nin bir parçası olarak Fermi tarafından yönetilen başka bir ekip dünyanın ilk kendi kendine devam eden nükleer reaksiyonunu başlattı. Birkaç yıl sonra, uranyum sayesinde Hiroşima'nın üstündeki gökyüzü aydınlandı.</Text>
		</Row>
		<Row Tag="LOC_PEDIA_RESOURCES_PAGE_RESOURCE_WHALES_CHAPTER_HISTORY_PARA_1">
			<Text>Balinalar, etleri, gevrekleri, ambergrisleri, yağları ve kemikleriyle neredeyse yok olmaları için avlandılar (en iyisi, baskın türler için fazla faydalı olmamak). Balinalar, 17. Yüzyıldan beri ticari olarak avlanmaktadır, ancak Norveç, İzlanda, Japonya ve diğerleri balina avlama ruhsatlarını almaya devam etmelerine rağmen ticari balina avcılığı şimdi birkaç uluslararası komisyon tarafından yasaklanmıştır. Canavarlar ayrıca, çeşitli medeniyetlerin folklorunda büyük bir tezahür ediyor ve 1851 tarihli 'Moby Dick'i unutabilecekler.</Text>
		</Row>
		<Row Tag="LOC_PEDIA_RESOURCES_PAGE_RESOURCE_WHEAT_CHAPTER_HISTORY_PARA_1">
			<Text>İlk olarak Orta Doğu'nun Bereketli Hilalinde M.Ö. 8000 yıllarında ekili olan buğday, çok yönlü bir tahıldır; un içine öğütülebilir, hayvancılıkla beslenebilir ve bira haline getirilebilir. M.Ö. 5000 yılına kadar buğday tarımı uzamıştı; arkeologlar Çin, Hindistan ve hatta İngiltere'de ekim kanıtı buldular. Büyümek için nispeten kolay ve göreceli olarak büyük verim ile, büyüyen, yapışkan bir medeniyet için mükemmeldi. Buğday kendini tekrar tekrar diyet tartışmalarının merkezinde bulsa da, dünya genelinde temel bir gıda olarak kalmaya devam ediyor.</Text>
		</Row>
		<Row Tag="LOC_PEDIA_RESOURCES_PAGE_RESOURCE_WINE_CHAPTER_HISTORY_PARA_1">
			<Text>'Vino'da veritas.' Şarapta, gerçek. Şarap, meyveden, baldan, pilavdan ve fermente edilebilecek başka bir şeyden yapılmış alkollü bir içecektir. Arkeolojik kanıtlar, şarabın Zagros Dağları'ndaki Neolitik Çağ kadar uzun zamandan üzümlerden üretildiğini göstermektedir. Şarap o kadar çok düşünülmüştü ki, birçok dini törenlerde, ulusal kutlamalarda ve tarih boyunca efsanevi snobların akşam yemeği partisinde temel bir malzeme haline geldi.</Text>
		</Row>
	</BaseGameText>
</GameData>
