<?xml version="1.0" encoding="UTF-8" standalone="yes"?>
<GameData >
	<EnglishText>
		<Row Tag="LOC_PEDIA_SEARCH_TERM_ARMIES">
			<Text>Ordular</Text>
		</Row>
		<Row Tag="LOC_PEDIA_SEARCH_TERM_ARMADA">
			<Text>Donanma</Text>
		</Row>
		<Row Tag="LOC_PEDIA_SEARCH_TERM_CORPS">
			<Text>Birlik</Text>
		</Row>
		<Row Tag="LOC_PEDIA_SEARCH_TERM_FLEET">
			<Text>Filo</Text>
		</Row>
		<Row Tag="LOC_PEDIA_SEARCH_TERM_THERMONUCLEAR">
			<Text>Termon�kleer</Text>
		</Row>
		<Row Tag="LOC_PEDIA_SEARCH_TERM_NUCLEAR">
			<Text>N�kleer</Text>
		</Row>
	</EnglishText>
</GameData>