﻿<?xml version="1.0" encoding="UTF-8" standalone="yes"?>
<GameData xmlns:xsi="http://www.w3.org/2001/XMLSchema-instance">
	<BaseGameText>
		<!-- Victories -->
		<Row Tag="LOC_COLDWAR_PROXYWAR_VICTORY_TITLE">
			<Text>Vekalet Savaşı</Text>
		</Row>
		<Row Tag="LOC_COLDWAR_PROXYWAR_VICTORY_DESC">
			<Text>Üç Şehir Devleti'ni Ele Geçirin.</Text>
		</Row>
		<Row Tag="LOC_COLDWAR_PROXYWAR_VICTORY_BLURB">
			<Text>İşte Soguk Savaş stratejim; biz kazanacagız, onlar kaybedecek. -  Ronald Reagan</Text>
		</Row>
		<Row Tag="LOC_COLDWAR_ARMAGEDDON_VICTORY_TITLE">
			<Text>Mahşer'in Efendisi</Text>
		</Row>
		<Row Tag="LOC_COLDWAR_ARMAGEDDON_VICTORY_DESC">
			<Text>Herhangi bir şehir merkezine nükleer saldırı yapılırsa, tur limiti sonuna kadar atom bombaları ile en fazla sayıda şehir merkezine saldırın.</Text>
		</Row>
		<Row Tag="LOC_COLDWAR_ARMAGEDDON_VICTORY_BLURB">
			<Text>Kazanmanın tek yolu, oynamamaktır.</Text>
		</Row>
		<Row Tag="LOC_COLDWAR_TANKBANKER_VICTORY_TITLE">
			<Text>Tankların Efendisi</Text>
		</Row>
		<Row Tag="LOC_COLDWAR_TANKBANKER_VICTORY_DESC">
			<Text>Nükleer silahlarla vurulan bir şehir merkezi yoksa, tur limiti sonunda maksimum tank sayısına sahip olun.</Text>
		</Row>
		<Row Tag="LOC_COLDWAR_TANKBANKER_VICTORY_BLURB">
			<Text>Oyunun sonunda, herkesten daha fazla tankınız var! Kazandınız!</Text>
		</Row>
		<Row Tag="LOC_COLDWAR_RULESET_TITLE">
			<Text>Küresel Termonükleer Savaş</Text>
		</Row>
		<Row Tag="LOC_COLDWAR_RULESET_DESCRIPTION"> <!-- Keep in sync with LOC_COLDWAR_MOD_DESCRIPTION -->
			<Text>Soguk Savaş, Atom Çagı'nda yapılan bu savaş tabanlı senaryoda ısınmaya başlar. 50 tur sürer.[NEWLINE]Zafer Koşulları[NEWLINE][ICON_Bullet]Mahşer'in Efendisi: Herhangi bir şehir merkezine nükleer saldırı yapılırsa, tur limiti sonuna kadar atom bombaları ile en fazla sayıda şehir merkezine saldırın.[NEWLINE][ICON_Bullet]Tankların Efendisi: Nükleer silahlarla vurulan bir şehir merkezi yoksa, tur limiti sonunda maksimum tank sayısına sahip olun.[NEWLINE][ICON_Bullet]Vekalet Savaşı: Üç Şehir Devleti'ni Ele Geçirin.[NEWLINE]Oyun Degişiklikleri[NEWLINE][ICON_Bullet]Birimleri ve nükleer silahları oluşturmak ve korumak, daha ucuzdur ve stratejik kaynaklara ihtiyaç duymazlar.[NEWLINE][ICON_Bullet]Kitlesel İmha Silahları ve Bombardımanlar için geliştirilmiş menzil.[NEWLINE][ICON_Bullet]Daha hızlı şehir geliştirmesi için, İnşaatçılar daha fazla görev hakkına sahiptir.[NEWLINE][ICON_Bullet]Harita ortaya çıkar.[NEWLINE][ICON_Bullet]Kabile Köyleri Yok.[NEWLINE][ICON_Bullet]Barbarlar yok.[NEWLINE][ICON_Bullet]Savaş Yorgunlugu devre dışı.</Text>
		</Row>
		
		<!-- Mod Package Text -->
		<Row Tag="LOC_COLDWAR_MOD_TITLE">
			<Text>Cok Oyunculu Senaryo: Küresel Termonükleer Savas</Text>
		</Row>
		<Row Tag="LOC_COLDWAR_MOD_TEASER">
			<Text>Soguk Savas, Atom Cagı'nda yapılan bu savas tabanlı senaryoda ısınmaya başlar. 50 tur sürer.</Text>
		</Row>
		<Row Tag="LOC_COLDWAR_MOD_DESCRIPTION"> <!-- Keep in sync with LOC_COLDWAR_RULESET_DESCRIPTION -->
			<Text>Soguk Savaş, Atom Çagı'nda yapılan bu savaş tabanlı senaryoda ısınmaya başlar. 50 tur sürer.[NEWLINE]Zafer Koşulları[NEWLINE][ICON_Bullet]Mahşer'in Efendisi - Herhangi bir şehir merkezine nükleer saldırı yapılırsa, tur limiti sonuna kadar atom bombaları ile en fazla sayıda şehir merkezine saldırın.[NEWLINE][ICON_Bullet]Tankların Efendisi - Mahşer'in Efendisi Zaferi olmazsa, Tur limiti sonunda maksimum tank sayısına sahip olun.[NEWLINE][ICON_Bullet]Vekalet Savaşı, Daha çok, Kukla Savaşı gibi! - Tur Limiti bitmeden önce 3 şehir devletini ele geçiren ilk uygarlık olun.[NEWLINE]Oyun Degişiklikleri[NEWLINE][ICON_Bullet]Birimleri ve nükleer silahları oluşturmak ve korumak, daha ucuzdur ve stratejik kaynaklara ihtiyaç duymazlar.[NEWLINE][ICON_Bullet]Kitlesel İmha Silahları ve Bombardımanlar için geliştirilmiş menzil.[NEWLINE][ICON_Bullet]Daha hızlı şehir geliştirmesi için, İnşaatçılar daha fazla görev hakkına sahiptir.[NEWLINE][ICON_Bullet]Harita ortaya çıkar.[NEWLINE][ICON_Bullet]Kabile Köyleri Yok.[NEWLINE][ICON_Bullet]Barbarlar yok.[NEWLINE][ICON_Bullet]Savaş Yorgunlugu devre dışı.</Text>
		</Row>
		<Row Tag="LOC_CW_GAME_TURN_LIMIT_REACHED_PROGRESS">
			<Text>Tur Limiti: {ElapsedTurns}/{MinGameTurn} {StatusIcon}</Text>
		</Row>
		<Row Tag="LOC_PROXYWAR_VICTORY_CAPTURE_CITY_STATES_PROGRESS">
			<Text>Ele Geçirilen Şehir Devletleri: {CurrentConquered}/{CityStatesConquered} {StatusIcon}</Text>
		</Row>
		<Row Tag="LOC_ARMAGEDDON_VICTORY_REQUIRES_PLAYER_HAS_MOST_WMD_DIRECT_CITY_HITS_PROGRESS">
			<Text>Atom Bombası Atılan Şehir Merkezleri: {NukedCityCenters} {NukeCountStatusIcon}[NEWLINE]Her Şehir Merkezi Vuruldu {NukeWarStatusIcon}</Text>
		</Row>
		<Row Tag="LOC_VICTORY_TANKBANKER_REQUIRES_PLAYER_HAS_MOST_TANKS_PROGRESS">
			<Text>Sahip Olunan Tanklar: {NumPromotionClass} {PromotionStatusIcon}[NEWLINE]Şehir Merkezleri Vurulmadı{NoNukeWarStatusIcon}</Text>
		</Row>
	</BaseGameText>
</GameData>
