﻿<?xml version="1.0" encoding="utf-8"?>
<!-- edited with XMLSPY v2004 rel. 2 U (http://www.xmlspy.com) by Ed Beach (Firaxis Games) -->
<GameData>
	<BaseGameText>
		<Row Tag="LOC_CITY_MAKE_RANGED_ATTACK">
			<Text>Sehrinizle saldırın!</Text>
		</Row>
		<Row Tag="LOC_COMBAT_YOU_KILLED_ENEMY_UNIT">
			<Text>{2_UnitName} Savunma yaparken {5_Num} hasar alarak, düsman {3_EnemyAdjective} {4_EnemyUnitName} birimini öldürdü!</Text>
		</Row>
		<Row Tag="LOC_COMBAT_YOU_KILLED_ENEMY_UNIT_DEFENDING_CITY">
			<Text>{2_CityName} Savunma yaparken {5_Num} hasar alarak, düsman {3_EnemyAdjective} {4_EnemyUnitName} birimini öldürdü!</Text>
		</Row>
		<Row Tag="LOC_COMBAT_YOUR_CITY_WAS_CAPTURED">
			<Text>{1_CityName} sehriniz, düsman {2_UnitName} birimi tarafından ele geçirildi!</Text>
		</Row>
		<Row Tag="LOC_COMBAT_YOUR_UNIT_CAPTURED_ENEMY_CITY">
			<Text>{1_UnitName} biriminiz {2_Num} hasar alarak, düsmana ait {3_CityName} sehrini ele geçirdi!</Text>
		</Row>
		<Row Tag="LOC_COMBAT_YOUR_UNIT_CAPTURED_ENEMY_UNIT">
			<Text>{1_UnitName} biriminiz, düsman {2_UnitName} birimini yakaladı!</Text>
		</Row>
		<Row Tag="LOC_COMBAT_YOUR_UNIT_WAS_CAPTURED_BY_ENEMY_UNIT">
			<Text>{1_UnitName} biriminiz, düsman {2_UnitName} birimi tarafından yakalandı!</Text>
		</Row>
		<Row Tag="LOC_COMBAT_YOUR_UNIT_DESTROYED_ENEMY">
			<Text>{1_UnitName} biriminiz {2_Num} hasar alarak, düsman {3_UnitName} birimini yok etti!</Text>
		</Row>
		<Row Tag="LOC_COMBAT_YOUR_UNIT_DIED_ATTACKING_ANTI_AIR">
			<Text>Saldırıların {1_UnitName} düsmandan öldü {2_EnUName}!</Text>
		</Row>
		<Row Tag="LOC_COMBAT_YOUR_UNIT_DIED_ATTACKING_INTERCEPTED">
			<Text>Saldırıların {1_UnitName} düsmandan öldü {2_EnUName} ({3_Num} damage) yolunu kestin!</Text>
		</Row>
		<Row Tag="LOC_COMBAT_YOUR_UNIT_DIED_ATTACKING">
			<Text>{1_UnitName} biriminiz, düsman {2_EnUName} birimine saldırırken {3_Num} hasar alarak öldürüldü!</Text>
		</Row>
		<Row Tag="LOC_COMBAT_YOUR_UNIT_DIED_ATTACKING_CITY">
			<Text>Sizin {1_UnitName} Düsman sehri'ne saldırarak öldü {2_EnUName} ({3_Num} damage)!</Text>
		</Row>
		<Row Tag="LOC_COMBAT_YOUR_UNIT_WITHDREW_ANTI_AIR">
			<Text>Saldırıların {2_UnitName} ({3_Num} damage) tarafından zarar gördü {LOC_GRAMMAR_A_AN &lt;&lt; {4_EnemyAdjective}} {5_EnemyUnitName}!</Text>
		</Row>
		<Row Tag="LOC_COMBAT_YOUR_UNIT_WITHDREW_INTERCEPTED">
			<Text>Saldırıların {2_UnitName} ({3_Num} damage) tarafından ele geçirildi {LOC_GRAMMAR_A_AN &lt;&lt; {4_EnemyAdjective}} {5_EnemyUnitName} ({6_Num} damage)!</Text>
		</Row>
		<Row Tag="LOC_COMBAT_YOUR_UNIT_WITHDREW">
			<Text>{1_UnitName} biriminiz {2_Num} hasar alarak, düsman {3_EnUName} birimine saldırdı ve {4_Num} hasar verdi!</Text>
		</Row>
		<Row Tag="LOC_COMBAT_YOUR_UNIT_WITHDREW_CITY">
			<Text>{1_UnitName} biriminiz {2_Num} hasar alarak, düsmana ait {3_CityName} sehrine saldırdı ve {4_Num} hasar verdi!</Text>
		</Row>
		<Row Tag="LOC_COMBAT_FRIENDLY_UNIT_WITHDREW">
			<Text>{1_UnitName} biriminiz, düsmanın yakın saldırısından geri çekildi.</Text>
		</Row>
		<Row Tag="LOC_COMBAT_ENEMY_UNIT_WITHDREW">
			<Text>Sizin {1_UnitName} ({2_Num} hasar) bir düsman tarafından saldırıya ugradı {3_EnUName} ({4_Num} hasar)!</Text>
		</Row>
		<Row Tag="LOC_COMBAT_ENEMY_UNIT_WITHDREW_INTERCEPTING">
			<Text>Sizin {1_UnitName} ({2_Num} hasar) düsmanı ele geçirdi {3_EnUName} ({4_Num} hasar)!</Text>
		</Row>
		<Row Tag="LOC_COMBAT_YOUR_UNIT_DIED_INTERCEPTING">
			<Text>Ele geçirirken, {2_UnitName} sizin tarafınızdan tahrip edildi {LOC_GRAMMAR_A_AN &lt;&lt; {4_EnemyAdjective}} {5_EnemyUnitName} ({6_Num} hasar)!</Text>
		</Row>
		<Row Tag="LOC_COMBAT_YOUR_UNIT_DIED_DEFENDING">
			<Text>{2_UnitName} biriminiz savunma yaparken, düsman {3_EnemyAdjective} {4_EnemyUnitName} birimi tarafından yok edildi ama düsman birimine {5_Num} hasar verdi!</Text>
		</Row>
		<Row Tag="LOC_COMBAT_YOUR_UNIT_STRAFED_ENEMY">
			<Text>{1_UnitName} biriminiz, düsman {2_EnUName} birimine bombardıman yaparak {3_Num} hasar verdi!</Text>
		</Row>
		<Row Tag="LOC_COMBAT_YOUR_UNIT_BOMBED_ENEMY">
			<Text>{1_UnitName} biriminiz, düsman {2_EnUName} birimini bombaladı ve {3_Num} hasar verdi!</Text>
		</Row>
		<Row Tag="LOC_COMBAT_YOUR_UNIT_WAS_STRAFED_BY_ENEMY">
			<Text>Sizin {1_UnitName} bir düsman tarafından yasaklandı{2_EnUName} alıyor {3_Num} hasar!</Text>
		</Row>
		<Row Tag="LOC_COMBAT_YOUR_UNIT_DAMAGED_ENEMY">
			<Text>Sizin {1_UnitName} düsmana zarar verdi {2_EnUName}({3_Num} hasar)!</Text>
		</Row>
		<Row Tag="LOC_COMBAT_YOUR_UNIT_BOMBARDED_ENEMY">
			<Text>{1_UnitName} biriminiz, düsman {2_EnUName} birimine bombardıman yaptı ve {3_Num} hasar verdi!</Text>
		</Row>
		<Row Tag="LOC_COMBAT_YOUR_UNIT_WAS_BOMBARDED_BY_ENEMY">
			<Text>{1_UnitName} biriminiz, düsman {2_EnUName} birimi tarafından bombardımana ugradı ve {3_Num} hasar aldı!</Text>
		</Row>
		<Row Tag="LOC_COMBAT_YOUR_WMD_SURVIVED_INTERCEPT">
			<Text>{1_UnitName} biriminiz, KiS saldırısını engelledi ve düsman {3_EnemyAdjective} {4_EnemyUnitName} birimi tarafından {2_Num} hasar alıp, {5_Num} hasar verdi!</Text>
		</Row>
		<Row Tag="LOC_COMBAT_YOUR_WMD_INTERCEPT_FAILED">
			<Text>{1_UnitName} biriminiz, KiS saldırısını engelleyemedi ve düsman {3_EnemyAdjective} {4_EnemyUnitName} birimi tarafından {5_Num} hasar alıp, {2_Num} hasar verdi!</Text>
		</Row>
		<Row Tag="LOC_COMBAT_YOUR_WMD_FAILED_DUE_TO_INTERCEPT">
			<Text>{1_UnitName} biriminiz, KiS saldırısı düzenlemekte basarısız oldu ve {2_Num} hasar alıp, düsman {3_EnemyAdjective} {4_EnemyUnitName} birimine {5_Num} hasar verdi!</Text>
		</Row>
		<Row Tag="LOC_COMBAT_YOUR_WMD_INTERCEPT_SUCCEEDED">
			<Text>{1_UnitName} biriminiz, KiS saldırısı düzenlemekte basarılı oldu ve düsman {3_EnemyAdjective} {4_EnemyUnitName} birimine {2_Num} hasar verirken, {5_Num} hasar aldı!</Text>
		</Row>
		<Row Tag="LOC_MISC_YOUR_UNIT_DIED_BY_UNKNOWN">
			<Text>{1_UnitName} biriminiz savunma yaparken, bilinmeyen bir düsman {2_EnUName} birimi tarafından yok edildi ve {3_Num} hasar verdi!</Text>
		</Row>
		<Row Tag="LOC_COMBAT_YOUR_UNIT_ATTACKED_ENEMY_DISTRICT">
			<Text>{1_UnitName} biriminiz, düsmana ait {2_Name} Bölgesine saldırdı ve {3_Num} hasar verdi!</Text>
		</Row>
		<Row Tag="LOC_COMBAT_YOUR_DISTRICT_WAS_ATTACKED_BY_ENEMY">
			<Text>{1_Name} Bölgenize bir düsman {2_EnUName} birimi tarafından saldırı düzenlendi ve {3_Num} hasar aldı!</Text>
		</Row>
		<Row Tag="LOC_COMBAT_YOUR_UNIT_ATTACKED_ENEMY_DISTRICT_DEFENSES">
			<Text>{1_UnitName} biriminiz, düsman {2_Name} bölgesine saldırı düzenledi. ({2_Name}, {3_Num} hasar, {4_Num} Savunma hasarı)</Text>
		</Row>
		<Row Tag="LOC_COMBAT_YOUR_DISTRICT_DEFENSE_WAS_ATTACKED_BY_ENEMY">
			<Text>{1_Name} Bölgeniz, bir düsman {2_EnUName} birimi tarafından saldırıya ugradı. ({2_Name}, {3_Num} hasar,  {4_Num} Savunma hasarı)</Text>
		</Row>
		<Row Tag="LOC_COMBAT_YOUR_DISTRICT_DESTROYED_ENEMY">
			<Text>{1_Name} Bölgeniz, düsman {2_EnUName} birimini yok etti! ({3_Damage} hasar)</Text>
		</Row>
		<Row Tag="LOC_COMBAT_YOUR_DISTRICT_BOMBARDED_ENEMY">
			<Text>{1_Name} Bölgeniz, düsman {2_EnUName} birimini bombaladı! ({3_Damage} hasar)</Text>
		</Row>
		<Row Tag="LOC_COMBAT_YOUR_UNIT_WAS_BOMBARDED_BY_ENEMY_DISTRICT">
			<Text>{1_Name} biriminiz, düsman {2_EnUName} bölgesi tarafından bombalandı ve {3_Num} hasar aldı!</Text>
		</Row>
		<Row Tag="LOC_COMBAT_ICBM_DESTROYED">
			<Text>Balistik Füze yakalandı ve Yok edildi.</Text>
		</Row>
		<Row Tag="LOC_PLUNDER_UNIT_HEALED">
			<Text>Yagmadan gelen ganimet, {1_Name} biriminizi iyilestirdi.</Text>
		</Row>
		<Row Tag="LOC_PLUNDER_CULTURE">
			<Text>Yagmalamanızdan {1_Num} [ICON_Culture] Kültür, ganimet olarak geldi.</Text>
		</Row>
		<Row Tag="LOC_PLUNDER_FAITH">
			<Text>Yagmalamanızdan {1_Num} [ICON_Faith] İnanç, ganimet olarak geldi.</Text>
		</Row>
		<Row Tag="LOC_PLUNDER_GOLD">
			<Text>Yagmalamanızdan {1_Num} [ICON_Gold] Altın, ganimet olarak geldi.</Text>
		</Row>
		<Row Tag="LOC_PLUNDER_SCIENCE">
			<Text>Yagmalamanızdan {1_Num} [ICON_Science] Bilim, ganimet olarak geldi.</Text>
		</Row>
		<Row Tag="LOC_KILL_CULTURE">
			<Text>[COLOR_FLOAT_CULTURE]+{1_Num} [ICON_Culture][ENDCOLOR]</Text>
		</Row>
		<Row Tag="LOC_KILL_FAITH">
			<Text>[COLOR_FLOAT_FAITH]+{1_Num} [ICON_Faith][ENDCOLOR]</Text>
		</Row>
		<Row Tag="LOC_KILL_FAITH_PLUS">
			<Text>[COLOR_FLOAT_FAITH]+{1_Num} {2_Religion}[ENDCOLOR]</Text>
		</Row>
		<Row Tag="LOC_KILL_FAITH_MINUS">
			<Text>[COLOR_RED]-{1_Num} {2_Religion}[ENDCOLOR]</Text>
		</Row>
		<Row Tag="LOC_KILL_GOLD">
			<Text>[COLOR_FLOAT_GOLD]+{1_Num} [ICON_Gold][ENDCOLOR]</Text>
		</Row>
		<Row Tag="LOC_KILL_SCIENCE">
			<Text>[COLOR_FLOAT_SCIENCE]+{1_Num} [ICON_Science][ENDCOLOR]</Text>
		</Row>
		<Row Tag="LOC_KILL_GREATPERSON_BONUS">
			<Text>[COLOR_FLOAT_FOOD]+{1_Num} {2_GreatPerson} Puanı[ENDCOLOR]</Text>
		</Row>
		<!-- Damage Message -->
		<Row Tag="LOC_WORLD_DISTRICT_GARRISON_DAMAGE_DECREASE_FLOATER">
			<Text>[COLOR_GREEN]+{1_Num}[ENDCOLOR] Saglık</Text>
		</Row>
		<Row Tag="LOC_WORLD_DISTRICT_GARRISON_DAMAGE_INCREASE_FLOATER">
			<Text>[COLOR_RED]{1_Num}[ENDCOLOR] Saglık</Text>
		</Row>
		<Row Tag="LOC_WORLD_DISTRICT_DEFENSE_DAMAGE_DECREASE_FLOATER">
			<Text>[COLOR_GREEN]+{1_Num}[ENDCOLOR] Savunma</Text>
		</Row>
		<Row Tag="LOC_WORLD_DISTRICT_DEFENSE_DAMAGE_INCREASE_FLOATER">
			<Text>[COLOR_RED]{1_Num}[ENDCOLOR] Savunma</Text>
		</Row>
		<Row Tag="LOC_RAZE_CITY_HEADER">
			<Text>ELE GECiRiLEN SEHiR</Text>
		</Row>
		<Row Tag="LOC_RAZE_CITY_TRADED">
			<Text>ALINAN SEHiR</Text>
		</Row>
		<Row Tag="LOC_RAZE_CITY_NAME_LABEL">
			<Text>SEHiR ADI</Text>
		</Row>
		<Row Tag="LOC_RAZE_CITY_POPULATION_LABEL">
			<Text>NüFUS:</Text>
		</Row>
		<Row Tag="LOC_RAZE_CITY_DISTRICTS_LABEL">
			<Text>MEVCUT BOLGE SAYISI:</Text>
		</Row>
		<Row Tag="LOC_RAZE_CITY_LIBERATE_EXPLANATION">
			<Text>Bir sehri serbest bıraktıgında, daha önceki bir sahibine geri döndürülür ve böylece oyuna tekrar dönmesi mümkün olur.[NEWLINE][NEWLINE]{1_WarmongerInfo}</Text>
		</Row>
		<Row Tag="LOC_RAZE_CITY_LIBERATE_WARMONGER_EXPLANATION">
			<Text>Bir sehri servest bıraktıgında, daha önce alınan savas cezalarını önemli ölçüde [COLOR_GREEN]AZALTIR[ENDCOLOR].</Text>
		</Row>
		<Row Tag="LOC_RAZE_CITY_KEEP_EXPLANATION">
			<Text>Bu sehri, imparatorlugunuz için elinizde tutun. Barıs masasında savas sonrası sahibi belirlenene kadar, isgal altında ve daha az üretken bir sehir olacak.[NEWLINE][NEWLINE]{1_WarmongerInfo}</Text>
		</Row>
		<Row Tag="LOC_RAZE_CITY_KEEP_EXPLANATION_TRADED">
			<Text>Bu sehri imparatorlugun için tut.</Text>
		</Row>
		<Row Tag="LOC_RAZE_CITY_KEEP_WARMONGER_EXPLANATION">
			<Text>Bu sehri su anda tutmak size su Savas Tutumu cezasını verir: {1_WarmongerLevel}[NEWLINE][NEWLINE]Savas sona erdiginde, sehri tutup tutmadıgınıza baglı olarak, ceza iptal edilecek veya ikiye katlanacak.</Text>
		</Row>
		<Row Tag="LOC_RAZE_CITY_KEEP_LAST_CITY_EXPLANATION">
			<Text>Bir oyuncunun son sehrini tutmanızdan dolayı verilen savas tutumu cezası, o çagın sürpriz savas cezasına baglıdır. sayet bu sehri tutmak uygarlıgın yok olmasına neden olacaksa, bu ceza [COLOR_RED]İKİ KAT[ENDCOLOR] olur (sehir devleti olmayan).</Text>
		</Row>
		<Row Tag="LOC_RAZE_CITY_RAZE_EXPLANATION">
			<Text>Bu sehrin Bölgeleri ve Binalarını haritadan kaldırmak için yok eder. Bu seçenek, sehrin fethedildigi turda seçilmelidir.[NEWLINE][NEWLINE]{1_WarmongerInfo}</Text>
		</Row>
		<Row Tag="LOC_RAZE_CITY_RAZE_WARMONGER_EXPLANATION">
			<Text>sehri yıkmak [COLOR_RED]ÜÇ KAT[ENDCOLOR] daha fazla ceza verir.[NEWLINE][NEWLINE]su anda, bu sehri yıkma cezası: {1_WarmongerLevel}</Text>
		</Row>
		<Row Tag="LOC_RAZE_CITY_RAZE_LAST_CITY_EXPLANATION">
			<Text>Bu çagda bir oyuncunun son sehrini yıktıgınızda, resmi olarak [COLOR_RED]ÜÇ KAT[ENDCOLOR] Savas tutumu cezası alırsınız.</Text>
		</Row>
		<Row Tag="LOC_RAZE_CITY_RAZE_DISABLED_EXPLANATION">
			<Text>Büyük bir Uygarlıgın baskenti olan veya bu savasın baslangıcında sizin veya bir müttefikin kurdugu ya da sahip oldugu bir sehiri yıkamazsınız.</Text>
		</Row>
		<Row Tag="LOC_RAZE_CITY_LIBERATE_FOUNDER_BUTTON_LABEL">
			<Text>Sehri Kurucusuna Geri Ver ({1_CivName})</Text>
		</Row>
		<Row Tag="LOC_RAZE_CITY_LIBERATE_PREWAR_OWNER_BUTTON_LABEL">
			<Text>Savas öncesi Sahibi'ne Geri Ver ({1_CivName})</Text>
		</Row>
		<Row Tag="LOC_RAZE_CITY_KEEP_BUTTON_LABEL">
			<Text>SEHRi TUT</Text>
		</Row>
		<Row Tag="LOC_RAZE_CITY_RAZE_BUTTON_LABEL">
			<Text>SEHRi YIK</Text>
		</Row>
	</BaseGameText>
</GameData>
