﻿<?xml version="1.0" encoding="utf-8"?>
<!-- edited with XMLSPY v2004 rel. 2 U (http://www.xmlspy.com) by Ed Beach (Firaxis Games) -->
<GameData>
	<BaseGameText>
		<Row Tag="LOC_DIFFICULTY_SETTLER_NAME">
			<Text>Göçmen</Text>
		</Row>
		<Row Tag="LOC_DIFFICULTY_CHIEFTAIN_NAME">
			<Text>Kabile reisi</Text>
		</Row>
		<Row Tag="LOC_DIFFICULTY_WARLORD_NAME">
			<Text>Savas Lordu</Text>
		</Row>
		<Row Tag="LOC_DIFFICULTY_PRINCE_NAME">
			<Text>Prens</Text>
		</Row>
		<Row Tag="LOC_DIFFICULTY_KING_NAME">
			<Text>Kral</Text>
		</Row>
		<Row Tag="LOC_DIFFICULTY_EMPEROR_NAME">
			<Text>İmparator</Text>
		</Row>
		<Row Tag="LOC_DIFFICULTY_IMMORTAL_NAME">
			<Text>Ölümsüz</Text>
		</Row>
		<Row Tag="LOC_DIFFICULTY_DEITY_NAME">
			<Text>Tanrısal</Text>
		</Row>
	</BaseGameText>
</GameData>
