﻿<?xml version="1.0" encoding="utf-8"?>
<GameData>
	<BaseGameText>
    <Row Tag="LOC_DIPLOMACY_DISCUSS">
      <Text>Müzakere</Text>
    </Row>
    <Row Tag="LOC_DIPLOMACY_CASUS_BELLI">
      <Text>Casus Belli</Text>
    </Row>
    <Row Tag="LOC_DIPLOMACY_CASUS_BELLI_TT">
      <Text>Casus Belli, bir savaş ilanı veya şehirleri ele geçirmek için normal Savaş Tutumu cezalarının azaltıldığı veya ortadan kaldırıldığı savaşlar ilan etmek için nedenler sağlar.</Text>
    </Row>
		<Row Tag="LOC_DIPLOMACY_INTEL_TITLE">
			<Text>İSTİHBARAT RAPORU</Text>
		</Row>
		<Row Tag="LOC_DIPLOMACY_INTEL_GOSSIP_COLON">
			<Text>Dedikodu Haberleri:</Text>
		</Row>
		<Row Tag="LOC_DIPLOMACY_INTEL_GOSSIP_NAME">
			<Text>DEDİKODU</Text>
		</Row>
		<Row Tag="LOC_DIPLOMACY_INTEL_ACCESS_LEVEL_COLON">
			<Text>Erisim Seviyesi:</Text>
		</Row>
		<Row Tag="LOC_DIPLOMACY_INTEL_ACCESS_LEVEL">
			<Text>Erisim Seviyesi:</Text>
		</Row>		
		<Row Tag="LOC_DIPLOMACY_INTEL_ACCESS_LEVEL_HEADER">
			<Text>ERİSİM SEVİYESİ</Text>
		</Row>
		<Row Tag="LOC_DIPLOMACY_INTEL_OUR_RELATIONSHIP">
			<Text>Bizim iliskimiz:</Text>
		</Row>
		<Row Tag="LOC_DIPLOMACY_INTEL_OUR_RELATIONSHIP_HEADER">
			<Text>BİZİM İLİSKİMİZ</Text>
		</Row>
		<Row Tag="LOC_DIPLOMACY_INTEL_TO_RAISE_RELATIONSHIP">
			<Text>İliskinizi [COLOR_Civ6Green]yükseltmek[ENDCOLOR] için şunları yapabilirsiniz:[NEWLINE]</Text>
		</Row>
		<Row Tag="LOC_DIPLOMACY_INTEL_TO_LOWER_RELATIONSHIP">
			<Text>İliskinizi [COLOR_Civ6Red]düşürmek[ENDCOLOR] için şunları yapabilirsiniz:[NEWLINE]</Text>
		</Row>
    <Row Tag="LOC_DIPLOMACY_INTEL_AGREEMENTS">
      <Text>Anlaşmalar:</Text>
    </Row>
		<Row Tag="LOC_DIPLOMACY_INTEL_ADGENDAS">
			<Text>Gündem:</Text>
		</Row>
		<Row Tag="LOC_DIPLOMACY_INTEL_GOVERNMENT">
			<Text>Hükümet:</Text>
		</Row>
		<Row Tag="LOC_DIPLOMACY_INTEL_RELATIONSHIPS">
			<Text>İliskiler:</Text>
		</Row>
		<Row Tag="LOC_DIPLOMACY_INTEL_RELATIONSHIP">
			<Text>İliski</Text>
		</Row>
		<Row Tag="LOC_DIPLOMACY_INTEL_RELATIONSHIP_REASONS">
			<Text>GÜNCEL İLİŞKİ İÇİN NEDENLERİ</Text>
		</Row>			
		<Row Tag="LOC_DIPLOMACY_INTEL_RELATIONSHIP_NOTHING_ABJECT">
			<Text>Şu anda için, hiçbir şey ilişkinizi kötü şekilde etkilemiyor.</Text>
		</Row>		
		<Row Tag="LOC_DIPLOMACY_INTEL_INFORMATION_SHARED_HEADER">
			<Text>Paylaşılan Bilgi:</Text>
		</Row>
    <Row Tag="LOC_DIPLOMACY_INTEL_NEXT_ACCESS_LEVEL_HEADER">
			<Text>Sonraki Erişim Seviyesi:</Text>
		</Row>
    <Row Tag="LOC_DIPLOMACY_INTEL_GAIN_ACCESS_LEVEL_HEADER">
      <Text>Erişim seviyesini [COLOR_Civ6Green]yükseltmek[ENDCOLOR] için şunları yapabilirsiniz:</Text>
    </Row>
    <Row Tag="LOC_DIPLOMACY_INTEL_LAST_TEN_TURNS">
      <Text>SON 10 TUR</Text>
    </Row>
    <Row Tag="LOC_DIPLOMACY_INTEL_OLDER">
      <Text>DAHA ESKİ</Text>
    </Row>
    <Row Tag="LOC_DIPLOMACY_GOSSIP_ITEM_NONE">
      <Text>Yok</Text>
    </Row>
    <Row Tag="LOC_DIPLOMACY_GOSSIP_ITEM_COUNT">
      <Text>+{1_Value} Yeni {1_Value : plural 1?Rapor; other?Rapor;}</Text>
    </Row>
    <Row Tag="LOC_DIPLOMACY_GOSSIP_ITEM_NONE_THIS_TURN">
      <Text>Yeni Bişey Yok</Text>
    </Row>
    <Row Tag="LOC_DIPLOMACY_GOSSIP_ITEM_NO_RECENT">
      <Text>[COLOR_Grey]Son 10 turda hiç bir şey bildirilmedi.</Text>
    </Row>
    <Row Tag="LOC_DIPLOMACY_INTEL_HISTORICAL_AGENDA">
      <Text>Tarihsel Gündem</Text>
    </Row>
    <Row Tag="LOC_DIPLOMACY_INTEL_RANDOM_AGENDA">
      <Text>Rastgele Gündem</Text>
    </Row>
    <Row Tag="LOC_DIPLOMACY_AGENDA_NOT_REVEALED">
      <Text>Rastgele gündem gizli.  Ortaya çıkarmak için GİZLİ seviyesinde erişim elde edin.</Text>
    </Row>
    <Row Tag="LOC_DIPLOMACY_HISTORICAL_AGENDA_NONE">
      <Text>Tarihsel gündem yok</Text>
    </Row>
    <Row Tag="LOC_DIPLOMACY_RANDOM_AGENDA_NONE">
      <Text>Rastgele gündem yok</Text>
    </Row>
	<!-- Used in titles -->
	<Row Tag="LOC_DIPLOMACY_OF">
      <Text>/</Text>
    </Row>
	<Row Tag="LOC_DIPLOMACY_ADVISOR_OFFER">
      <Text>Tatminkar bir ticaret önerin.</Text>
    </Row>
	<Row Tag="LOC_DIPLOMACY_ADVISOR_DENOUNCE">
      <Text>{1_Civ} uygarlığının kınadığı bir medeniyeti reddet.</Text>
    </Row>
	<Row Tag="LOC_DIPLOMACY_ADVISOR_TRADE_ROUTE">
      <Text>{1_Civ} ile bir [ICON_TradeRoute] Ticaret Yolu oluşturun.</Text>
    </Row>
	<Row Tag="LOC_DIPLOMACY_ADVISOR_OPEN_BORDERS">
      <Text>{1_Civ} ile Sınırları Açmayı onaylayın.</Text>
    </Row>
    <Row Tag="LOC_DIPLOMACY_ADVISOR_DELEGATION_EMBASSY">
      <Text>Bir delege gönderin veya bir elçilik kurun.</Text>
    </Row>
    <Row Tag="LOC_DIPLOMACY_ADVISOR_POSITIVE_AGENDA">
      <Text>Gündemlerinden birini yerine getirin.</Text>
    </Row>
    <Row Tag="LOC_DIPLOMACY_ADVISOR_NEGATIVE_AGENDA">
      <Text>Gündemlerinden birine karşı çıkın.</Text>
    </Row>
    <Row Tag="LOC_DIPLOMACY_ADVISOR_DENOUNCE_THEM">
      <Text>Bu lideri reddet.</Text>
    </Row>
    <Row Tag="LOC_DIPLOMACY_ADVISOR_REJECT_PROMISE">
      <Text>İstedikleri bir söz veremediler.</Text>
    </Row>
    <Row Tag="LOC_DIPLOMACY_ADVISOR_BREAK_PROMISE">
      <Text>Onlara verdiğin sözünü ver.</Text>
    </Row>
    <Row Tag="LOC_DIPLOMACY_ADVISOR_DENOUNCE_FRIEND">
      <Text>{1_Civ} uygarlığının, bir arkadaşını kınayın.</Text>
    </Row>
	<Row Tag="LOC_DIPLOMACY_ADVISOR_DECLARE_FRIENDSHIP">
      <Text>{1_Civ} uygarlığının, bilinen bir düşmanı ile Dostluk ilan edin.</Text>
    </Row>
	<Row Tag="LOC_DIPLOMACY_MAKE_DEAL_EQUITABLE">
      <Text>Bu anlaşmayı daha adil hale getirin.</Text>
    </Row>
	<Row Tag="LOC_DIPLOMACY_MAKE_DEAL_EQUITABLE_TOOLTIP">
      <Text>Daha iyi bir anlaşma yapmak için liderle pazarlık yapın.[NEWLINE]Bu, Anlaşma tablosunun HER İKİ TARAFINDAKİ öğeleri değiştirebilir.</Text>
    </Row>
	<Row Tag="LOC_DIPLOMACY_DEAL_MY_OFFER">
      <Text>BENİM TEKLİFİM:</Text>
    </Row>
	<Row Tag="LOC_DIPLOMACY_DEAL_THEIR_OFFER">
      <Text>ONLARIN TEKLİFİ:</Text>
    </Row>
	<Row Tag="LOC_DIPLOMACY_DEAL_WHAT_IT_WILL_TAKE_TOOLTIP">
      <Text>Lider, bunu alabilmek için ne isteyeceğini sorun.[NEWLINE]Bu sadece, anlaşma tablosundaki tarafımıza öğeler ekleyecektir.</Text>
    </Row>
	<Row Tag="LOC_DIPLOMACY_INTEL_GOSSIP_COLON_TOOLTIP">
      <Text>Erişim Seviyenizin bir sonucu olarak, kulak misafiri olduğunuz tüm dedikoduları görüntüleyin.</Text>
  </Row>
  <Row Tag="LOC_DIPLOMACY_INTEL_OVERVIEW_COLON_TOOLTIP">
      <Text>Genel Bakış</Text>
  </Row>
	<Row Tag="LOC_DIPLOMACY_INTEL_ACCESS_LEVEL_COLON_TOOLTIP">
      <Text>Erişeceğiniz Dedikodu türü de dahil olmak üzere, bu liderle erişim düzeyiniz hakkında, önemli bilgileri görüntüleyin.</Text>
    </Row>
	<Row Tag="LOC_DIPLOMACY_INTEL_OUR_RELATIONSHIP_TOOLTIP">
      <Text>Mevcut ilişkiniz için bilinen nedenler de dahil olmak üzere bu liderle ilişki ayrıntılarınızı görüntüleyin. Burada ek bilgiler ortaya çıkarmak için Erişim Düzeyi'nizi artırın.</Text>
    </Row>
	<Row Tag="LOC_DIPLOMACY_INTEL_ADGENDAS_TOOLTIP">
      <Text>Gündemler diğer liderlerle olan ilişkinizde önemli bir itici güçtür.  Liderlerin tarihsel gündemi ve Gizli Gündemi var.  Gizli Gündemi açığa çıkarmak, bu liderin hoşlandıklarını ve hoşlanmadıklarını bilmekte önemlidir.</Text>
    </Row>
	<Row Tag="LOC_DIPLOMACY_INTEL_GOVERNMENT_TOOLTIP">
      <Text>Mevcut hükümet, bu medeniyet tarafından benimsenmiştir.</Text>
    </Row>
    <Row Tag="LOC_DIPLOMACY_OVERVIEW_GOSSIP">
      <Text>Dedikodu</Text>
    </Row>
    <Row Tag="LOC_DIPLOMACY_OVERVIEW_ACCESS_LEVEL">
      <Text>Erişim Seviyesi</Text>
    </Row>
    <Row Tag="LOC_DIPLOMACY_OVERVIEW_GOVERNMENT">
      <Text>Hükümet</Text>
    </Row>
    <Row Tag="LOC_DIPLOMACY_OVERVIEW_AGENDAS">
      <Text>Gündemler</Text>
    </Row>
    <Row Tag="LOC_DIPLOMACY_OVERVIEW_AGREEMENTS">
      <Text>Anlaşmalar</Text>
    </Row>
    <Row Tag="LOC_DIPLOMACY_OVERVIEW_OUR_RELATIONSHIP">
      <Text>Bizim ilişkimiz</Text>
    </Row>
    <Row Tag="LOC_DIPLOMACY_OVERVIEW_OTHER_RELATIONSHIPS">
      <Text>İlişkiler</Text>
    </Row>
    <Row Tag="LOC_DIPLOMACY_INTEL_REPORT_OVERVIEW">
      <Text>Intel Raporu : Genel Bakış</Text>
    </Row>
    <Row Tag="LOC_DIPLOMACY_INTEL_REPORT_GOSSIP">
      <Text>Intel Raporu : Dedikodu</Text>
    </Row>
    <Row Tag="LOC_DIPLOMACY_INTEL_REPORT_ACCESS_LEVEL">
      <Text>Intel Raporu : Erişim Seviyesi</Text>
    </Row>
    <Row Tag="LOC_DIPLOMACY_INTEL_REPORT_RELATIONSHIP">
      <Text>Intel Raporu : İlişki</Text>
    </Row>
    <Row Tag="LOC_GOVERNMENT_ANARCHY_TURNS">
      <Text>Anarşi ({1_num} {1_Num : plural 1?turn; other?turns;})</Text>
    </Row>
		<Row Tag="LOC_DIPLOMACY_GOVERNMENT_NONE">
			<Text>None</Text>
		</Row>
		<Row Tag="LOC_DIPLOMACY_DENOUNCED_TOOLTIP">
			<Text>{1_CivName} kötü şeylerini kınadı {2_CivName}.</Text>
		</Row>
		<Row Tag="LOC_DIPLOMACY_DECLARED_FRIENDSHIP_TOOLTIP">
			<Text>{1_CivName} ile arkadaşlıklarını ilan etti {2_CivName}. [{3_RemainingTurns} daha {3_RemainingTurns : plural 1?turn; other?turns;}]</Text>
		</Row>
  </BaseGameText>
</GameData>