﻿<?xml version="1.0" encoding="utf-8"?>
<!-- edited with XMLSPY v2004 rel. 2 U (http://www.xmlspy.com) by Ed Beach (Firaxis Games) -->
<GameData>
	<BaseGameText>

		<!-- AI accepts from human -->
		<Row Tag="LOC_DIPLO_ACCEPT_DECLARE_FRIEND_FROM_HUMAN_ANY_ANY">
			<Text>Arkadaşlık teklifinizi kabul etmekten memnuniyet duyarız.</Text>
		</Row>
		<Row Tag="LOC_DIPLO_ACCEPT_DECLARE_FRIEND_FROM_HUMAN_LEADER_MVEMBA_ANY">
			<Text>Kongo halkı adına dostluğunuzu ve iyi niyetinizi kabul ediyorum.</Text>
		</Row>
		<Row Tag="LOC_DIPLO_ACCEPT_DECLARE_FRIEND_FROM_HUMAN_LEADER_CATHERINE_DE_MEDICI_ANY">
			<Text>Arkadaşlık teklifini kabul ediyorum. Ve tabii ki, bir sonraki kraliyet düğününe davet edileceksin.</Text>
		</Row>
		<Row Tag="LOC_DIPLO_ACCEPT_DECLARE_FRIEND_FROM_HUMAN_LEADER_CLEOPATRA_ANY">
			<Text>Çok iyi. Umarım Brutus'dan çok Mark Antony'sindir.</Text>
		</Row>
		<Row Tag="LOC_DIPLO_ACCEPT_DECLARE_FRIEND_FROM_HUMAN_LEADER_BARBAROSSA_ANY">
			<Text>Güçlü bir müttefik en büyük dosttur. Huzur içinde yaşayalım.</Text>
		</Row>
		<Row Tag="LOC_DIPLO_ACCEPT_DECLARE_FRIEND_FROM_HUMAN_LEADER_GANDHI_ANY">
			<Text>Arkadaşlık teklifini kabul ediyorum. Barış ile kutsanabilir.</Text>
		</Row>
		<Row Tag="LOC_DIPLO_ACCEPT_DECLARE_FRIEND_FROM_HUMAN_LEADER_GILGAMESH_ANY">
			<Text>Gılgamış, dostluğunuzu kabul ettiği için mutludur. Dünya'ya dostluk anlaşmasıyla bildirin!</Text>
		</Row>
		<Row Tag="LOC_DIPLO_ACCEPT_DECLARE_FRIEND_FROM_HUMAN_LEADER_GORGO_ANY">
			<Text>Sparta'nın iyi bir arkadaşı olduğunuzu kanıtladınız. Halkım adına kabul edeceğim.</Text>
		</Row>
		<Row Tag="LOC_DIPLO_ACCEPT_DECLARE_FRIEND_FROM_HUMAN_LEADER_HARDRADA_ANY">
			<Text>Arkadaşlık mı? Evet, ben bir arkadaşım.</Text>
		</Row>
		<Row Tag="LOC_DIPLO_ACCEPT_DECLARE_FRIEND_FROM_HUMAN_LEADER_HOJO_ANY">
			<Text>Sende, bir savaşçının barış ve huzurunu görüyorum ve o dostluğa hoş geldin diyorum.</Text>
		</Row>
		<Row Tag="LOC_DIPLO_ACCEPT_DECLARE_FRIEND_FROM_HUMAN_LEADER_PEDRO_ANY">
			<Text>Arkadaşlık teklifinizi kabul etmekten memnuniyet duyarız.</Text>
		</Row>
		<Row Tag="LOC_DIPLO_ACCEPT_DECLARE_FRIEND_FROM_HUMAN_LEADER_PERICLES_ANY">
			<Text>Demokrasi adına dostluğunuzu kabul ediyorum.</Text>
		</Row>
		<Row Tag="LOC_DIPLO_ACCEPT_DECLARE_FRIEND_FROM_HUMAN_LEADER_PETER_GREAT_ANY">
			<Text>Teklifiniz nazikçeydi. Halkımın ve sizininkilerinizin iyiliği için kabul ediyorum.</Text>
		</Row>
		<Row Tag="LOC_DIPLO_ACCEPT_DECLARE_FRIEND_FROM_HUMAN_LEADER_PHILIP_II_ANY">
			<Text>Tanrı kutsasın, benim arkadaşımsın. Dünya'ya O'nun kudretiyle korunduğunuzu bildirin.</Text>
		</Row>
		<Row Tag="LOC_DIPLO_ACCEPT_DECLARE_FRIEND_FROM_HUMAN_LEADER_QIN_ANY">
			<Text>Orta Asya Krallığına layık bir arkadaş olduğunuzu kanıtladınız, teklifinizi kabul ediyoruz.</Text>
		</Row>
		<Row Tag="LOC_DIPLO_ACCEPT_DECLARE_FRIEND_FROM_HUMAN_LEADER_SALADIN_ANY">
			<Text>Anlıyorum ki, ulusumun bir arkadaşısın. Dostluğumuzu dünyaya bildirelim.</Text>
		</Row>
		<Row Tag="LOC_DIPLO_ACCEPT_DECLARE_FRIEND_FROM_HUMAN_LEADER_T_ROOSEVELT_ANY">
			<Text>Buna hayır diyemem.</Text>
		</Row>
		<Row Tag="LOC_DIPLO_ACCEPT_DECLARE_FRIEND_FROM_HUMAN_LEADER_TOMYRIS_ANY">
			<Text>Arkadaşlığını kabul edeceğim, ancak güvenime ihanet etme.</Text>
		</Row>
		<Row Tag="LOC_DIPLO_ACCEPT_DECLARE_FRIEND_FROM_HUMAN_LEADER_TRAJAN_ANY">
			<Text>İmparatorluğunuzun bir dostu olduğunu ve dost olduğumuzun bilinmesine izin verin.</Text>
		</Row>
		<Row Tag="LOC_DIPLO_ACCEPT_DECLARE_FRIEND_FROM_HUMAN_LEADER_VICTORIA_ANY">
			<Text>Evet, bu bizi mutlu ediyor. İkimizin ulusuda dostluğumuzdan kesinlikle yararlanacak.</Text>
		</Row>

		<!-- AI Rejects from human -->
		<Row Tag="LOC_DIPLO_REJECT_DECLARE_FRIEND_FROM_HUMAN_ANY_ANY">
			<Text>Bu sefer ilgilenmiyoruz.</Text>
		</Row>
		<Row Tag="LOC_DIPLO_REJECT_DECLARE_FRIEND_FROM_HUMAN_LEADER_MVEMBA_ANY">
			<Text>Kongo dostluğunu kabul etmeye hazır değil. İlişkimiz önce olgunlaşsın.</Text>
		</Row>
		<Row Tag="LOC_DIPLO_REJECT_DECLARE_FRIEND_FROM_HUMAN_LEADER_CATHERINE_DE_MEDICI_ANY">
			<Text>Özür dilerim, ama bu ani bir değişiklik olurdu. Belki başka bir zaman?</Text>
		</Row>
		<Row Tag="LOC_DIPLO_REJECT_DECLARE_FRIEND_FROM_HUMAN_LEADER_CLEOPATRA_ANY">
			<Text>Hah! Yoldaşlarım arasında Caesarları ve Firavunları saydım, buna layık olduğunuzu düşündüren şey nedir?</Text>
		</Row>
		<Row Tag="LOC_DIPLO_REJECT_DECLARE_FRIEND_FROM_HUMAN_LEADER_BARBAROSSA_ANY">
			<Text>Hayır, imparatorluğumun iyiliği için dostluğunu kabul edemem.</Text>
		</Row>
		<Row Tag="LOC_DIPLO_REJECT_DECLARE_FRIEND_FROM_HUMAN_LEADER_GANDHI_ANY">
			<Text>Üzgünüm ama sizinle bu anlaşmayı imzalayamam. Lütfen anlayın, yalnızca en iyisi için.</Text>
		</Row>
		<Row Tag="LOC_DIPLO_REJECT_DECLARE_FRIEND_FROM_HUMAN_LEADER_GILGAMESH_ANY">
			<Text>Gılgamış, sana karşı dost değil.</Text>
		</Row>
		<Row Tag="LOC_DIPLO_REJECT_DECLARE_FRIEND_FROM_HUMAN_LEADER_GORGO_ANY">
			<Text>Sparta'nın senin gibi birinin dostluğuna ihtiyacı yok.</Text>
		</Row>
		<Row Tag="LOC_DIPLO_REJECT_DECLARE_FRIEND_FROM_HUMAN_LEADER_HARDRADA_ANY">
			<Text>Hayır, Asgard'daki tüm harikalar için kabul etmiyorum.</Text>
		</Row>
		<Row Tag="LOC_DIPLO_REJECT_DECLARE_FRIEND_FROM_HUMAN_LEADER_HOJO_ANY">
			<Text>Şogunluk ve İmparatorluğun çıkarlarını düşünmek zorundayım, yani hayır diyorum.</Text>
		</Row>
		<Row Tag="LOC_DIPLO_REJECT_DECLARE_FRIEND_FROM_HUMAN_LEADER_PEDRO_ANY">
			<Text>Bu sefer ilgilenmiyoruz.</Text>
		</Row>
		<Row Tag="LOC_DIPLO_REJECT_DECLARE_FRIEND_FROM_HUMAN_LEADER_PERICLES_ANY">
			<Text>Hayır, sen onu anlaşmalarla ispatlayana ya da bizi başka türlü ikna etene kadar arkadaş olamayız.</Text>
		</Row>
		<Row Tag="LOC_DIPLO_REJECT_DECLARE_FRIEND_FROM_HUMAN_LEADER_PETER_GREAT_ANY">
			<Text>Düşünüyorumda, Eski bir arkadaş iki yeni arkadaştan daha iyidir. Red ediyorum.</Text>
		</Row>
		<Row Tag="LOC_DIPLO_REJECT_DECLARE_FRIEND_FROM_HUMAN_LEADER_PHILIP_II_ANY">
			<Text>Hayır, teklifini kabul etmiyorum. Sen günahkarsın ve İspanya'nın arkadaşı değilsin.</Text>
		</Row>
		<Row Tag="LOC_DIPLO_REJECT_DECLARE_FRIEND_FROM_HUMAN_LEADER_QIN_ANY">
			<Text>Henüz dostluğumuza layık değilsin.</Text>
		</Row>
		<Row Tag="LOC_DIPLO_REJECT_DECLARE_FRIEND_FROM_HUMAN_LEADER_SALADIN_ANY">
			<Text>Teklifiniz çok cömert ve nazikçe, ancak niyetinizden emin olmadan bu teklifi kabul edemem.</Text>
		</Row>
		<Row Tag="LOC_DIPLO_REJECT_DECLARE_FRIEND_FROM_HUMAN_LEADER_T_ROOSEVELT_ANY">
			<Text>Bu sefer ilgilenmiyoruz.</Text>
		</Row>
		<Row Tag="LOC_DIPLO_REJECT_DECLARE_FRIEND_FROM_HUMAN_LEADER_TOMYRIS_ANY">
			<Text>Dostluğu kolayca sahip olunmaz. Önce benim güveni kazanmalısın.</Text>
		</Row>
		<Row Tag="LOC_DIPLO_REJECT_DECLARE_FRIEND_FROM_HUMAN_LEADER_TRAJAN_ANY">
			<Text>Roma, Roma'da kalmalıdır: hiç kimse kendi kendine arkadaş olamaz. Hayır diyorum.</Text>
		</Row>
		<Row Tag="LOC_DIPLO_REJECT_DECLARE_FRIEND_FROM_HUMAN_LEADER_VICTORIA_ANY">
			<Text>Böyle bir taahhüt yapmak için henüz erken. Uygun olduğunda, doğal olarak yeniden düşünürüz. Anladın mı?</Text>
		</Row>
	
		<!-- AI Requests friendship from human -->
		<Row Tag="LOC_DIPLO_DECLARE_FRIEND_FROM_AI_ANY_ANY">
			<Text>Dostluğumuzu resmi olarak ilan etmek ister misiniz?</Text>
		</Row>
		<Row Tag="LOC_DIPLO_DECLARE_FRIEND_FROM_AI_LEADER_MVEMBA_ANY">
			<Text>Sanai elimi dostça uzatıyorum. Halkımızın Rab'bın altındaki kardeşleri olmasına izin verin.</Text>
		</Row>
		<Row Tag="LOC_DIPLO_DECLARE_FRIEND_FROM_AI_LEADER_CATHERINE_DE_MEDICI_ANY">
			<Text>Size dostluk içinde kraliyet elini uzattım. Kabul eder misin?</Text>
		</Row>
		<Row Tag="LOC_DIPLO_DECLARE_FRIEND_FROM_AI_LEADER_CLEOPATRA_ANY">
			<Text>Bir çok kişi dostluğum için ölüyor. Bu cömert bir teklif ama olsun, sana dostluğumu teklif ediyorum. Cevabın ne?</Text>
		</Row>
		<Row Tag="LOC_DIPLO_DECLARE_FRIEND_FROM_AI_LEADER_BARBAROSSA_ANY">
			<Text>Dostluk için elimi tekrar uzatıyorum. Kabul eder misin?</Text>
		</Row>
		<Row Tag="LOC_DIPLO_DECLARE_FRIEND_FROM_AI_LEADER_GANDHI_ANY">
			<Text>Sanırım bir zamanlar liderlik şiddet anlamına geliyordu; Ama bugün insanlarla geçinmek demektir. Dostluğumu kabul eder misin?</Text>
		</Row>
		<Row Tag="LOC_DIPLO_DECLARE_FRIEND_FROM_AI_LEADER_GILGAMESH_ANY">
			<Text>Bütün dünya arkadaşlarıma karşı olan cömertliğimi biliyor. O halde biz, düşman değil, arkadaş olalım.</Text>
		</Row>
		<Row Tag="LOC_DIPLO_DECLARE_FRIEND_FROM_AI_LEADER_GORGO_ANY">
			<Text>Sana Sparta'nın arkadaşlığını teklif ediyorum, kabul eder misin?</Text>
		</Row>
		<Row Tag="LOC_DIPLO_DECLARE_FRIEND_FROM_AI_LEADER_HARDRADA_ANY">
			<Text>Bütün seyahatlerim boyunca, seni tanıyana kadar hiç kimseyi tanıyamamışım. O zaman, arkadaş olalım.</Text>
		</Row>
		<Row Tag="LOC_DIPLO_DECLARE_FRIEND_FROM_AI_LEADER_HOJO_ANY">
			<Text>Uyumlu ve akıllısın. Bizi arkadaşın olarak kabul ederseniz, size sadakat ve onur sunarız.</Text>
		</Row>
		<Row Tag="LOC_DIPLO_DECLARE_FRIEND_FROM_AI_LEADER_PEDRO_ANY">
			<Text>Resmen dostluğumuzu ilan etmek ister misiniz?</Text>
		</Row>
		<Row Tag="LOC_DIPLO_DECLARE_FRIEND_FROM_AI_LEADER_PERICLES_ANY">
			<Text>Farklılıklarımızı bir an için bir kenara koyalım, olur mu? Dostluk, küçük siyasetlerden daha önemlidir.</Text>
		</Row>
		<Row Tag="LOC_DIPLO_DECLARE_FRIEND_FROM_AI_LEADER_PETER_GREAT_ANY">
			<Text>Sizin ve insanlarım arasında bir dostluk kurmaktan onur duyarım. Kabul ediyor musun?</Text>
		</Row>
		<Row Tag="LOC_DIPLO_DECLARE_FRIEND_FROM_AI_LEADER_PHILIP_II_ANY">
			<Text>İnanıyorum ki, bilgeliği Rab'bin ışığında gördün. Onu dostluğumuz ile kutsayalım mı?</Text>
		</Row>
		<Row Tag="LOC_DIPLO_DECLARE_FRIEND_FROM_AI_LEADER_QIN_ANY">
			<Text>Lütfen dostluğumuzun devam etmesine izin verin.</Text>
		</Row>
		<Row Tag="LOC_DIPLO_DECLARE_FRIEND_FROM_AI_LEADER_SALADIN_ANY">
			<Text>Akıllı ve adil bir lider olduğunuzu kanıtladınız. Dostluk teklifimi kabul eder misiniz?</Text>
		</Row>
		<Row Tag="LOC_DIPLO_DECLARE_FRIEND_FROM_AI_LEADER_T_ROOSEVELT_ANY">
			<Text>Saygımı kazandın. Dostluğumuzu ilan edelim mi?</Text>
		</Row>
		<Row Tag="LOC_DIPLO_DECLARE_FRIEND_FROM_AI_LEADER_TOMYRIS_ANY">
			<Text>Dostluk, uluslar arasındaki en değerli şeydir. Elimizden geleni yapıp, dost olalım.</Text>
		</Row>
		<Row Tag="LOC_DIPLO_DECLARE_FRIEND_FROM_AI_LEADER_TRAJAN_ANY">
			<Text>Görkemli Roma dostluk elini uzatıyor. Kabul ediyor musun?</Text>
		</Row>
		<Row Tag="LOC_DIPLO_DECLARE_FRIEND_FROM_AI_LEADER_VICTORIA_ANY">
			<Text>Sizi saygın bir arkadaş olarak görmekten memnuniyet duyuyoruz. Umuyoruz ki, bu duygu karşılıklıdır...</Text>
		</Row>

		<!-- Human accepts AI requests, AI responds -->
		<Row Tag="LOC_DIPLO_ACCEPT_DECLARE_FRIEND_FROM_AI_LEADER_ANY_ANY">
			<Text>Olağanüstü.</Text>
		</Row>
		<Row Tag="LOC_DIPLO_ACCEPT_DECLARE_FRIEND_FROM_AI_LEADER_MVEMBA_ANY">
			<Text>Çok teşekkür ederim.</Text>
		</Row>
		<Row Tag="LOC_DIPLO_ACCEPT_DECLARE_FRIEND_FROM_AI_LEADER_CATHERINE_DE_MEDICI_ANY">
			<Text>Teşekkür ederim.</Text>
		</Row>
		<Row Tag="LOC_DIPLO_ACCEPT_DECLARE_FRIEND_FROM_AI_LEADER_CLEOPATRA_ANY">
			<Text>Nasıl teşekkür edebilirim?</Text>
		</Row>
		<Row Tag="LOC_DIPLO_ACCEPT_DECLARE_FRIEND_FROM_AI_LEADER_BARBAROSSA_ANY">
			<Text>Teşekkürler arkadaşım.</Text>
		</Row>
		<Row Tag="LOC_DIPLO_ACCEPT_DECLARE_FRIEND_FROM_AI_LEADER_GANDHI_ANY">
			<Text>Teşekkürler arkadaşım.</Text>
		</Row>
		<Row Tag="LOC_DIPLO_ACCEPT_DECLARE_FRIEND_FROM_AI_LEADER_GILGAMESH_ANY">
			<Text>Teşekkür ederim.</Text>
		</Row>
		<Row Tag="LOC_DIPLO_ACCEPT_DECLARE_FRIEND_FROM_AI_LEADER_GORGO_ANY">
			<Text>Teşekkür ederim.</Text>
		</Row>
		<Row Tag="LOC_DIPLO_ACCEPT_DECLARE_FRIEND_FROM_AI_LEADER_HARDRADA_ANY">
			<Text>Teşekkürler arkadaşım.</Text>
		</Row>
		<Row Tag="LOC_DIPLO_ACCEPT_DECLARE_FRIEND_FROM_AI_LEADER_HOJO_ANY">
			<Text>Teşekkürler arkadaşım.</Text>
		</Row>
		<Row Tag="LOC_DIPLO_ACCEPT_DECLARE_FRIEND_FROM_AI_LEADER_PEDRO_ANY">
			<Text>Olağanüstü.</Text>
		</Row>
		<Row Tag="LOC_DIPLO_ACCEPT_DECLARE_FRIEND_FROM_AI_LEADER_PERICLES_ANY">
			<Text>Teşekkür ederim.</Text>
		</Row>
		<Row Tag="LOC_DIPLO_ACCEPT_DECLARE_FRIEND_FROM_AI_LEADER_PETER_GREAT_ANY">
			<Text>Minettarlık duyarım.</Text>
		</Row>
		<Row Tag="LOC_DIPLO_ACCEPT_DECLARE_FRIEND_FROM_AI_LEADER_PHILIP_II_ANY">
			<Text>Tanrı sizi korusun.</Text>
		</Row>
		<Row Tag="LOC_DIPLO_ACCEPT_DECLARE_FRIEND_FROM_AI_LEADER_QIN_ANY">
			<Text>Minnettarız.</Text>
		</Row>
		<Row Tag="LOC_DIPLO_ACCEPT_DECLARE_FRIEND_FROM_AI_LEADER_SALADIN_ANY">
			<Text>Allah sizi korusun.</Text>
		</Row>
		<Row Tag="LOC_DIPLO_ACCEPT_DECLARE_FRIEND_FROM_AI_LEADER_T_ROOSEVELT_ANY">
			<Text>Teşekkür ederim.</Text>
		</Row>
		<Row Tag="LOC_DIPLO_ACCEPT_DECLARE_FRIEND_FROM_AI_LEADER_TOMYRIS_ANY">
			<Text>Teşekkürler arkadaşım.</Text>
		</Row>
		<Row Tag="LOC_DIPLO_ACCEPT_DECLARE_FRIEND_FROM_AI_LEADER_TRAJAN_ANY">
			<Text>Çok teşekkürler.</Text>
		</Row>
		<Row Tag="LOC_DIPLO_ACCEPT_DECLARE_FRIEND_FROM_AI_LEADER_VICTORIA_ANY">
			<Text>Nazik ve kibar davranıyorsun.</Text>
		</Row>
		
		<!-- Human rejects AI requests, AI responds -->
		<Row Tag="LOC_DIPLO_REJECT_DECLARE_FRIEND_FROM_AI_LEADER_ANY_ANY">
			<Text>Bu talihsizlik.</Text>
		</Row>
		<Row Tag="LOC_DIPLO_REJECT_DECLARE_FRIEND_FROM_AI_LEADER_MVEMBA_ANY">
			<Text>Bu talihsizlik.</Text>
		</Row>
		<Row Tag="LOC_DIPLO_REJECT_DECLARE_FRIEND_FROM_AI_LEADER_CATHERINE_DE_MEDICI_ANY">
			<Text>Ne şanssızlık!</Text>
		</Row>
		<Row Tag="LOC_DIPLO_REJECT_DECLARE_FRIEND_FROM_AI_LEADER_CLEOPATRA_ANY">
			<Text>Çok yazık.</Text>
		</Row>
		<Row Tag="LOC_DIPLO_REJECT_DECLARE_FRIEND_FROM_AI_LEADER_BARBAROSSA_ANY">
			<Text>Belki bir dahaki sefere.</Text>
		</Row>
		<Row Tag="LOC_DIPLO_REJECT_DECLARE_FRIEND_FROM_AI_LEADER_GANDHI_ANY">
			<Text>Talihsiz bir geri adım.</Text>
		</Row>
		<Row Tag="LOC_DIPLO_REJECT_DECLARE_FRIEND_FROM_AI_LEADER_GILGAMESH_ANY">
			<Text>Deli misin?</Text>
		</Row>
		<Row Tag="LOC_DIPLO_REJECT_DECLARE_FRIEND_FROM_AI_LEADER_GORGO_ANY">
			<Text>Talihsizlik.</Text>
		</Row>
		<Row Tag="LOC_DIPLO_REJECT_DECLARE_FRIEND_FROM_AI_LEADER_HARDRADA_ANY">
			<Text>Utanç verici...</Text>
		</Row>
		<Row Tag="LOC_DIPLO_REJECT_DECLARE_FRIEND_FROM_AI_LEADER_HOJO_ANY">
			<Text>Utanç verici...</Text>
		</Row>
		<Row Tag="LOC_DIPLO_REJECT_DECLARE_FRIEND_FROM_AI_LEADER_PEDRO_ANY">
			<Text>Bu talihsizlik.</Text>
		</Row>
		<Row Tag="LOC_DIPLO_REJECT_DECLARE_FRIEND_FROM_AI_LEADER_PERICLES_ANY">
			<Text>Bu talihsizlik.</Text>
		</Row>
		<Row Tag="LOC_DIPLO_REJECT_DECLARE_FRIEND_FROM_AI_LEADER_PETER_GREAT_ANY">
			<Text>Aptalsın, aptal...</Text>
		</Row>
		<Row Tag="LOC_DIPLO_REJECT_DECLARE_FRIEND_FROM_AI_LEADER_PHILIP_II_ANY">
			<Text>Bu talihsizlik.</Text>
		</Row>
		<Row Tag="LOC_DIPLO_REJECT_DECLARE_FRIEND_FROM_AI_LEADER_QIN_ANY">
			<Text>Kötü şans.</Text>
		</Row>
		<Row Tag="LOC_DIPLO_REJECT_DECLARE_FRIEND_FROM_AI_LEADER_SALADIN_ANY">
			<Text>Ne dediğini aklında tut.</Text>
		</Row>
		<Row Tag="LOC_DIPLO_REJECT_DECLARE_FRIEND_FROM_AI_LEADER_T_ROOSEVELT_ANY">
			<Text>Bu çok kötü oldu.</Text>
		</Row>
		<Row Tag="LOC_DIPLO_REJECT_DECLARE_FRIEND_FROM_AI_LEADER_TOMYRIS_ANY">
			<Text>Tekrar düşünmelisin.</Text>
		</Row>
		<Row Tag="LOC_DIPLO_REJECT_DECLARE_FRIEND_FROM_AI_LEADER_TRAJAN_ANY">
			<Text>Ne utanç ama.</Text>
		</Row>
		<Row Tag="LOC_DIPLO_REJECT_DECLARE_FRIEND_FROM_AI_LEADER_VICTORIA_ANY">
			<Text>Ne şanssızlık.</Text>
		</Row>
		
		<Row Tag="LOC_DIPLO_DECLARE_FRIEND_CHOICE_NEGATIVE">
			<Text>Özür dilerim, fakat şu anda resmi olarak bir dostluğa bağlı kalamayız.</Text>
		</Row>
		<Row Tag="LOC_DIPLO_DECLARE_FRIEND_CHOICE_POSITIVE">
			<Text>Dünya'ya dost olduğumuzu bildirmekten mutluluk duyarız.</Text>
		</Row>
	</BaseGameText>
</GameData>
