﻿<?xml version="1.0" encoding="utf-8"?>
<GameData>
	<BaseGameText>
		
		<!-- AI accepts from human -->
		<Row Tag="LOC_DIPLO_MAKE_PEACE_AI_ACCEPT_DEAL_ANY_ANY">
			<Text>Barış şartlarını kabul ediyorum.</Text>
		</Row>
		<Row Tag="LOC_DIPLO_MAKE_PEACE_AI_ACCEPT_DEAL_LEADER_MVEMBA_ANY">
			<Text>Seninle barış yapıyorum.</Text>
		</Row>
		<Row Tag="LOC_DIPLO_MAKE_PEACE_AI_ACCEPT_DEAL_LEADER_CATHERINE_DE_MEDICI_ANY">
			<Text>Beni savaş yanlısı birisi olarak hatırlamanı istemiyorum. Farklılıklarımızı bir kenara bırakalım.</Text>
		</Row>
		<Row Tag="LOC_DIPLO_MAKE_PEACE_AI_ACCEPT_DEAL_LEADER_CLEOPATRA_ANY">
			<Text>Kabul etmeliyim ki, seninle daha fazla barış içinde olacağım.</Text>
		</Row>
		<Row Tag="LOC_DIPLO_MAKE_PEACE_AI_ACCEPT_DEAL_LEADER_BARBAROSSA_ANY">
			<Text>Yiğitçe mücadele ettiniz ve barışa hak kazandınız. Ateşkeş sunmaktan mutluluk duyuyoruz.</Text>
		</Row>
		<Row Tag="LOC_DIPLO_MAKE_PEACE_AI_ACCEPT_DEAL_LEADER_GANDHI_ANY">
			<Text>Evet evet. Bu iyi bir şey.</Text>
		</Row>
		<Row Tag="LOC_DIPLO_MAKE_PEACE_AI_ACCEPT_DEAL_LEADER_GILGAMESH_ANY">
			<Text>Güçlü rakiplere saygı duyarım. Hadi barış yapalım.</Text>
		</Row>
		<Row Tag="LOC_DIPLO_MAKE_PEACE_AI_ACCEPT_DEAL_LEADER_GORGO_ANY">
			<Text>Bu savaş aynen devam edebilir. Yaşamayı istiyorsan, barışı düşünebiliriz.</Text>
		</Row>
		<Row Tag="LOC_DIPLO_MAKE_PEACE_AI_ACCEPT_DEAL_LEADER_HARDRADA_ANY">
			<Text>Çok iyi, hadi barışalım bakalım.</Text>
		</Row>
		<Row Tag="LOC_DIPLO_MAKE_PEACE_AI_ACCEPT_DEAL_LEADER_HOJO_ANY">
			<Text>Savaş alanında benimle başabaş mücadele edenlere saygı duyarım. Bir savaşçıyla savaşmak yerine, kılıcımı kınına koymayı yeğlerim.</Text>
		</Row>
		<Row Tag="LOC_DIPLO_MAKE_PEACE_AI_ACCEPT_DEAL_LEADER_PEDRO_ANY">
			<Text>Barış şartlarını kabul ediyorum.</Text>
		</Row>
		<Row Tag="LOC_DIPLO_MAKE_PEACE_AI_ACCEPT_DEAL_LEADER_PERICLES_ANY">
			<Text>Güzel bir teklif, kabul ediyoruz.</Text>
		</Row>
		<Row Tag="LOC_DIPLO_MAKE_PEACE_AI_ACCEPT_DEAL_LEADER_PETER_GREAT_ANY">
			<Text>Ölüm saçmak yerine, hayatı sürdürmeye daha çok ilgi duyuyoruz. Hadi aramızda barış sağlayalım.</Text>
		</Row>
		<Row Tag="LOC_DIPLO_MAKE_PEACE_AI_ACCEPT_DEAL_LEADER_PHILIP_II_ANY">
			<Text>Senin ve İmparatorluğunun üstünde barış olsun. Savaşmaktan yorulduk.</Text>
		</Row>
		<Row Tag="LOC_DIPLO_MAKE_PEACE_AI_ACCEPT_DEAL_LEADER_QIN_ANY">
			<Text>Çok zorlandık. Hadi aramızda barış yapalım.</Text>
		</Row>
		<Row Tag="LOC_DIPLO_MAKE_PEACE_AI_ACCEPT_DEAL_LEADER_SALADIN_ANY">
			<Text>Bu kadar savaş gördükten sonra, artık bilgeliği ve barışı öğrenelim.</Text>
		</Row>
		<Row Tag="LOC_DIPLO_MAKE_PEACE_AI_ACCEPT_DEAL_LEADER_T_ROOSEVELT_ANY">
			<Text>Milletimizin hak ve menfaatlerini korumak görevimizdir. Bu görev tamamlandı; Şimdi barışı yapalım.</Text>
		</Row>
		<Row Tag="LOC_DIPLO_MAKE_PEACE_AI_ACCEPT_DEAL_LEADER_TOMYRIS_ANY">
			<Text>Barış şartlarını kabul ediyorum.</Text>
		</Row>
		<Row Tag="LOC_DIPLO_MAKE_PEACE_AI_ACCEPT_DEAL_LEADER_TRAJAN_ANY">
			<Text>Evet, bir ateşkes ilan edelim. Bu savaş bizi hiçbir şeye götürmez.</Text>
		</Row>
		<Row Tag="LOC_DIPLO_MAKE_PEACE_AI_ACCEPT_DEAL_LEADER_VICTORIA_ANY">
			<Text>Büyük Britanya Birleşik Krallığı ve Kuzey İrlanda adına, iki ulus arasında bu barışı onaylıyorum.</Text>
		</Row>

		<!-- AI refuses human -->
		<Row Tag="LOC_DIPLO_MAKE_PEACE_AI_REFUSE_DEAL_ANY_ANY">
			<Text>Barış kelimesi söz konusu bile değil!</Text>
		</Row>
		<Row Tag="LOC_DIPLO_MAKE_PEACE_AI_REFUSE_DEAL_LEADER_MVEMBA_ANY">
			<Text>Evet diyemem, Hadi başka kapıya.</Text>
		</Row>
		<Row Tag="LOC_DIPLO_MAKE_PEACE_AI_REFUSE_DEAL_LEADER_CATHERINE_DE_MEDICI_ANY">
			<Text>Kesinlikle hayır.</Text>
		</Row>
		<Row Tag="LOC_DIPLO_MAKE_PEACE_AI_REFUSE_DEAL_LEADER_CLEOPATRA_ANY">
			<Text>Olmaz! Bunu kabul etmiyorum!</Text>
		</Row>
		<Row Tag="LOC_DIPLO_MAKE_PEACE_AI_REFUSE_DEAL_LEADER_BARBAROSSA_ANY">
			<Text>Yaşadığım sürece asla.</Text>
		</Row>
		<Row Tag="LOC_DIPLO_MAKE_PEACE_AI_REFUSE_DEAL_LEADER_GANDHI_ANY">
			<Text>Üzgünüm, ama hayır.</Text>
		</Row>
		<Row Tag="LOC_DIPLO_MAKE_PEACE_AI_REFUSE_DEAL_LEADER_GILGAMESH_ANY">
			<Text>Gılgamış seni red ediyor.</Text>
		</Row>
		<Row Tag="LOC_DIPLO_MAKE_PEACE_AI_REFUSE_DEAL_LEADER_GORGO_ANY">
			<Text>Bunu, sonra düşüneceğim.</Text>
		</Row>
		<Row Tag="LOC_DIPLO_MAKE_PEACE_AI_REFUSE_DEAL_LEADER_HARDRADA_ANY">
			<Text>Olmaz. Bunu kabul edemem.</Text>
		</Row>
		<Row Tag="LOC_DIPLO_MAKE_PEACE_AI_REFUSE_DEAL_LEADER_HOJO_ANY">
			<Text>Cesedimi çiğnemen gerek!</Text>
		</Row>
		<Row Tag="LOC_DIPLO_MAKE_PEACE_AI_REFUSE_DEAL_LEADER_PEDRO_ANY">
			<Text>Aklın yerindemi senin? Aramızda artık barış sağlanamaz!</Text>
		</Row>
		<Row Tag="LOC_DIPLO_MAKE_PEACE_AI_REFUSE_DEAL_LEADER_PERICLES_ANY">
			<Text>Atinalılar bunu kabul etmiyor.</Text>
		</Row>
		<Row Tag="LOC_DIPLO_MAKE_PEACE_AI_REFUSE_DEAL_LEADER_PETER_GREAT_ANY">
			<Text>Rusyalıları tanımamışsın sen. Barış diye bir kelime bilmeyiz.</Text>
		</Row>
		<Row Tag="LOC_DIPLO_MAKE_PEACE_AI_REFUSE_DEAL_LEADER_PHILIP_II_ANY">
			<Text>Ne dedin? aman tanrım, kesinlikle hayır!</Text>
		</Row>
		<Row Tag="LOC_DIPLO_MAKE_PEACE_AI_REFUSE_DEAL_LEADER_QIN_ANY">
			<Text>Yalvarışlarınızı görmezden geliyoruz!</Text>
		</Row>
		<Row Tag="LOC_DIPLO_MAKE_PEACE_AI_REFUSE_DEAL_LEADER_SALADIN_ANY">
			<Text>Daha iyi bir teklifte bulunmalısın.</Text>
		</Row>
		<Row Tag="LOC_DIPLO_MAKE_PEACE_AI_REFUSE_DEAL_LEADER_T_ROOSEVELT_ANY">
			<Text>Ciddi olamazsın!</Text>
		</Row>
		<Row Tag="LOC_DIPLO_MAKE_PEACE_AI_REFUSE_DEAL_LEADER_TOMYRIS_ANY">
			<Text>Belki rüyanda aramızda barış olduğunu görürsün!</Text>
		</Row>
		<Row Tag="LOC_DIPLO_MAKE_PEACE_AI_REFUSE_DEAL_LEADER_TRAJAN_ANY">
			<Text>Hayır. İmparatorluğunuzun kalanı için hayır.</Text>
		</Row>
		<Row Tag="LOC_DIPLO_MAKE_PEACE_AI_REFUSE_DEAL_LEADER_VICTORIA_ANY">
			<Text>Belki anlamazsın diye vurgulayarak söylüyorum; Hayır.</Text>
		</Row>

		<!-- AI requests from human -->
		<Row Tag="LOC_DIPLO_MAKE_PEACE_FROM_AI_ANY_ANY">
			<Text>Barış yapalım, Tamam mı?</Text>
		</Row>
		<Row Tag="LOC_DIPLO_MAKE_PEACE_FROM_AI_LEADER_MVEMBA_ANY">
			<Text>Bu savaş artık son bulsun. Savaşmak yerine, barışın o kutsal ışığına doğru el ele yürüyelim.</Text>
		</Row>
		<Row Tag="LOC_DIPLO_MAKE_PEACE_FROM_AI_LEADER_CATHERINE_DE_MEDICI_ANY">
			<Text>Sevdiklerimizin için sana yalvarırım, aramızda barış olsun artık.</Text>
		</Row>
		<Row Tag="LOC_DIPLO_MAKE_PEACE_FROM_AI_LEADER_CLEOPATRA_ANY">
			<Text>Sence barış savaştan daha ilgi çekici değil mi?</Text>
		</Row>
		<Row Tag="LOC_DIPLO_MAKE_PEACE_FROM_AI_LEADER_BARBAROSSA_ANY">
			<Text>Halkınızı çok iyi savunuyorsunuz. Şimdi kabul edersen, sana huzur veririm.</Text>
		</Row>
		<Row Tag="LOC_DIPLO_MAKE_PEACE_FROM_AI_LEADER_GANDHI_ANY">
			<Text>Göze göz mantığı, sadece Dünya'yı kör eder. Bunun yerine hadi barış yapalım.</Text>
		</Row>
		<Row Tag="LOC_DIPLO_MAKE_PEACE_FROM_AI_LEADER_GILGAMESH_ANY">
			<Text>Yeraltı dünyasının derinliklerinden Everest dağına kadar, asla senin kadar güçlü bir rakip ile savaşmadım. Hadi barış yapalım.</Text>
		</Row>
		<Row Tag="LOC_DIPLO_MAKE_PEACE_FROM_AI_LEADER_GORGO_ANY">
			<Text>Cezanı yeterince çektin... barışalım mı?</Text>
		</Row>
		<Row Tag="LOC_DIPLO_MAKE_PEACE_FROM_AI_LEADER_HARDRADA_ANY">
			<Text>Şayet istersen barış yaparım. Ama ikimiz de çok şey kaybettik, bunu hesaba katıp cevapla.</Text>
		</Row>
		<Row Tag="LOC_DIPLO_MAKE_PEACE_FROM_AI_LEADER_HOJO_ANY">
			<Text>Savaşmak için hiç bir sebep kalmadı. Hadi bunu hareketlerimize yansıtalım.</Text>
		</Row>
		<Row Tag="LOC_DIPLO_MAKE_PEACE_FROM_AI_LEADER_PEDRO_ANY">
			<Text>Barışmanın zamanı geldi. Buna sende katılıyor musun?</Text>
		</Row>
		<Row Tag="LOC_DIPLO_MAKE_PEACE_FROM_AI_LEADER_PERICLES_ANY">
			<Text>Demokrasi, barıştan yana oy kullandı. Bu savaşı bitirip barışmayı kabul edecek misin?</Text>
		</Row>
		<Row Tag="LOC_DIPLO_MAKE_PEACE_FROM_AI_LEADER_PETER_GREAT_ANY">
			<Text>Müzakereye hazır olduğunuz takdirde, bu savaşı sona erdirmek için ortak bir zemin oluşturabilirim.</Text>
		</Row>
		<Row Tag="LOC_DIPLO_MAKE_PEACE_FROM_AI_LEADER_PHILIP_II_ANY">
			<Text>Hadi aramızda ilahi bir barış yapalım.</Text>
		</Row>
		<Row Tag="LOC_DIPLO_MAKE_PEACE_FROM_AI_LEADER_QIN_ANY">
			<Text>Barışmanın zamanı geldi. Hadi bu savaşı bitirelim.</Text>
		</Row>
		<Row Tag="LOC_DIPLO_MAKE_PEACE_FROM_AI_LEADER_SALADIN_ANY">
			<Text>İkimizin üzerinde de barış olsun. Bu savaşı bitirmemize yardımcı olurmusun?</Text>
		</Row>
		<Row Tag="LOC_DIPLO_MAKE_PEACE_FROM_AI_LEADER_T_ROOSEVELT_ANY">
			<Text>Ulusumun çıkarlarını ve haklarını savundum. Bu görev yerine getirildi. Şimdi birlikte barış içinde yaşayabiliriz.</Text>
		</Row>
		<Row Tag="LOC_DIPLO_MAKE_PEACE_FROM_AI_LEADER_TOMYRIS_ANY">
			<Text>Barışmanın zamanı geldi. Buna katılıyor musun?</Text>
		</Row>
		<Row Tag="LOC_DIPLO_MAKE_PEACE_FROM_AI_LEADER_TRAJAN_ANY">
			<Text>Savaş, berbat savaş! Onun yerine Roma barışı yapalım. Cevabın nedir?</Text>
		</Row>
		<Row Tag="LOC_DIPLO_MAKE_PEACE_FROM_AI_LEADER_VICTORIA_ANY">
			<Text>İkimizi de tatmin etmek için bir anlaşma yapabileceğimizi düşünüyoruz.</Text>
		</Row>

		<!-- Human accepts, AI responds -->
		<Row Tag="LOC_DIPLO_ACCEPT_MAKE_PEACE_FROM_AI_ANY_ANY">
			<Text>Savaş bitmiştir.</Text>
		</Row>

		<!-- Human rejects, AI responds -->
		<Row Tag="LOC_DIPLO_REJECT_MAKE_PEACE_FROM_AI_ANY_ANY">
			<Text>Savaş devam ediyor.</Text>
		</Row>

		<!-- Choices -->
		<Row Tag="LOC_DIPLO_MAKE_PEACE_CHOICE_NEGATIVE">
			<Text>Barış teklifini reddet.</Text>
		</Row>
		<Row Tag="LOC_DIPLO_MAKE_PEACE_CHOICE_POSITIVE">
			<Text>Barış teklifini kabul et.</Text>
		</Row>
	</BaseGameText>
</GameData>
