<?xml version="1.0" encoding="utf-8"?>
<!-- edited with XMLSPY v2004 rel. 2 U (http://www.xmlspy.com) by Ed Beach (Firaxis Games) -->
<GameData>
	<BaseGameText>
		
		<!-- AI accepts from human -->
		<Row Tag="LOC_DIPLO_ACCEPT_OPEN_BORDERS_FROM_HUMAN_ANY_ANY">
			<Text>Sınırlarımızı birimlerinize açtığımız için mutluyuz.</Text>
		</Row>
		<Row Tag="LOC_DIPLO_ACCEPT_OPEN_BORDERS_FROM_HUMAN_LEADER_MVEMBA_ANY">
			<Text>Sınırlarımızı birimlerinize açtığımız için mutluyuz.</Text>
		</Row>
		<Row Tag="LOC_DIPLO_ACCEPT_OPEN_BORDERS_FROM_HUMAN_LEADER_CATHERINE_DE_MEDICI_ANY">
			<Text>Oh, çok iyi. İlerleyebilirsin.</Text>
		</Row>
		<Row Tag="LOC_DIPLO_ACCEPT_OPEN_BORDERS_FROM_HUMAN_LEADER_CLEOPATRA_ANY">
			<Text>Eski mirasımıza saygı göstermeniz şartıyla Mısır'dan geçebilirsiniz.</Text>
		</Row>
		<Row Tag="LOC_DIPLO_ACCEPT_OPEN_BORDERS_FROM_HUMAN_LEADER_BARBAROSSA_ANY">
			<Text>Buna izin vereceğim, Umarım Almanya için iyi olur.</Text>
		</Row>
		<Row Tag="LOC_DIPLO_ACCEPT_OPEN_BORDERS_FROM_HUMAN_LEADER_GANDHI_ANY">
			<Text>Sınırlarımızı birimlerinize açtığımız için mutluyuz.</Text>
		</Row>
		<Row Tag="LOC_DIPLO_ACCEPT_OPEN_BORDERS_FROM_HUMAN_LEADER_GILGAMESH_ANY">
			<Text>Sümer'den geçebilirsin dostum. Ancak halkımı rahatsız etmeyin.</Text>
		</Row>
		<Row Tag="LOC_DIPLO_ACCEPT_OPEN_BORDERS_FROM_HUMAN_LEADER_GORGO_ANY">
			<Text>Sınırları sana açacağım, ama Sparta içinde oyalamayın.</Text>
		</Row>
		<Row Tag="LOC_DIPLO_ACCEPT_OPEN_BORDERS_FROM_HUMAN_LEADER_HARDRADA_ANY">
			<Text>Evet keşfet. Dünya, tek bir yerde kalmak için çok muazzam.</Text>
		</Row>
		<Row Tag="LOC_DIPLO_ACCEPT_OPEN_BORDERS_FROM_HUMAN_LEADER_HOJO_ANY">
			<Text>Halkınız sınırlarımızdan geçebilir, ancak yollarımıza saygı duymaları gerekir.</Text>
		</Row>
		<Row Tag="LOC_DIPLO_ACCEPT_OPEN_BORDERS_FROM_HUMAN_LEADER_PEDRO_ANY">
			<Text>Sınırlarımızı birimlerinize açtığımız için mutluyuz.</Text>
		</Row>
		<Row Tag="LOC_DIPLO_ACCEPT_OPEN_BORDERS_FROM_HUMAN_LEADER_PERICLES_ANY">
			<Text>Evet, Demokrasiden geçmenize izin vereceğiz. Belki birbirimizden bir şeyler öğreniriz.</Text>
		</Row>
		<Row Tag="LOC_DIPLO_ACCEPT_OPEN_BORDERS_FROM_HUMAN_LEADER_PETER_GREAT_ANY">
			<Text>Çok iyi, sana topraklarımdan geçme izni veriyorum.</Text>
		</Row>
		<Row Tag="LOC_DIPLO_ACCEPT_OPEN_BORDERS_FROM_HUMAN_LEADER_PHILIP_II_ANY">
			<Text>Evet, topraklarımdan geçebilirsiniz. Bu kadar Muazzam bir Krallığın, insanların geçişini yasaklaması doğru olmaz.</Text>
		</Row>
		<Row Tag="LOC_DIPLO_ACCEPT_OPEN_BORDERS_FROM_HUMAN_LEADER_QIN_ANY">
			<Text>Elbette geçebilirsiniz. Orta Asya Krallığına nasıl bir tehdit oluşturabilirsiniz ki?</Text>
		</Row>
		<Row Tag="LOC_DIPLO_ACCEPT_OPEN_BORDERS_FROM_HUMAN_LEADER_SALADIN_ANY">
			<Text>Evet, topraklarımızı geçebilirsiniz ama topraklarımızın bizde kalması şartıyla. Aksi takdirde bunu savaş sebebi sayacağım.</Text>
		</Row>
		<Row Tag="LOC_DIPLO_ACCEPT_OPEN_BORDERS_FROM_HUMAN_LEADER_T_ROOSEVELT_ANY">
			<Text>Sınırlarımızı birimlerinize açtığımız için mutluyuz.</Text>
		</Row>
		<Row Tag="LOC_DIPLO_ACCEPT_OPEN_BORDERS_FROM_HUMAN_LEADER_TOMYRIS_ANY">
			<Text>Sınırlarımızı birimlerinize açtığımız için mutluyuz.</Text>
		</Row>
		<Row Tag="LOC_DIPLO_ACCEPT_OPEN_BORDERS_FROM_HUMAN_LEADER_TRAJAN_ANY">
			<Text>Sınırlarımızı birimlerinize açtığımız için mutluyuz.</Text>
		</Row>
		<Row Tag="LOC_DIPLO_ACCEPT_OPEN_BORDERS_FROM_HUMAN_LEADER_VICTORIA_ANY">
			<Text>Karşılıklı barış dileklerinize minnettar olduğumuz için sizin kuvvetlerinizi kabul ediyoruz.</Text>
		</Row>
		
		<!-- AI rejects from human -->
		<Row Tag="LOC_DIPLO_REJECT_OPEN_BORDERS_FROM_HUMAN_ANY_ANY">
			<Text>Şu anda ilgimizi çekmiyor.</Text>
		</Row>
		<Row Tag="LOC_DIPLO_REJECT_OPEN_BORDERS_FROM_HUMAN_LEADER_MVEMBA_ANY">
			<Text>Şu anda ilgimizi çekmiyor.</Text>
		</Row>
		<Row Tag="LOC_DIPLO_REJECT_OPEN_BORDERS_FROM_HUMAN_LEADER_CATHERINE_DE_MEDICI_ANY">
			<Text>Güvenliğimiz için şu anda buna izin veremem.</Text>
		</Row>
		<Row Tag="LOC_DIPLO_REJECT_OPEN_BORDERS_FROM_HUMAN_LEADER_CLEOPATRA_ANY">
			<Text>Mısır'a giremezsiniz. Yalnızca saygıdeğer olanlar bu gerekçelerle girebilir.</Text>
		</Row>
		<Row Tag="LOC_DIPLO_REJECT_OPEN_BORDERS_FROM_HUMAN_LEADER_BARBAROSSA_ANY">
			<Text>Düşmanlarımın, ülkemden geçmesine izin verecek kadar aptal değilim.</Text>
		</Row>
		<Row Tag="LOC_DIPLO_REJECT_OPEN_BORDERS_FROM_HUMAN_LEADER_GANDHI_ANY">
			<Text>Şu anda ilgimizi çekmiyor.</Text>
		</Row>
		<Row Tag="LOC_DIPLO_REJECT_OPEN_BORDERS_FROM_HUMAN_LEADER_GILGAMESH_ANY">
			<Text>Hayır, Sümer'e giremezsiniz. Sadece gerçek müttefiklerim girebilir.</Text>
		</Row>
		<Row Tag="LOC_DIPLO_REJECT_OPEN_BORDERS_FROM_HUMAN_LEADER_GORGO_ANY">
			<Text>Eurotas nehrinde yıkanmayan sen, sabırdan anlamayan sen, Sparta'ya giremezsin.</Text>
		</Row>
		<Row Tag="LOC_DIPLO_REJECT_OPEN_BORDERS_FROM_HUMAN_LEADER_HARDRADA_ANY">
			<Text>Krallığımı daha önce böyle haince kaybettim... Tekrar aynı hatayı yapmayacağım.</Text>
		</Row>
		<Row Tag="LOC_DIPLO_REJECT_OPEN_BORDERS_FROM_HUMAN_LEADER_HOJO_ANY">
			<Text>İstekleriniz reddedildi. Kendinize "neden acaba?" diye sorun.</Text>
		</Row>
		<Row Tag="LOC_DIPLO_REJECT_OPEN_BORDERS_FROM_HUMAN_LEADER_PEDRO_ANY">
			<Text>Şu anda ilgimizi çekmiyor.</Text>
		</Row>
		<Row Tag="LOC_DIPLO_REJECT_OPEN_BORDERS_FROM_HUMAN_LEADER_PERICLES_ANY">
			<Text>Ne yazık ki, Demokrasi şu anda geçişinize izin vermemek için oy kullandı.</Text>
		</Row>
		<Row Tag="LOC_DIPLO_REJECT_OPEN_BORDERS_FROM_HUMAN_LEADER_PETER_GREAT_ANY">
			<Text>Vatanımın içinde potansiyel bir tehdit yaratamam. Umarım anlayabiliyorsundur.</Text>
		</Row>
		<Row Tag="LOC_DIPLO_REJECT_OPEN_BORDERS_FROM_HUMAN_LEADER_PHILIP_II_ANY">
			<Text>Kusurlu fikirlerinizle ülkemi bozmanıza izin veremem.</Text>
		</Row>
		<Row Tag="LOC_DIPLO_REJECT_OPEN_BORDERS_FROM_HUMAN_LEADER_QIN_ANY">
			<Text>Hayır, ecnebilerin imparatorluğumuzun harikalarını bozmasına izin veremem.</Text>
		</Row>
		<Row Tag="LOC_DIPLO_REJECT_OPEN_BORDERS_FROM_HUMAN_LEADER_SALADIN_ANY">
			<Text>Tek gerçek Allah'ın lütfu ve merhametiyle. Yabancıların, kutsal toprakları kirletilmesine izin veremem.</Text>
		</Row>
		<Row Tag="LOC_DIPLO_REJECT_OPEN_BORDERS_FROM_HUMAN_LEADER_T_ROOSEVELT_ANY">
			<Text>Şu anda ilgimizi çekmiyor.</Text>
		</Row>
		<Row Tag="LOC_DIPLO_REJECT_OPEN_BORDERS_FROM_HUMAN_LEADER_TOMYRIS_ANY">
			<Text>Şu anda ilgimizi çekmiyor.</Text>
		</Row>
		<Row Tag="LOC_DIPLO_REJECT_OPEN_BORDERS_FROM_HUMAN_LEADER_TRAJAN_ANY">
			<Text>Şu anda ilgimizi çekmiyor.</Text>
		</Row>
		<Row Tag="LOC_DIPLO_REJECT_OPEN_BORDERS_FROM_HUMAN_LEADER_VICTORIA_ANY">
			<Text>Halkımın güvenliği için ne yazık ki isteğinizi reddetmeliyim. Umarım anlayabiliyorsundur.</Text>
		</Row>
		
		<!-- AI requests from human -->
		<Row Tag="LOC_DIPLO_OPEN_BORDERS_FROM_AI_ANY_ANY">
			<Text>Birimlerimizin topraklarınızdan geçmesine izin verir misiniz?</Text>
		</Row>
		<Row Tag="LOC_DIPLO_OPEN_BORDERS_FROM_AI_LEADER_MVEMBA_ANY">
			<Text>Birimlerimizin topraklarınızdan geçmesine izin verir misiniz?</Text>
		</Row>
		<Row Tag="LOC_DIPLO_OPEN_BORDERS_FROM_AI_LEADER_CATHERINE_DE_MEDICI_ANY">
			<Text>Ordum, topraklarından geçmek için izni istiyor. Elbette huzur içinde.</Text>
		</Row>
		<Row Tag="LOC_DIPLO_OPEN_BORDERS_FROM_AI_LEADER_CLEOPATRA_ANY">
			<Text>Halkımızı topraklarınızdan geçmesine izin verin. Size değer vereceğim...</Text>
		</Row>
		<Row Tag="LOC_DIPLO_OPEN_BORDERS_FROM_AI_LEADER_BARBAROSSA_ANY">
			<Text>Ordumu topraklarından geçirmem gerekiyor. İzin verir misin?</Text>
		</Row>
		<Row Tag="LOC_DIPLO_OPEN_BORDERS_FROM_AI_LEADER_GANDHI_ANY">
			<Text>Birimlerimizin topraklarınızdan geçmesine izin verir misiniz?</Text>
		</Row>
		<Row Tag="LOC_DIPLO_OPEN_BORDERS_FROM_AI_LEADER_GILGAMESH_ANY">
			<Text>Gılgamış düşmanlarını ezmek için topraklarından geçmem gerekiyor, tamam mı?</Text>
		</Row>
		<Row Tag="LOC_DIPLO_OPEN_BORDERS_FROM_AI_LEADER_GORGO_ANY">
			<Text>Sparta'lılar topraklarından geçmek istiyor, onların kahramanlıklarına bir şans tanımayacak mısın?</Text>
		</Row>
		<Row Tag="LOC_DIPLO_OPEN_BORDERS_FROM_AI_LEADER_HARDRADA_ANY">
			<Text>Vikinglerimin topraklarından geçmesine izin verir misin? Huzursuz olduklarında, Asi olurlar.</Text>
		</Row>
		<Row Tag="LOC_DIPLO_OPEN_BORDERS_FROM_AI_LEADER_HOJO_ANY">
			<Text>Mecburiyetten sınırlarınızdan geçmek için izin istiyorum. Barış içinde kalacağız.</Text>
		</Row>
		<Row Tag="LOC_DIPLO_OPEN_BORDERS_FROM_AI_LEADER_PEDRO_ANY">
			<Text>Birimlerimizin topraklarınızdan geçmesine izin verir misiniz?</Text>
		</Row>
		<Row Tag="LOC_DIPLO_OPEN_BORDERS_FROM_AI_LEADER_PERICLES_ANY">
			<Text>Atinalılar, topraklarınızdan geçmek istiyor. İzin verir misiniz?</Text>
		</Row>
		<Row Tag="LOC_DIPLO_OPEN_BORDERS_FROM_AI_LEADER_PETER_GREAT_ANY">
			<Text>İnsanlarım, bu dünyanın daha yerini görmek için topraklarından geçmek istiyor. İzin verir misiniz?</Text>
		</Row>
		<Row Tag="LOC_DIPLO_OPEN_BORDERS_FROM_AI_LEADER_PHILIP_II_ANY">
			<Text>İspanya Krallığı topraklarınızdan geçmek için rica eder. Size zarar vermeyeceğiz.</Text>
		</Row>
		<Row Tag="LOC_DIPLO_OPEN_BORDERS_FROM_AI_LEADER_QIN_ANY">
			<Text>Sınırlarınızdan geçmemiz gerekiyor ve alçak gönüllülük ile kabul etmenizi istiyoruz.</Text>
		</Row>
		<Row Tag="LOC_DIPLO_OPEN_BORDERS_FROM_AI_LEADER_SALADIN_ANY">
			<Text>Halkımın topraklarınızdan geçmesine izin verir misiniz? Sizi temin ederim ki barışseverler.</Text>
		</Row>
		<Row Tag="LOC_DIPLO_OPEN_BORDERS_FROM_AI_LEADER_T_ROOSEVELT_ANY">
			<Text>Birimlerimizin topraklarınızdan geçmesine izin verir misiniz?</Text>
		</Row>
		<Row Tag="LOC_DIPLO_OPEN_BORDERS_FROM_AI_LEADER_TOMYRIS_ANY">
			<Text>Birimlerimizin topraklarınızdan geçmesine izin verir misiniz?</Text>
		</Row>
		<Row Tag="LOC_DIPLO_OPEN_BORDERS_FROM_AI_LEADER_TRAJAN_ANY">
			<Text>Birimlerimizin topraklarınızdan geçmesine izin verir misiniz?</Text>
		</Row>
		<Row Tag="LOC_DIPLO_OPEN_BORDERS_FROM_AI_LEADER_VICTORIA_ANY">
			<Text>Alçak gönüllülükle, askerlerimizin topraklarınızdan geçmesi için izin istiyoruz. Ne düşünüyorsun?</Text>
		</Row>
		
		<!-- Human accepts AI, AI respones -->
		<Row Tag="LOC_DIPLO_ACCEPT_OPEN_BORDERS_FROM_AI_ANY_ANY">
			<Text>Muhteşem!</Text>
		</Row>

		<!-- Human rejects AI, AI respones -->
		<Row Tag="LOC_DIPLO_REJECT_OPEN_BORDERS_FROM_AI_ANY_ANY">
			<Text>Bu çok talihsizce.</Text>
		</Row>

		<!-- Selections -->
		<Row Tag="LOC_DIPLO_OPEN_BORDERS_CHOICE_NEGATIVE">
			<Text>Şu anda sınırlarımız içinde askerlerinizin dolaşmasına izin veremem.</Text>
		</Row>
		<Row Tag="LOC_DIPLO_OPEN_BORDERS_CHOICE_POSITIVE">
			<Text>Topraklarımız, birliklerinizin geçişi için hazır.</Text>
		</Row>
	</BaseGameText>
</GameData>
