<?xml version="1.0" encoding="utf-8"?>
<!-- edited with XMLSPY v2004 rel. 2 U (http://www.xmlspy.com) by Ed Beach (Firaxis Games) -->
<GameData>
	<BaseGameText>
		<!-- AI Kudos -->
		<Row Tag="LOC_DIPLO_KUDO_EXIT_ANY_ANY">
			<Text/>
		</Row>
		<Row Tag="LOC_DIPLO_KUDO_EXIT_LEADER_CATHERINE_DE_MEDICI_ANY">
			<Text>Görüyorum ki siz de devletçiliğin gizli sanatlarında yetenekliymişsiniz. Daima biraz casusluk yapmaktan hoşlanmışımdır.</Text>
		</Row>
		<Row Tag="LOC_DIPLO_KUDO_EXIT_LEADER_CLEOPATRA_ANY">
			<Text>Sadece zamanıma değecek insanlarla ilgileniyorum. Onlardan biri sizsiniz.</Text>
		</Row>
		<Row Tag="LOC_DIPLO_KUDO_EXIT_LEADER_BARBAROSSA_ANY">
			<Text>Sağduyundan dolayı sana minnettarım. Şehir devletlerine yardım etmek, ölümle yüzleşmek anlamına geliyor.</Text>
		</Row>
		<Row Tag="LOC_DIPLO_KUDO_EXIT_LEADER_GANDHI_ANY">
			<Text>Caydırıcılık utanç verici değildir. Bir silah taşımak ile bir silah kullanmak, farklı şeylerdir.</Text>
		</Row>
		<Row Tag="LOC_DIPLO_KUDO_EXIT_LEADER_GILGAMESH_ANY">
			<Text>Sen iyi bir dost ve müttefiksin. Gılgamış bunu unutmayacak.</Text>
		</Row>
		<Row Tag="LOC_DIPLO_KUDO_EXIT_LEADER_GORGO_ANY">
			<Text>Senden iyi bir Spartalı olurdu... dirençli, güçlü ve cesur.</Text>
		</Row>
		<Row Tag="LOC_DIPLO_KUDO_EXIT_LEADER_HARDRADA_ANY">
			<Text>Güçlü bir donanma... bu çok güzel bir manzara.</Text>
		</Row>
		<Row Tag="LOC_DIPLO_KUDO_EXIT_LEADER_HOJO_ANY">
			<Text>İmparatorluğunu, Yükselen bir Güneş olarak kurduğunu görüyorum: güçlü ve parlak.</Text>
		</Row>
		<Row Tag="LOC_DIPLO_KUDO_EXIT_LEADER_MVEMBA_ANY">
			<Text>Peygamberlerin ve rahiplerinin sözleri ile hoş geldiniz. Onlardan çok şey öğrenebiliriz.</Text>
		</Row>
		<Row Tag="LOC_DIPLO_KUDO_EXIT_LEADER_PEDRO_ANY">
			<Text>Ulusumun parlak zihinlerinin başarabileceği tüm muazzam şeyleri düşünün.</Text>
		</Row>
		<Row Tag="LOC_DIPLO_KUDO_EXIT_LEADER_PERICLES_ANY">
			<Text>Komşu şehir devletimizi bize bırakmak akıllıca olacaktır.</Text>
		</Row>
		<Row Tag="LOC_DIPLO_KUDO_EXIT_LEADER_PETER_GREAT_ANY">
			<Text>Seninki, taklit edilemez bir toplumdur. Sanat, Bilim ... sahip olmadığınız bir şey var mı?</Text>
		</Row>
		<Row Tag="LOC_DIPLO_KUDO_EXIT_LEADER_PHILIP_II_ANY">
			<Text>Sapkınlıklara göz yummayacağımızı anladığın için rahatladım. Elbette, Tanrı'ya karşı.</Text>
		</Row>
		<Row Tag="LOC_DIPLO_KUDO_EXIT_LEADER_QIN_ANY">
			<Text>Qin'in görkemli imparatorluğuyla rekabet etmemeniz gayet iyi. Harikalarımız eşsizdir.</Text>
		</Row>
		<Row Tag="LOC_DIPLO_KUDO_EXIT_LEADER_SALADIN_ANY">
			<Text>Tanrı seni kutsasın. Güzel ve mükemmel Tanrı adına yaptığınız işler, samimiyetin ve şefkatin kanıtıdır.</Text>
		</Row>
		<Row Tag="LOC_DIPLO_KUDO_EXIT_LEADER_T_ROOSEVELT_ANY">
			<Text>Kıtada barışı sağladığınız için teşekkür ederiz. Bravo sana!</Text>
		</Row>
		<Row Tag="LOC_DIPLO_KUDO_EXIT_LEADER_TOMYRIS_ANY">
			<Text>İki ulusumuz hiç bu kadar güçlü olmamıştı. Barış zamanında bile birçok zafer kazanabilirsiniz.</Text>
		</Row>
		<Row Tag="LOC_DIPLO_KUDO_EXIT_LEADER_TRAJAN_ANY">
			<Text>İmparatorluğunuzun ulaştığı yer, gökyüzünde ki Jüpiter gibi. Aferin.</Text>
		</Row>
		<Row Tag="LOC_DIPLO_KUDO_EXIT_LEADER_VICTORIA_ANY">
			<Text>Lütfen paylaştığımız kıtadaki çeşitli gayretleriniz için, teşekkürlerimi kabul edin.</Text>
		</Row>
		<Row Tag="LOC_DIPLO_KUDO_LEADER_CATHERINE_DE_MEDICI_REASON_ANY">
			<Text>(Diplomatik görünürlük ve casuslukta güçlüsün)</Text>
		</Row>
		<Row Tag="LOC_DIPLO_KUDO_LEADER_CLEOPATRA_REASON_ANY">
			<Text>(Güçlü bir ordunuz var)</Text>
		</Row>
		<Row Tag="LOC_DIPLO_KUDO_LEADER_BARBAROSSA_REASON_ANY">
			<Text>(Şehri devletlere saldırmıyor ya da yakınlaşmıyorsunuz)</Text>
		</Row>
		<Row Tag="LOC_DIPLO_KUDO_LEADER_GANDHI_REASON_ANY">
			<Text>(Barış sağlıyorsun)</Text>
		</Row>
		<Row Tag="LOC_DIPLO_KUDO_LEADER_GILGAMESH_REASON_ANY">
			<Text>(Sen benim arkadaşlarımdan birisin)</Text>
		</Row>
		<Row Tag="LOC_DIPLO_KUDO_LEADER_GORGO_REASON_ANY">
			<Text>(Onurlu mücadele ettiniz ve barış anlaşması kapsamında teslim olmadınız.)</Text>
		</Row>
		<Row Tag="LOC_DIPLO_KUDO_LEADER_HARDRADA_REASON_ANY">
			<Text>(Güçlü bir donanmanız var)</Text>
		</Row>
		<Row Tag="LOC_DIPLO_KUDO_LEADER_HOJO_REASON_ANY">
			<Text>(Askeri alanda, İnanç'ta ve Kültür'de güçlüsünüz)</Text>
		</Row>
		<Row Tag="LOC_DIPLO_KUDO_LEADER_MVEMBA_REASON_ANY">
			<Text>(Bir Din kurdunuz ve Kongo'ya getirdiniz.)</Text>
		</Row>
		<Row Tag="LOC_DIPLO_KUDO_LEADER_PEDRO_REASON_ANY">
			<Text>(Daha fazla Büyük Kişi kazanmak için tehdit değilsiniz)</Text>
		</Row>
		<Row Tag="LOC_DIPLO_KUDO_LEADER_PERICLES_REASON_ANY">
			<Text>(Şehir devletleri için rekabet etmiyorsun)</Text>
		</Row>
		<Row Tag="LOC_DIPLO_KUDO_LEADER_PETER_GREAT_REASON_ANY">
			<Text>(Bilim ve Kültür'de güçlüsünüz)</Text>
		</Row>
		<Row Tag="LOC_DIPLO_KUDO_LEADER_PHILIP_II_REASON_ANY">
			<Text>(Dinini paylaşıyorsunuz)</Text>
		</Row>
		<Row Tag="LOC_DIPLO_KUDO_LEADER_QIN_REASON_ANY">
			<Text>(Daha fazla Harika yaratmak için tehdit değilsiniz)</Text>
		</Row>
		<Row Tag="LOC_DIPLO_KUDO_LEADER_SALADIN_REASON_ANY">
			<Text>(İmparatorluğunda onun dininin binası var)</Text>
		</Row>
		<Row Tag="LOC_DIPLO_KUDO_LEADER_T_ROOSEVELT_REASON_ANY">
			<Text>(Onun kıtasında barış sağlıyorsun)</Text>
		</Row>
		<Row Tag="LOC_DIPLO_KUDO_LEADER_TOMYRIS_REASON_ANY">
			<Text>(Onun arkadaşlarından birisin)</Text>
		</Row>
		<Row Tag="LOC_DIPLO_KUDO_LEADER_TRAJAN_REASON_ANY">
			<Text>(İmparatorluğun büyük)</Text>
		</Row>
		<Row Tag="LOC_DIPLO_KUDO_LEADER_VICTORIA_REASON_ANY">
			<Text>(Aynı ana kıtayı paylaşıyorsunuz)</Text>
		</Row>
		<!-- Generic kudos for random agendas -->
		<Row Tag="LOC_DIPLO_KUDO_LEADER_ANY_REASON_ANY">
			<Text>Takdir - Bilinmeyen Sebep</Text>
		</Row>
		<Row Tag="LOC_DIPLO_KUDO_LEADER_ANY_REASON_AGENDA_HIGH_CULTURE">
			<Text>Halkınızın gelişmekte olan eşsiz kültürüne hayranım.</Text>
		</Row>
		<Row Tag="LOC_DIPLO_KUDO_LEADER_ANY_REASON_AGENDA_HIGH_HAPPINESS">
			<Text>Halknızın, saltanatınızı kutlamak istediğini duydum. Onları mutlu etmek güzel iş.</Text>
		</Row>
		<Row Tag="LOC_DIPLO_KUDO_LEADER_ANY_REASON_AGENDA_HIGH_INCOME">
			<Text>Hazineniz çok güzel doluyor. Önemli miktarda gelir elde etmek her zaman güzel, değil mi?</Text>
		</Row>
		<Row Tag="LOC_DIPLO_KUDO_LEADER_ANY_REASON_AGENDA_HIGH_INDUSTRY">
			<Text>Halkınızın verimliliğini, en içten dileklerimle kutlarım.</Text>
		</Row>
		<Row Tag="LOC_DIPLO_KUDO_LEADER_ANY_REASON_AGENDA_MODIFIER_NOT_COMPETING_MINORS">
			<Text>Biz daha küçük uygarlıklarla dostuz. Bu gerçeği kabullendiğiniz için teşekkür ederiz.</Text>
		</Row>
		<Row Tag="LOC_DIPLO_KUDO_LEADER_ANY_REASON_AGENDA_HIGH_POPULATION">
			<Text>İmparatorluğunuzda yaşayan insan sayısı, gerçekten etkileyici.</Text>
		</Row>
		<Row Tag="LOC_DIPLO_KUDO_LEADER_ANY_REASON_AGENDA_HIGH_SCIENCE">
			<Text>Bilimsel araştırmanızın derinliklerinden çok etkilendim.</Text>
		</Row>
		<Row Tag="LOC_DIPLO_KUDO_LEADER_ANY_REASON_AGENDA_HIGH_STANDING_ARMY">
			<Text>Etkileyici bir ordu ile çevrili olan liderlere hayranım.</Text>
		</Row>
		<Row Tag="LOC_DIPLO_KUDO_LEADER_ANY_REASON_AGENDA_ENJOYS_WAR">
			<Text>Bir medeniyetin gerçek yüzü, savaşta ortaya çıkar.  En iyi olan kazansın.</Text>
		</Row>
		<Row Tag="LOC_DIPLO_KUDO_LEADER_ANY_REASON_AGENDA_MODIFIER_GREAT_PERSON_ADVOCATE_LAG">
			<Text>Dünyanın en büyük zihinlerinin, sizinki yerine İmparatorluğumuzu tercih ettiğini görmekten dolayı sevinç içerisindeyim.</Text>
		</Row>
		<Row Tag="LOC_DIPLO_KUDO_LEADER_ANY_REASON_AGENDA_MODIFIER_WONDER_ADVOCATE_LAG">
			<Text>Harika yapıları bize bıraktığınız için çok memnunum.</Text>
		</Row>
		<Row Tag="LOC_DIPLO_KUDO_LEADER_ANY_REASON_AGENDA_HIGH_PROTECT_CITY_STATES">
			<Text>Bir şehir devletinin var olma hakkını korumanız, bütün dünyaya örnek teşkil ediyor.</Text>
		</Row>
		<Row Tag="LOC_DIPLO_KUDO_LEADER_ANY_REASON_AGENDA_MED_PROTECT_CITY_STATES">
			<Text>Güçlüler, zayıfları korumalıdır. Benimle aynı fikirde olduğunu görmek güzel.</Text>
		</Row>
		<!--Kudos for future random agendas (not yet implemented)-->
		<Row Tag="LOC_DIPLO_KUDO_LEADER_ANY_REASON_AGENDA_HIGH_AIRPOWER">
			<Text>Söylemeliyim ki, hava kuvvetinizin gücü hafife alınacak gibi değil. Çok hoş.</Text>
		</Row>
		<Row Tag="LOC_DIPLO_KUDO_LEADER_ANY_REASON_AGENDA_PROTECTS_CITY_STATES">
			<Text>Kendilerini koruyamayacak olanlara sahip çıkmak, takdire değer bir şeydir.</Text>
		</Row>
		<Row Tag="LOC_DIPLO_KUDO_LEADER_ANY_REASON_AGENDA_CLEARS_BARBARIAN_CAMPS">
			<Text>Bu barbarlar hepimize sıkıntı veriyordu.  Yardımın için binlerce kez teşekkürler!</Text>
		</Row>
		<Row Tag="LOC_DIPLO_KUDO_LEADER_ANY_REASON_AGENDA_ENVIRONMENT">
			<Text>Bizlere sadece bir dünya verildi ve buna saygı duyan tek kişi olmadığıma sevindim.</Text>
		</Row>
		<Row Tag="LOC_DIPLO_KUDO_LEADER_ANY_REASON_AGENDA_EXPLOITATION">
			<Text>Bu Dünya, ele geçirmemiz için var! Hadi al onu, buna sahipsin.</Text>
		</Row>
		<Row Tag="LOC_DIPLO_KUDO_LEADER_ANY_REASON_AGENDA_SAME_GOVERNMENT">
			<Text>Görüyorum ki, benzer Hükümet fikirlerimiz var. Politikalarınızı tebrik etmem gerekiyor.</Text>
		</Row>
		<Row Tag="LOC_DIPLO_KUDO_LEADER_ANY_REASON_AGENDA_HIGH_NUKE_LOVE">
			<Text>Büyük zihinlerin benzer bir şekilde düşünmesi çok iyi. Bu teknoloji için çok fazla uygulama var...</Text>
		</Row>
		<Row Tag="LOC_DIPLO_KUDO_LEADER_ANY_REASON_AGENDA_HIGH_FAITH">
			<Text>Barış senin ve seninle olsun. Kendim gibi dindar birini görmek beni cesaretlendiriyor.</Text>
		</Row>
		<Row Tag="LOC_DIPLO_KUDO_LEADER_ANY_REASON_AGENDA_LOW_EXPLORATION">
			<Text>Evet çok iyi.  Keşfi bana bırak.</Text>
		</Row>
		<Row Tag="LOC_DIPLO_KUDO_LEADER_ANY_REASON_AGENDA_PARANOID">
			<Text>İmparatorluğunun, bize bir tehdit oluşturmadığını görmekten mutluyum.</Text>
		</Row>
    <Row Tag="LOC_DIPLO_KUDO_AGENDA_EXPLANATION">
      <Text>[NEWLINE]({Name} 'ın gündemini, {Agenda} gündemini tatmin ettiniz)</Text>
    </Row>

		<!-- AI Warnings-->
		<Row Tag="LOC_DIPLO_WARNING_EXIT_ANY_ANY">
			<Text/>
		</Row>
		<Row Tag="LOC_DIPLO_WARNING_EXIT_LEADER_CATHERINE_DE_MEDICI_ANY">
			<Text>Çevrenizde olan bitene dikkat etmeye, gerçekten başlamalısın. Burada pek çok düzeyde oynanan oyun var.</Text>
		</Row>
		<Row Tag="LOC_DIPLO_WARNING_EXIT_LEADER_CLEOPATRA_ANY">
			<Text>Bizim varlığımızla yüzleşmeye layık değilsin. Ordun zayıfken, gücün işe yaramaz.</Text>
		</Row>
		<Row Tag="LOC_DIPLO_WARNING_EXIT_LEADER_BARBAROSSA_ANY">
			<Text>Düşmanlarımı yok edeceğim ve onlara yardım etmeye devam edersen, seni de yok edeceğim.</Text>
		</Row>
		<Row Tag="LOC_DIPLO_WARNING_EXIT_LEADER_GANDHI_ANY">
			<Text>Kana susamışsanız, liderliğinize son vermek belki de daha iyi olur.</Text>
		</Row>
		<Row Tag="LOC_DIPLO_WARNING_EXIT_LEADER_GILGAMESH_ANY">
			<Text>Arkadaşlarımıza zarar verirseniz Uruk'un kudretiyle yüzleşeceksiniz; sana söz veriyorum.</Text>
		</Row>
		<Row Tag="LOC_DIPLO_WARNING_EXIT_LEADER_GORGO_ANY">
			<Text>Kan dökülmesini önlemek için böyle korkakça mı davranırsın? Bu kadar kolay mı başını eğersin? Şerefin nerde?</Text>
		</Row>
		<Row Tag="LOC_DIPLO_WARNING_EXIT_LEADER_HARDRADA_ANY">
			<Text>Denizleriniz korunmasız, dostum. Baskın yapmak çok kolay.</Text>
		</Row>
		<Row Tag="LOC_DIPLO_WARNING_EXIT_LEADER_HOJO_ANY">
			<Text>Bushido'yu takip etmek için bedeni, zihni ve ruhu eğitmek gerekli... ama halkınız bunu nerdeeeee yapacak?</Text>
		</Row>
		<Row Tag="LOC_DIPLO_WARNING_EXIT_LEADER_MVEMBA_ANY">
			<Text>Dininizi yaymak için olan isteksizliğinizin, inançsızlıktan kaynaklandığını düşünüyorum.</Text>
		</Row>
		<Row Tag="LOC_DIPLO_WARNING_EXIT_LEADER_PEDRO_ANY">
			<Text>En iyi mühendisleriniz ve mimarlarınız, gelişebilecekleri bir yerde mutlu olurlar. Mesela Brezilya.</Text>
		</Row>
		<Row Tag="LOC_DIPLO_WARNING_EXIT_LEADER_PERICLES_ANY">
			<Text>O şehir bizim. Müdahale etmemenizi öneririm.</Text>
		</Row>
		<Row Tag="LOC_DIPLO_WARNING_EXIT_LEADER_PETER_GREAT_ANY">
			<Text>Halkınız bilgi ve güzellik için açlıktan ölse bile, yine de bilimi ve sanatı görmezden geliyorsunuz. Niye ya?</Text>
		</Row>
		<Row Tag="LOC_DIPLO_WARNING_EXIT_LEADER_PHILIP_II_ANY">
			<Text>Tövbe etmek yerine, küfre giriyorsunuz. Tanrı'nın Gazabı üstünüze çökecek.</Text>
		</Row>
		<Row Tag="LOC_DIPLO_WARNING_EXIT_LEADER_QIN_ANY">
			<Text>Orta Krallığa hayran oluşunuzdan, bu Harika inşa etmenin gereği nedir?</Text>
		</Row>
		<Row Tag="LOC_DIPLO_WARNING_EXIT_LEADER_SALADIN_ANY">
			<Text>Bu saygısızlığa tahammül edemem. Hatalarının bedelini, değerini bilmediğin Yüce Yaradan'a ödeyeceksin.</Text>
		</Row>
		<Row Tag="LOC_DIPLO_WARNING_EXIT_LEADER_T_ROOSEVELT_ANY">
			<Text>Kimse kanundan üstün değildir. Bunu unutmaman gerekiyor.</Text>
		</Row>
		<Row Tag="LOC_DIPLO_WARNING_EXIT_LEADER_TOMYRIS_ANY">
			<Text>Sadakat, kendi ödülündür. Bunu bilmiyor musun?</Text>
		</Row>
		<Row Tag="LOC_DIPLO_WARNING_EXIT_LEADER_TRAJAN_ANY">
			<Text>Düşmanlarınızın talepleri için, ülkenin en zengin yerlerinden ayrıldınız. Genişlemekten korktuğun için mi?</Text>
		</Row>
		<Row Tag="LOC_DIPLO_WARNING_EXIT_LEADER_VICTORIA_ANY">
			<Text>İngiltere ve sadık sömürgelerine meydan okuyarak, tehlikeli sularda yüzüyorsun.</Text>
		</Row>
		<Row Tag="LOC_DIPLO_WARNING_LEADER_CATHERINE_DE_MEDICI_REASON_ANY">
			<Text>(Diplomatik görünürlük ve casuslukta zayıfsınız.)</Text>
		</Row>
		<Row Tag="LOC_DIPLO_WARNING_LEADER_CLEOPATRA_REASON_ANY">
			<Text>(Zayıf bir ordunuz var.)</Text>
		</Row>
		<Row Tag="LOC_DIPLO_WARNING_LEADER_BARBAROSSA_REASON_ANY">
			<Text>(Sen şehir devletlerini fethediyorsun ya da müttefiklik kuruyorsun.)</Text>
		</Row>
		<Row Tag="LOC_DIPLO_WARNING_LEADER_GANDHI_REASON_ANY">
			<Text>(Savaş düşkünüsün.)</Text>
		</Row>
		<Row Tag="LOC_DIPLO_WARNING_LEADER_GILGAMESH_REASON_ANY">
			<Text>(Arkadaşlarımdan birini kınadın.)</Text>
		</Row>
		<Row Tag="LOC_DIPLO_WARNING_LEADER_GORGO_REASON_ANY">
			<Text>(Hiç savaşa girmediniz ya da barış anlaşması yapmadınız.)</Text>
		</Row>
		<Row Tag="LOC_DIPLO_WARNING_LEADER_HARDRADA_REASON_ANY">
			<Text>(Zayıf bir donanmanız var.)</Text>
		</Row>
		<Row Tag="LOC_DIPLO_WARNING_LEADER_HOJO_REASON_ANY">
			<Text>(Askerde güçlüsünüz ama İnanç ve Kültür'de zayıfsınız.)</Text>
		</Row>
		<Row Tag="LOC_DIPLO_WARNING_LEADER_MVEMBA_REASON_ANY">
			<Text>(Bir din kurdunuz ancak Kongo'ya getirmediniz.)</Text>
		</Row>
		<Row Tag="LOC_DIPLO_WARNING_LEADER_PEDRO_REASON_ANY">
			<Text>(Daha çok Büyük Kişi işe aldınız.)</Text>
		</Row>
		<Row Tag="LOC_DIPLO_WARNING_LEADER_PERICLES_REASON_ANY">
			<Text>(Şehir devletleri için yarışıyorsunuz.)</Text>
		</Row>
		<Row Tag="LOC_DIPLO_WARNING_LEADER_PETER_GREAT_REASON_ANY">
			<Text>(Bilim ve Kültür'de zayıfsın.)</Text>
		</Row>
		<Row Tag="LOC_DIPLO_WARNING_LEADER_PHILIP_II_REASON_ANY">
			<Text>(Dininizi, şehirlerine yayıyorsunuz.)</Text>
		</Row>
		<Row Tag="LOC_DIPLO_WARNING_LEADER_QIN_REASON_ANY">
			<Text>(Daha fazla harikalar yarattıyorsunuz.)</Text>
		</Row>
		<Row Tag="LOC_DIPLO_WARNING_LEADER_SALADIN_REASON_ANY">
			<Text>(Özellikle dinini takip eden bir toplumla savaşta iseniz, rakip bir din kurduğunuzdandır.)</Text>
		</Row>
		<Row Tag="LOC_DIPLO_WARNING_LEADER_T_ROOSEVELT_REASON_ANY">
			<Text>(Onun kıtasından birine saldırdın.)</Text>
		</Row>
		<Row Tag="LOC_DIPLO_WARNING_LEADER_TOMYRIS_REASON_ANY">
			<Text>(Bir arkadaşınızı sırtından bıçakladınız ya da sürpriz bir savaş ilan ettiniz.)</Text>
		</Row>
		<Row Tag="LOC_DIPLO_WARNING_LEADER_TRAJAN_REASON_ANY">
			<Text>(İmparatorluğun küçük.)</Text>
		</Row>
		<Row Tag="LOC_DIPLO_WARNING_LEADER_VICTORIA_REASON_ANY">
			<Text>(Yerleşmek istediği bir kıtada varlığınız var.)</Text>
		</Row>
		<!-- Generic warnings for random agendas -->
		<Row Tag="LOC_DIPLO_WARNING_LEADER_ANY_REASON_ANY">
			<Text>Uyarı - Sebep Bilinmiyor</Text>
		</Row>
		<Row Tag="LOC_DIPLO_WARNING_LEADER_ANY_REASON_AGENDA_LOW_CULTURE">
			<Text>Güçlü bir kültür geliştirmek için fazla bir şey yapmıyorsunuz. Halkınız hakkında ne hatırlamalıyız?</Text>
		</Row>
		<Row Tag="LOC_DIPLO_WARNING_LEADER_ANY_REASON_AGENDA_LOW_HAPPINESS">
			<Text>Vatandaşlarınız için birkaç İmkan aramak isteyebilirsiniz. Kurallarınızdan zevk aldıklarını sanmıyorum.</Text>
		</Row>
		<Row Tag="LOC_DIPLO_WARNING_LEADER_ANY_REASON_AGENDA_LOW_INCOME">
			<Text>İmparatorluğunuz iflasa doğru gidiyor. Borç yığını ile nasıl hayatta kalabilirsiniz?</Text>
		</Row>
		<Row Tag="LOC_DIPLO_WARNING_LEADER_ANY_REASON_AGENDA_MODIFIER_COMPETING_MINORS">
			<Text>Şehir devletleriyle ortak şeyler yaparsanız, tehlikeli sulara girersiniz. Onları bize bırakın.</Text>
		</Row>
		<Row Tag="LOC_DIPLO_WARNING_LEADER_ANY_REASON_AGENDA_LOW_INDUSTRY">
			<Text>Halkınız tembel ve değersiz. Hiçbir şey üretemezseniz, medeniyetiniz yakında unutulacaktır.</Text>
		</Row>
		<Row Tag="LOC_DIPLO_WARNING_LEADER_ANY_REASON_AGENDA_LOW_POPULATION">
			<Text>İmparatorluğunda yaşayan insan sayısı çok az. Sanırım bir şeyler yapmak zor.</Text>
		</Row>
		<Row Tag="LOC_DIPLO_WARNING_LEADER_ANY_REASON_AGENDA_LOW_SCIENCE">
			<Text>Araştırma yapmak için fazla vakit harcamıyorsun. Halkınız bu şekilde nasıl ilerleyecek?</Text>
		</Row>
		<Row Tag="LOC_DIPLO_WARNING_LEADER_ANY_REASON_AGENDA_LOW_STANDING_ARMY">
			<Text>Çok az askere sahipsiniz. Hayatınızdan korkmuyor musunuz?</Text>
		</Row>
		<Row Tag="LOC_DIPLO_WARNING_LEADER_ANY_REASON_AGENDA_PARANOID">
			<Text>Şehirleriniz çok yakın. Birlikleriniz çok güçlü. Beni sinirlendiriyorsunuz!</Text>
		</Row>
		<Row Tag="LOC_DIPLO_WARNING_LEADER_ANY_REASON_AGENDA_MODIFIER_GREAT_PERSON_ADVOCATE_LEAD">
			<Text>Sevdiğimiz Harika İnsanların işe alınması, gerçek bir sorun haline geliyor.</Text>
		</Row>
		<Row Tag="LOC_DIPLO_WARNING_LEADER_ANY_REASON_AGENDA_MODIFIER_WONDER_ADVOCATE_LEAD">
			<Text>Harikaların üreticisi olduğumuzun farkında değil misiniz?</Text>
		</Row>
		<Row Tag="LOC_DIPLO_WARNING_LEADER_ANY_REASON_AGENDA_HIGH_ATTACK_CITY_STATES">
		  <Text>Sadece korkaklar dünyanın küçük güçlerine saldırır. Bizim için değersizsin!</Text>
		</Row>
		<Row Tag="LOC_DIPLO_WARNING_LEADER_ANY_REASON_AGENDA_MED_ATACK_CITY_STATES">
		  <Text>Bunu bir uyarı olarak düşün. Küçük güçlere tekrar saldırmayın!</Text>
		</Row>
    <!--Warnings for future random agendas (not yet implemented)-->
		<Row Tag="LOC_DIPLO_WARNING_LEADER_ANY_REASON_AGENDA_LOW_AIRPOWER">
			<Text>Ayaklarınızı yerde tutmanın hiçbir mazereti olamaz. Gerçekten bir hava gücü oluşturmaya başlamalısınız.</Text>
		</Row>
		<Row Tag="LOC_DIPLO_WARNING_LEADER_ANY_REASON_AGENDA_ATTACKS_CITY_STATES">
			<Text>Zayıf olanlara zorbalık yapmak can sıkıcı bir şey.</Text>
		</Row>
		<Row Tag="LOC_DIPLO_WARNING_LEADER_ANY_REASON_AGENDA_IGNORES_BARBARIAN_CAMPS">
			<Text>O barbarların evinize çok yakınlaşmasına nasıl izin veriyorsunuz?</Text>
		</Row>
		<Row Tag="LOC_DIPLO_WARNING_LEADER_ANY_REASON_AGENDA_ENVIRONMENT">
			<Text>Sana söylemeliyim ki, çevremizdeki yıkım sadece sana zarar vermez, aynı zamanda komşularınıza da zarar verir.</Text>
		</Row>
		<Row Tag="LOC_DIPLO_WARNING_LEADER_ANY_REASON_AGENDA_EXPLOITATION">
			<Text>Etrafınız bereketli topraklarla çevrili!  Onları nasıl görmezden geliyorsun?</Text>
		</Row>
		<Row Tag="LOC_DIPLO_WARNING_LEADER_ANY_REASON_AGENDA_DIFFERENT_GOVERNMENT">
			<Text>İdeolojik farklılıklar sadece başlangıçtır. Halkınızı yönetme şeklinizi onaylamıyorum...</Text>
		</Row>
		<Row Tag="LOC_DIPLO_WARNING_LEADER_ANY_REASON_AGENDA_LOW_NUKE_LOVE">
			<Text>Nükleer silahlar geleceğimizdir! Bunu nasıl göremiyorsun?</Text>
		</Row>
		<Row Tag="LOC_DIPLO_WARNING_LEADER_ANY_REASON_AGENDA_LOW_FAITH">
			<Text>Sana kim rehberlik ediyor? Gerçekten hiçbir şeye inanmıyor musun? Hadi insanlarına ışığı göster!</Text>
		</Row>
		<Row Tag="LOC_DIPLO_WARNING_LEADER_ANY_REASON_AGENDA_HIGH_EXPLORATION">
			<Text>Keşfedilecek çok şey var ve korkarım ki kaşiflerimin yoluna çıkan kimseye katlanamam.</Text>
		</Row>
    <Row Tag="LOC_DIPLO_WARNING_AGENDA_EXPLANATION">
      <Text>[NEWLINE]({Name} 'in gündemini, {Agenda} gündemine geçtiniz)</Text>
    </Row>
  </BaseGameText>
</GameData>
