<?xml version="1.0" encoding="utf-8"?>
<!-- edited with XMLSPY v2004 rel. 2 U (http://www.xmlspy.com) by Ed Beach (Firaxis Games) -->
<GameData>
	<BaseGameText>
		<Row Tag="LOC_DIPLO_AI_REFUSE_DEMAND_ANY_ANY">
			<Text>Talepleriniz sizi hicbir yere ulastırmaz.</Text>
		</Row>
		<Row Tag="LOC_DIPLO_AI_ACCEPT_DEMAND_ANY_ANY">
			<Text>Taleplerinize uyacagım.</Text>
		</Row>

		<Row Tag="LOC_DIPLO_HUMAN_ACCEPT_DEMAND_FROM_AI_ANY_ANY">
			<Text>Talebimi kabul ederek akıllılık ettin.</Text>
		</Row>

		<Row Tag="LOC_DIPLO_HUMAN_REFUSE_DEMAND_FROM_AI_ANY_ANY">
			<Text>Taleplerimin karsılanması icin baska yollara basvurmak zorunda kalabilirim!</Text>
		</Row>

	</BaseGameText>
</GameData>
