﻿<?xml version="1.0" encoding="utf-8"?>
<!-- edited with XMLSPY v2004 rel. 2 U (http://www.xmlspy.com) by Ed Beach (Firaxis Games) -->
<GameData>
	<BaseGameText>
		<Row Tag="LOC_DIPLOMACY_DEAL_GOLD_PER_TURN">
			<Text>TUR BAŞINA ALTIN</Text>
		</Row>
		<Row Tag="LOC_DIPLOMACY_DEAL_GOLD_PER_TURN_WITH_TURNS">
			<Text>TUR BAŞINA ALTIN[newline]{1_number} TUR</Text>
		</Row>
		<Row Tag="LOC_DIPLOMACY_DEAL_FOR_TURNS">
			<Text>{1_number} TUR İÇİN</Text>
		</Row>
		<Row Tag="LOC_DIPLOMACY_DEAL_LUXURY_RESOURCES">
			<Text>LÜKS KAYNAKLAR</Text>
		</Row>
		<Row Tag="LOC_DIPLOMACY_DEAL_STRATEGIC_RESOURCES">
			<Text>STRATEJİK KAYNAKLAR</Text>
		</Row>
		<Row Tag="LOC_DIPLOMACY_DEAL_AGREEMENTS">
			<Text>ANLAŞMALAR</Text>
		</Row>
		<Row Tag="LOC_DIPLOMACY_DEAL_CITIES">
			<Text>ŞEHİRLER</Text>
		</Row>
		<Row Tag="LOC_DIPLOMACY_DEAL_OTHER_PLAYERS">
			<Text>DİĞER OYUNCULAR</Text>
		</Row>
		<Row Tag="LOC_DIPLOMACY_DEAL_CAPTIVES">
			<Text>MAHKUMLAR</Text>
		</Row>
		<Row Tag="LOC_DIPLOMACY_DEAL_GREAT_WORKS">
			<Text>BAŞYAPITLAR</Text>
		</Row>
		<Row Tag="LOC_DIPLOMACY_DEAL_TECHNOLOGIES">
			<Text>TEKNOLOJİLER</Text>
		</Row>
		<Row Tag="LOC_DIPLOMACY_DEAL_PLAYER_PANEL_TITLE">
			<Text>{1_LeaderName}[NEWLINE]{2_CivName}</Text>
		</Row>
		<Row Tag="LOC_DIPLOMACY_DEAL_ACCEPT_DEAL">
			<Text>Anlaşmayı Kabul Et</Text>
		</Row>
		<Row Tag="LOC_DIPLOMACY_DEAL_REFUSE_DEAL">
			<Text>Anlaşmayı Red Et</Text>
		</Row>
		<Row Tag="LOC_DIPLOMACY_DEAL_PROPOSE_DEAL">
			<Text>Teklif Öner</Text>
		</Row>
		<Row Tag="LOC_DIPLOMACY_DEAL_DEMAND_DEAL">
			<Text>Talep Et</Text>
		</Row>
		<Row Tag="LOC_DIPLOMACY_DEAL_ACCEPT_DEMAND">
			<Text>Talebi Kabul Et</Text>
		</Row>
		<Row Tag="LOC_DIPLOMACY_DEAL_REFUSE_DEMAND">
			<Text>Talebi Reddet</Text>
		</Row>
		<Row Tag="LOC_DIPLOMACY_DEAL_ACCEPT_GIFT">
			<Text>Hediyeyi Kabul Et</Text>
		</Row>
		<Row Tag="LOC_DIPLOMACY_DEAL_REFUSE_GIFT">
			<Text>Hediyeyi Reddet</Text>
		</Row>
		<Row Tag="LOC_DIPLOMACY_DEAL_GIFT_DEAL">
			<Text>Hediye Ver</Text>
		</Row>
		<Row Tag="LOC_DIPLOMACY_DEAL_EXIT_DEAL">
			<Text>Boşver</Text>
		</Row>
		<Row Tag="LOC_DIPLOMACY_DEAL_CANCEL_DEAL">
			<Text>Anlaşmayı İptal Et</Text>
		</Row>
		<Row Tag="LOC_DIPLOMACY_DEAL_CANCEL_DEMAND">
			<Text>Talebi İptal Et</Text>
		</Row>
		<Row Tag="LOC_DIPLOMACY_DEAL_RESUME_GAME">
			<Text>Devam Et</Text>
		</Row>
		<Row Tag="LOC_DIPLOMACY_DEAL_YOUR_ITEMS">
			<Text>Envanteriniz</Text>
		</Row>
		<Row Tag="LOC_DIPLOMACY_DEAL_THEIR_ITEMS">
			<Text>Envanterleri</Text>
		</Row>
		<Row Tag="LOC_DIPLOMACY_DEAL_WHAT_WOULD_YOU_GIVE_ME">
			<Text>Bana ne vereceksin?</Text>
		</Row>
		<Row Tag="LOC_DIPLOMACY_DEAL_WHAT_WOULD_IT_TAKE">
			<Text>Bana neye mal olur?</Text>
		</Row>
		<Row Tag="LOC_DIPLOMACY_DEAL_CLICK_TO_CHANGE_DEAL_PARAMETER">
			<Text>Anlaşma ayrıntılarını ayarla...</Text>
		</Row>
		<Row Tag="LOC_DIPLOMACY_DEAL_SELECT_DEAL_PARAMETER">
			<Text>Anlaşma ayrıntılarını ayarla...</Text>
		</Row>
		<Row Tag="LOC_DIPLOMACY_DEAL_PARAMETER_WITH_TURNS">
			<Text>{1_DisplayName} ({2_Turns} tur)</Text>
		</Row>
		<Row Tag="LOC_DIPLOMACY_DEAL_OTHER_PLAYER_SAYS">
			<Text>{1_LeaderName} diyor ki:</Text>
		</Row>
		<Row Tag="LOC_DIPLOMACY_DEAL_RETURN_CITY">
			<Text>{1_Name}, iade et.</Text>
		</Row>
		<Row Tag="LOC_DIPLOMACY_DEAL_RETURN_CITY_TOOLTIP">
			<Text>{1_LeaderName} liderine, {1_Name} iade et.</Text>
		</Row>
		<Row Tag="LOC_DIPLOMACY_DEAL_CEDE_CITY">
			<Text>{1_Name}, teslim et.</Text>
		</Row>
		<Row Tag="LOC_DIPLOMACY_DEAL_CEDE_CITY_TOOLTIP">
			<Text>{1_LeaderName} liderine, {1_Name} teslim et.</Text>
		</Row>
		<!--Deal Error Messages-->
		<Row Tag="LOC_DEAL_CITY_NOT_FOUND">
			<Text>Şehir bulunamadı</Text>
		</Row>
		<Row Tag="LOC_DEAL_CITY_DUPLICATE">
			<Text>Başka bir anlaşmada, aynı şehir var</Text>
		</Row>
		<Row Tag="LOC_DEAL_GOLD_NOT_ENOUGH_IN_TREASURY">
			<Text>Yeterli Altın yok</Text>
		</Row>
		<Row Tag="LOC_DEAL_GOLD_NOT_ENOUGH_YIELD">
			<Text>Yeterli Altın yok</Text>
		</Row>
		<Row Tag="LOC_DEAL_GREAT_WORK_NOT_FOUND">
			<Text>Başyapıt Bulunamadı</Text>
		</Row>
		<Row Tag="LOC_DEAL_INVALID_PLAYER">
			<Text>Geçersiz oyuncu</Text>
		</Row>
		<Row Tag="LOC_DEAL_NO_SLOT_TO_RECEIVE_WORK">
			<Text>Yerleştirilecek slot yok</Text>
		</Row>
		<Row Tag="LOC_DEAL_RESOURCES_NOT_ENOUGH">
			<Text>Bu kaynaktan yeterli miktarda yok</Text>
		</Row>
		<Row Tag="LOC_DEAL_SPY_NOT_FOUND">
			<Text>Casus bulunamadı</Text>
		</Row>
		<Row Tag="LOC_DEAL_CITY_POPULATION_TOOLTIP">
			<Text>Nüfus: {1_number}</Text>
		</Row>
		<Row Tag="LOC_DEAL_CITY_DISTRICTS_TOOLTIP">
			<Text>Bölgeler:</Text>
		</Row>
		<Row Tag="LOC_DEAL_CITY_RESOURCES_TOOLTIP">
			<Text>Kaynaklar:</Text>
		</Row>
		<Row Tag="LOC_DEAL_CITY_GREAT_WORKS_TOOLTIP">
			<Text>Harika Eserler:</Text>
		</Row>
		<Row Tag="LOC_DEAL_ITEM_TRANSFERRED_WITH_CITY_TOOLTIP">
			<Text>İle aktarıldı {1_CityName}</Text>
		</Row>		
		<!-- Diplomactic Actions -->
		<Row Tag="LOC_DIPLOACTION_RESIDENT_EMBASSY_NAME">
			<Text>Daimi Elçilik</Text>
		</Row>
		<Row Tag="LOC_DIPLOACTION_DEMAND_TRIBUTE_NAME">
			<Text>Haraç Talebi</Text>
		</Row>
		<Row Tag="LOC_DIPLOACTION_OPEN_BORDERS_NAME">
			<Text>Sınırları Aç</Text>
		</Row>
		<Row Tag="LOC_DIPLOACTION_REQUEST_ASSISTANCE_NAME">
			<Text>Destek İste</Text>
		</Row>
		<Row Tag="LOC_DIPLOACTION_DENOUNCE_NAME">
			<Text>Kınamak</Text>
		</Row>
		<Row Tag="LOC_DIPLOACTION_DECLARE_SURPRISE_WAR_NAME">
			<Text>Sürpriz Savaş</Text>
		</Row>
		<Row Tag="LOC_DIPLOACTION_MAKE_PEACE_NAME">
			<Text>Barış Yap</Text>
		</Row>
		<Row Tag="LOC_DIPLOACTION_DIPLOMATIC_DELEGATION_NAME">
			<Text>Delege Gönder</Text>
		</Row>
		<Row Tag="LOC_DIPLOACTION_ALLIANCE_NAME">
			<Text>İttifak</Text>
		</Row>
		<Row Tag="LOC_DIPLOACTION_DECLARE_FRIENDSHIP_NAME">
			<Text>Dostluk Beyanı</Text>
		</Row>
		<Row Tag="LOC_DIPLOACTION_GRANT_INFLUENCE_TOKEN_NAME">
			<Text>Etki Belirtisi Ver</Text>
		</Row>
		<Row Tag="LOC_DIPLOACTION_GIFT_UNIT_NAME">
			<Text>Hediye Birim</Text>
		</Row>
		<Row Tag="LOC_DIPLOACTION_MILITARY_REQUEST_NAME">
			<Text>Askeri Talep</Text>
		</Row>
		<Row Tag="LOC_DIPLOACTION_DECLARE_WAR_MINOR_CIV_NAME">
			<Text>Küçük Uygarlık için Savaş İlan Et</Text>
		</Row>
		<Row Tag="LOC_DIPLOACTION_DECLARE_FORMAL_WAR_NAME">
			<Text>Savaş İlan Et</Text>
		</Row>
		<Row Tag="LOC_DIPLOACTION_DECLARE_HOLY_WAR_NAME">
			<Text>Kutsal Savaş İlan Et</Text>
		</Row>
		<Row Tag="LOC_DIPLOACTION_DECLARE_LIBERATION_WAR_NAME">
			<Text>Kurtuluş Savaşı İlan Et</Text>
		</Row>
		<Row Tag="LOC_DIPLOACTION_DECLARE_RECONQUEST_WAR_NAME">
			<Text>Yeniden Fetih Savaşı İlan Et</Text>
		</Row>
		<Row Tag="LOC_DIPLOACTION_DECLARE_PROTECTORATE_WAR_NAME">
			<Text>Koruyuculuk Savaşı İlan Et</Text>
		</Row>
		<Row Tag="LOC_DIPLOACTION_DECLARE_COLONIAL_WAR_NAME">
			<Text>Sömürge Savaşı İlan Et</Text>
		</Row>
		<Row Tag="LOC_DIPLOACTION_DECLARE_TERRITORIAL_WAR_NAME">
			<Text>Bölgesel Genişleme Savaşı İlan Et</Text>
		</Row>
		<Row Tag="LOC_DIPLOACTION_DEFENSIVE_PACT_NAME">
			<Text>Savunma Anlaşması</Text>
		</Row>
		<Row Tag="LOC_DIPLOACTION_JOINT_WAR_NAME">
			<Text>Ortak Savaş</Text>
		</Row>
		<Row Tag="LOC_DIPLOACTION_RESEARCH_AGREEMENT_NAME">
			<Text>Araştırma Anlaşması</Text>
		</Row>
		<Row Tag="LOC_DIPLOACTION_KEEP_PROMISE_DONT_SPY_NAME">
			<Text>Casusluk Yapılmayacak Sözü</Text>
		</Row>
		<Row Tag="LOC_DIPLOACTION_KEEP_PROMISE_DONT_CONVERT_NAME">
			<Text>Şehir Değiştirmeme Sözü</Text>
		</Row>
		<Row Tag="LOC_DIPLOACTION_KEEP_PROMISE_DONT_DIG_ARTIFACTS_NAME">
			<Text>Eserleri Çıkarmama Sözü</Text>
		</Row>
		<Row Tag="LOC_DIPLOACTION_KEEP_PROMISE_DONT_SETTLE_TOO_NEAR_NAME">
			<Text>Yakınlara Yerleşmeme Sözü</Text>
		</Row>
		<Row Tag="LOC_DIPLOMACY_DEAL_INVALID">
			<Text>Bu anlaşmayı hiçbir koşulda yapmayacağım.</Text>
		</Row>
		<!-- Diplomactic Action Tooltips-->
		<Row Tag="LOC_DIPLOACTION_RESEARCH_AGREEMENT_DESCRIPTION">
			<Text>Beyan Edilen Bir Arkadaş veya İttifak üyesiyle bir Araştırma Sözleşmesi oluşturun. Araştırma Anlaşmaları, iki tarafın birlikte hedef bir teknolojiyi araştırmasına izin verir. Teknoloji ne kadar pahalı olursa anlaşma o kadar uzun sürer. Sözleşme süresince her iki taraf da bu teknoloji için Aydınlanma Anı kazanır.</Text>
		</Row>
		<Row Tag="LOC_DIPLOACTION_JOINT_WAR_DESCRIPTION">
			<Text>Hedef bir medeniyete karşı Ortak bir Savaş yapın.</Text>
		</Row>
		<Row Tag="LOC_DIPLOACTION_DEFENSIVE_PACT_DESCRIPTION">
			<Text>Savunma Anlaşması yapın. İttifak üyelerinden herhangi biri saldırıya uğradığında, tüm üyeler saldırgana otomatik olarak savaş açacaktır.</Text>
		</Row>
		<Row Tag="LOC_DIPLOACTION_ALLIANCE_DESCRIPTION">
			<Text>Beyan Edilen Bir Dostla Bir İttifak kurun. Müttefikler savaşa giremez ve otomatik olarak Açık Sınırlar'a sahip olabilirler ve müttefiklerinden biri bir şehir kaybederse, saldırgan medeniyet üzerinde her biri bir Casus Belli alır.</Text>
		</Row>
		<Row Tag="LOC_DIPLOACTION_RESIDENT_EMBASSY_DESCRIPTION">
			<Text>Bu iktidar ile kalıcı bir Elçilik kurun. Kabul edilirse alıcının biraz daha dostça davranması için bir Erişim düzeyi sağlanacak ve alıcının [ICON_Capital] Başkenti ortaya çıkacak.</Text>
		</Row>
		<Row Tag="LOC_DIPLOACTION_DEMAND_TRIBUTE_DESCRIPTION">
			<Text>Bu iktidardan, diplomatik bir hediye talep edin.</Text>
		</Row>
		<Row Tag="LOC_DIPLOACTION_OPEN_BORDERS_DESCRIPTION">
			<Text>Bu iktidardan, kendi kontrollerindeki topraklar üzerinde, birliklerinizin seyahat etmelerini isteyin.</Text>
		</Row>
		<Row Tag="LOC_DIPLOACTION_REQUEST_ASSISTANCE_DESCRIPTION">
			<Text>Bu iktidardana diplomatik bir hediye isteyin.</Text>
		</Row>
		<Row Tag="LOC_DIPLOACTION_DENOUNCE_DESCRIPTION">
			<Text>Bu iktidara karşı olan mutsuzluğunuzu resmen belirtmek için kullanılır. Resmi olarak bir savaş ilanı (Casus Belli olsun veya olmasın) ek 5 tur tamamlandıktan sonra yapılabilir.</Text>
		</Row>
		<Row Tag="LOC_DIPLOACTION_DECLARE_SURPRISE_WAR_DESCRIPTION">
			<Text>Hemen bir savaş başlatmak için kullanılır. Normal savaş tutumu cezaları %50 artar.</Text>
		</Row>
		<Row Tag="LOC_DIPLOACTION_MAKE_PEACE_DESCRIPTION">
			<Text>Mevcut savaşı sona erdirmek için bir anlaşma yapın.</Text>
		</Row>
		<Row Tag="LOC_DIPLOACTION_DIPLOMATIC_DELEGATION_DESCRIPTION">
			<Text>Bu iktidar için hediye [ICON_Gold] Altın ile birlikte bir heyet gönder. Kabul edilirse, alıcı biraz dostça olacak ve bir Erişim düzeyi kazanacaksınız. Diplomatik Hizmet İlkesini elde edene kadar sürer.</Text>
		</Row>
		<Row Tag="LOC_DIPLOACTION_DECLARE_FRIENDSHIP_DESCRIPTION">
			<Text>Resmi olarak bu iktidar ile dostça ilişkiler yürütmek için niyetinizi belirtin. Bir arkadaşınız varken bir İttifak kurmaya hak kazanırsınız, ancak bu iktidara resmi bir savaş ilan edemezsiniz.</Text>
		</Row>
		<Row Tag="LOC_DIPLOACTION_DECLARE_FORMAL_WAR_DESCRIPTION">
			<Text>Sizi kınayan bir oyuncuya veya en az 5 tur önce kınadığız bir oyuncuya savaş ilan etmek için kullanılır. Hangi şehirleri ele geçirebileceğiniz konusunda herhangi bir sınırlama yoktur.</Text>
		</Row>
		<Row Tag="LOC_DIPLOACTION_DECLARE_HOLY_WAR_DESCRIPTION">
			<Text>Şehirlerinizden birini dinini dönüştüren bir iktidara savaş ilan etmek için kullanılır. Tüm savaş tutumu cezaları yarı yarıya azalır.</Text>
		</Row>
		<Row Tag="LOC_DIPLOACTION_DECLARE_LIBERATION_WAR_DESCRIPTION">
			<Text>Arkadaşlarınızı ya da müttefiklerinizden birisine saldıran bir iktidara savaş ilan etmek için kullanılır. Bu şehirlerden herhangi birisini özgürleştirmek için savaş tutumu cezası yok.</Text>
		</Row>
		<Row Tag="LOC_DIPLOACTION_DECLARE_RECONQUEST_WAR_DESCRIPTION">
			<Text>Şehirlerinizden birini ele geçiren bir iktidara savaş ilan etmek için kullanılır. Savaş tutumu cezaları uygulanmaz.</Text>
		</Row>
		<Row Tag="LOC_DIPLOACTION_DECLARE_PROTECTORATE_WAR_DESCRIPTION">
			<Text>Müttefik şehir devletlerinizden birine saldıran bir iktidara savaş ilan etmek için kullanılır. Bu şehir devletini özgürleştirmek için savaş tutumu cezası yok.</Text>
		</Row>
		<Row Tag="LOC_DIPLOACTION_DECLARE_COLONIAL_WAR_DESCRIPTION">
			<Text>Arkanızda iki teknoloji çağı olan bir iktidara savaş ilan etmek için kullanılır. Tüm savaş tutumu cezaları yarı yarıya azalır.</Text>
		</Row>
		<Row Tag="LOC_DIPLOACTION_DECLARE_TERRITORIAL_WAR_DESCRIPTION">
			<Text>İmparatorluğunuzun sınırlarını ihlal eden bir iktidara savaş ilan etmek için kullanılır. Rakibin 2 şehri etrafındaki 10 peteğin içinde, 2 Şehriniz yer almalıdır. Savaş tutumu cezaları %25 oranında azalır.</Text>
		</Row>
		<Row Tag="LOC_DIPLOACTION_PROPOSE_TRADE_DESCRIPTION">
			<Text>Bu medeniyetle ticaret müzakerelerini başlatın.</Text>
		</Row>
		<Row Tag="LOC_DIPLOACTION_PROPOSE_PEACE_DEAL_DESCRIPTION">
			<Text>Bu medeniyete barış antlaşması teklif edin.</Text>
		</Row>
		<Row Tag="LOC_DIPLOMACY_DEAL_SELECT_TECH">
			<Text>Bir teknoloji seçin</Text>
		</Row>
		<Row Tag="LOC_DIPLOMACY_DEAL_SELECT_ALLIANCE">
			<Text>Bir ittifak seçin</Text>
		</Row>
		<Row Tag="LOC_DIPLOMACY_DEAL_SELECT_TARGET">
			<Text>Bir hedef seçin</Text>
		</Row>
		<Row Tag="LOC_DIPLOMACY_DEAL_HOW_MANY">
			<Text>Kaç Tane?</Text>
		</Row>
		<Row Tag="LOC_DIPLO_DEAL_LEADER_GIFT">
			<Text>Bu hediyeyi kabul ediyorum</Text>
		</Row>
		<Row Tag="LOC_DIPLO_DEAL_LEADER_GIFT_EFFECT">
			<Text>Hediyeler ilişkinizi geliştirir</Text>
		</Row>
		<Row Tag="LOC_DIPLO_DEAL_LEADER_DEMAND">
			<Text>Pazarlık yapmayı tercih ederim.</Text>
		</Row>
		<Row Tag="LOC_DIPLO_DEAL_LEADER_DEMAND_EFFECT">
			<Text>Talepte bulunmak ilişkinize zarar verir</Text>
		</Row>
		<Row Tag="LOC_DIPLO_DEAL_UNFAIR">
			<Text>Kabul edemem, bu haksız bir anlaşma.</Text>
		</Row>
		<Row Tag="LOC_DIPLO_DEAL_WHAT_WOULD_YOU_GIVE_ME_TOOLTIP">
			<Text>Bu liderin teklifin için sana ne vereceğini sor.[NEWLINE]Bu sadece anlaşma tablosunun kendi tarafına ürün ekleyecektir.</Text>
		</Row>
		<Row Tag="LOC_DIPLO_DEAL_UNACCEPTABLE_DEAL">
			<Text>Bu anlaşmayı hiçbir koşulda kabul edemem.</Text>
		</Row>
		<Row Tag="LOC_DIPLO_DEAL_UNACCEPTABLE_ITEM_TOOLTIP">
			<Text>Teklif engelleme anlaşması</Text>
		</Row>
		<Row Tag="LOC_DIPLO_DEAL_LEADER_EQUALIZE_SUCCEEDED">
			<Text>Buna ne dersin?</Text>
		</Row>
		<Row Tag="LOC_DIPLO_DEAL_LEADER_EQUALIZE_FAILED">
			<Text>Bunu takas etmeye istekli değilim</Text>
		</Row>
		<Row Tag="LOC_DIPLO_DEAL_LEADER_GIFT_EQUALIZE_FAILED">
			<Text>Bunun için takas etmeye hazır olduğum hiçbir şeyim yok</Text>
		</Row>
		<Row Tag="LOC_DIPLO_DEAL_LEADER_TRADE_REFUSED_FRIENDLY_1">
			<Text>Belki de gelecekte kabul edilebilir bir anlaşma bulabiliriz?</Text>
		</Row>
		<Row Tag="LOC_DIPLO_DEAL_LEADER_TRADE_REFUSED_FRIENDLY_2">
			<Text>Belki başka zaman?</Text>
		</Row>
		<Row Tag="LOC_DIPLO_DEAL_LEADER_TRADE_REFUSED_FRIENDLY_3">
			<Text>Bir anlaşmaya varamayacağımıza şaşırdım.</Text>
		</Row>
		<Row Tag="LOC_DIPLO_DEAL_LEADER_TRADE_REFUSED_NEUTRAL_1">
			<Text>Bu utanç verici.</Text>
		</Row>
		<Row Tag="LOC_DIPLO_DEAL_LEADER_TRADE_REFUSED_NEUTRAL_2">
			<Text>Teklifimi daha yükseğe çıkarmaya cesaret edemiyorum.</Text>
		</Row>
		<Row Tag="LOC_DIPLO_DEAL_LEADER_TRADE_REFUSED_NEUTRAL_3">
			<Text>Ne kadar üzücü.</Text>
		</Row>
		<Row Tag="LOC_DIPLO_DEAL_LEADER_TRADE_REFUSED_AGGRESSIVE_1">
			<Text>Kullanmayacaksanız hazinenin faydası nedir?</Text>
		</Row>
		<Row Tag="LOC_DIPLO_DEAL_LEADER_TRADE_REFUSED_AGGRESSIVE_2">
			<Text>Öyle ya da böyle, bana servetini vereceksin.</Text>
		</Row>
		<Row Tag="LOC_DIPLO_DEAL_LEADER_TRADE_REFUSED_AGGRESSIVE_3">
			<Text>Şimdi reddetmeni kabul ediyorum.</Text>
		</Row>
	</BaseGameText>
</GameData>
