﻿<?xml version="1.0" encoding="utf-8"?>
<GameData>
	<BaseGameText>
		<Row Tag="LOC_DIPLO_GREETING_MVEMBA_ANY">
			<Text>Kutlu olsun</Text>
		</Row>
		<Row Tag="LOC_DIPLO_GREETING_LEADER_CATHERINE_DE_MEDICI_ANY">
			<Text>Her zamanki gibi bir zevkti.</Text>
		</Row>
		<Row Tag="LOC_DIPLO_GREETING_LEADER_CLEOPATRA_ANY">
			<Text>Benimle konuşmak ister misin?</Text>
		</Row>
		<Row Tag="LOC_DIPLO_GREETING_LEADER_BARBAROSSA_ANY">
			<Text>Ne istiyorsun?</Text>
		</Row>
		<Row Tag="LOC_DIPLO_GREETING_LEADER_GANDHI_ANY">
			<Text>Size selam olsun.</Text>
		</Row>
		<Row Tag="LOC_DIPLO_GREETING_LEADER_GILGAMESH_ANY">
			<Text>Hadi başlayalım.</Text>
		</Row>
		<Row Tag="LOC_DIPLO_GREETING_LEADER_GORGO_ANY">
			<Text>Selamlar.</Text>
		</Row>
		<Row Tag="LOC_DIPLO_GREETING_LEADER_HARDRADA_ANY">
			<Text>Konuş!</Text>
		</Row>
		<Row Tag="LOC_DIPLO_GREETING_LEADER_HOJO_ANY">
			<Text>Hoşgeldiniz.</Text>
		</Row>
		<Row Tag="LOC_DIPLO_GREETING_LEADER_PEDRO_ANY">
			<Text>Benden istediğiniz şey nedir?</Text>
		</Row>
		<Row Tag="LOC_DIPLO_GREETING_LEADER_PERICLES_ANY">
			<Text>Nasılsın?</Text>
		</Row>
		<Row Tag="LOC_DIPLO_GREETING_LEADER_PETER_GREAT_ANY">
			<Text>İyi günler.</Text>
		</Row>
		<Row Tag="LOC_DIPLO_GREETING_LEADER_PHILIP_II_ANY">
			<Text>Memnun oldum.</Text>
		</Row>
		<Row Tag="LOC_DIPLO_GREETING_LEADER_QIN_ANY">
			<Text>İyi dileklerim üzerinizde olsun.</Text>
		</Row>
		<Row Tag="LOC_DIPLO_GREETING_LEADER_SALADIN_ANY">
			<Text>İyi misin?</Text>
		</Row>
		<Row Tag="LOC_DIPLO_GREETING_LEADER_T_ROOSEVELT_ANY">
			<Text>Devam et o zaman.</Text>
		</Row>
		<Row Tag="LOC_DIPLO_GREETING_LEADER_TOMYRIS_ANY">
			<Text>Benden istediğiniz şey nedir?</Text>
		</Row>
		<Row Tag="LOC_DIPLO_GREETING_LEADER_TRAJAN_ANY">
			<Text>İyi sıhhatler.</Text>
		</Row>
		<Row Tag="LOC_DIPLO_GREETING_LEADER_VICTORIA_ANY">
			<Text>Sizi zevkle karşılıyoruz.</Text>
		</Row>
		<Row Tag="LOC_DIPLO_GREETING_ANY_ANY">
			<Text>Benden istediğiniz şey nedir?</Text>
		</Row>
	</BaseGameText>
</GameData>
