﻿<?xml version="1.0" encoding="utf-8"?>
<!-- edited with XMLSPY v2004 rel. 2 U (http://www.xmlspy.com) by Ed Beach (Firaxis Games) -->
<GameData>
	<BaseGameText>
		<Row Tag="LOC_DIPLO_DENOUNCE_FROM_HUMAN_ANY_ANY">
			<Text>Bu durum iyi hale geleceğine, daha da kötüleşecek.</Text>
		</Row>
		<Row Tag="LOC_DIPLO_DENOUNCE_FROM_HUMAN_LEADER_MVEMBA_ANY">
			<Text>Yanlış bir şey yapmadım ve Kongo halkı iftiralarınızı hak etmiyor.</Text>
		</Row>
		<Row Tag="LOC_DIPLO_DENOUNCE_FROM_HUMAN_LEADER_CATHERINE_DE_MEDICI_ANY">
			<Text>Fransa'nın ihtişamı ve gücü, sizin 3 kuruşluk hareketlerinizle kirletilemez.</Text>
		</Row>
		<Row Tag="LOC_DIPLO_DENOUNCE_FROM_HUMAN_LEADER_CLEOPATRA_ANY">
			<Text>Buna en son cürret eden kişiyi yılanlarıma yem etmiştim. Buna pişman olacaksın!</Text>
		</Row>
		<Row Tag="LOC_DIPLO_DENOUNCE_FROM_HUMAN_LEADER_BARBAROSSA_ANY">
			<Text>Sana kılıcımla cevap vermeliyim ... belki de yaparım.</Text>
		</Row>
		<Row Tag="LOC_DIPLO_DENOUNCE_FROM_HUMAN_LEADER_GANDHI_ANY">
			<Text>Yalanlarınıza aklı başında hiç kimse inanmaz! Cahillerse, derslerini alacaklardır.</Text>
		</Row>
		<Row Tag="LOC_DIPLO_DENOUNCE_FROM_HUMAN_LEADER_GILGAMESH_ANY">
			<Text>Ah! Gılgamış, yanlış cümlelerinizden daha güçlü.</Text>
		</Row>
		<Row Tag="LOC_DIPLO_DENOUNCE_FROM_HUMAN_LEADER_GORGO_ANY">
			<Text>Sözlerinizin, eylemleriniz ışığında hiçbir değeri yok.</Text>
		</Row>
		<Row Tag="LOC_DIPLO_DENOUNCE_FROM_HUMAN_LEADER_HARDRADA_ANY">
			<Text>Ah! En ufak bir hakaret için tüm krallıkları yaktım. Bunun hesabını çok pahalı ödeyeceksin.</Text>
		</Row>
		<Row Tag="LOC_DIPLO_DENOUNCE_FROM_HUMAN_LEADER_HOJO_ANY">
			<Text>Boş sözcüklerin, tehdit oluşturmaz. Bana hareket, amaç ve disiplin göster!</Text>
		</Row>
		<Row Tag="LOC_DIPLO_DENOUNCE_FROM_HUMAN_LEADER_PEDRO_ANY">
			<Text>Bu durum iyi hale geleceğine, daha da kötüleşecek.</Text>
		</Row>
		<Row Tag="LOC_DIPLO_DENOUNCE_FROM_HUMAN_LEADER_PERICLES_ANY">
			<Text>Tüm liderler nefret ve hoşnutsuzluklara neden olur; Eğer bu yol takip edilecekse, bu yük imrenerek kabul edilir.</Text>
		</Row>
		<Row Tag="LOC_DIPLO_DENOUNCE_FROM_HUMAN_LEADER_PETER_GREAT_ANY">
			<Text>Kış boyunca yaşayan halkım, ordunuzdan daha tehlikelidir. Sence tehditlerinden korkuyor muyuz?</Text>
		</Row>
		<Row Tag="LOC_DIPLO_DENOUNCE_FROM_HUMAN_LEADER_PHILIP_II_ANY">
			<Text>Rab'bin hizmetkarına meydan okumaktan daha büyük bir günah yoktur. Bunun sonuçlarını çok pahalı ödeyeceksiniz!</Text>
		</Row>
		<Row Tag="LOC_DIPLO_DENOUNCE_FROM_HUMAN_LEADER_QIN_ANY">
			<Text>Yani bir karınca ejderhayı rahatsız etmeye cesaret ediyor. Bu çok saçma.</Text>
		</Row>
		<Row Tag="LOC_DIPLO_DENOUNCE_FROM_HUMAN_LEADER_SALADIN_ANY">
			<Text>Herkes başkalarının kusurlarını eleştiriyor, ama iş kendi kusurlarına gelince, gözü kör oluyor.</Text>
		</Row>
		<Row Tag="LOC_DIPLO_DENOUNCE_FROM_HUMAN_LEADER_T_ROOSEVELT_ANY">
			<Text>Bu ne cürret!</Text>
		</Row>
		<Row Tag="LOC_DIPLO_DENOUNCE_FROM_HUMAN_LEADER_TOMYRIS_ANY">
			<Text>Kimse senin boş yalanlarına inanmaz. Herkes beni sever sayar.</Text>
		</Row>
		<Row Tag="LOC_DIPLO_DENOUNCE_FROM_HUMAN_LEADER_TRAJAN_ANY">
			<Text>Yani şu doğru: kıskançlık, dolu olan her şeyi, iyi ya da kötü şekilde göz ardı eder.</Text>
		</Row>
		<Row Tag="LOC_DIPLO_DENOUNCE_FROM_HUMAN_LEADER_VICTORIA_ANY">
			<Text>Kraliçe, halkına ve onların kurallarına saygısızlık edenlere karşı çok ağır sonuçlar olacağını iletiyor.</Text>
		</Row>
		<Row Tag="LOC_DIPLO_DENOUNCE_FROM_AI_ANY_ANY">
			<Text>Bütün dünya, günahlarınızı bilmelidir. (Seni Kınadı).</Text>
		</Row>
		<Row Tag="LOC_DIPLO_DENOUNCE_FROM_AI_LEADER_MVEMBA_ANY">
			<Text>Sen bu dünyada kötü tarafta olmak için doğmuşsun. Adın yok olmak üzere, lanetli olarak yazılacaksın tarihe. (Seni Kınadı)</Text>
		</Row>
		<Row Tag="LOC_DIPLO_DENOUNCE_FROM_AI_LEADER_CATHERINE_DE_MEDICI_ANY">
			<Text>Yaptıkların konusunda hoşnut değilim. Sence arkadaşlarımız bunun hakkında ne düşürdü? (Seni Kınadı)</Text>
		</Row>
		<Row Tag="LOC_DIPLO_DENOUNCE_FROM_AI_LEADER_CLEOPATRA_ANY">
			<Text>Brütüs ve Cassius'un birleşmesinden daha kötüsünüz. Dünya bu gerçeği bilecek! (Seni Kınadı)</Text>
		</Row>
		<Row Tag="LOC_DIPLO_DENOUNCE_FROM_AI_LEADER_BARBAROSSA_ANY">
			<Text>Dünya hainliğinizi öğrenecek ve yargılanacaksın. (Seni Kınadı)</Text>
		</Row>
		<Row Tag="LOC_DIPLO_DENOUNCE_FROM_AI_LEADER_GANDHI_ANY">
			<Text>Güvenilmezsin; Bu şiddetin en kötü halidir. (Seni Kınadı)</Text>
		</Row>
		<Row Tag="LOC_DIPLO_DENOUNCE_FROM_AI_LEADER_GILGAMESH_ANY">
			<Text>Bütün dünya duysun: Siz liderliğe layık birisi değilsiniz. (Sizi Kınadı)</Text>
		</Row>
		<Row Tag="LOC_DIPLO_DENOUNCE_FROM_AI_LEADER_GORGO_ANY">
			<Text>Bilgi fahişelerinden bile daha kötüsün. Bütün dünya bunu bilmeli. (Seni Kınadı)</Text>
		</Row>
		<Row Tag="LOC_DIPLO_DENOUNCE_FROM_AI_LEADER_HARDRADA_ANY">
			<Text>ODinin masasında yerin olmayacak. Yüz karasısın.(Seni Kınadı).</Text>
		</Row>
		<Row Tag="LOC_DIPLO_DENOUNCE_FROM_AI_LEADER_HOJO_ANY">
			<Text>Sen aptal ve basit bir lidersin. Halkın bu gerçeği öğrenmeli. (Seni Kınadı).</Text>
		</Row>
		<Row Tag="LOC_DIPLO_DENOUNCE_FROM_AI_LEADER_PEDRO_ANY">
			<Text>Bütün dünya, günahlarınızı bilmelidir. (Seni Kınadı).</Text>
		</Row>
		<Row Tag="LOC_DIPLO_DENOUNCE_FROM_AI_LEADER_PERICLES_ANY">
			<Text>Senin gibi zalim hükümdarlardan nefret ediliyor. İnsanların, sözlerimin doğru olduğunu fark edecek. (Seni Kınadı)</Text>
		</Row>
		<Row Tag="LOC_DIPLO_DENOUNCE_FROM_AI_LEADER_PETER_GREAT_ANY">
			<Text>Hayatımda çok şey gördüm, ama böyle aşağılık bir lideri hiç görmedim. Utanıyor olmalısın ve utanacaksın. (Seni Kınadı).</Text>
		</Row>
		<Row Tag="LOC_DIPLO_DENOUNCE_FROM_AI_LEADER_PHILIP_II_ANY">
			<Text>Yaradana ihanet eden, başka bir Yahudisin. (Seni Kınadı).</Text>
		</Row>
		<Row Tag="LOC_DIPLO_DENOUNCE_FROM_AI_LEADER_QIN_ANY">
			<Text>İtibarın sonsuza kadar lekelendi. (Seni Kınadı)</Text>
		</Row>
		<Row Tag="LOC_DIPLO_DENOUNCE_FROM_AI_LEADER_SALADIN_ANY">
			<Text>Halkım tarafından, zalim bir hükümdarlığın batışı konuşuluyor... ve bu batışın senin çevrende olduğunu görüyorum. (Seni Kınadı)</Text>
		</Row>
		<Row Tag="LOC_DIPLO_DENOUNCE_FROM_AI_LEADER_T_ROOSEVELT_ANY">
			<Text>Haysiyetsiz bir hükümdara katlanamam; Bütün dünyanın bunu bilmesi gerekiyor. (Seni Kınadı)</Text>
		</Row>
		<Row Tag="LOC_DIPLO_DENOUNCE_FROM_AI_LEADER_TOMYRIS_ANY">
			<Text>Güvenilmez sefil bir yalancısın! Sen türünün en kötüsüsün. (Seni Kınadı)</Text>
		</Row>
		<Row Tag="LOC_DIPLO_DENOUNCE_FROM_AI_LEADER_TRAJAN_ANY">
			<Text>Yüz karasısın. Gerçekte kim olduğunu, tüm dünya'ya göstereceğim. (Seni Kınadı)</Text>
		</Row>
		<Row Tag="LOC_DIPLO_DENOUNCE_FROM_AI_LEADER_VICTORIA_ANY">
			<Text>Yönetiminizle alakalı bir sorunumuz yok. Bu sebeple, dünyanın seni yargılamasını sağlıyoruz. (Seni Kınadı)</Text>
		</Row>
		<!-- Diplomatic rationales for denouncement -->
		<Row Tag="LOC_DIPLO_DENOUNCE_REASON_FROM_AI_LEADER_ANY_REASON_OPPORTUNITY">
			<Text>(Muhtemelen savaş ilan etme niyetinde.)</Text>
		</Row>
		<Row Tag="LOC_DIPLO_DENOUNCE_REASON_FROM_AI_LEADER_ANY_REASON_STANDARD_DIPLOMATIC_ARCHAEOLOGY">
			<Text>(Onların eserlerinden birini çıkardınız.)</Text>
		</Row>
		<Row Tag="LOC_DIPLO_DENOUNCE_REASON_FROM_AI_LEADER_ANY_REASON_STANDARD_DIPLOMATIC_BROKEN_PROMISE">
			<Text>(Onlara verdiğin sözü tutmadın.)</Text>
		</Row>
		<Row Tag="LOC_DIPLO_DENOUNCE_REASON_FROM_AI_LEADER_ANY_REASON_STANDARD_DIPLOMATIC_NO_PROMISE">
			<Text>(Onlara bir söz vermeyi reddettiniz.)</Text>
		</Row>
		<Row Tag="LOC_DIPLO_DENOUNCE_REASON_FROM_AI_LEADER_ANY_REASON_STANDARD_DIPLOMATIC_CONVERTED_CITY">
			<Text>(Onların şehirlerinden birini dönüştürdünüz.)</Text>
		</Row>
		<Row Tag="LOC_DIPLO_DENOUNCE_REASON_FROM_AI_LEADER_ANY_REASON_STANDARD_DIPLOMATIC_CULTURE_BOMB">
			<Text>(Onların şehirlerinden birine Kültürel Şok yaptınız.)</Text>
		</Row>
		<Row Tag="LOC_DIPLO_DENOUNCE_REASON_FROM_AI_LEADER_ANY_REASON_STANDARD_DIPLOMATIC_DEMAND">
			<Text>(Onlardan ticaret malları istediniz.)</Text>
		</Row>
		<Row Tag="LOC_DIPLO_DENOUNCE_REASON_FROM_AI_LEADER_ANY_REASON_STANDARD_DIPLOMATIC_DENOUNCED">
			<Text>(Onları kınadın.)</Text>
		</Row>
		<Row Tag="LOC_DIPLO_DENOUNCE_REASON_FROM_AI_LEADER_ANY_REASON_STANDARD_DIPLOMATIC_ESPIONAGE">
			<Text>(Onlarda casusluk faliyetleri yaptınız.)</Text>
		</Row>
		<Row Tag="LOC_DIPLO_DENOUNCE_REASON_FROM_AI_LEADER_ANY_REASON_STANDARD_DIPLOMATIC_GOVERNMENT_DIFFERENT">
			<Text>(Farklı hükümetlere sahipsiniz.)</Text>
		</Row>
		<Row Tag="LOC_DIPLO_DENOUNCE_REASON_FROM_AI_LEADER_ANY_REASON_STANDARD_DIPLOMATIC_INCURSION">
			<Text>(Kuvvetleriniz, onların topraklarını taciz ediyor.)</Text>
		</Row>
		<Row Tag="LOC_DIPLO_DENOUNCE_REASON_FROM_AI_LEADER_ANY_REASON_STANDARD_DIPLOMATIC_NEAR_BORDER_WARNING">
			<Text>(Birliklerini, sınırlarında tutuyorsun.)</Text>
		</Row>
		<Row Tag="LOC_DIPLO_DENOUNCE_REASON_FROM_AI_LEADER_ANY_REASON_STANDARD_DIPLOMATIC_OCCUPIED_CITY">
			<Text>(Onların şehirlerinden birini işgal ediyorsun.)</Text>
		</Row>
		<Row Tag="LOC_DIPLO_DENOUNCE_REASON_FROM_AI_LEADER_ANY_REASON_STANDARD_DIPLOMATIC_OCCUPIED_FRIENDLY_CITY">
			<Text>(Onlarla müttefik olan birinin, şehrini işgal ediyorsun.)</Text>
		</Row>
		<Row Tag="LOC_DIPLO_DENOUNCE_REASON_FROM_AI_LEADER_ANY_REASON_STANDARD_DIPLOMACY_RANDOM">
			<Text>(Sadece senden hoşlanmıyorlar.)</Text>
		</Row>
		<Row Tag="LOC_DIPLO_DENOUNCE_REASON_FROM_AI_LEADER_ANY_REASON_STANDARD_DIPLOMACY_RAZED_MY_CITY">
			<Text>(Onların şehirlerinden birini yağmaladın.)</Text>
		</Row>
		<Row Tag="LOC_DIPLO_DENOUNCE_REASON_FROM_AI_LEADER_ANY_REASON_STANDARD_DIPLOMACY_SETTLED_CITIES">
			<Text>(Kendi toprakları olarak gördükleri bi yere yerleştin.)</Text>
		</Row>
		<Row Tag="LOC_DIPLO_DENOUNCE_REASON_FROM_AI_LEADER_ANY_REASON_STANDARD_DIPLOMATIC_WARMONGER">
			<Text>(Senin daha sıcak olduğunu düşünüyorlar.)</Text>
		</Row>
		<Row Tag="LOC_DIPLO_DENOUNCE_REASON_FROM_AI_LEADER_ANY_REASON_STANDARD_DIPLOMATIC_3RD_PARTY_DECLARED_SURPRISE_WAR_ON_FRIEND">
			<Text>(Arkadaşlarıyla savaşa gittin.)</Text>
		</Row>
		<Row Tag="LOC_DIPLO_DENOUNCE_REASON_FROM_AI_LEADER_ANY_REASON_STANDARD_DIPLOMATIC_3RD_PARTY_DENOUNCED_FRIEND">
			<Text>(Arkadaşlarını kınadın.)</Text>
		</Row>
		<Row Tag="LOC_DIPLO_DENOUNCE_REASON_FROM_AI_LEADER_ANY_REASON_STANDARD_DIPLOMATIC_3RD_PARTY_DECLARED_FRIENDSHIP_WITH_ENEMY">
			<Text>(Siz düşmanları ile arkadaşsınız.)</Text>
		</Row>
		<Row Tag="LOC_DIPLO_DENOUNCE_REASON_FROM_AI_LEADER_ANY_REASON_STANDARD_DIPLOMATIC_3RD_PARTY_ALLIED_WITH_ENEMY">
			<Text>(Siz düşmanları ile müttefiksiniz.)</Text>
		</Row>
		<Row Tag="LOC_DIPLO_DENOUNCE_REASON_FROM_AI_LEADER_ANY_REASON_AGENDA_ALLY_OF_ENKIDU_DENOUNCED_FRIEND">
			<Text>(Arkadaşlarını kınadın.)</Text>
		</Row>
		<Row Tag="LOC_DIPLO_DENOUNCE_REASON_FROM_AI_LEADER_ANY_REASON_AGENDA_AYYUBID_DYNASTY">
			<Text>(Şehirde, onların dini binasına sahip değilsin.)</Text>
		</Row>
		<Row Tag="LOC_DIPLO_DENOUNCE_REASON_FROM_AI_LEADER_ANY_REASON_AGENDA_BACKSTAB_AVERSE_SURPRISE_WAR">
			<Text>(Sürpriz bir savaş ilan ettin.)</Text>
		</Row>
		<Row Tag="LOC_DIPLO_DENOUNCE_REASON_FROM_AI_LEADER_ANY_REASON_AGENDA_BLACK_QUEEN">
			<Text>(Casuslukta zayıfsın.)</Text>
		</Row>
		<Row Tag="LOC_DIPLO_DENOUNCE_REASON_FROM_AI_LEADER_ANY_REASON_AGENDA_BUSHIDO">
			<Text>(İnanç ve Kültürde zayıfsınız.)</Text>
		</Row>
		<Row Tag="LOC_DIPLO_DENOUNCE_REASON_FROM_AI_LEADER_ANY_REASON_AGENDA_CONTINENT_ATTACKED">
			<Text>(Kıtalarındaki bir oyuncuya saldırdın.)</Text>
		</Row>
		<Row Tag="LOC_DIPLO_DENOUNCE_REASON_FROM_AI_LEADER_ANY_REASON_AGENDA_HAS_DESIRED_LUXURY">
			<Text>(Çok istedikleri bir lükse sahipsin.)</Text>
		</Row>
		<Row Tag="LOC_DIPLO_DENOUNCE_REASON_FROM_AI_LEADER_ANY_REASON_AGENDA_LAST_VIKING_KING">
			<Text>(Donanmanız zayıf.)</Text>
		</Row>
		<Row Tag="LOC_DIPLO_DENOUNCE_REASON_FROM_AI_LEADER_ANY_REASON_AGENDA_MODIFIER_LEADS_GREAT_PEOPLE">
			<Text>(Onlardan daha fazla Büyük Kişi'ye sahipsiniz.)</Text>
		</Row>
		<Row Tag="LOC_DIPLO_DENOUNCE_REASON_FROM_AI_LEADER_ANY_REASON_AGENDA_MODIFIER_LAGS_PROGRESS">
			<Text>(Bilim ve Kültür'de geri kalıyorsun.)</Text>
		</Row>
		<Row Tag="LOC_DIPLO_DENOUNCE_REASON_FROM_AI_LEADER_ANY_REASON_AGENDA_MODIFIER_LEADS_WONDERS">
			<Text>(Onlardan daha fazla Harika'ya sahipsiniz.)</Text>
		</Row>
		<Row Tag="LOC_DIPLO_DENOUNCE_REASON_FROM_AI_LEADER_ANY_REASON_AGENDA_MODIFIER_NEVER_AT_WAR">
			<Text>(Onlarla hiç savaşa çıkmadın.)</Text>
		</Row>
		<Row Tag="LOC_DIPLO_DENOUNCE_REASON_FROM_AI_LEADER_ANY_REASON_AGENDA_MODIFIER_PAID_FOR_PEACE">
			<Text>(Barış için ödeme yaptın.)</Text>
		</Row>
		<Row Tag="LOC_DIPLO_DENOUNCE_REASON_FROM_AI_LEADER_ANY_REASON_AGENDA_MODIFIER_WARMONGER">
			<Text>(Savaş yanlısı birisin.)</Text>
		</Row>
		<Row Tag="LOC_DIPLO_DENOUNCE_REASON_FROM_AI_LEADER_ANY_REASON_AGENDA_MODIFIER_ENCROACHING_RELIGION">
			<Text>(Onların şehirlerini kendi dininize döndürdünüz.)</Text>
		</Row>
		<Row Tag="LOC_DIPLO_DENOUNCE_REASON_FROM_AI_LEADER_ANY_REASON_AGENDA_MODIFIER_COMPETING_MINORS">
			<Text>(Onlarla Şehir devletleri için rekabet ediyorsunuz.)</Text>
		</Row>
		<Row Tag="LOC_DIPLO_DENOUNCE_REASON_FROM_AI_LEADER_ANY_REASON_AGENDA_MODIFIER_RELIGION_NOT_RECEIVED">
			<Text>(Dininizi onlara yaymadınız.)</Text>
		</Row>
		<Row Tag="LOC_DIPLO_DENOUNCE_REASON_FROM_AI_LEADER_ANY_REASON_AGENDA_MODIFIER_CONQUERING_ALLYING_MINORS">
			<Text>(Çok fazla şehir devletinde benden daha fazla elçiniz var.)</Text>
		</Row>
		<Row Tag="LOC_DIPLO_DENOUNCE_REASON_FROM_AI_LEADER_ANY_REASON_AGENDA_OPTIMUS_PRINCEPS">
			<Text>(Kontrolünde çok az toprak var.)</Text>
		</Row>
		<Row Tag="LOC_DIPLO_DENOUNCE_REASON_FROM_AI_LEADER_ANY_REASON_AGENDA_QUEEN_OF_NILE">
			<Text>(Çok aciz durumdasın.)</Text>
		</Row>
		<Row Tag="LOC_DIPLO_DENOUNCE_REASON_FROM_AI_LEADER_ANY_REASON_AGENDA_SUN_SETS_NEW_CONTINENT">
			<Text>(Yerleşim yerlerini genişletmek istedikleri bir kıtaya yerleştiniz.)</Text>
		</Row>
		<Row Tag="LOC_DIPLO_DENOUNCE_REASON_FROM_AI_LEADER_ANY_REASON_AGENDA_LOW_CULTURE">
			<Text>(Kültür seviyeniz çok düşük.)</Text>
		</Row>
		<Row Tag="LOC_DIPLO_DENOUNCE_REASON_FROM_AI_LEADER_ANY_REASON_AGENDA_LOW_INDUSTRY">
			<Text>(Üretiminiz çok düşük seviyelerde.)</Text>
		</Row>
		<Row Tag="LOC_DIPLO_DENOUNCE_REASON_FROM_AI_LEADER_ANY_REASON_AGENDA_LOW_HAPPINESS">
			<Text>(Halkınızın İmkanları eksik.)</Text>
		</Row>
		<Row Tag="LOC_DIPLO_DENOUNCE_REASON_FROM_AI_LEADER_ANY_REASON_AGENDA_LOW_INCOME">
			<Text>(Gelir düzeyiniz çok düşük.)</Text>
		</Row>
		<Row Tag="LOC_DIPLO_DENOUNCE_REASON_FROM_AI_LEADER_ANY_REASON_AGENDA_LOW_POPULATION">
			<Text>(Nüfus sayınız çok düşük.)</Text>
		</Row>
		<Row Tag="LOC_DIPLO_DENOUNCE_REASON_FROM_AI_LEADER_ANY_REASON_AGENDA_LOW_SCIENCE">
			<Text>(Bilim seviyeniz çok düşük.)</Text>
		</Row>
		<Row Tag="LOC_DIPLO_DENOUNCE_REASON_FROM_AI_LEADER_ANY_REASON_AGENDA_LOW_STANDING_ARMY">
			<Text>(Ordunuzun saygınlığı çok düşük.)</Text>
		</Row>
		<Row Tag="LOC_DIPLO_DENOUNCE_REASON_FROM_AI_LEADER_ANY_REASON_AGENDA_PARANOID">
			<Text>(Senden korkuyorlar.)</Text>
		</Row>
	</BaseGameText>
</GameData>
