<?xml version="1.0" encoding="utf-8"?>
<GameData>
	<BaseGameText>
		<!-- AI is Defeated -->
		<Row Tag="LOC_DIPLO_DEFEAT_FROM_AI_ANY_ANY">
			<Text>Bu kadar çabuk sonlanacağını hiç düşünmemiştim!</Text>
		</Row>
		<Row Tag="LOC_DIPLO_DEFEAT_FROM_AI_LEADER_MVEMBA_ANY">
			<Text>Sen barbardan başka birşey değilsin. Zalim, ve acımasız.</Text>
		</Row>
		<Row Tag="LOC_DIPLO_DEFEAT_FROM_AI_LEADER_CATHERINE_DE_MEDICI_ANY">
			<Text>Ne zaman yenileceğimi görecek kadar uzun yaşadım. Yapman gerekeni yap.</Text>
		</Row>
		<Row Tag="LOC_DIPLO_DEFEAT_FROM_AI_LEADER_CLEOPATRA_ANY">
			<Text>Mısır kayboldu. Aşkımı kucaklayamazsam, yılanlarımı kucaklayacağım.</Text>
		</Row>
		<Row Tag="LOC_DIPLO_DEFEAT_FROM_AI_LEADER_BARBAROSSA_ANY">
			<Text>Biz saygıdeğer and onurlu olduk... Ama hayır, bunu boşver. Zafer senin. Umarım krallığın, benimkinden daha huzurlu olur.</Text>
		</Row>
		<Row Tag="LOC_DIPLO_DEFEAT_FROM_AI_LEADER_GANDHI_ANY">
			<Text>Beni zincire vurup, işkence edebilirsin. Bu bedeni bile yok edebilirsin, ama düşüncelerimi asla engelleyemezsin.</Text>
		</Row>
		<Row Tag="LOC_DIPLO_DEFEAT_FROM_AI_LEADER_GILGAMESH_ANY">
			<Text>Hayır olamaz... Bana kim öyle ihanet etti? Hangi günahkar?</Text>
		</Row>
		<Row Tag="LOC_DIPLO_DEFEAT_FROM_AI_LEADER_GORGO_ANY">
			<Text>Ares bizi terketti. Sparta yenilgiye uğradı.</Text>
		</Row>
		<Row Tag="LOC_DIPLO_DEFEAT_FROM_AI_LEADER_HARDRADA_ANY">
			<Text>Odin'in benim için şölen masasını hazırladığını bilmek çok güzel. Yakında kıvrık boynuzlardan şarap içeceğiz. Gitmek için sabırsızlanıyorum.</Text>
		</Row>
		<Row Tag="LOC_DIPLO_DEFEAT_FROM_AI_LEADER_HOJO_ANY">
			<Text>Yalvarırım, aileme ve halkıma yapılan bu şerefsizliği sonlandırın...</Text>
		</Row>
		<Row Tag="LOC_DIPLO_DEFEAT_FROM_AI_LEADER_PEDRO_ANY">
			<Text>Tanrı'nın bana son bir dilek vermesi için dua ediyorum: Brezilya için barış ve huzur.</Text>
		</Row>
		<Row Tag="LOC_DIPLO_DEFEAT_FROM_AI_LEADER_PERICLES_ANY">
			<Text>Bizi yenmiş olabilirsin! ama geride bıraktıklarımızın hepsi, başkalarının hayatının bir parçası olmuş.</Text>
		</Row>
		<Row Tag="LOC_DIPLO_DEFEAT_FROM_AI_LEADER_PETER_GREAT_ANY">
			<Text>Yenildim. Hayatı yaşamak, birşeyleri anlamak kadar kolay değildir.</Text>
		</Row>
		<Row Tag="LOC_DIPLO_DEFEAT_FROM_AI_LEADER_PHILIP_II_ANY">
			<Text>Topraklarım... Krallığım... neden, Tanrım? Neden beni terk ettin?</Text>
		</Row>
		<Row Tag="LOC_DIPLO_DEFEAT_FROM_AI_LEADER_QIN_ANY">
			<Text>Böyle olacağını hiç düşünmemiştim... böyle değil.</Text>
		</Row>
		<Row Tag="LOC_DIPLO_DEFEAT_FROM_AI_LEADER_SALADIN_ANY">
			<Text>Bu zafer değil. “Zafer” rakiplerimizin kalplerini değiştirmeye ihtiyaç duyar: Nazikçe ve Nezaketle.</Text>
		</Row>
		<Row Tag="LOC_DIPLO_DEFEAT_FROM_AI_LEADER_T_ROOSEVELT_ANY">
			<Text>Tebrikler. Amerika Birleşik Devletleri'nin aksine, Ulusun çok ilerleyecek.</Text>
		</Row>
		<Row Tag="LOC_DIPLO_DEFEAT_FROM_AI_LEADER_TOMYRIS_ANY">
			<Text>İmparatoriçe düştü ama ben hatırlanacağım. Kendin için aynı şeyi söyleyebilir misin?</Text>
		</Row>
		<Row Tag="LOC_DIPLO_DEFEAT_FROM_AI_LEADER_TRAJAN_ANY">
			<Text>Yenilenlerin refahı, refah için çok umutlu değildir.</Text>
		</Row>
		<Row Tag="LOC_DIPLO_DEFEAT_FROM_AI_LEADER_VICTORIA_ANY">
			<Text>Bu ağır ve üzücü kayıp, kalıcı olmayacak ve teşekkür ederim, İngiltere tekrar yükselişe geçecek.</Text>
		</Row>
				
		<!-- Human is Defeated (will see this in hotseat) -->
		<Row Tag="LOC_DIPLO_DEFEAT_FROM_HUMAN_ANY_ANY">
			<Text>Bu kadar çabuk sonlanacağını hiç düşünmemiştim!</Text>
		</Row>
		<Row Tag="LOC_DIPLO_DEFEAT_FROM_HUMAN_LEADER_MVEMBA_ANY">
			<Text>Sen barbardan başka birşey değilsin. Zalim, ve acımasız.</Text>
		</Row>
		<Row Tag="LOC_DIPLO_DEFEAT_FROM_HUMAN_LEADER_CATHERINE_DE_MEDICI_ANY">
			<Text>Ne zaman yenileceğimi görecek kadar uzun yaşadım. Yapman gerekeni yap.</Text>
		</Row>
		<Row Tag="LOC_DIPLO_DEFEAT_FROM_HUMAN_LEADER_CLEOPATRA_ANY">
			<Text>Mısır kayboldu. Aşkımı kucaklayamazsam, yılanlarımı kucaklayacağım.</Text>
		</Row>
		<Row Tag="LOC_DIPLO_DEFEAT_FROM_HUMAN_LEADER_BARBAROSSA_ANY">
			<Text>Biz saygıdeğer and onurlu olduk... Ama hayır, bunu boşver. Zafer senin. Umarım krallığın, benimkinden daha huzurlu olur.</Text>
		</Row>
		<Row Tag="LOC_DIPLO_DEFEAT_FROM_HUMAN_LEADER_GANDHI_ANY">
			<Text>Beni zincire vurup, işkence edebilirsin. Bu bedeni bile yok edebilirsin, ama düşüncelerimi asla engelleyemezsin.</Text>
		</Row>
		<Row Tag="LOC_DIPLO_DEFEAT_FROM_HUMAN_LEADER_GILGAMESH_ANY">
			<Text>Hayır olamaz... Bana kim öyle ihanet etti? Hangi günahkar?</Text>
		</Row>
		<Row Tag="LOC_DIPLO_DEFEAT_FROM_HUMAN_LEADER_GORGO_ANY">
			<Text>Ares bizi terketti. Sparta yenilgiye uğradı.</Text>
		</Row>
		<Row Tag="LOC_DIPLO_DEFEAT_FROM_HUMAN_LEADER_HARDRADA_ANY">
			<Text>Odin'in benim için şölen masasını hazırladığını bilmek çok güzel. Yakında kıvrık boynuzlardan şarap içeceğiz. Gitmek için sabırsızlanıyorum.</Text>
		</Row>
		<Row Tag="LOC_DIPLO_DEFEAT_FROM_HUMAN_LEADER_HOJO_ANY">
			<Text>Yalvarırım, aileme ve halkıma yapılan bu şerefsizliği sonlandırın...</Text>
		</Row>
		<Row Tag="LOC_DIPLO_DEFEAT_FROM_HUMAN_LEADER_MONTEZUMA_ANY">
			<Text>Huitzilopochtli forgive our weakness… my weakness. I was not strong enough to serve you.</Text>
		</Row>
		<Row Tag="LOC_DIPLO_DEFEAT_FROM_HUMAN_LEADER_PEDRO_ANY">
			<Text>Tanrı'nın bana son bir dilek vermesi için dua ediyorum: Brezilya için barış ve huzur.</Text>
		</Row>
		<Row Tag="LOC_DIPLO_DEFEAT_FROM_HUMAN_LEADER_PERICLES_ANY">
			<Text>Bizi yenmiş olabilirsin! ama geride bıraktıklarımızın hepsi, başkalarının hayatının bir parçası olmuş.</Text>
		</Row>
		<Row Tag="LOC_DIPLO_DEFEAT_FROM_HUMAN_LEADER_PETER_GREAT_ANY">
			<Text>Yenildim. Hayatı yaşamak, birşeyleri anlamak kadar kolay değildir.</Text>
		</Row>
		<Row Tag="LOC_DIPLO_DEFEAT_FROM_HUMAN_LEADER_PHILIP_II_ANY">
			<Text>Topraklarım... Krallığım... neden, Tanrım? Neden beni terk ettin?</Text>
		</Row>
		<Row Tag="LOC_DIPLO_DEFEAT_FROM_HUMAN_LEADER_QIN_ANY">
			<Text>Böyle olacağını hiç düşünmemiştim... böyle değil.</Text>
		</Row>
		<Row Tag="LOC_DIPLO_DEFEAT_FROM_HUMAN_LEADER_SALADIN_ANY">
			<Text>Bu zafer değil. “Zafer” rakiplerimizin kalplerini değiştirmeye ihtiyaç duyar: Nazikçe ve Nezaketle.</Text>
		</Row>
		<Row Tag="LOC_DIPLO_DEFEAT_FROM_HUMAN_LEADER_T_ROOSEVELT_ANY">
			<Text>Tebrikler. Amerika Birleşik Devletleri'nin aksine, Ulusun çok ilerleyecek.</Text>
		</Row>
		<Row Tag="LOC_DIPLO_DEFEAT_FROM_HUMAN_LEADER_TOMYRIS_ANY">
			<Text>İmparatoriçe düştü ama ben hatırlanacağım. Kendin için aynı şeyi söyleyebilir misin?</Text>
		</Row>
		<Row Tag="LOC_DIPLO_DEFEAT_FROM_HUMAN_LEADER_TRAJAN_ANY">
			<Text>Yenilenlerin refahı, refah için çok umutlu değildir.</Text>
		</Row>
		<Row Tag="LOC_DIPLO_DEFEAT_FROM_HUMAN_LEADER_VICTORIA_ANY">
			<Text>Bu ağır ve üzücü kayıp, kalıcı olmayacak ve teşekkür ederim, İngiltere tekrar yükselişe geçecek.</Text>
		</Row>
		
	</BaseGameText>
</GameData>
