<?xml version="1.0" encoding="utf-8"?>
<!-- edited with XMLSPY v2004 rel. 2 U (http://www.xmlspy.com) by Ed Beach (Firaxis Games) -->
<GameData>
	<BaseGameText>
		<!-- First AI line -->
		<Row Tag="LOC_DIPLO_FIRST_MEET_LEADER_MVEMBA_ANY">
			<Text>Ben Mvemba, bir Nzinga'yum ve sizi bir arkadaş olarak selamlıyorum. Tanrı tarafından kutsandığını görebiliyorum, Aydınlanmayı paylaşmak için mi buradasın?</Text>
		</Row>
		<Row Tag="LOC_DIPLO_FIRST_MEET_LEADER_CATHERINE_DE_MEDICI_ANY">
			<Text>Ben Fransa'nın Kraliçe Annesi Catherine'yim ve hoş geldiniz demek istiyorum. Öyleyse, öğrenmek için sabırsızlanıyorum, hakkınızda bilmek istediğim çok şey var.</Text>
		</Row>
		<Row Tag="LOC_DIPLO_FIRST_MEET_LEADER_CLEOPATRA_ANY">
			<Text>Ben Isis'te yeniden doğan, yaşayan Nil'im. Eğer layıksanız, Cleopatra ile dost olabilirsiniz.</Text>
		</Row>
		<Row Tag="LOC_DIPLO_FIRST_MEET_LEADER_BARBAROSSA_ANY">
			<Text>Selamlar. Ben Kutsal Roman İmparatoru Frederick, Almanya Kralı, İtalya, Burgonya ve diğerleri. Ben topraklarını benim gibi yönetene lider derim. umarım sizde öylesinizdir.</Text>
		</Row>
		<Row Tag="LOC_DIPLO_FIRST_MEET_LEADER_GANDHI_ANY">
			<Text>Merhaba, ben Mohandas Gandi. Halkım bana Bapu der, ama lütfen bana dostum deyin.</Text>
		</Row>
		<Row Tag="LOC_DIPLO_FIRST_MEET_LEADER_GILGAMESH_ANY">
			<Text>Ben Uruk Kralı ve Sümerlerden Gılgamış. Korkma ... arkadaşlarımla iyi geçinirim.</Text>
		</Row>
		<Row Tag="LOC_DIPLO_FIRST_MEET_LEADER_GORGO_ANY">
			<Text>Ben Gorgo, Sparta Kralı ve Yunanlıların lideriyim. Kimsin? Hangi zaferlerinden bahsedebilirsin?</Text>
		</Row>
		<Row Tag="LOC_DIPLO_FIRST_MEET_LEADER_HARDRADA_ANY">
			<Text>Harald Sigurdsson karşınızda duruyor: Hiçbir deniz ve karada görmediğiniz bilmediğiniz bir Viking. Hah, korktun mu?</Text>
		</Row>
		<Row Tag="LOC_DIPLO_FIRST_MEET_LEADER_HOJO_ANY">
			<Text>Merhaba, ben Bushido'nun alçak gönüllü bir öğrencisi, Japon Hojo Tokimune.</Text>
		</Row>
		<Row Tag="LOC_DIPLO_FIRST_MEET_LEADER_PEDRO_ANY">
			<Text>İyi günler. Sizinle doğrudan görüşmek bizim için bir onur. Sonuçta, büyük zihinler birbirini mıknatıs gibi çeker.</Text>
		</Row>
		<Row Tag="LOC_DIPLO_FIRST_MEET_LEADER_PERICLES_ANY">
			<Text>Merhaba, ben Atina'nın Perikles'iyim. Sizi Demokrasi adına selamlıyorum. İşlerimi tarafsız şahıslarla yürütmeme izin vereceğine inanıyorum</Text>
		</Row>
		<Row Tag="LOC_DIPLO_FIRST_MEET_LEADER_PETER_GREAT_ANY">
			<Text>Merhaba, ben Tsar Peter. Sizin gibi kültürlü bir lider, hayatta daha ince şeylerden zevk alabilmedilir... Siz de sanatı sever misin?</Text>
		</Row>
		<Row Tag="LOC_DIPLO_FIRST_MEET_LEADER_PHILIP_II_ANY">
			<Text>Ben İspanya, Portekiz, Sardunya ve Sicilya, Milan Dükü, Napoli Kralıyım, fakat en önemlisi, gerçek dinin sıkı bir takipçisiyim. Umarım sizinle aynı yolda ilerleriz.</Text>
		</Row>
		<Row Tag="LOC_DIPLO_FIRST_MEET_LEADER_QIN_ANY">
			<Text>Neden cennetin ölümsüz oğlu  Büyük Çin Şi Huang'dan önce geliyorsun?</Text>
		</Row>
		<Row Tag="LOC_DIPLO_FIRST_MEET_LEADER_SALADIN_ANY">
			<Text>Krallığının sonu olmayan, Güçlü ve muzaffer biri olarak, sonsuz Tanrı'nın lütfuyla sizi selamlıyorum, samimi arkadaşım.</Text>
		</Row>
		<Row Tag="LOC_DIPLO_FIRST_MEET_LEADER_T_ROOSEVELT_ANY">
			<Text>Amerika Birleşik Devletleri'ne hoşgeldiniz. Uygun davrandığınız sürece, dostluğumuza güvenebilirsiniz.</Text>
		</Row>
		<Row Tag="LOC_DIPLO_FIRST_MEET_LEADER_TOMYRIS_ANY">
			<Text>Bilmeniz gereken bir şey var: Her kim bana ihanet ederse, hesabını kanla ödetirim! Ancak, gerçek bir dostsanız, kapılarımız size her zaman açık olacaktır.</Text>
		</Row>
		<Row Tag="LOC_DIPLO_FIRST_MEET_LEADER_TRAJAN_ANY">
			<Text>Selam, yabancı. Ben muazzam Roma İmparatoru Trajan'ım. Siz kimsiniz ve hangi bölgelerde hak iddia ediyorsunuz?</Text>
		</Row>
		<Row Tag="LOC_DIPLO_FIRST_MEET_LEADER_VICTORIA_ANY">
			<Text>Selamlar. Sizi, Birleşik Büyük Britanya Krallığı ve İrlanda Kraliçesi Victoria olarak Tanrı'nın lütfu ile selamlıyorum. Yakın zaman da bütün dünya, Britanya İmparatorluğu diye haykıracaktır.</Text>
		</Row>
		<Row Tag="LOC_DIPLO_FIRST_MEET_ANY_ANY">
			<Text>Selam gezgin. Büyüklüğün huzurunda olduğunuzu bilin!</Text>
		</Row>
		<!-- Human Responses -->
		<Row Tag="LOC_DIPLO_CHOICE_FIRST_MEET_NEAR_RECIPIENT_POSITIVE">
			<Text>Sizinle tanışmak bir şereftir.</Text>
		</Row>
		<Row Tag="LOC_DIPLO_CHOICE_FIRST_MEET_NEAR_RECIPIENT_BUSY">
			<Text>Tanışmış olduk, fakat korkarım ki şu aralar çok meşgulüz ve konuşmaya vaktimiz yok</Text>
		</Row>
		<!-- AI invitation to visit nearby City -->
		<Row Tag="LOC_DIPLO_FIRST_MEET_VISIT_RECIPIENT_LEADER_MVEMBA_ANY">
			<Text>Devam etmeden önce yakınlardaki şehrimizde benimle birlikte ibadet edin. Sonra tavuklu pilavın tadını çıkarabiliriz.</Text>
		</Row>
		<Row Tag="LOC_DIPLO_FIRST_MEET_VISIT_RECIPIENT_LEADER_CATHERINE_DE_MEDICI_ANY">
			<Text>Yemek yiyip, içki içene kadar yaşamış sayılmazsınız. İsterseniz size bir çatalın nasıl kullanılacağını öğretebilirim.</Text>
		</Row>
		<Row Tag="LOC_DIPLO_FIRST_MEET_VISIT_RECIPIENT_LEADER_CLEOPATRA_ANY">
			<Text>Yakınlarda bir şehirim var. Ziyaret etmek ister misiniz? Size masa oyunumuzu tanıtmak isterim, adı Senet.</Text>
		</Row>
		<Row Tag="LOC_DIPLO_FIRST_MEET_VISIT_RECIPIENT_LEADER_BARBAROSSA_ANY">
			<Text>Kutsal Roma İmparatoru olarak, ülkemize hoş geldiniz diyorum. İsterseniz, şöhretime en yakın şehirde hayranlıkla bakabilirsiniz. Tabi yine bir isyan yoksa.</Text>
		</Row>
		<Row Tag="LOC_DIPLO_FIRST_MEET_VISIT_RECIPIENT_LEADER_GANDHI_ANY">
			<Text>En yakındaki şehrimizi ziyaret edin. Vedik şiirinin bilgeliğini dinleyebiliriz; Belki bir şeyler öğreniriz.</Text>
		</Row>
		<Row Tag="LOC_DIPLO_FIRST_MEET_VISIT_RECIPIENT_LEADER_GILGAMESH_ANY">
			<Text>İsterseniz, Sümer'in ihtişamını seyretmek sizi mutlu edecektir. Antik bir Sanat ve Bilim geleneği, Zigguratlar da muhteşem!</Text>
		</Row>
		<Row Tag="LOC_DIPLO_FIRST_MEET_VISIT_RECIPIENT_LEADER_GORGO_ANY">
			<Text>Yakınlarda bir şehirimiz var. Ziyaret edip, Canlandırıcı kara çorbamızın tadını çıkarmak ister misiniz?</Text>
		</Row>
		<Row Tag="LOC_DIPLO_FIRST_MEET_VISIT_RECIPIENT_LEADER_HARDRADA_ANY">
			<Text>Söyle bana dostum: yakınlardaki şehrimizi ziyaret etmek ister misin? Bilskirnir kadar olamaz, ama güzel.</Text>
		</Row>
		<Row Tag="LOC_DIPLO_FIRST_MEET_VISIT_RECIPIENT_LEADER_HOJO_ANY">
			<Text>Komşu şehirde oban için bana katılırsan, şeref duyarım. Denizanası salatası sever misin, ne dersin?</Text>
		</Row>
		<Row Tag="LOC_DIPLO_FIRST_MEET_VISIT_RECIPIENT_LEADER_PEDRO_ANY">
			<Text>Brezilya'ya gelin! Samba dans yapmayı biliyor musun? Önemli değil, ne olursa olsun Karnavalı seveceksiniz.</Text>
		</Row>
		<Row Tag="LOC_DIPLO_FIRST_MEET_VISIT_RECIPIENT_LEADER_PERICLES_ANY">
			<Text>Yakındaki metropolümüzü ziyaret etmek ister misiniz? Tiyatro keyfinden önce siyaset tartışabiliriz.</Text>
		</Row>
		<Row Tag="LOC_DIPLO_FIRST_MEET_VISIT_RECIPIENT_LEADER_PETER_GREAT_ANY">
			<Text>Hadi, sana yakınlardaki şehirimi göstereyim. Daha sonra kırsal kesimde güzel bir dacha'da top oyunlarına katılabiliriz.</Text>
		</Row>
		<Row Tag="LOC_DIPLO_FIRST_MEET_VISIT_RECIPIENT_LEADER_PHILIP_II_ANY">
			<Text>Boğa güreşi görmek ister misiniz? Bunun gibi bir gösteri yeryüzünde yok. Yakındaki şehre gelip kendiniz görün.</Text>
		</Row>
		<Row Tag="LOC_DIPLO_FIRST_MEET_VISIT_RECIPIENT_LEADER_QIN_ANY">
			<Text>Yakınlarda bir şehrimiz var. Ziyaret etmek ister misin? Heykeltıraşlarımız pişmiş toprakta oldukça iyi çalışıyor.</Text>
		</Row>
		<Row Tag="LOC_DIPLO_FIRST_MEET_VISIT_RECIPIENT_LEADER_SALADIN_ANY">
			<Text>Şehrimizin misafirperverliğini sunmaktan şeref duyarım: en güzel sanatlar, en hoş bayramlar ve gün boyunca duyulan melodik ezan. Ziyaret etmek ister misin?</Text>
		</Row>
		<Row Tag="LOC_DIPLO_FIRST_MEET_VISIT_RECIPIENT_LEADER_T_ROOSEVELT_ANY">
			<Text>Yakınlarda bir şehrimiz var. Ziyaret etmek ister misiniz? Sana şimdilerde çok popüler olan, doldurulmuş ayıları gösterebilirim.</Text>
		</Row>
		<Row Tag="LOC_DIPLO_FIRST_MEET_VISIT_RECIPIENT_LEADER_TOMYRIS_ANY">
			<Text>Yakınlarda bir şehirimiz var. Ziyaret etmek ister misiniz? Sana uyan şapkalarımızdan birini hediye edeceğiz.</Text>
		</Row>
		<Row Tag="LOC_DIPLO_FIRST_MEET_VISIT_RECIPIENT_LEADER_TRAJAN_ANY">
			<Text>İmparatorluğun elbette yakınında bir şehir vardır. Gelip görmek, güzelliğine teslim olmak ister misin?</Text>
		</Row>
		<Row Tag="LOC_DIPLO_FIRST_MEET_VISIT_RECIPIENT_LEADER_VICTORIA_ANY">
			<Text>Sizi İmparatorluğumuzu ziyaret etmeye davet etmek, bizim için fevkalade bir şereftir. Çok sayıda sömürgemiz olduğundan dolayı, bize ulaşmak çok da zor değil.</Text>
		</Row>
		<Row Tag="LOC_DIPLO_FIRST_MEET_VISIT_RECIPIENT_ANY_ANY">
			<Text>Yakınlarda bir şehrimiz var. Ziyaret etmek ister misiniz? Yaklaşan kutlamamıza katılabilirsin.</Text>
		</Row>
		<!-- Human Responses -->
		<Row Tag="LOC_DIPLO_CHOICE_FIRST_MEET_VISIT">
			<Text>Bize misafirperverliğini yaşatmaktan büyük mutluluk duyarız.</Text>
		</Row>
		<Row Tag="LOC_DIPLO_CHOICE_FIRST_MEET_DECLINE_VISIT">
			<Text>Üzgünüz, şimdilik olmaz.</Text>
		</Row>
		<Row Tag="LOC_DIPLO_CHOICE_FIRST_MEET_NEAR_INITIATOR_POSITIVE">
			<Text>Yakındaki şehrimizi ziyaret edip konukseverliğimizin keyfini çıkarmak ister misiniz?</Text>
		</Row>
		<Row Tag="LOC_DIPLO_CHOICE_FIRST_MEET_NEAR_INITIATOR_NO_HOSPITALITY">
			<Text>Tanıtım için teşekkürler, ama konukseverliğe ayıracak vaktimiz yok.</Text>
		</Row>
		<!-- AI accepts Human invitation -->
		<Row Tag="LOC_DIPLO_FIRST_MEET_NEAR_INITIATOR_POSITIVE_ANY_ANY">
			<Text>Her neyse, gelişen şehrinizi yakından görmek güzeldi.</Text>
		</Row>
		<Row Tag="LOC_DIPLO_FIRST_MEET_NEAR_INITIATOR_POSITIVE_LEADER_MVEMBA_ANY">
			<Text>Evet evet. Bu bizim için iyi oldu.</Text>
		</Row>
		<Row Tag="LOC_DIPLO_FIRST_MEET_NEAR_INITIATOR_POSITIVE_LEADER_CATHERINE_DE_MEDICI_ANY">
			<Text>Her neyse, gelişen şehrinizi yakından görmek güzeldi.</Text>
		</Row>
		<Row Tag="LOC_DIPLO_FIRST_MEET_NEAR_INITIATOR_POSITIVE_LEADER_CLEOPATRA_ANY">
			<Text>Çok güzel.</Text>
		</Row>
		<Row Tag="LOC_DIPLO_FIRST_MEET_NEAR_INITIATOR_POSITIVE_LEADER_BARBAROSSA_ANY">
			<Text>Teşekkürler, arkadaşım.</Text>
		</Row>
		<Row Tag="LOC_DIPLO_FIRST_MEET_NEAR_INITIATOR_POSITIVE_LEADER_GANDHI_ANY">
			<Text>Teşekkürler, arkadaşım.</Text>
		</Row>
		<Row Tag="LOC_DIPLO_FIRST_MEET_NEAR_INITIATOR_POSITIVE_LEADER_GILGAMESH_ANY">
			<Text>Evet, kabul ediyoruz.</Text>
		</Row>
		<Row Tag="LOC_DIPLO_FIRST_MEET_NEAR_INITIATOR_POSITIVE_LEADER_GORGO_ANY">
			<Text>Çok iyi.</Text>
		</Row>
		<Row Tag="LOC_DIPLO_FIRST_MEET_NEAR_INITIATOR_POSITIVE_LEADER_HARDRADA_ANY">
			<Text>Teşekkürler, arkadaşım.</Text>
		</Row>
		<Row Tag="LOC_DIPLO_FIRST_MEET_NEAR_INITIATOR_POSITIVE_LEADER_HOJO_ANY">
			<Text>Teşekkürler, arkadaşım.</Text>
		</Row>
		<Row Tag="LOC_DIPLO_FIRST_MEET_NEAR_INITIATOR_POSITIVE_LEADER_PEDRO_ANY">
			<Text>Evet. Sana minnettarım.</Text>
		</Row>
		<Row Tag="LOC_DIPLO_FIRST_MEET_NEAR_INITIATOR_POSITIVE_LEADER_PERICLES_ANY">
			<Text>Halk adına, evet.</Text>
		</Row>
		<Row Tag="LOC_DIPLO_FIRST_MEET_NEAR_INITIATOR_POSITIVE_LEADER_PETER_GREAT_ANY">
			<Text>Evet, güzel.</Text>
		</Row>
		<Row Tag="LOC_DIPLO_FIRST_MEET_NEAR_INITIATOR_POSITIVE_LEADER_PHILIP_II_ANY">
			<Text>Tanrı seni korusun.</Text>
		</Row>
		<Row Tag="LOC_DIPLO_FIRST_MEET_NEAR_INITIATOR_POSITIVE_LEADER_QIN_ANY">
			<Text>Bu kabul edilebilir.</Text>
		</Row>
		<Row Tag="LOC_DIPLO_FIRST_MEET_NEAR_INITIATOR_POSITIVE_LEADER_SALADIN_ANY">
			<Text>Kazançlı bir teklif. Allah seni bağışlasın.</Text>
		</Row>
		<Row Tag="LOC_DIPLO_FIRST_MEET_NEAR_INITIATOR_POSITIVE_LEADER_T_ROOSEVELT_ANY">
			<Text>Buna hayır diyemem.</Text>
		</Row>
		<Row Tag="LOC_DIPLO_FIRST_MEET_NEAR_INITIATOR_POSITIVE_LEADER_TOMYRIS_ANY">
			<Text>Çok güzel.</Text>
		</Row>
		<Row Tag="LOC_DIPLO_FIRST_MEET_NEAR_INITIATOR_POSITIVE_LEADER_TRAJAN_ANY">
			<Text>Bu kabul edilebilir.</Text>
		</Row>
		<Row Tag="LOC_DIPLO_FIRST_MEET_NEAR_INITIATOR_POSITIVE_LEADER_VICTORIA_ANY">
			<Text>Bunu kabul edilebilir bulduk.</Text>
		</Row>
		<!-- Human responses -->
		<Row Tag="LOC_DIPLO_CHOICE_NO_MANS_POSITIVE">
			<Text>Sizinle tanışmak bir şereftir.</Text>
		</Row>
		<Row Tag="LOC_DIPLO_CHOICE_NO_MANS_NO_EXCHANGE">
			<Text>Tanışmış olduk, ama şu aralar çok meşgulüz ve konuşmaya vaktimiz yok.</Text>
		</Row>
		<!-- AI invitation to exchange Capital Information -->
		<Row Tag="LOC_DIPLO_FIRST_MEET_NO_MANS_INFO_EXCHANGE_ANY_ANY">
			<Text>İkimiz yakın yerlerden gelmiyoruz, ama belki de kendi bölgelerimizi birbirimizin haritalarına işaretlemeliyiz?</Text>
		</Row>
		<Row Tag="LOC_DIPLO_FIRST_MEET_NO_MANS_INFO_EXCHANGE_LEADER_MVEMBA_ANY">
			<Text>Fikirlerimizi değiştirirken, bilgi alışverişinde bulunalım. Bana başkentinden bahset. Kutsal bir şehir midir?</Text>
		</Row>
		<Row Tag="LOC_DIPLO_FIRST_MEET_NO_MANS_INFO_EXCHANGE_LEADER_CATHERINE_DE_MEDICI_ANY">
			<Text>Mimariye hayranım. Söyle bana, başkentinizde zafer kemerleri mi yoksa büyük metal kuleler mi var?</Text>
		</Row>
		<Row Tag="LOC_DIPLO_FIRST_MEET_NO_MANS_INFO_EXCHANGE_LEADER_CLEOPATRA_ANY">
			<Text>Firavunların evi İskenderiye, benim yurdum. Bana başkentini anlatırsan, sana daha fazla şey anlatabilirim.</Text>
		</Row>
		<Row Tag="LOC_DIPLO_FIRST_MEET_NO_MANS_INFO_EXCHANGE_LEADER_BARBAROSSA_ANY">
			<Text>Size harika şehrimi göstereceğim, ama tek bir şartım var: sizi Almanya'nın güçlü arkadaşlığına nasıl ikna edeceğimi söylemeniz gerekli.</Text>
		</Row>
		<Row Tag="LOC_DIPLO_FIRST_MEET_NO_MANS_INFO_EXCHANGE_LEADER_GANDHI_ANY">
			<Text>Seyahatten zevk alıyorum, belki de bir gün başkentinizi ziyaret ederim. Uzak mı? Bana onu anlatır mısınız?</Text>
		</Row>
		<Row Tag="LOC_DIPLO_FIRST_MEET_NO_MANS_INFO_EXCHANGE_LEADER_GILGAMESH_ANY">
			<Text>Hiç kimse iznim olmadan Uruk'un duvarlarını geçemez, ancak başkentinin nerede olduğunu söylersen bunu anlatırım.</Text>
		</Row>
		<Row Tag="LOC_DIPLO_FIRST_MEET_NO_MANS_INFO_EXCHANGE_LEADER_GORGO_ANY">
			<Text>Başkentiniz nasıl? Anlat bana, bende sana Sparta'yı anlatacağım.</Text>
		</Row>
		<Row Tag="LOC_DIPLO_FIRST_MEET_NO_MANS_INFO_EXCHANGE_LEADER_HARDRADA_ANY">
			<Text>Çok uzaklara ve geniş topraklara seyahat ettim, ama başkentini hiç görmedim. Bana onu anlat.</Text>
		</Row>
		<Row Tag="LOC_DIPLO_FIRST_MEET_NO_MANS_INFO_EXCHANGE_LEADER_HOJO_ANY">
			<Text>Başkentim hakkında bilgi alışverişinde bulunmak istiyorum. Bizimki temiz bir topraktadır. Senin ki nasıl?</Text>
		</Row>
		<Row Tag="LOC_DIPLO_FIRST_MEET_NO_MANS_INFO_EXCHANGE_LEADER_PEDRO_ANY">
			<Text>Hadi nezaketle, Diplomatik alışveriş yapalım. Bana başkentinizi anlatın, ben de size anlatacağım.</Text>
		</Row>
		<Row Tag="LOC_DIPLO_FIRST_MEET_NO_MANS_INFO_EXCHANGE_LEADER_PERICLES_ANY">
			<Text>Atina olağanüstü bir metropol. Başkentin neye benziyor? Hadi, bilgi alışverişinde bulunalım.</Text>
		</Row>
		<Row Tag="LOC_DIPLO_FIRST_MEET_NO_MANS_INFO_EXCHANGE_LEADER_PETER_GREAT_ANY">
			<Text>Başkentlerimizle ilgili bilgi alışverişinde bulunmak ister misiniz? Benimki ilerleme yolunda, ama sizinkini bilmiyorum.</Text>
		</Row>
		<Row Tag="LOC_DIPLO_FIRST_MEET_NO_MANS_INFO_EXCHANGE_LEADER_PHILIP_II_ANY">
			<Text>Başkentimi anlatmamı ister misiniz? Madrid, şehirlerden en güzelidir. Sizin başkentinizde güzel mi?</Text>
		</Row>
		<Row Tag="LOC_DIPLO_FIRST_MEET_NO_MANS_INFO_EXCHANGE_LEADER_QIN_ANY">
			<Text>İhtişamımızın bir kısmını gördün. Başkentiniz bizimkinin yarısı kadar büyük mü?</Text>
		</Row>
		<Row Tag="LOC_DIPLO_FIRST_MEET_NO_MANS_INFO_EXCHANGE_LEADER_SALADIN_ANY">
			<Text>Hadi, başkentlerimiz hakkında bilgi alışverişi yapalım. Sizi, halkınızdan bahsetmeye davet ediyorum, ve ben de size anlatmaktan mutluluk duyarım.</Text>
		</Row>
		<Row Tag="LOC_DIPLO_FIRST_MEET_NO_MANS_INFO_EXCHANGE_LEADER_T_ROOSEVELT_ANY">
			<Text>Başkentim hakkında bilgi alışverişinde bulunmak istiyorum; Uluslarımız arasında serbest ticareti teşvik etmek ve dahası.</Text>
		</Row>
		<Row Tag="LOC_DIPLO_FIRST_MEET_NO_MANS_INFO_EXCHANGE_LEADER_TOMYRIS_ANY">
			<Text>Evet, halkım göçebe, ama yine de muhteşem bir başkentimiz var. Ya senin?</Text>
		</Row>
		<Row Tag="LOC_DIPLO_FIRST_MEET_NO_MANS_INFO_EXCHANGE_LEADER_TRAJAN_ANY">
			<Text>Bana başkentinizi anlatın. Kayıp Truvalılar tarafından mı kuruldu? Yoksa kurtlar tarafından yetiştirilen çocuklar tarafından mı?</Text>
		</Row>
		<Row Tag="LOC_DIPLO_FIRST_MEET_NO_MANS_INFO_EXCHANGE_LEADER_VICTORIA_ANY">
			<Text>Siyasi ilişkilerimiz adına, başkentiniz hakkında daha fazla bilgi edinmek istiyoruz... Tabi ki, bizimkilerle alakalı olarak.</Text>
		</Row>
		<Row Tag="LOC_DIPLO_CHOICE_FIRST_MEET_EXCHANGE_INFO">
			<Text>Başkentlerimizle alakalı bilgi alışverişi yapmak harika bir fikirdir. Ticaretin gelişmesine yardımcı olacaktır.</Text>
		</Row>
		<Row Tag="LOC_DIPLO_CHOICE_FIRST_MEET_DECLINE_INFO">
			<Text>Üzgünüm, şu anda bu bilgiyi paylaşamam.</Text>
		</Row>
	</BaseGameText>
</GameData>
