﻿<?xml version="1.0" encoding="utf-8"?>
<!-- edited with XMLSPY v2004 rel. 2 U (http://www.xmlspy.com) by Ed Beach (Firaxis Games) -->
<GameData>
	<BaseGameText>
		<!-- AI responses -->
		<Row Tag="LOC_DIPLO_WARNING_DONT_SETTLE_NEAR_ME_AI_RESPONSE_POSITIVE_ANY_ANY">
			<Text>Çok özür dilerim! Şehrin bu kadar çok yakın olduğunu fark etmemiştim.</Text>
		</Row>
		<Row Tag="LOC_DIPLO_WARNING_DONT_SETTLE_NEAR_ME_AI_RESPONSE_NEGATIVE_ANY_ANY">
			<Text>Halkımın topraklara ihtiyacı var. Buna sahip olamayacaklarını kime söyleyeceksin?</Text>
		</Row>
		<Row Tag="LOC_DIPLO_WARNING_DONT_SETTLE_NEAR_ME_AI_ANY_ANY">
			<Text>Halkınız çok yakınımıza yerleşiyor! Başka yerlerde toprak aramalısınız.</Text>
		</Row>
		<Row Tag="LOC_DIPLO_WARNING_DONT_SETTLE_NEAR_ME_HUMAN_RESPONSE_POSITIVE_ANY_ANY">
			<Text>Teşekkür ederim.</Text>
		</Row>
		<Row Tag="LOC_DIPLO_WARNING_DONT_SETTLE_NEAR_ME_HUMAN_RESPONSE_NEGATIVE_ANY_ANY">
			<Text>Ülkemize saygı duymazsan, bende sana saygı göstermem.</Text>
		</Row>

		<Row Tag="LOC_DIPLO_WARNING_TOO_MANY_TROOPS_NEAR_ME_AI_RESPONSE_POSITIVE_ANY_ANY">
			<Text>Özür dileriz, biz sadece rahatsızlık veren bazı barbarları arıyorduk.</Text>
		</Row>
		<Row Tag="LOC_DIPLO_WARNING_TOO_MANY_TROOPS_NEAR_ME_AI_RESPONSE_NEGATIVE_ANY_ANY">
			<Text>Birliklerimin etrafta dolanması hoşuma gidiyor, ne kadar güçlü olduğumu gösteriyorlar. Anladın mı?</Text>
		</Row>

		<Row Tag="LOC_DIPLO_WARNING_STOP_SPYING_ON_ME_AI_RESPONSE_POSITIVE_ANY_ANY">
			<Text>Evet, haklısın. Böyle hareketlere başvurduğum için pişmanım. Bir daha olmaz.</Text>
		</Row>
		<Row Tag="LOC_DIPLO_WARNING_STOP_SPYING_ON_ME_AI_RESPONSE_NEGATIVE_ANY_ANY">
			<Text>Ne Dedin! Sana böyle bir söz verdiğimi düşündüren şey nedir?</Text>
		</Row>

		<Row Tag="LOC_DIPLO_WARNING_STOP_DIGGING_UP_ARTIFACTS_AI_RESPONSE_POSITIVE_ANY_ANY">
		  <Text>Bu topraklarda hakkınız olduğunu fark etmemiştim. Bu basit bir hataydı.</Text>
		</Row>
		<Row Tag="LOC_DIPLO_WARNING_STOP_DIGGING_UP_ARTIFACTS_AI_RESPONSE_NEGATIVE_ANY_ANY">
		  <Text>Geçmişin gizemleri herkese serbesttir. Onlarda hak talep edemezsin!</Text>
		</Row>

		<Row Tag="LOC_DIPLO_WARNING_STOP_CONVERTING_MY_CITIES_AI_RESPONSE_POSITIVE_ANY_ANY">
		  <Text>İsteğinize saygı göstereceğim halde, yolunuzun hatalı olduğunu görmemeniz beni hayal kırıklığına uğratıyor.</Text>
		</Row>
		<Row Tag="LOC_DIPLO_WARNING_STOP_CONVERTING_MY_CITIES_AI_RESPONSE_NEGATIVE_ANY_ANY">
		  <Text>Hayır, hayır. Bu en iyisi için. Seni temin ederim ki, bunu göreceksin.</Text>
		</Row>
    
    <!-- AI warns player -->
		<Row Tag="LOC_DIPLO_WARNING_TOO_MANY_TROOPS_NEAR_ME_ANY_ANY">
			<Text>Sınırlarımın yakınında birliklerin dolanıyorlar. Umarım kırsal bölgelerimizin canlılığını görmek içindir.</Text>
		</Row>
		<Row Tag="LOC_DIPLO_WARNING_TOO_MANY_TROOPS_NEAR_ME_LEADER_MVEMBA_ANY">
			<Text>Ordun kapımızda. Kör olduğumuzu mu düşünüyorsun? Taşı onları, yoksa harekete geçmek zorunda kalacağız.</Text>
		</Row>
		<Row Tag="LOC_DIPLO_WARNING_TOO_MANY_TROOPS_NEAR_ME_LEADER_CATHERINE_DE_MEDICI_ANY">
			<Text>Sence zorla korkutabileceğini mi düşünüyorsun? Bu senin için hiç iyi olmaz.</Text>
		</Row>
		<Row Tag="LOC_DIPLO_WARNING_TOO_MANY_TROOPS_NEAR_ME_LEADER_CLEOPATRA_ANY">
			<Text>Ra'nın gözü gibi, her şeyi görüyorum. Sınırlarımda ki ordularını farketmeyeceğimi mi sandın? Onları hareket ettirmenizi öneriyorum.</Text>
		</Row>
		<Row Tag="LOC_DIPLO_WARNING_TOO_MANY_TROOPS_NEAR_ME_LEADER_BARBAROSSA_ANY">
			<Text>Ordun için kör olduğumuzu düşünüyorsan, safsın. Onları Almanya'dan uzaklaştır, ya da sonuçlarına katlanırsın.</Text>
		</Row>
		<Row Tag="LOC_DIPLO_WARNING_TOO_MANY_TROOPS_NEAR_ME_LEADER_GANDHI_ANY">
			<Text>Arkadaşım, lütfen askerlerini sınırlarımdan uzaklaştır. Benim gibi barışçıl bir adamı sinirlendiriyorlar.</Text>
		</Row>
		<Row Tag="LOC_DIPLO_WARNING_TOO_MANY_TROOPS_NEAR_ME_LEADER_GILGAMESH_ANY">
			<Text>Ordunuzu hareket ettirmezseniz, Gılgamış onları kendi elleriyle parçalara ayırır.</Text>
		</Row>
		<Row Tag="LOC_DIPLO_WARNING_TOO_MANY_TROOPS_NEAR_ME_LEADER_GORGO_ANY">
			<Text>Ordunuzu sınırlarımızdan götürün, yoksa biz onları sizin için götürürüz.</Text>
		</Row>
		<Row Tag="LOC_DIPLO_WARNING_TOO_MANY_TROOPS_NEAR_ME_LEADER_HARDRADA_ANY">
			<Text>Savaş için aç mısın? Birliklerini görmek istemediğimi söylediğimi hatırlamıyorum.</Text>
		</Row>
		<Row Tag="LOC_DIPLO_WARNING_TOO_MANY_TROOPS_NEAR_ME_LEADER_HOJO_ANY">
			<Text>Vurmak istemiyorsan, bıçağını gösterme. Askerlerinizi derhal topraklarımızdan uzaklaştırın.</Text>
		</Row>
		<Row Tag="LOC_DIPLO_WARNING_TOO_MANY_TROOPS_NEAR_ME_LEADER_PEDRO_ANY">
			<Text>Sınırlarımın yakınında birliklerin dolanıyorlar. Umarım kırsal bölgelerimizin canlılığını görmek içindir.</Text>
		</Row>
		<Row Tag="LOC_DIPLO_WARNING_TOO_MANY_TROOPS_NEAR_ME_LEADER_PERICLES_ANY">
			<Text>Bizi ordun ile korkutmaya çalışıyorsan, işe yaramıyor. Onları hareket ettirin yoksa sonuçlarına katlanırsınız.</Text>
		</Row>
		<Row Tag="LOC_DIPLO_WARNING_TOO_MANY_TROOPS_NEAR_ME_LEADER_PETER_GREAT_ANY">
			<Text>Ordunuz sınırlarımı tehdit ediyor… Burada oturup, hiçbir şey yapmayacağımı mı bekliyorsun?</Text>
		</Row>
		<Row Tag="LOC_DIPLO_WARNING_TOO_MANY_TROOPS_NEAR_ME_LEADER_PHILIP_II_ANY">
			<Text>Askerlerini sınırlarımda tutmanın herhangi bir etkisi olmayacağını düşünme. Onları hemen ordan götür.</Text>
		</Row>
		<Row Tag="LOC_DIPLO_WARNING_TOO_MANY_TROOPS_NEAR_ME_LEADER_QIN_ANY">
			<Text>Ordunuzun herhangi bir sürpriz için avantajı kalmadı. Kuvvetlerinizi geri çekin ve stratejinizi yeniden düşünün.</Text>
		</Row>
		<Row Tag="LOC_DIPLO_WARNING_TOO_MANY_TROOPS_NEAR_ME_LEADER_SALADIN_ANY">
			<Text>Önümdeki ordunu görmemek için, kör olmam gerekli. Lütfen onları sınırlarımızdan uzaklaştırın, yoksa... Savaşmayı mı düşünüyorsun?</Text>
		</Row>
		<Row Tag="LOC_DIPLO_WARNING_TOO_MANY_TROOPS_NEAR_ME_LEADER_T_ROOSEVELT_ANY">
			<Text>Birlikleriniz sınırlarımıza çok yaklaştı ve dürüstlüğünüzden şüphelenmeye başladım.</Text>
		</Row>
		<Row Tag="LOC_DIPLO_WARNING_TOO_MANY_TROOPS_NEAR_ME_LEADER_TOMYRIS_ANY">
			<Text>Sınırlarımın yakınında birliklerin dolanıyorlar. Umarım kırsal bölgelerimizin canlılığını görmek içindir.</Text>
		</Row>
		<Row Tag="LOC_DIPLO_WARNING_TOO_MANY_TROOPS_NEAR_ME_LEADER_TRAJAN_ANY">
			<Text>Askerlerinizin işgalci olarak görünmesi, sadece birkaç adım uzaklıkta. Onları sınırlarımızdan bir an önce uzaklaştırın!</Text>
		</Row>
		<Row Tag="LOC_DIPLO_WARNING_TOO_MANY_TROOPS_NEAR_ME_LEADER_VICTORIA_ANY">
			<Text>Ordunuz, sınırlarımızda hoş karşılanmıyor. Onları derhal uzaklaştırın.</Text>
		</Row>
		<Row Tag="LOC_DIPLO_WARNING_TOO_MANY_TROOPS_NEAR_ME_HUMAN_RESPONSE_POSITIVE_ANY_ANY">
			<Text>Teşekkürler.</Text>
		</Row>

		<Row Tag="LOC_DIPLO_WARNING_STOP_SPYING_ON_ME_LEADER_ANY_ANY">
		  <Text>Bana karşı casusluk yapacak kadar düşebileceğini, bilmeliydim! Casuslarınızı derhal uzaklaştırın!</Text>
		</Row>
		<Row Tag="LOC_DIPLO_WARNING_STOP_SPYING_ON_ME_HUMAN_RESPONSE_POSITIVE_ANY_ANY">
		  <Text>Teşekkür ederim.</Text>
		</Row>
		<Row Tag="LOC_DIPLO_WARNING_STOP_SPYING_ON_ME_HUMAN_RESPONSE_NEGATIVE_ANY_ANY">
		  <Text>Şerefimi iki paralık ettiğinizi daima hatırlayacağım. Bundan emin olabilirsiniz!</Text>
		</Row>

		<Row Tag="LOC_DIPLO_WARNING_STOP_DIGGING_UP_ARTIFACTS_LEADER_ANY_ANY">
		  <Text>Kültürel tarihimizi yokedemezsiniz. Topraklarımızdan uzak dur!</Text>
		</Row>
		<Row Tag="LOC_DIPLO_WARNING_STOP_DIGGING_UP_ARTIFACTS_HUMAN_RESPONSE_POSITIVE_ANY_ANY">
		  <Text>Teşekkür ederim.</Text>
		</Row>
		<Row Tag="LOC_DIPLO_WARNING_STOP_DIGGING_UP_ARTIFACTS_HUMAN_RESPONSE_NEGATIVE_ANY_ANY">
		  <Text>Ülkemize saygı duymazsanız, size saygı duymayacağız.</Text>
		</Row>

		<Row Tag="LOC_DIPLO_WARNING_STOP_CONVERTING_MY_CITIES_LEADER_ANY_ANY">
		  <Text>Vaizleriniz ülkemizde hoş karşılanmıyor. Onları hemen çıkarmanızı rica ediyorum.</Text>
		</Row>
		<Row Tag="LOC_DIPLO_WARNING_STOP_CONVERTING_MY_CITIES_HUMAN_RESPONSE_POSITIVE_ANY_ANY">
		  <Text>Teşekkür ederim.</Text>
		</Row>
		<Row Tag="LOC_DIPLO_WARNING_STOP_CONVERTING_MY_CITIES_HUMAN_RESPONSE_NEGATIVE_ANY_ANY">
		  <Text>Sizi temin ederim ki, sonuçları olacaktır ... Hemen olmazsa bile, belki sonra.</Text>
		</Row>

		<!-- Human Choices -->
		<Row Tag="LOC_DIPLO_WARNING_DONT_SETTLE_NEAR_ME_CHOICE_NEGATIVE">
			<Text>Halkım canı neresini isterse, oraya yerleşebilir!</Text>
		</Row>
		<Row Tag="LOC_DIPLO_WARNING_DONT_SETTLE_NEAR_ME_CHOICE_POSITIVE">
			<Text>Affedersiniz, gelecekte başka yerlere yerleşeceğim.</Text>
		</Row>

		<Row Tag="LOC_DIPLO_WARNING_TOO_MANY_TROOPS_NEAR_ME_CHOICE_NEGATIVE">
			<Text>Endişelenmekte haklısın.(Savaş İlanı)!</Text>
		</Row>
		<Row Tag="LOC_DIPLO_WARNING_TOO_MANY_TROOPS_NEAR_ME_CHOICE_POSITIVE">
			<Text>Birliklerim kazayla oradan geçiyor.</Text>
		</Row>

		<Row Tag="LOC_DIPLO_WARNING_STOP_SPYING_ON_ME_CHOICE_NEGATIVE">
		  <Text>Buna söz veremem.</Text>
		</Row>
		<Row Tag="LOC_DIPLO_WARNING_STOP_SPYING_ON_ME_CHOICE_POSITIVE">
		  <Text>Özür dilerim, derhal operasyonları durduracağım.</Text>
		</Row>

		<Row Tag="LOC_DIPLO_WARNING_STOP_DIGGING_UP_ARTIFACTS_CHOICE_NEGATIVE">
		  <Text>Tarih üstünde hak talep edemezsin. İstediğim yeri kazıyacağım.</Text>
		</Row>
		<Row Tag="LOC_DIPLO_WARNING_STOP_DIGGING_UP_ARTIFACTS_CHOICE_POSITIVE">
		  <Text>Özür dilerim, arkeologlarımı başka yerlere götüreceğim.</Text>
		</Row>

		<Row Tag="LOC_DIPLO_WARNING_STOP_CONVERTING_MY_CITIES_CHOICE_NEGATIVE">
		  <Text>Eğer Tanrı'nın isteğiyle, halkınız inancımızın yolundaysa, kim beni durdurabilir?</Text>
		</Row>
		<Row Tag="LOC_DIPLO_WARNING_STOP_CONVERTING_MY_CITIES_CHOICE_POSITIVE">
		  <Text>Üzgünüm, halkımın hoş karşılanacağını düşündüm. Yanılmışım.</Text>
		</Row>
    
		<!-- Confirmation of War -->
		<Row Tag="LOC_DIPLO_WARNING_DECLARE_WAR_FROM_UNIT_ATTACK_INFO">
			<Text>Bu hamle ile bir savaş başlatacak {1_CivName}!</Text>
		</Row>
		<Row Tag="LOC_DIPLO_WARNING_DECLARE_WAR_FROM_UNIT_ATTACK_INFO_MULTIPLE">
			<Text>Bu hamle ile bir savaş başlatacak:</Text>
		</Row>
		<Row Tag="LOC_DIPLO_WARNING_STRIKE_OWN_TERRITORY">
			<Text>Bu hareketi gerçekleştirmek, topraklarında bir saldırı başlatacak!</Text>
		</Row>
		<Row Tag="LOC_DIPLO_WARNING_STRIKE_AFFECTS_ALLY">
			<Text>Bu saldırı, müttefiklerinizden birinin tepkisine neden olacaktır.</Text>
		</Row>
		<Row Tag="LOC_DIPLO_WARNING_BLIND_ATTACK">
			<Text>Bu gizli saldırıyı yapmak, istenmeyen sonuçlara yol açabilir!</Text>
		</Row>
		<Row Tag="LOC_DIPLO_WARNING_DECLARE_WAR_FROM_UNIT_ATTACK_CONFIRMATION">
		  <Text>Bunu yapmak istediğinden emin misin?</Text>
		</Row>
	</BaseGameText>
</GameData>
