<?xml version="1.0" encoding="utf-8"?>
<GameData>
	<EnglishText>
		<!-- Name and Description-->
		<Row Tag="LOC_TSLEARTH_NAME">
			<Text>Gerçek Dünya Konumları</Text>
		</Row>
		<Row Tag="LOC_TSLEARTH_DESCRIPTION">
			<Text>Medeniyetler, Dünya haritasında tarihi başkentlerinin bulunduğu yerde başlar.</Text>
		</Row>
		<Row Tag="LOC_EARTH_MAP_STANDARD_NAME">
			<Text>Dünya</Text>
		</Row>
		<Row Tag="LOC_EARTH_MAP_STANDARD_DESCRIPTION">
			<Text>Kaynaklar, arazi ve tarihi yerlerini yansıtan özellikleri ile Dünya gösterimi.</Text>
		</Row>
	</EnglishText>
</GameData>
