<?xml version="1.0" encoding="utf-8"?>
<!-- edited with XMLSPY v2004 rel. 2 U (http://www.xmlspy.com) by matthew beach (Firaxis Games) -->
<GameData>
	<BaseGameText>
		<!-- Natural Wonders -->
		<Row Tag="LOC_UI_FEATURE_NATURAL_WONDER_DISCOVERY">
			<Text>Doğal Harika Keşfedildi</Text>
		</Row>
		<Row Tag="LOC_FEATURE_NATURAL_WONDER_DESCRIPTION">
			<Text>Doğal harika keşfi Kaşif'e bonus deneyimi kazandırır. Doğal harikalar ayrıca bitişik Kutsal Site Bölgelerine bir bonus verir. Tüm bitişik peteklere +2 Caziplik verir.</Text>
		</Row>
		<Row Tag="LOC_FEATURE_BARRIER_REEF_DESCRIPTION">
			<Text>Kıyılarda bulunan 2 petekli Doğal Harikalar, +3 [ICON_Food] Yiyecek ve +2 [ICON_Science] Bilim sağlar.</Text>
		</Row>
		<Row Tag="LOC_FEATURE_CLIFFS_DOVER_DESCRIPTION">
			<Text>2 petekli Doğal Harikadır. Su ile bitişik uçurumlarda görülür ve +3 [ICON_Culture] Kültür ve +2 [ICON_Gold] Altın sağlar.</Text>
		</Row>
		<Row Tag="LOC_FEATURE_CRATER_LAKE_DESCRIPTION">
			<Text>1 petekli Doğal Harikadır. Göl gibi görünür ve +4 [ICON_Faith] İnanç, +1 [ICON_Science] Bilim ve Temiz Su sağlar.</Text>
		</Row>
		<Row Tag="LOC_FEATURE_DEAD_SEA_DESCRIPTION">
			<Text>2 petekli Doğal Harikadır. Göl gibi görünür ve +2 [ICON_Faith] İnanç, +2 [ICON_Culture] Kültür ve Temiz Su sağlar. Birimler Ölü Deniz'in bitişiğindeki bir petekte ki turda iyileştirilirse, tamamen iyileşirler.</Text>
		</Row>
		<Row Tag="LOC_FEATURE_EVEREST_DESCRIPTION">
			<Text>3 petekli aşılamaz Doğal Harika. Dağ gibi görünür ve bitişik peteklere +1 [ICON_Faith] İnanç sağlar. Everest Dağının yanına taşınan dini birimler oyunun geri kalan bolumu boyunca tepeleri gormezlikten gelir</Text>
		</Row>
		<Row Tag="LOC_FEATURE_GALAPAGOS_DESCRIPTION">
			<Text>2 petekli aşılamaz Doğal Harika. Kıyı alanında görülür ve bitişik peteklere +2 [ICON_Science] Bilim sağlar.</Text>
		</Row>
		<Row Tag="LOC_FEATURE_KILIMANJARO_DESCRIPTION">
			<Text>1 petekli aşılamaz Doğal Harika. Dağ gibi görünür ve bitişik peteklere +2 [ICON_Food] Gıda sağlar.</Text>
		</Row>
		<Row Tag="LOC_FEATURE_PANTANAL_DESCRIPTION">
			<Text>4 petekli Doğal Harikadır. Bataklık gibi görünür ve +2 [ICON_Food] Gıda ve +2 [ICON_Culture] Kültür sağlar.</Text>
		</Row>
		<Row Tag="LOC_FEATURE_PIOPIOTAHI_DESCRIPTION">
			<Text>3 petekli aşılamaz Doğal Harika.. Bitişik peteklere +1 [ICON_Culture] Kültür ve +1 [ICON_Gold] Altın sağlar.</Text>
		</Row>
		<Row Tag="LOC_FEATURE_TORRES_DEL_PAINE_DESCRIPTION">
			<Text>2 petekli aşılamaz Doğal Harika. Tüm bitişik peteklerin arazi verimliliğini iki katına çıkarır.</Text>
		</Row>
		<Row Tag="LOC_FEATURE_TSINGY_DESCRIPTION">
			<Text>1 petekli aşılamaz Doğal Harika. Bitişik peteklere +1 [ICON_Culture] Kültür ve +1 [ICON_Science] Bilim sağlar.</Text>
		</Row>
		<Row Tag="LOC_FEATURE_YOSEMITE_DESCRIPTION">
			<Text>2 petekli aşılamaz Doğal Harika. Bitişik peteklere +1 [ICON_Gold] Altın ve +1 [ICON_Science] Bilim sağlar.</Text>
		</Row>
	</BaseGameText>
</GameData>
