﻿<?xml version="1.0" encoding="utf-8"?>
<GameData>
	<FrontEndText>
		<Row Tag="LOC_PLAY_MULTIPLAYER_HAVE_CLOUD_NOTIFY">
			<Text>[ICON_Exclamation] Çok Oyunculu</Text>
		</Row>
		<Row Tag="LOC_PLAY_MULTIPLAYER_UNSEEN_COMPLETE_GAME">
			<Text>[ICON_Exclamation] Çok Oyunculu</Text>
		</Row>
		<Row Tag="LOC_PLAY_MULTIPLAYER_NEW_MP_MODE">
			<Text>[ICON_Exclamation] Çok Oyunculu</Text>
		</Row>
		<Row Tag="LOC_MULTIPLAYER_CLOUD_GAME">
			<Text>Bulut Oyunu</Text>
		</Row>
		<Row Tag="LOC_MULTIPLAYER_CLOUD_GAME_HAVE_CLOUD_NOTIFY">
			<Text>[ICON_Exclamation] Bulut Oyunu</Text>
		</Row>
		<Row Tag="LOC_MULTIPLAYER_CLOUD_UNSEEN_COMPLETE_GAME">
			<Text>[ICON_Exclamation] Bulut Oyunu</Text>
		</Row>
		<Row Tag="LOC_MULTIPLAYER_CLOUD_NEW_MODE">
			<Text>[ICON_Exclamation] Bulut Oyunu</Text>
		</Row>
		<Row Tag="LOC_MULTIPLAYER_CLOUD_GAME_TT">
			<Text>Bulutta depolanacak ve tüm oyuncularla paylaşılacak, eşzamansız bir çok oyunculu oyun oyna. Uygarlık sunucularına aktif bağlantı gerektirir.</Text>
		</Row>
		<Row Tag="LOC_MULTIPLAYER_CLOUD_GAME_NO_LOGIN_TT">
			<Text>Medeniyet sunucularına giriş yapılmadı.</Text>
		</Row>
		<Row Tag="LOC_MULTIPLAYER_CLOUD_GAME_HAVE_TURN_TT">
			<Text>Bir Bulut Oyunu oyununda sıra sizde.</Text>
		</Row>
		<Row Tag="LOC_MULTIPLAYER_CLOUD_GAME_GAME_READY_TT">
			<Text>Bulut Oyunu oyunlarınızdan biri başlamaya hazır.</Text>
		</Row>
		<Row Tag="LOC_MULTIPLAYER_CLOUD_UNSEEN_COMPLETE_GAME_TT">
			<Text>Bulut Oyunu oyunlarınızdan biri yakın zamanda tamamlandı.</Text>
		</Row>
		<Row Tag="LOC_MULTIPLAYER_CLOUD_GAME_NEW_MODE_TT">
			<Text>Yeni çok oyunculu modu kullanılabilir!</Text>
		</Row>
		<Row Tag="LOC_PLAYBYCLOUD_REMOTE_READY_POPUP_TITLE">
			<Text>Oynamaya Hazır</Text>
		</Row>
		<Row Tag="LOC_PLAYBYCLOUD_REMOTE_READY_POPUP_TEXT">
			<Text>Bu oyunda hazırsın. Sıra size geldiğinde ana menü ve Bulut Oyunu lobisinde bilgilendirileceksiniz. Bu oyundan güvenle çıkıp ek tekoyuncu veya çokoyuncu oyunlar oynayabilirsiniz.</Text>
		</Row>
		<Row Tag="LOC_PLAYBYCLOUD_REMOTE_READY_POPUP_OK">
			<Text>TAMAM</Text>
		</Row>
		<Row Tag="LOC_PLAYBYCLOUD_REMOTE_READY_POPUP_LOBBY_EXIT">
			<Text>LOBİ ÇIKIŞI</Text>
		</Row>
		<Row Tag="LOC_MULTIPLAYER_CLOUD_LOBBY">
			<Text>Bulut Oyunu</Text>
		</Row>
		<!-- Cloud Game Screen -->
		<Row Tag="LOC_MULTIPLAYER_CLOUD_LIST">
			<Text>Liste</Text>
		</Row>
		<Row Tag="LOC_MULTIPLAYER_CLOUD_TEMPLATE">
			<Text>Şablon</Text>
		</Row>
		<Row Tag="LOC_MULTIPLAYER_CLOUD_HOST">
			<Text>Kurucu</Text>
		</Row>
		<Row Tag="LOC_MULTIPLAYER_CLOUD_JOIN">
			<Text>Katıl</Text>
		</Row>
		<Row Tag="LOC_MULTIPLAYER_CLOUD_START">
			<Text>Başlat</Text>
		</Row>
		<Row Tag="LOC_LOBBY_MY_GAMES">
			<Text>Oyunlarım</Text>
		</Row>
		<Row Tag="LOC_LOBBY_MY_GAMES_TT">
			<Text>Bulunduğunuz aktif oyunları görüntüleyin.</Text>
		</Row>
		<Row Tag="LOC_LOBBY_OPEN_GAMES">
			<Text>Oyunları Aç</Text>
		</Row>
		<Row Tag="LOC_LOBBY_OPEN_GAMES_TT">
			<Text>Katılabilecek herkese açık oyunları gösterin.</Text>
		</Row>
		<Row Tag="LOC_LOBBY_COMPLETED_GAMES">
			<Text>Tamamlanan Oyunlar</Text>
		</Row>
		<Row Tag="LOC_LOBBY_COMPLETED_GAMES_TT">
			<Text>Tamamladığınız oyunların geçmişini görüntüleyin.</Text>
		</Row>
		<Row Tag="LOC_LOBBY_COMPLETED_GAMES_UNSEEN">
			<Text>[ICON_Exclamation] Tamamlanan Oyunlar</Text>
		</Row>
		<Row Tag="LOC_LOBBY_COMPLETED_GAMES_UNSEEN_TT">
			<Text>Bulut Oyunu oyunlarınızdan biri yakın zamanda tamamlandı.[NEWLINE][NEWLINE]Tamamladığınız oyunların geçmişini görüntüleyin.</Text>
		</Row>
		<Row Tag="LOC_LOBBY_GAME_YOUR_TURN_TOOLTIP">
			<Text>Bu oyunda senin sıran.</Text>
		</Row>
		<Row Tag="LOC_LOBBY_GAME_GAME_READY_TOOLTIP">
			<Text>Bu oyun başlamaya hazır.</Text>
		</Row>
		<Row Tag="LOC_LOBBY_GAME_UNSEEN_COMPLETE_TOOLTIP">
			<Text>Bu oyun yakın zamanda tamamlandı.</Text>
		</Row>
		<Row Tag="LOC_LOBBY_GAME_CLOUD_PLAYER_TURN_TOOLTIP">
			<Text>Bu oyunda {1_playerName} sırası geliyor.</Text>
		</Row>
		<Row Tag="LOC_LOBBY_GAME_NAME_YOUR_TURN">
			<Text>[ICON_Exclamation] {1_gameName}</Text>
		</Row>
		<Row Tag="LOC_LOBBY_GAME_NAME_UNSEEN_COMPLETE">
			<Text>[ICON_Exclamation] {1_gameName}</Text>
		</Row>
		<Row Tag="LOC_SETUP_ERROR_PLAYBYCLOUD_REMOTE_READY">
			<Text>Oyuna Başlamak için Bekliyor</Text>
		</Row>
		<Row Tag="LOC_SETUP_ERROR_PLAYBYCLOUD_REMOTE_READY_TT">
			<Text>Oyuna ev sahibinin başlaması bekleniyor.</Text>
		</Row>
		<Row Tag="LOC_READY_BLOCKED_NOT_ENOUGH_HUMANS">
			<Text>İnsan Oyuncuları Yeterli Değil</Text>
		</Row>
		<Row Tag="LOC_READY_BLOCKED_NOT_ENOUGH_HUMANS_TT">
			<Text>Oyuna başlayamazsın. Başlamak için iki insan oyuncu gerekir.</Text>
		</Row>
		<Row Tag="LOC_MAINMENU_MULTIPLAYER_HAVE_CLOUD_TURN_TT">
			<Text>Bir Bulut Oyunu oyununda sıra sizde.</Text>
		</Row>
		<Row Tag="LOC_MAINMENU_MULTIPLAYER_GAME_READY_TT">
			<Text>Bulut Oyunu oyunlarınızdan biri başlamaya hazır.</Text>
		</Row>
		<Row Tag="LOC_MAINMENU_MULTIPLAYER_UNSEEN_COMPLETE_GAME_TT">
			<Text>Bulut Oyunu oyunlarınızdan biri yakın zamanda tamamlandı.</Text>
		</Row>
		<Row Tag="LOC_MAINMENU_MULTIPLAYER_NEW_MP_MODE_TT">
			<Text>Yeni multiplayer modu mevcut!</Text>
		</Row>
		<Row Tag="LOC_MAINMENU_MULTIPLAYER_BASE_TT">
			<Text>Bulut Oyunu, İnternet, ağ ve sıcak koltuk maçları buraya ayarlanabilir veya katılabilir.</Text>
		</Row>
		<Row Tag="LOC_MULTIPLAYER_PITBOSS_LOBBY">
			<Text>PITBOSS OYUNLARI</Text>
		</Row>
		<Row Tag="LOC_MULTIPLAYER_PITBOSS_GAME">
			<Text>Pitboss</Text>
		</Row>
		<Row Tag="LOC_MULTIPLAYER_PITBOSS_GAME_TT">
			<Text>Özel bir sunucunun uzun bir süre boyunca oyunu kontrol ettiği çok oyunculu bir oyun oyna.</Text>
		</Row>
		<!-- Multiplayer Joining Room Screen -->
		<Row Tag="LOC_MP_ROOM_TOO_MANY_MATCHES">
			<Text>Oyuna katılamıyor. Zaten izin verilen maksimum aktif Bulut Oyunu oyunundasınız.</Text>
		</Row>
		<Row Tag="LOC_MP_ROOM_TOO_MANY_MATCHES_TITLE">
			<Text>Çok Fazla Eşleşme</Text>
		</Row>
		<!-- Lobby Screen -->
		<Row Tag="LOC_MULTIPLAYER_PLAY_GAME">
			<Text>Oyun Oyna</Text>
		</Row>
		<Row Tag="LOC_MULTIPLAYER_PLAY_GAME_TT">
			<Text>Zaten katıldığınız çok oyunculu bir oyuna devam edin.</Text>
		</Row>
		<!-- Join Code Popup  -->
		<Row Tag="LOC_JOIN_CODE_POPUP_TITLE">
			<Text>Katılma Koduna Göre Katıl</Text>
		</Row>
		<Row Tag="LOC_JOIN_CODE_POPUP_TEXT">
			<Text>Katılma Kodu kullanarak bir oyuna katılın. Join Code, oyunun Staging Room'un Oyun Özeti sekmesinde bulunabilir. Birleştirme Kodları büyük / küçük harf duyarlıdır.</Text>
		</Row>
		<Row Tag="LOC_JOIN_CODE_POPUP_EDITBOX">
			<Text>Katılma Kodu:</Text>
		</Row>
		<Row Tag="LOC_JOIN_CODE_POPUP_CANCEL">
			<Text>İptal</Text>
		</Row>
		<!-- Staging Room -->
		<Row Tag="LOC_START_WAITING_FOR_TURN">
			<Text>Tur için Bekliyor</Text>
		</Row>
		<Row Tag="LOC_START_WAITING_FOR_TURN_TT">
			<Text>Mevcut oyun dünyasını gözlemlemek için tıklayın.</Text>
		</Row>
		<Row Tag="LOC_MULTIPLAYER_QUIT_GAME">
			<Text>ÇIK</Text>
		</Row>
		<Row Tag="LOC_GAME_MENU_QUIT_GAME_TITLE">
			<Text>Oyundan Çık</Text>
		</Row>		
		<Row Tag="LOC_GAME_MENU_QUIT_GAME_WARNING">
			<Text>Bu çok oyunculu oyundan çıkmak istediğinize emin misiniz? İlerlemenizi kaybedecek ve bu oyundan kaldırılacaksınız.</Text>
		</Row>
		<Row Tag="LOC_MULTIPLAYER_QUITING_GAME_TITLE">
			<Text>Oyundan Çık</Text>
		</Row>
		<Row Tag="LOC_MULTIPLAYER_QUITING_GAME_PROMPT">
			<Text>Oyundan Çıkılıyor...</Text>
		</Row>
		<Row Tag="LOC_MULTIPLAYER_QUITING_GAME_FAIL_TITLE">
			<Text>Çıkış Hatası</Text>
		</Row>
		<Row Tag="LOC_MULTIPLAYER_QUITING_GAME_FAIL">
			<Text>Oyundan çıkarken hata.</Text>
		</Row>
		<Row Tag="LOC_MULTIPLAYER_QUITING_GAME_FAIL_ACCEPT">
			<Text>Tamam</Text>
		</Row>
		<Row Tag="LOC_STAGING_ROOM_JOIN_CODE">
			<Text>Katılma Kodu:</Text>
		</Row>
		<Row Tag="LOC_GAME_MENU_END_GAME_TITLE">
			<Text>Oyunu Sil</Text>
		</Row>
		<Row Tag="LOC_GAME_MENU_END_GAME_WARNING">
			<Text>Bu çok oyunculu oyunu silmek istediğinden emin misin? Bu, bu oyunu tüm oyuncular için sonlandıracak.</Text>
		</Row>
		<!-- Options Screen -->
		<Row Tag="LOC_OPTIONS_WEBHOOK_URL">
			<Text>Bulut Oyunu Webhook URL'si:</Text>
		</Row>
		<Row Tag="LOC_OPTIONS_WEBHOOK_FREQ">
			<Text>Bulut Oyunu Webhook Frekansı:</Text>
		</Row>
		<Row Tag="LOC_OPTIONS_WEBHOOK_MODE">
			<Text>Bulut Oyunu Modu:</Text>
		</Row>
		<Row Tag="LOC_OPTIONS_WEBHOOK_MODE_TOOLTIP">
			<Text>Mod A - IFTTT ile uyumlu[NEWLINE]JSON Yük Değişkenleri[NEWLINE][ICON_Bullet]"value1" = Oyun Adı[NEWLINE][ICON_Bullet]"value2" = Oyuncu Adı[NEWLINE][ICON_Bullet]"value3" = Oyun Tur[NEWLINE]Mod B - Discord ile uyumlu[NEWLINE]JSON Yük Değişkenleri[NEWLINE][ICON_Bullet]"content" = Bildirim Mesajı</Text>
		</Row>
		<Row Tag="LOC_WEBHOOK_FREQ_MY_TURN">
			<Text>Benim Tur</Text>
		</Row>
		<Row Tag="LOC_WEBHOOK_FREQ_EVERY_TURN">
			<Text>Her Tur</Text>
		</Row>
		<Row Tag="LOC_WEBHOOK_PAYLOAD_MODE_A">
			<Text>Mod A</Text>
		</Row>
		<Row Tag="LOC_WEBHOOK_PAYLOAD_MODE_B">
			<Text>Mod B</Text>
		</Row>
		
		<!-- PlayByCloud Notification Reminder Popup -->
		<Row Tag="LOC_PBC_NOTIFY_REMINDER_TITLE">
			<Text>Bildirimlerinizi ayarlayın!</Text>
		</Row>
		<Row Tag="LOC_PBC_OVERVIEW_DESC">
			<Text>Bulut Oyunu, tüm oyuncuların, barındırılan bir sunucuda depolanan ortak bir kaydetme oyununda sıralarını aldıkları asenkron bir çok oyunculu formattır. Bu, arkadaşlar arasında ortak bir kaydetme dosyası bulunan bir disket paylaşmanın eski uygulaması olan “kaydetme oyununu geçmek” için daha modern bir versiyondur (“disket” kavramına aşina değilseniz, lütfen saygıdeğer bir yetişkine danışın saygıdeğer yaş.][NEWLINE][NEWLINE]Bir Bulut Oyunu oyunu, her oyuncu kendilerine uygun bir zamanda sırasını alırken uzun sürebilir (gün veya hafta sırasına göre). Çalma sırası geldiğinde bildirim alacaksınız. Steam etkinse bir Steam bildirimi görebilir veya web kancalarını kullanabilirsiniz. Web kancaları, teknik olarak eğimli olanların diğer mesajlaşma servislerine, e-postalara veya İnternet’in İnternet aygıtlarına entegre edebileceği genel bir mesaj biçimidir. oyunu devam ettir.[NEWLINE][NEWLINE]Eski zamanlarda, oyuncular ahlaki olarak disketi yolsuzluklardan korumak zorunda kalıyorlardı, usulsüz oyuncular kaçınılmaz bir durumdayken tasarruf oyununu “kaybediyor”. Bulut Oyunu bu rezil davranışı ortadan kaldırıyor.</Text>
		</Row>
		<Row Tag="LOC_PBC_NOTIFY_REMINDER_DESC">
			<Text>Bulut Oyunu maçına başlamadan önce bildirimleri etkinleştirmenizi tavsiye ederiz.[NEWLINE][NEWLINE]Sid Meier’in Medeniyeti VI dışında bildirimleri almak üzere yapılandırılmış bildirimleriniz olmalıdır.</Text>
		</Row>
		<Row Tag="LOC_DO_NOT_REMIND_ALT">
			<Text>Hatırlatma</Text>
		</Row>
		<Row Tag="LOC_DO_NOT_REMIND_ALT_TT">
			<Text>Bu hatırlatıcıyı bir daha asla gösterme.</Text>
		</Row>
		<Row Tag="LOC_DO_NOT_REMIND">
			<Text>Bunu tekrar gösterme</Text>
		</Row>
		<Row Tag="LOC_DO_NOT_REMIND_TT">
			<Text>Bu hatırlatıcıyı bir daha asla gösterme.</Text>
		</Row>
	</FrontEndText>
</GameData>