<?xml version="1.0" encoding="utf-8"?>
<!-- edited with XMLSPY v2004 rel. 2 U (http://www.xmlspy.com) by Anton Strenger (Firaxis Games) -->
<GameData>
	<BaseGameText>
		<!-- UI -->
		<Row Tag="LOC_GREATPERSON_ACTION_NAME_DEFAULT">
			<Text>Aktif Etki</Text>
		</Row>
		<Row Tag="LOC_GREATPERSON_ACTION_NAME_CREATE_GREAT_WORK">
			<Text>Basyapıt Yap</Text>
		</Row>
		<Row Tag="LOC_GREATPERSON_ACTION_NAME_FOUND_RELIGION">
			<Text>Din Bulundu</Text>
		</Row>
		<Row Tag="LOC_GREATPERSON_ACTION_NAME_RETIRE">
			<Text>Emeklilik Etkisi</Text>
		</Row>
		<Row Tag="LOC_GREATPERSON_ACTION_CHARGES">
			<Text>{1_ChargeAmount} {1_ChargeAmount : plural 1?Charge; other?Charges;}</Text>
		</Row>
		<Row Tag="LOC_GREATPERSON_ACTION_USAGE_FOUND_RELIGION">
			<Text>Bir Kutsal Site bölgesinde veya Asılı Taslar'da etkinlestirin.</Text>
		</Row>
		<Row Tag="LOC_GREATPERSON_ACTION_USAGE_CREATE_GREAT_WORK">
			<Text>Bir Bölgede veya kullanılabilir Basyapıt slotu olan bir Harika'da etkinlestirin.</Text>
		</Row>
		<Row Tag="LOC_GREATPERSON_ACTION_USAGE_ON_UNOWNED_TILE">
			<Text>Hiçbir sahibi olmayan bir petek üzerinde etkinlestirin.</Text>
		</Row>
		<Row Tag="LOC_GREATPERSON_ACTION_USAGE_DOES_NOT_NEED_OWNED_TILE">
			<Text>Sahip olmadıgınız petekler üzerinde etkinlestirebilirsiniz.</Text>
		</Row>
		<Row Tag="LOC_GREATPERSON_ACTION_USAGE_ON_OWNED_TILE">
			<Text>Sahip oldugunuz bir petek üzerinde etkinlestirin.</Text>
		</Row>
		<Row Tag="LOC_GREATPERSON_ACTION_USAGE_ADJACENT_BARBARIAN_UNIT">
			<Text>Barbar birliklerinin yanında etkinlestirin.</Text>
		</Row>
		<Row Tag="LOC_GREATPERSON_ACTION_USAGE_ADJACENT_MOUNTAIN">
			<Text>Dag yanında etkinlestirin.</Text>
		</Row>
		<Row Tag="LOC_GREATPERSON_ACTION_USAGE_ADJACENT_TO_OWNED_TILE">
			<Text>Sahip oldugunuz bir petegin yanında etkinlestirin.</Text>
		</Row>
		<Row Tag="LOC_GREATPERSON_ACTION_USAGE_CITY_GREAT_WORK_OBJECT">
			<Text>{LOC_GRAMMAR_A_AN_WITH_ICON &lt;&lt; {1_GreatWorkObjectTypeName} &lt;&lt; {2_IconString}} Basyapıta sahip bir sehirde etkinlestirin.</Text>
		</Row>
		<Row Tag="LOC_GREATPERSON_ACTION_USAGE_ON_COMPLETED_DISTRICT">
			<Text>{1_DistrictName} Bölgesinde etkinlestirin.</Text>
		</Row>
		<Row Tag="LOC_GREATPERSON_ACTION_USAGE_ON_INCOMPLETE_SPACE_RACE_PROJECT">
			<Text>Uzay Yarısı projesi insa edilirken etkinlestirin.</Text>
		</Row>
		<Row Tag="LOC_GREATPERSON_ACTION_USAGE_ON_INCOMPLETE_WONDER">
			<Text>Bir Harika insa edilirken etkinlestirin.</Text>
		</Row>
		<Row Tag="LOC_GREATPERSON_ACTION_USAGE_ON_MILITARY_LAND_UNIT">
			<Text>Bir Askeri Kara birimi petegi üstünde etkinlestirin.</Text>
		</Row>
		<Row Tag="LOC_GREATPERSON_ACTION_USAGE_ON_MILITARY_SEA_UNIT">
			<Text>Bir Askeri Deniz birimi petegi üstünde etkinlestirin.</Text>
		</Row>
		<Row Tag="LOC_GREATPERSON_ACTION_USAGE_ON_MILITARY_AIR_UNIT">
			<Text>Bir Askeri Hava birimi petegi üstünde etkinlestirin</Text>
		</Row>
		<Row Tag="LOC_GREATPERSON_ACTION_USAGE_NO_MILITARY_UNIT">
			<Text>Askeri birime sahip olmayan bir petek üzerinde etkinlestirin.</Text>
		</Row>
		<Row Tag="LOC_GREATPERSON_ACTION_USAGE_ON_OR_ADJACENT_TO_FEATURE">
			<Text>{1_FeatureName} petegi üzerinde veya yanında etkinlestirin.</Text>
		</Row>
		<Row Tag="LOC_GREATPERSON_ACTION_USAGE_ON_OR_ADJACENT_TO_NATURAL_WONDER">
			<Text>Dogal Harika üzerinde veya yanında etkinlestirin.</Text>
		</Row>
		<Row Tag="LOC_GREATPERSON_ACTION_USAGE_ON_UNIT_STANDARD_MILITARY_FORMATION">
			<Text>Kolordu veya Ordu olmayan bir Askeri birim üstünde etkinlestirin.</Text>
		</Row>
		<Row Tag="LOC_GREATPERSON_ACTION_USAGE_ON_UNIT_CORPS_MILITARY_FORMATION">
			<Text>Bir Kolordu askeri birimi üzerinde etkinlestirin.</Text>
		</Row>
		<Row Tag="LOC_GREATPERSON_ACTION_USAGE_ON_UNIT_ARMY_MILITARY_FORMATION">
			<Text>Ordu askeri birliginde harekete geç.</Text>
		</Row>
		<Row Tag="LOC_GREATPERSON_ACTION_USAGE_ON_UNIT_STANDARD_MILITARY_FORMATION_SEA">
			<Text>Filo veya Armada olmayan bir askeri birlikte harekete geç.</Text>
		</Row>
		<Row Tag="LOC_GREATPERSON_ACTION_USAGE_ON_UNIT_CORPS_MILITARY_FORMATION_SEA">
			<Text>Bir Filo askeri birliginde harekete geç.</Text>
		</Row>
		<Row Tag="LOC_GREATPERSON_ACTION_USAGE_ON_UNIT_ARMY_MILITARY_FORMATION_SEA">
			<Text>Bir armada askeri biriminde harekete geçir.</Text>
		</Row>
		<Row Tag="LOC_GREATPERSON_ACTION_USAGE_ON_LUXURY_RESOURCE">
			<Text>Bir Lüks kaynak üzerinde etkinlestirin</Text>
		</Row>
		<Row Tag="LOC_GREATPERSON_ACTION_USAGE_ANYWHERE">
			<Text>Herhangi bir petek üzerinde etkinlestirin.</Text>
		</Row>
		<Row Tag="LOC_GREATPERSON_ACTION_USAGE_OPEN_PLAYER_RELIC_SLOT">
			<Text>Sehirlerinizden birinde [ICON_GreatWork_Relic] Kutsal Emanet Basyapıtı slotuna sahip olmalısınız.</Text>
		</Row>
		<Row Tag="LOC_GREATPERSON_ACTION_USAGE_ON_MISSING_BUILDING">
			<Text>Sehir, {1_BuildingName} binasına sahip degil.</Text>
		</Row>
		<Row Tag="LOC_GREATPERSON_ACTION_USAGE_GOLD_COST">
			<Text>islem maliyeti {1_GoldAmount} [ICON_Gold] Altın.</Text>
		</Row>
		<Row Tag="LOC_GREATPERSON_ACTION_EFFECT_FOUND_RELIGION">
			<Text>Bir Din Bulundu ve bu sehirde Kutsal Site kurdu.</Text>
		</Row>
		<Row Tag="LOC_GREATPERSON_ACTION_EFFECT_GREAT_WORK_OBJECT">
			<Text>{1_GreatWorkName} ({2_GreatWorkObjectIconString} {3_GreatWorkObjectName}).</Text>
		</Row>
		<Row Tag="LOC_GREATPERSON_PASSIVE_NAME_DEFAULT">
			<Text>Pasif Etki</Text>
		</Row>
		<!-- Shared by Multiple Classes -->
		<Row Tag="LOC_GREATPERSON_GOLD">
			<Text>Hemen {Amount} {YieldType} kazanın.</Text>
		</Row>
		<Row Tag="LOC_GREATPERSON_COMPUTERSTECHBOOST">
			<Text>Bilgisayar teknolojisi için [ICON_TechBoosted] Aydınlanma anını tetikler.</Text>
		</Row>
		<Row Tag="LOC_GREATPERSON_1MODERNTECHBOOST">
			<Text>Modern Çagdan rastgele {Amount} teknoloji için [ICON_TechBoosted] Aydınlanma anını tetikler.</Text>
		</Row>
		<!-- Generals -->
		<Row Tag="LOC_GREATPERSON_COMBAT_STRENGTH_AOE_LAND_MODIFIER">
			<Text>Büyük General'den +5 [ICON_Strength] Saldırı Bonusu.</Text>
		</Row>
		<Row Tag="LOC_GREATPERSON_COMBAT_STRENGTH_AOE_SEA_MODIFIER">
			<Text>Büyük Amiral'den +5 [ICON_Strength] Saldırı Bonusu</Text>
		</Row>
		<Row Tag="LOC_ABILITY_GREAT_GENERAL_MOVEMENT_DESCRIPTION">
			<Text>Büyük General'den +1 [ICON_Movement] Hareket.</Text>
		</Row>
		<Row Tag="LOC_ABILITY_GREAT_ADMIRAL_MOVEMENT_DESCRIPTION">
			<Text>Büyük Amiral'den +1 [ICON_Movement] Hareket.</Text>
		</Row>
		<Row Tag="LOC_GREATPERSON_COMBAT_STRENGTH_AOE_CLASSICAL_LAND">
			<Text>Klasik ve Ortaçag döneminde 2 petek içinde ki kara birliklerine +5 [ICON_Strength] Saldırı Bonusu ve +1 [ICON_Movement] Hareket.</Text>
		</Row>
		<Row Tag="LOC_GREATPERSON_COMBAT_STRENGTH_AOE_MEDIEVAL_LAND">
			<Text>Ortaçag ve Rönesans döneminde 2 petek içinde ki kara birliklerine +5 [ICON_Strength] Saldırı Bonusu ve +1 [ICON_Movement] Hareket.</Text>
		</Row>
		<Row Tag="LOC_GREATPERSON_COMBAT_STRENGTH_AOE_RENAISSANCE_LAND">
			<Text>Rönesans ve Endüstri döneminde 2 petek içinde ki kara birliklerine +5 [ICON_Strength] Saldırı Bonusu ve +1 [ICON_Movement] Hareket.</Text>
		</Row>
		<Row Tag="LOC_GREATPERSON_COMBAT_STRENGTH_AOE_INDUSTRIAL_LAND">
			<Text>Endüstri ve Modern Çag döneminde 2 petek içinde ki kara birliklerine +5 [ICON_Strength] Saldırı Bonusu ve +1 [ICON_Movement] Hareket.</Text>
		</Row>
		<Row Tag="LOC_GREATPERSON_COMBAT_STRENGTH_AOE_MODERN_LAND">
			<Text>Modern Çag ve Atom Çagı döneminde 2 petek içinde ki kara birliklerine +5 [ICON_Strength] Saldırı Bonusu ve +1 [ICON_Movement] Hareket.</Text>
		</Row>
		<Row Tag="LOC_GREATPERSON_COMBAT_STRENGTH_AOE_ATOMIC_LAND">
			<Text>Atom Çagı ve Bilgi Çagı döneminde 2 petek içinde ki kara birliklerine +5 [ICON_Strength] Saldırı Bonusu ve +1 [ICON_Movement] Hareket.</Text>
		</Row>
		<Row Tag="LOC_GREATPERSON_COMBAT_STRENGTH_AOE_INFORMATION_LAND">
			<Text>Bilgi Çagı döneminde 2 petek içinde ki kara birliklerine +5 [ICON_Strength] Saldırı Bonusu ve +1 [ICON_Movement] Hareket.</Text>
		</Row>
		<Row Tag="LOC_GREATPERSON_BOUDICA_ACTIVE">
			<Text>Komsu Barbar birliklerini kontrolünüze geçirin.</Text>
		</Row>
		<Row Tag="LOC_GREATPERSON_HANNIBAL_BARCA_ACTIVE">
			<Text>Askeri kara birimine 1 promosyon rütbesi verilir.</Text>
		</Row>
		<Row Tag="LOC_GREATPERSON_AETHELFLAED_ACTIVE">
			<Text>Anında bir sövalye birimi olusturur.</Text>
		</Row>
		<Row Tag="LOC_GREATPERSON_EL_CID_ACTIVE">
			<Text>Bir Askeri Kara biriminden Kolordu kurar.</Text>
		</Row>
		<Row Tag="LOC_GREATPERSON_GENGHIS_KHAN_ACTIVE">
			<Text>Askeri bir kara birimine 1 promosyon rütbesi ve + %25 savas deneyimi kazandırır.</Text>
		</Row>
		<Row Tag="LOC_GREATPERSON_GUSTAVUS_ADOLPHUS_ACTIVE">
			<Text>1 yetenek rütbesine sahip bir Sahi Topu birimi olusturur.</Text>
		</Row>
		<Row Tag="LOC_GREATPERSON_JOAN_OF_ARC_ACTIVE">
			<Text>Bir [ICON_GreatWork_Relic] Kutsal Emanet olusturur.</Text>
		</Row>
		<Row Tag="LOC_GREATPERSON_ANA_NZINGA_ACTIVE">
			<Text>{Amount} [ICON_Envoy] Elçi kazanır.</Text>
		</Row>
		<Row Tag="LOC_GREATPERSON_NAPOLEON_BONAPARTE_ACTIVE">
			<Text>Askeri birimden bir Ordu kurar.</Text>
		</Row>
		<Row Tag="LOC_GREATPERSON_RANI_LAKSHMIBAI_ACTIVE">
			<Text>Anında 1 promosyon rütbesine sahip bir Süvari birimi olusturur.</Text>
		</Row>
		<Row Tag="LOC_GREATPERSON_SIMON_BOLIVAR_ACTIVE">
			<Text>{Amount} [ICON_Envoy] Elçi kazanır.</Text>
		</Row>
		<Row Tag="LOC_GREATPERSON_JOHN_MONASH_ACTIVE">
			<Text>Bir Askeri Kara birimine 1 promosyon rütbesi ve + %75 savas deneyimi kazandırır.</Text>
		</Row>
		<Row Tag="LOC_GREATPERSON_MARINA_RASKOVA_ACTIVE">
			<Text>Bu Petekteki bölge 1 hava birimi slotu kazanır.</Text>
		</Row>
		<Row Tag="LOC_GREATPERSON_SAMORI_TURE_ACTIVE">
			<Text>Anında 1 promosyon rütbesine sahip bir Piyade birimi olusturulur.</Text>
		</Row>
		<Row Tag="LOC_GREATPERSON_DWIGHT_EISENHOWER_ACTIVE">
			<Text>Askeri birliklere yönelik + %5 [ICON_Production] Üretim.</Text>
		</Row>
		<Row Tag="LOC_GREATPERSON_GEORGY_ZHUKOV_ACTIVE">
			<Text>Tüm Kara birimleri için + %50 komsu bonusu.</Text>
		</Row>
		<Row Tag="LOC_GREATPERSON_SUDIRMAN_ACTIVE">
			<Text>Bir Askeri kara birimine 1 promosyon rütbesi ve + %100 savas deneyimi kazandırır.</Text>
		</Row>
		<Row Tag="LOC_GREATPERSON_DOUGLAS_MACARTHUR_ACTIVE">
			<Text>Hemen 1 promosyon rütbesine sahip bir Tank birimi olusturur.</Text>
		</Row>
		<Row Tag="LOC_GREATPERSON_AHMAD_SHAH_MASSOUD_ACTIVE">
			<Text>Anında 1 promosyon rütbesine sahip, bir Modern TankSavar birimi olusturulur.</Text>
		</Row>
		<Row Tag="LOC_GREATPERSON_VIJAYA_WIMALARATNE_ACTIVE">
			<Text>Bir Askeri kara birimine 1 promosyon rütbesi ve + %100 savas deneyimi kazandırır.</Text>
		</Row>
		<!-- Admirals -->
		<Row Tag="LOC_GREATPERSON_COMBAT_STRENGTH_AOE_CLASSICAL_SEA">
			<Text>Klasik ve Ortaçag döneminde 2 petek içinde ki deniz birimlerine +5 [ICON_Strength] Saldırı Bonusu ve +1 [ICON_Movement] Hareket.</Text>
		</Row>
		<Row Tag="LOC_GREATPERSON_COMBAT_STRENGTH_AOE_MEDIEVAL_SEA">
			<Text>Ortaçag ve Rönesans döneminde 2 petek içinde ki deniz birliklerine +5 [ICON_Strength] Saldırı Bonusu ve +1 [ICON_Movement] Hareket.</Text>
		</Row>
		<Row Tag="LOC_GREATPERSON_COMBAT_STRENGTH_AOE_RENAISSANCE_SEA">
			<Text>Rönesans ve Endüstri döneminde 2 petek içinde ki deniz birliklerine +5 [ICON_Strength] Saldırı Bonusu ve +1 [ICON_Movement] Hareket.</Text>
		</Row>
		<Row Tag="LOC_GREATPERSON_COMBAT_STRENGTH_AOE_INDUSTRIAL_SEA">
			<Text>Endüstri ve Modern Çag döneminde 2 petek içinde ki deniz birliklerine +5 [ICON_Strength] Saldırı Bonusu ve +1 [ICON_Movement] Hareket.</Text>
		</Row>
		<Row Tag="LOC_GREATPERSON_COMBAT_STRENGTH_AOE_MODERN_SEA">
			<Text>Modern Çag ve Atom Çagı döneminde 2 petek içinde ki deniz birliklerine +5 [ICON_Strength] Saldırı Bonusu ve +1 [ICON_Movement] Hareket.</Text>
		</Row>
		<Row Tag="LOC_GREATPERSON_COMBAT_STRENGTH_AOE_ATOMIC_SEA">
			<Text>Atom Çagı ve Bilgi Çagı döneminde 2 petek içinde ki deniz birliklerine +5 [ICON_Strength] Saldırı Bonusu ve +1 [ICON_Movement] Hareket.</Text>
		</Row>
		<Row Tag="LOC_GREATPERSON_COMBAT_STRENGTH_AOE_INFORMATION_SEA">
			<Text>Bilgi Çagı döneminde 2 petek içinde ki deniz birliklerine +5 [ICON_Strength] Saldırı Bonusu ve +1 [ICON_Movement] Hareket.</Text>
		</Row>
		<Row Tag="LOC_GREATPERSON_ARTEMISIA_ACTIVE">
			<Text>Bir Askeri deniz birimine 1 promosyon rütbesi verilir.</Text>
		</Row>
		<Row Tag="LOC_GREATPERSON_GAIUS_DUILIUS_ACTIVE">
			<Text>Bir Askeri Deniz birliginden bir Filo kurar.</Text>
		</Row>
		<Row Tag="LOC_GREATPERSON_THEMISTOCLES_ACTIVE">
			<Text>Anında Kuadrirem birimi olusturur.</Text>
		</Row>
		<Row Tag="LOC_GREATPERSON_LEIF_ERIKSON_ACTIVE">
			<Text>Tüm Deniz birliklerinin, okyanus peteklerini gerekli olan teknoloji olmadan geçmesine izin verir.</Text>
		</Row>
		<Row Tag="LOC_GREATPERSON_RAJENDRA_CHOLA_ACTIVE">
			<Text>50 [ICON_Gold] Altın (Standart hızda) kazanın. Askeri birlikler deniz [ICON_TradeRoute] Ticaret Rotalarının yagmalanmasından dolayı + %40 ödül kazanırlar.</Text>
		</Row>
		<Row Tag="LOC_GREATPERSON_ZHENG_HE_ACTIVE">
			<Text>{Amount} [ICON_Envoy] Elçi kazanır.</Text>
		</Row>
		<Row Tag="LOC_GREATPERSON_FRANCIS_DRAKE_ACTIVE">
			<Text>75 [ICON_Gold] Altın (Standart hızda) kazanın. Askeri birlikler deniz [ICON_TradeRoute] Ticaret Rotalarının yagmalanmasından dolayı + %50 ödül kazanırlar.</Text>
		</Row>
		<Row Tag="LOC_GREATPERSON_SANTA_CRUZ_ACTIVE">
			<Text>Askeri bir deniz birliginden bir donanma olusturur.</Text>
		</Row>
		<Row Tag="LOC_GREATPERSON_YI_SUN_SIN_ACTIVE">
			<Text>Hemen 1 promosyon rütbesine sahip bir Zırhlı Gemi birimi olusturur.</Text>
		</Row>
		<Row Tag="LOC_GREATPERSON_CHING_SHIH_ACTIVE">
			<Text>100 [ICON_Gold] Altın (Standart hızda) kazanın. Askeri birlikler deniz [ICON_TradeRoute] Ticaret Rotalarının yagmalanmasından dolayı + %60 ödül kazanırlar.</Text>
		</Row>
		<Row Tag="LOC_GREATPERSON_HORATIO_NELSON_ACTIVE">
			<Text>Tüm deniz birimleri için %50 komsu bonusu.</Text>
		</Row>
		<Row Tag="LOC_GREATPERSON_LASKARINA_BOUBOULINA_ACTIVE">
			<Text>Bir askeri deniz birimine 1 promosyon rütbesi ve %50 savas deneyimi kazandırır.</Text>
		</Row>
		<Row Tag="LOC_GREATPERSON_FRANZ_VON_HIPPER_ACTIVE">
			<Text>Anında 1 promosyon rütbesine sahip bir Krüvazör birimi yaratır.</Text>
		</Row>
		<Row Tag="LOC_GREATPERSON_JOAQUIM_MARQUES_LISBOA_ACTIVE">
			<Text>Her zamankinden %25 daha az Savas Yorgunluguna sahip olun.</Text>
		</Row>
		<Row Tag="LOC_GREATPERSON_TOGO_HEIHACHIRO_ACTIVE">
			<Text>Bir askeri deniz birimine 1 promosyon rütbesi ve %75 savas deneyimi kazandırırır.</Text>
		</Row>
		<Row Tag="LOC_GREATPERSON_CHESTER_NIMITZ_ACTIVE">
			<Text>Deniz Korsan promosyonları sınıfına ait birimlere yönelik + %20 [ICON_Production] Üretim.</Text>
		</Row>
		<Row Tag="LOC_GREATPERSON_GRACE_HOPPER_ACTIVE">
			<Text>Atom ve Bilgi Çagından rastgele {Amount} teknoloji için [ICON_TechBoosted] Aydınlanma anını tetikler.</Text>
		</Row>
		<Row Tag="LOC_GREATPERSON_SERGEY_GORSHKOV_ACTIVE">
			<Text>Bir askeri deniz birimine 1 promosyon rütbesi ve %100 savas deneyimi kazandırır.</Text>
		</Row>
		<Row Tag="LOC_GREATPERSON_CLANCY_FERNANDO_ACTIVE">
			<Text>Bir askeri deniz birimine 1 promosyon rütbesi ve %200 savas deneyimi kazandırır.</Text>
		</Row>
		<!-- Engineers -->
		<Row Tag="LOC_GREATPERSON_EXTRA_DISTRICT_CAPACITY">
			<Text>Bu sehrin nüfus limitinin izin verdiginden daha fazla Bölge insa etmesini saglar.</Text>
		</Row>
		<Row Tag="LOC_GREATPERSON_PRINTINGTECHBOOST">
			<Text>Baskı Teknolojisi için [ICON_TechBoosted] Aydınlama anını tetikler.</Text>
		</Row>
		<Row Tag="LOC_GREATPERSON_GRANT_PRODUCTION_IN_CITY_MEDIEVAL">
			<Text>Bir Harika yapıya yönelik, {Amount} [ICON_Production] Üretim.</Text>
		</Row>
		<Row Tag="LOC_GREATPERSON_JAMES_OF_ST_GEORGE_ACTIVE">
			<Text>Bu sehirde hemen Antik ve Ortaçag Duvarları insa eder.</Text>
		</Row>
		<Row Tag="LOC_GREATPERSON_GRANT_PRODUCTION_IN_CITY_RENAISSANCE">
			<Text>Harika Yapılara yönelik {Amount} [ICON_Production] Üretim.</Text>
		</Row>
		<Row Tag="LOC_GREATPERSON_WORKSHOP_CULTURE">
			<Text>Atölyeler + {Amount} [ICON_Culture] Kültür saglar.</Text>
		</Row>
		<Row Tag="LOC_GREATPERSON_CITY_HOUSING_SMALL">
			<Text>Bu sehir için + {Amount} [ICON_Housing] Konut.</Text>
		</Row>
		<Row Tag="LOC_GREATPERSON_CITY_AMENITIES_SMALL">
			<Text>Bu sehir için +{Amount} [ICON_Amenities] İmkan.</Text>
		</Row>
		<Row Tag="LOC_GREATPERSON_GRANT_PRODUCTION_IN_CITY_INDUSTRIAL">
			<Text>Harika Yapılara yönelik {Amount} [ICON_Production] Üretim.</Text>
		</Row>
		<Row Tag="LOC_GREATPERSON_JAMES_WATT_ACTIVE">
			<Text>Bu bölgede anında bir Fabrika ve Atölye kurar. Fabrikalar +2 [ICON_Production] Üretim saglar.</Text>
		</Row>
		<Row Tag="LOC_GREATPERSON_CITY_APPEAL_SMALL">
			<Text>Bu sehir, sahip oldugunuz herhangi bir petege + {Amount} Cazibe saglar.</Text>
		</Row>
		<Row Tag="LOC_GREATPERSON_EXTRA_REGIONAL_BUILDING_RANGE">
			<Text>Bu Bölgedeki bölgesel binalar, {Amount} petek daha uzaga ulasır.</Text>
		</Row>
		<Row Tag="LOC_GREATPERSON_EXTRA_REGIONAL_BUILDING_PRODUCTION">
			<Text>Bu Bölgedeki bölgesel binalar, + {Amount} [ICON_Production] Üretim saglar.</Text>
		</Row>
		<Row Tag="LOC_GREATPERSON_SPACE_RACE_PRODUCTION_RATE_SMALL">
			<Text>Uzay Yarısı projelerine yönelik + %{Amount} [ICON_Production] Üretim.</Text>
		</Row>
		<Row Tag="LOC_GREATPERSON_ROCKETRYTECHBOOST">
			<Text>Füze Bilimi Teknolojisi için [ICON_TechBoosted] Aydınlanma anını tetikler.</Text>
		</Row>
		<Row Tag="LOC_GREATPERSON_CITY_HOUSING_MEDIUM">
			<Text>Bu sehir için +{Amount} [ICON_Housing] Konut.</Text>
		</Row>
		<Row Tag="LOC_GREATPERSON_CITY_HOUSING_LARGE">
			<Text>Bu sehir için +{Amount} [ICON_Housing] Konut.</Text>
		</Row>
		<Row Tag="LOC_GREATPERSON_CITY_AMENITIES_LARGE">
			<Text>Bu sehir için +{Amount} [ICON_Amenities] İmkan.</Text>
		</Row>
		<Row Tag="LOC_GREATPERSON_GRANT_PRODUCTION_IN_CITY_EARLY_SPACE_RACE">
			<Text>Uzay Yarısı projesinin yapımına yönelik, {Miktar} [ICON_Production] Üretim.</Text>
		</Row>
		<Row Tag="LOC_GREATPERSON_CITY_APPEAL_LARGE">
			<Text>Bu sehrin sahip oldugu herhangi bir petege + {Amount} Cazibe.</Text>
		</Row>
		<Row Tag="LOC_GREATPERSON_EXTRA_REGIONAL_BUILDING_ENTERTAINMENT">
			<Text>Bu Bölgenin bölgesel binaları, {Amount} [ICON_Amenities] İmkan saglar.</Text>
		</Row>
		<Row Tag="LOC_GREATPERSON_GRANT_PRODUCTION_IN_CITY_INFORMATION">
			<Text>Harika Yapılara yönelik {Amount} [ICON_Production] Üretim.</Text>
		</Row>
		<!-- Merchants -->
		<Row Tag="LOC_GREATPERSON_GRANT_PLOT_RESOURCE">
			<Text>Bu petek üzerindeki Lüks kaynagın {Amount} kopyasını ücretsiz olarak [ICON_Capital] Baskent'inize verir.</Text>
		</Row>
		<Row Tag="LOC_GREATPERSON_FAITH_SMALL">
			<Text>{Amount} [ICON_Faith] İnanç.</Text>
		</Row>
		<Row Tag="LOC_GREATPERSON_GRANT_PLOT">
			<Text>En yakın sehir bu petegi kendi topraklarına ekler.</Text>
		</Row>
		<Row Tag="LOC_GREATPERSON_GOLD_TINY">
			<Text>{Amount : number #} [ICON_Gold] Altın.</Text>
		</Row>
		<Row Tag="LOC_GREATPERSON_ZHANG_QIAN_ACTIVE">
			<Text>[ICON_TradeRoute] Ticaret Yolu kapasitesini 1 artırır. Bu sehire giden yabancı [ICON_TradeRoute] Ticaret yollarından, her iki sehire +2 [ICON_Gold] Altın kazandırır.</Text>
		</Row>
		<Row Tag="LOC_GREATPERSON_MARCO_POLO_ACTIVE">
			<Text>Bu sehire ücretsiz bir Ticaret birimi verir ve [ICON_TradeRoute] Ticaret Yolu kapasitesini 1 arttırır. Bu sehire giden yabancı [ICON_TradeRoute] Ticaret yollarından, her iki sehire +2 [ICON_Gold] Altın kazandırır.</Text>
		</Row>
		<Row Tag="LOC_GREATPERSON_GOLD_TO_INCOMING_FOREIGN_ROUTES">
			<Text>Bu sehir, yabancı [ICON_TradeRoute] Ticaret yollarına + {Amount} [ICON_Gold] Altın kazandırır.</Text>
		</Row>
		<Row Tag="LOC_GREATPERSON_GOLD_FROM_INCOMING_FOREIGN_ROUTES">
			<Text>Bu sehire, yabancı [ICON_TradeRoute] Ticaret yollarından + {Amount} [ICON_Gold] Altın kazandırır.</Text>
		</Row>
		<Row Tag="LOC_GREATPERSON_FREE_TRADER_UNIT">
			<Text>Bu sehire ücretsiz bir Ticaret birimi verir.</Text>
		</Row>
		<Row Tag="LOC_GREATPERSON_EXTRA_TRADE_ROUTE_CAPACITY">
			<Text>[ICON_TradeRoute] Ticaret Yolu kapasitesini {Amount} artırır.</Text>
		</Row>
		<Row Tag="LOC_GREATPERSON_GOLD_SMALL">
			<Text>{Amount : number #} [ICON_Gold] Altın.</Text>
		</Row>
		<Row Tag="LOC_GREATPERSON_INFLUENCE_TOKENS_SMALL">
			<Text>{Amount} [ICON_Envoy] Elçi.</Text>
		</Row>
		<Row Tag="LOC_GREATPERSON_GIOVANNI_DE_MEDICI_ACTIVE">
			<Text>Bu bölgede anında bir Banka ve Pazar kurar. Banka, her seye uygun 2 adet Basyapıt Slotu saglar.</Text>
		</Row>
		<Row Tag="LOC_GREATPERSON_MARKET">
			<Text>Bu bölgede anında bir Pazar olusturur.</Text>
		</Row>
		<Row Tag="LOC_GREATPERSON_BANK">
			<Text>Bu bölgede anında bir Banka kurulur.</Text>
		</Row>
		<Row Tag="LOC_GREATPERSON_BANK_GREAT_WORK_SLOTS">
			<Text>Bu Banka, [ICON_GreatWork_Relic] Kutsal Emanet'ler hariç herhangi bir seyi için {Amount} Basyapıt slotu saglar.</Text>
		</Row>
		<Row Tag="LOC_GREATPERSON_GOLD_MEDIUM">
			<Text>{Amount : number #} [ICON_Gold] Altın.</Text>
		</Row>
		<Row Tag="LOC_GREATPERSON_INFLUENCE_TOKENS_MEDIUM">
			<Text>{Amount} [ICON_Envoy] Elçi.</Text>
		</Row>
		<Row Tag="LOC_GREATPERSON_DOMESTIC_ROUTE_GOLD_PER_SPECIALTY_DISTRICT">
			<Text>Kendi sehirlerinizdeki [ICON_TradeRoute] Ticari Yollarınız, varıs noktasındaki her bir özel bölge için + {Amount} [ICON_Gold] Altın kazanır.</Text>
		</Row>
		<Row Tag="LOC_GREATPERSON_ECONOMIC_POLICY_SLOT">
			<Text>Herhangi bir Hükümette +1 Ekonomik Politika slotu.</Text>
		</Row>
		<Row Tag="LOC_GREATPERSON_GRANT_JEANS">
			<Text>Essiz bir sekilde üretilen ve +4 [ICON_Amenities] İmkan saglayan lüks bir kaynak, {Amount} [ICON_RESOURCE_JEANS] Kot saglar.</Text>
		</Row>
		<Row Tag="LOC_GREATPERSON_GOLD_LARGE">
			<Text>{Amount : number #} [ICON_Gold] Altın.</Text>
		</Row>
		<Row Tag="LOC_GREATPERSON_GRANT_PERFUME">
			<Text>Essiz bir sekilde üretilen ve +6 [ICON_Amenities] İmkan saglayan lüks bir kaynak, {Amount} [ICON_RESOURCE_PERFUME] Parfüm saglar.</Text>
		</Row>
		<Row Tag="LOC_GREATPERSON_JOHN_ROCKEFELLER_ACTIVE">
			<Text>Stratejik bir kaynak, 1 [ICON_RESOURCE_OIL] Petrol saglar. Hedef sehir tarafından gelistirilen her Stratejik kaynak için [ICON_TradeRoute] Ticaret Yollarınız +2 [ICON_Gold] Altın kazanır.</Text>
		</Row>
		<Row Tag="LOC_GREATPERSON_GRANT_OIL">
			<Text>Stratejik bir kaynaktan, {Amount} [ICON_RESOURCE_OIL] Petrol saglar.</Text>
		</Row>
		<Row Tag="LOC_GREATPERSON_DOMESTIC_ROUTE_GOLD_PER_STRATEGIC">
			<Text>[ICON_TradeRoute] Ticari Yollarınız, hedef sehir tarafından gelistirilen her bir Stratejik kaynak için + {Amount} [ICON_Gold] Altın kazanır.</Text>
		</Row>
		<Row Tag="LOC_GREATPERSON_TRADE_ROUTE_TOURISM_MODIFIER">
			<Text>Diger medeniyetler ile olan [ICON_TradeRoute] Ticaret Yollarınız için + %{amount}[ICON_Tourism] Turizm oranı.</Text>
		</Row>
		<Row Tag="LOC_GREATPERSON_GRANT_COSMETICS">
			<Text>Essiz bir sekilde üretilen ve +4 [ICON_Amenities] İmkan saglayan lüks bir kaynak, {Amount} [ICON_RESOURCE_COSMETICS] Kozmetik saglar</Text>
		</Row>
		<Row Tag="LOC_GREATPERSON_DIPLO_VISIBILITY">
			<Text>Diger tüm Uygarlıklarla +{Amount} {Amount : plural 1?level; other?levels;} diplomatik görünürlük seviyesi.</Text>
		</Row>
		<Row Tag="LOC_GREATPERSON_GRANT_TOYS">
			<Text>Essiz bir sekilde üretilen ve +4 [ICON_Amenities] İmkan saglayan lüks bir kaynak, {Amount} [ICON_RESOURCE_TOYS] Oyuncak saglar.</Text>
		</Row>
		<Row Tag="LOC_GREATPERSON_INDUSTRIAL_ZONE_TOURISM">
			<Text>Endüstri Alanı bölgeleri +{Amount} [ICON_Tourism] Turizm saglar.</Text>
		</Row>
		<Row Tag="LOC_GREATPERSON_CAMPUS_TOURISM">
			<Text>Kampüs bölgeleri +{Amount} [ICON_Tourism] Turizm saglar.</Text>
		</Row>
		<!-- Scientists -->
		<Row Tag="LOC_GREATPERSON_3CLASSICALMEDIEVALTECHBOOSTS">
			<Text>Klasik ve Ortaçag döneminde rastgele {Amount} teknoloji için [ICON_TechBoosted] Aydınlanma anını tetikler.</Text>
		</Row>
		<Row Tag="LOC_GREATPERSON_EUCLID_ACTIVE">
			<Text>Ortaçag döneminde, Matematik ve rastgele 1 teknoloji için [ICON_TechBoosted] Aydınlanma anını tetikler.</Text>
		</Row>
		<Row Tag="LOC_GREATPERSON_1MEDIEVALTECHBOOST">
			<Text>Ortaçag döneminde, rastgele {Amount} teknoloji için [ICON_TechBoosted] Aydınlanma anını tetikler.</Text>
		</Row>
		<Row Tag="LOC_GREATPERSON_MATHTECHBOOST">
			<Text>Matematik Teknolojisi için [ICON_TechBoosted] Aydınlanma anını tetikler.</Text>
		</Row>
		<Row Tag="LOC_GREATPERSON_LIBRARY">
			<Text>Bu bölgede anında bir Kütüphane kurar.</Text>
		</Row>
		<Row Tag="LOC_GREATPERSON_LIBRARY_FREE_MAINTENANCE">
			<Text>+{Amount} [ICON_Gold] Altın.</Text>
		</Row>
		<Row Tag="LOC_GREATPERSON_UNIVERSITY">
			<Text>Bu bölgede anında bir Üniversite kurar.</Text>
		</Row>
		<Row Tag="LOC_GREATPERSON_UNIVERSITY_FREE_MAINTENANCE">
			<Text>+{Amount} [ICON_Gold] Altın.</Text>
		</Row>
		<Row Tag="LOC_GREATPERSON_1MEDIEVALRENAISSANCETECHBOOST">
			<Text>Ortaçag ve Rönesans döneminde rastgele {Amount} teknoloji için [ICON_TechBoosted] Aydınlanma anını tetikler.</Text>
		</Row>
		<Row Tag="LOC_GREATPERSON_HOLY_SITE_ADJACENCY_AS_SCIENCE">
			<Text>Bu Kutsal Site bölgesi [ICON_Faith] İnanç, bitisik alanlarada bonus olarak [ICON_Science] Bilim saglar.</Text>
		</Row>
		<Row Tag="LOC_GREATPERSON_FAITH">
			<Text>{Amount} [ICON_Faith] İnanç.</Text>
		</Row>
		<Row Tag="LOC_GREATPERSON_OMAR_KHAYYAM_ACTIVE">
			<Text>Orta Çag ya da Rönesans döneminde, rastgele 2 Teknoloji için [ICON_TechBoosted] Aydınlanma anı ve rastgele 1 ilke için [ICON_CivicBoosted] İlham anını tetikler.</Text>
		</Row>
		<Row Tag="LOC_GREATPERSON_2MEDIEVALRENAISSANCETECHBOOSTS">
			<Text>Ortaçag veya Rönesans döneminde rastgele {Amount} teknoloji için [ICON_TechBoosted] Aydınlanma anını tetikler.</Text>
		</Row>
		<Row Tag="LOC_GREATPERSON_1MEDIEVALRENAISSANCECIVICBOOST">
			<Text>Ortaçag veya Rönesans döneminde rastgele {Amount} ilke için [ICON_CivicBoosted] İlham anını tetikler.</Text>
		</Row>
		<Row Tag="LOC_GREATPERSON_GALILEO_GALILEI_ACTIVE">
			<Text>Her bitisik Dag petegi için 250 [ICON_Science] Bilim (Standart hızda) saglar.</Text>
		</Row>
		<Row Tag="LOC_GREATPERSON_RESEARCH_LAB">
			<Text>Bu bölgede anında bir Arastırma Laboratuarı kurar.</Text>
		</Row>
		<Row Tag="LOC_GREATPERSON_RESEARCH_LAB_FREE_MAINTENANCE">
			<Text>+{Amount} [ICON_Gold] Altın.</Text>
		</Row>
		<Row Tag="LOC_GREATPERSON_ISAAC_NEWTON_ACTIVE">
			<Text>Bu bölgede anında bir Üniversite ve Kütüphane kurar. Üniversiteler +2 [ICON_Science] Bilim saglar.</Text>
		</Row>
		<Row Tag="LOC_GREATPERSON_3RENAISSANCEINDUSTRIALTECHBOOSTS">
			<Text>Rönesans veya Endüstri çagında  rastgele {Amount} teknoloji için [ICON_TechBoosted] Aydınlanma anını tetikler.</Text>
		</Row>
		<Row Tag="LOC_GREATPERSON_GREAT_PERSON_FREE_POINTS">
			<Text>simdiki ve gelecekteki tüm [ICON_GreatPerson] Büyük Kisi'lerin alımları için ücretsiz {amount} Büyük Kisi puanı saglar.</Text>
		</Row>
		<Row Tag="LOC_GREATPERSON_CHARLES_DARWIN_ACTIVE">
			<Text>Burada veya bitisikteki her Dogal Harika için 500 [ICON_Science] Bilim (Standart hızda) saglar.</Text>
		</Row>
		<Row Tag="LOC_GREATPERSON_DMITRI_MENDELEEV_ACTIVE">
			<Text>Endüstriyel Çagda, Kimya ve rastgele 1 teknoloji için [ICON_TechBoosted] Aydınlanma anını tetikler.</Text>
		</Row>
		<Row Tag="LOC_GREATPERSON_ALAN_TURING_ACTIVE">
			<Text>Modern Çagda, Bilgisayar ve rastgele 1 teknoloji için [ICON_TechBoosted] Aydınlanma anını tetikler.</Text>
		</Row>
		<Row Tag="LOC_GREATPERSON_1INDUSTRIALTECHBOOST">
			<Text>Endüstriyel Çagda, rastgele {Amount} teknoloji için [ICON_TechBoosted] Aydınlanma anını tetikler.</Text>
		</Row>
		<Row Tag="LOC_GREATPERSON_CHEMISTRYTECHBOOST">
			<Text>Kimya Teknolojisi için [ICON_TechBoosted] Aydınlanma anını tetikler.</Text>
		</Row>
		<Row Tag="LOC_GREATPERSON_LIBRARIES_SCIENCE">
			<Text>Kütüphaneler + {Amount} [ICON_Science] Bilim saglar.</Text>
		</Row>
		<Row Tag="LOC_GREATPERSON_UNIVERSITIES_SMALL_SCIENCE">
			<Text>Üniversiteler + {Amount} [ICON_Science] Bilim saglar.</Text>
		</Row>
		<Row Tag="LOC_GREATPERSON_UNIVERSITIES_BIG_SCIENCE">
			<Text>Üniversiteler + {Amount} [ICON_Science] Bilim saglar.</Text>
		</Row>
		<Row Tag="LOC_GREATPERSON_1MODERNATOMICTECHBOOST">
			<Text>Modern ve Atom Çagında, rastgele {Amount} teknoloji için [ICON_TechBoosted] Aydınlanma anını tetikler.</Text>
		</Row>
		<Row Tag="LOC_GREATPERSON_REVEAL_OIL">
			<Text>Gerekli Teknoloji olmadan [ICON_RESOURCE_OIL] Petrolü açıga çıkarır.</Text>
		</Row>
		<Row Tag="LOC_GREATPERSON_2INDUSTRIALMODERNTECHBOOSTS">
			<Text>Endüstriyel ve Modern Çagda, rastgele {Amount} teknoloji için [ICON_TechBoosted] Aydınlanma anını tetikler.</Text>
		</Row>
		<Row Tag="LOC_GREATPERSON_ADJACENT_RAINFOREST_SCIENCE">
			<Text>Burada veya bitisik her Yagmur Ormanı petegi için {Amount} [ICON_Science] Bilim saglar.</Text>
		</Row>
		<Row Tag="LOC_GREATPERSON_ARTIFACT_TOURISM_MODIFIER">
			<Text>Tüm sehirlerinizdeki [ICON_GreatWork_Artifact] Kalıntılar, normal [ICON_Tourism] Turizmin %{ScalingFactor} oranını saglar.</Text>
		</Row>
		<Row Tag="LOC_GREATPERSON_ARTIFACT_SCIENCE">
			<Text>Bu sehirde ki her [ICON_GreatWork_Artifact] Kalıntı için {Amount} [ICON_Science] Bilim saglar.</Text>
		</Row>
		<Row Tag="LOC_GREATPERSON_3ATOMICINFORMATIONTECHBOOSTS">
			<Text>Atom ve Bilgi Çagında, rastgele {Amount} teknoloji için [ICON_TechBoosted] Aydınlanma anını tetikler.</Text>
		</Row>
		<Row Tag="LOC_GREATPERSON_ALLINFORMATIONTECHBOOSTS">
			<Text>Bilgi Çagında gelen tüm teknolojiler için [ICON_TechBoosted] Aydınlanma anını tetikler.</Text>
		</Row>
		<Row Tag="LOC_GREATPERSON_GRANT_PRODUCTION_IN_CITY_LATE_SPACE_RACE">
			<Text>Uzay Yarısı projesinin yapımına yönelik olan insalarda, {Amount} [ICON_Production] Üretim saglar.</Text>
		</Row>
		<Row Tag="LOC_GREATPERSON_SPACE_RACE_PRODUCTION_RATE_LARGE">
			<Text>Uzay Yarısı projelerine yönelik + %{Amount} [ICON_Production] Üretim.</Text>
		</Row>
		<Row Tag="LOC_GREATPERSON_ABU_AL_QASIM_AL_ZAHRAWI_ACTIVE">
			<Text>Yaralı birimler, her turda + 5 HP iyilestirilir.</Text>
		</Row>
	</BaseGameText>
</GameData>
