<?xml version="1.0" encoding="utf-8"?>
<!-- edited with XMLSPY v2004 rel. 2 U (http://www.xmlspy.com) by matthew beach (Firaxis Games) -->
<GameData>
	<BaseGameText>
		<!--Improvements Description-->
		<Row Tag="LOC_IMPROVEMENT_BARBARIAN_CAMP_DESCRIPTION">
			<Text>Ek barbarlar oluşturur.İmha edilirse [ICON_Gold] Altın kazanılır. -1 Caziplik</Text>
		</Row>
		<Row Tag="LOC_IMPROVEMENT_BEACH_RESORT_DESCRIPTION">
			<Text>Tatil Köyü inşa etme yetenegini açar.[NEWLINE][NEWLINE]Petegin cazipligine eşit [ICON_Tourism] Turizm saglar. Sadece Sahil Çölü, Sahil Ovaları veya Sahil Meralarında inşa edilebilir. Nefes kesici düşük caziplik</Text>
		</Row>
		<Row Tag="LOC_IMPROVEMENT_FARM_DESCRIPTION">
			<Text>Mera oluşturma yeteneginin kilidini açar.[NEWLINE][NEWLINE]+1 [ICON_Food] Gıda. Yalnızca Mera veya Ovalar üzerine inşa edilebilir.[NEWLINE][NEWLINE]Diger Meralara bitişik Meralar kurulması Konut'a bonus saglar.</Text>
		</Row>
		<Row Tag="LOC_IMPROVEMENT_MINE_DESCRIPTION">
			<Text>Maden inşa etme yeteneginin kilidini açar.[NEWLINE][NEWLINE]+1 [ICON_Production] Üretim. -1 Caziplik. Yalnızca geçerli bir kaynak üzerine kurulabilir.[NEWLINE][NEWLINE]Lüks veya Stratejik kaynaklar üzerine kurulmuşsa, şehir bu kaynagı kullanacaktır.</Text>
		</Row>
		<Row Tag="LOC_IMPROVEMENT_QUARRY_DESCRIPTION">
			<Text>Taş Ocakları inşa etme yeteneginin kilidini açar.[NEWLINE][NEWLINE]+1 [ICON_Production] Üretim. -1 Caziplik. Yalnızca geçerli bir kaynak üzerine kurulabilir.[NEWLINE][NEWLINE]Lüks kaynaklar üzerine kurulmuşsa, şehir bu kaynagı kullanacaktır.</Text>
		</Row>
		<Row Tag="LOC_IMPROVEMENT_FISHING_BOATS_DESCRIPTION">
			<Text>Balıkçı Teknelerini inşa etme yeteneginin kilidini açar.[NEWLINE][NEWLINE]+1 [ICON_Food] Gıda. Yalnızca geçerli bir kaynak üzerine kurulabilir.[NEWLINE][NEWLINE]Lüks kaynaklar üzerine kurulmuşsa, şehir bu kaynagı kullanacaktır.</Text>
		</Row>
		<Row Tag="LOC_IMPROVEMENT_PASTURE_DESCRIPTION">
			<Text>Mera yapma yeteneginin kilidini açar.[NEWLINE][NEWLINE]+1 [ICON_Production] Üretim. Yalnızca geçerli bir kaynak üzerine kurulabilir.[NEWLINE][NEWLINE]Lüks kaynaklar üzerine kurulmuşsa, şehir bu kaynagı kullanacaktır..</Text>
		</Row>
		<Row Tag="LOC_IMPROVEMENT_PLANTATION_DESCRIPTION">
			<Text>Çiftlik oluşturma yeteneginin kilidini açar.[NEWLINE][NEWLINE]+2 [ICON_Gold] Altın. Yalnızca geçerli bir kaynak üzerine kurulabilir.[NEWLINE][NEWLINE]Lüks kaynaklar üzerine kurulmuşsa, şehir bu kaynagı kullanacaktır.</Text>
		</Row>
		<Row Tag="LOC_IMPROVEMENT_CAMP_DESCRIPTION">
			<Text>Kamp oluşturma yeteneginin kilidini açar.[NEWLINE][NEWLINE]+1 [ICON_Gold] Altın. Yalnızca geçerli bir kaynak üzerine kurulabilir.[NEWLINE][NEWLINE]Lüks kaynaklar üzerine kurulmuşsa, şehir bu kaynagı kullanacaktır.</Text>
		</Row>
		<Row Tag="LOC_IMPROVEMENT_LUMBER_MILL_DESCRIPTION">
			<Text>Kereste imalathanesi kurma yetenegini açar.[NEWLINE][NEWLINE]+1 [ICON_Production] Üretim. Nehir'e bitişikse +1 [ICON_Production] Üretim. Sadece Orman üzerine kurulabilir..</Text>
		</Row>
		<Row Tag="LOC_IMPROVEMENT_OIL_WELL_DESCRIPTION">
			<Text>Petrol Kuyusu oluşturma yetenegini açar.[NEWLINE][NEWLINE]-1 Caziplik. Yalnızca [ICON_RESOURCE_OIL] Petrol kaynagı üzerinde inşa edilebilir.</Text>
		</Row>
		<Row Tag="LOC_IMPROVEMENT_OFFSHORE_OIL_RIG_DESCRIPTION">
			<Text>Denizaşırı Petrol Tesisleri kurma yetenegini açar.[NEWLINE][NEWLINE]-1 Caziplik. Yalnızca denizlerdeki [ICON_RESOURCE_OIL] Petrol kaynagı üzerinde inşa edilebilir..</Text>
		</Row>
		<Row Tag="LOC_IMPROVEMENT_FORT_DESCRIPTION">
			<Text>İşgal Birimlerine +4 [ICON_Strength] Savunma Gücü ve otomatik olarak 2 tur güç kazanır.</Text>
		</Row>
		<Row Tag="LOC_IMPROVEMENT_AIRSTRIP_DESCRIPTION">
			<Text>Askeri Mühendis'in bir İniş Pisti yapma becerisini açar.[NEWLINE][NEWLINE]3 hava ünitesini destekler ve sadece düz arazilerde yapılabilir. -1 Caziplik.</Text>
		</Row>
		<!--Unique Improvements Description-->
		<Row Tag="LOC_IMPROVEMENT_CHATEAU_DESCRIPTION">
			<Text>Fransa'ya özgü Şato'ları inşa etme yeteneginin kilidini açar.[NEWLINE][NEWLINE]+2 [ICON_Culture] Kültür. +1 Caziplik. Eger yanında Bir Harika varsa +2 [ICON_Culture] Kültür. Bir Lüks kaynagının yanındaysa +1 [ICON_Gold] Altın. Sadece nehirlerin bitişiginde inşa edilebilir.</Text>
		</Row>
		<Row Tag="LOC_IMPROVEMENT_COLOSSAL_HEAD_DESCRIPTION">
			<Text>Olmek Büstleri'ni Oluşturma yetenegini açar.[NEWLINE][NEWLINE]+2 [ICON_Faith] İnanç. Her 2 bitişikteki Yagmur Ormanı için +1 [ICON_Faith] İnan ve Her 2 bitişikteki Orman için  +1 [ICON_Faith] İnanç. Kar ve Karlı Tepelerde inşa edilemez.</Text>
		</Row>
		<Row Tag="LOC_IMPROVEMENT_GREAT_WALL_DESCRIPTION">
			<Text>Çin'e özgü Çin Seddi'ni inşa etme yetenegini açar.[NEWLINE][NEWLINE][ICON_Strength] Savunma gücünü arttırır. Diger segmentlere bitişikse [ICON_Gold] Altın bonusu. Teknoloji Agacında ilerlediginizi bitişik kesimler için ek [ICON_Culture] Kültür ve [ICON_Tourism] Turizm. İmparatorlugunuzun sınır çizgilerinde ki bir çizgide inşa edilmelidir.</Text>
		</Row>
		<Row Tag="LOC_IMPROVEMENT_KURGAN_DESCRIPTION">
			<Text>İskit'lere özgü Kurgan'ı oluşturma yetenegini açar.[NEWLINE][NEWLINE]+1 [ICON_Faith] İnanç, +1 [ICON_Gold] Altın. Her bitişik mera için +1 [ICON_Faith] İnanç. Tepelere inşa edilemez.</Text>
		</Row>
		<Row Tag="LOC_IMPROVEMENT_MISSION_DESCRIPTION">
			<Text>İspanya'ya özgü bir Misyon oluşturma yetenegini açar.[NEWLINE][NEWLINE]+2 [ICON_Faith] İnanç. [ICON_Capital] Başkent'iniz farklı bir kıta üzerindeyse +2 [ICON_Faith] İnanç. Bir Kampüs bölgesi yanına inşa edilmişse, +2 [ICON_Science] Bilim.</Text>
		</Row>
		<Row Tag="LOC_IMPROVEMENT_ROMAN_FORT_DESCRIPTION">
			<Text>Roma Lejyonları'nın Roma'ya özgü bir Roma Kalesi inşa etme yeteneginin kilidini açar.[NEWLINE][NEWLINE]İşgalci birimleri, +4 [ICON_Strength] Savunma Gücü alır ve otomatik olarak 2 tur güçlendirilir.</Text>
		</Row>
		<Row Tag="LOC_IMPROVEMENT_SPHINX_DESCRIPTION">
			<Text>Mısır'a özgü bir Sfenks oluşturma yetenegini açar.[NEWLINE][NEWLINE]+1 [ICON_Faith] İnanç ve +1 [ICON_Culture] Kültür. +1 Caziplik. Yanında Harika varsa +2 [ICON_Faith] İnanç. Başka bir Sfenks'in yanında inşa edilemez. Taşkın ovalarına inşa edilebilir.</Text>
		</Row>
		<Row Tag="LOC_IMPROVEMENT_STEPWELL_DESCRIPTION">
			<Text>Hindistan'a özgü bir Baoli oluşturma yetenegini açar.[NEWLINE][NEWLINE]1 [ICON_Food] Gıda ve +1 [ICON_Housing] Konut. Bir Kutsal Site'ye bitişikse +1 [ICON_Faith] İnanç. Bir Mera'ya bitişikse +1 [ICON_Food] Gıda. Tepelere veya başka bir Baoli'e bitişik olarak inşa edilemez.</Text>
		</Row>
		<Row Tag="LOC_IMPROVEMENT_ZIGGURAT_DESCRIPTION">
			<Text>Sümerler'e özgü bir Ziggurat oluşturma yetenegini açar.[NEWLINE][NEWLINE]+2 [ICON_Science] Bilim. Eger Nehrin yanındaysa +1 [ICON_Culture] Kültür. Tepelerde inşa edilemez.</Text>
		</Row>
		<!--Goody Huts -->
		<Row Tag="LOC_GOODYHUT_CULTURE_RELIC_DESCRIPTION">
			<Text>[COLOR_FLOAT_CULTURE]{1_Relic} Kutsal Emanet Ödülü[ENDCOLOR]</Text>
		</Row>
		<Row Tag="LOC_GOODYHUT_LARGE_GOLD_DESCRIPTION">
			<Text>[COLOR_FLOAT_GOLD]+{1_Num} [ICON_Gold][ENDCOLOR]</Text>
		</Row>
		<Row Tag="LOC_GOODYHUT_MEDIUM_GOLD_DESCRIPTION">
			<Text>[COLOR_FLOAT_GOLD]+{1_Num} [ICON_Gold][ENDCOLOR]</Text>
		</Row>
		<Row Tag="LOC_GOODYHUT_SMALL_GOLD_DESCRIPTION">
			<Text>[COLOR_FLOAT_GOLD]+{1_Num} [ICON_Gold][ENDCOLOR]</Text>
		</Row>
		<Row Tag="LOC_GOODYHUT_LARGE_FAITH_DESCRIPTION">
			<Text>+{1_Num} [ICON_Faith]</Text>
		</Row>
		<Row Tag="LOC_GOODYHUT_MEDIUM_FAITH_DESCRIPTION">
			<Text>+{1_Num} [ICON_Faith]</Text>
		</Row>
		<Row Tag="LOC_GOODYHUT_SMALL_FAITH_DESCRIPTION">
			<Text>+{1_Num} [ICON_Faith]</Text>
		</Row>
		<Row Tag="LOC_GOODYHUT_MILITARY_GRANT_UNIT_DESCRIPTION">
			<Text>[COLOR_FLOAT_MILITARY]Size bir Keşif birimi verildi.[ENDCOLOR]</Text>
		</Row>
		<Row Tag="LOC_GOODYHUT_MILITARY_GRANT_UPGRADE_DESCRIPTION">
			<Text>[COLOR_FLOAT_MILITARY]Birim yükseltildi.[ENDCOLOR]</Text>
		</Row>
		<Row Tag="LOC_GOODYHUT_MILITARY_GRANT_EXPERIENCE_DESCRIPTION">
			<Text>[COLOR_FLOAT_MILITARY]Biriminiz tecrübe kazanmıştır.[ENDCOLOR]</Text>
		</Row>
		<Row Tag="LOC_GOODYHUT_MILITARY_HEAL_DESCRIPTION">
			<Text>[COLOR_FLOAT_MILITARY]Birim iyileşti.[ENDCOLOR]</Text>
		</Row>
		<Row Tag="LOC_GOODYHUT_SCIENCE_ONE_TECH_DESCRIPTION">
			<Text>[COLOR_FLOAT_SCIENCE]Ücretsiz bir Teknoloji.[ENDCOLOR]</Text>
		</Row>
		<Row Tag="LOC_GOODYHUT_SURVIVORS_ADD_POP_DESCRIPTION">
			<Text>+{1_Num} Yeni Nüfus</Text>
		</Row>
		<Row Tag="LOC_GOODYHUT_SURVIVORS_GRANT_UNIT_DESCRIPTION">
			<Text>Size {1_Num}  {1_Num: plural 1?{2_Unit} unit; other?{2_Unit} units;} verildi.</Text>
		</Row>
		<!--Barbarian Camps -->
		<Row Tag="LOC_BARB_CAMP_DISPERSAL_DESCRIPTION">
			<Text>[COLOR_FLOAT_GOLD]+{1_Num} [ICON_Gold][ENDCOLOR]</Text>
		</Row>
		<Row Tag="LOC_BARB_CAMP_DISPERSAL_DESCRIPTION_FAITH">
			<Text>[COLOR_FLOAT_FAITH]+{1_Num} [ICON_Faith][ENDCOLOR]</Text>
		</Row>
		<!--Nuclear -->
		<Row Tag="LOC_IMPROVEMENT_MISSILE_SILO_DESCRIPTION">
			<Text>Askeri Mühendis'in bir Roket Silosu inşa etme yetenegini açar.[NEWLINE][NEWLINE]Nükleer ve Termonükleer Bombalar için bir fırlatma rampası gibi iş yapar.</Text>
		</Row>
	</BaseGameText>
</GameData>
