﻿<?xml version="1.0" encoding="utf-8"?>
<GameData>
	<BaseGameText>
		<!-- ==================== Action Panel ==================== -->
		<Row Tag="LOC_ACTION_PANEL_CLOUD_TURN_UPLOADING">
			<Text>TUR İŞLENİYOR</Text>
		</Row>
		<Row Tag="LOC_ACTION_PANEL_CLOUD_TURN_UPLOADING_TOOLTIP">
			<Text>Sıra sizde buluta yükleniyor. Oyundan çıkmak kaybedilen ilerlemeyle sonuçlanabilir.</Text>
		</Row>
		<Row Tag="LOC_ACTION_PANEL_CLOUD_TURN_UPLOADED">
			<Text>ÇIKILIYOR</Text>
		</Row>
		<Row Tag="LOC_ACTION_PANEL_CLOUD_TURN_UPLOADED_TOOLTIP">
			<Text>Sıra sizde buluta yüklendi. Ana menüye dönüş.</Text>
		</Row>
		<Row Tag="LOC_ACTION_PANEL_END_TURN_ASK_ME_TITLE">
			<Text>Bulut Oyunu Turu Tamamlandı</Text>
		</Row>
		<Row Tag="LOC_ACTION_PANEL_END_TURN_ASK_ME_TEXT">
			<Text>Sıra sende buluta bağlı. İlerlemen kaydedildi. Şimdi ne yapmak istersin? Bu seçenek oyun seçeneklerinde değiştirilebilir.</Text>
		</Row>
		<Row Tag="LOC_REMEMBER_MY_CHOICE">
			<Text>Seçimimi Hatırla</Text>
		</Row>
		<!-- ==================== Your Turn Notification Popup ==================== -->
		<Row Tag="LOC_PBC_NOTIFY_POPUP_YOUR_TURN_TITLE">
			<Text>Bulut Oyunu Sıranız</Text>
		</Row>
		<Row Tag="LOC_PBC_NOTIFY_POPUP_YOUR_TURN_BODY">
			<Text>Bulut Oyunu oyununda sıra sizde:[NEWLINE]{1_gameName}[NEWLINE][NEWLINE]Maça şimdi katılırsanız kaydedilmemiş ilerleme kaybedilir.</Text>
		</Row>
		<Row Tag="LOC_PBC_NOTIFY_JOIN_MATCH">
			<Text>Maça Katıl</Text>
		</Row>
		<!-- ==================== Unseen Completed Cloud Game Notification Popup ==================== -->
		<Row Tag="LOC_PBC_NOTIFY_POPUP_UNSEEN_COMPLETE_TITLE">
			<Text>Bulut Oyunu Bitti</Text>
		</Row>
		<Row Tag="LOC_PBC_NOTIFY_POPUP_UNSEEN_COMPLETE_BODY">
			<Text>Oyununuz Bulut Oyunu oyununda sona erdi:[NEWLINE]{1_gameName}[NEWLINE][NEWLINE]Sonuçları şimdi görüntülerseniz kaydedilmemiş ilerleme kaybedilir.</Text>
		</Row>
		<Row Tag="LOC_PBC_NOTIFY_VIEW_RESULTS">
			<Text>Sonuçları Görüntüle</Text>
		</Row>
	</BaseGameText>
</GameData>
