<?xml version="1.0" encoding="utf-8"?>
<!-- edited with XMLSPY v2004 rel. 2 U (http://www.xmlspy.com) by Ed Beach (Firaxis Games) -->
<GameData>
	<BaseGameText>
		<!--Leader Names-->
		<Row Tag="LOC_REPRESENTATIVE">
			<Text>Temsilci</Text>
		</Row>
		<Row Tag="LOC_LEADER_BARBAROSSA_NAME">
			<Text>Frederick Barbarossa</Text>
		</Row>
		<Row Tag="LOC_LEADER_CATHERINE_DE_MEDICI_NAME">
			<Text>Catherine de Medici</Text>
		</Row>
		<Row Tag="LOC_LEADER_CLEOPATRA_NAME">
			<Text>Kleopatra</Text>
		</Row>
		<Row Tag="LOC_LEADER_GANDHI_NAME">
			<Text>Gandi</Text>
		</Row>
		<Row Tag="LOC_LEADER_GILGAMESH_NAME">
			<Text>Gılgamış</Text>
		</Row>
		<Row Tag="LOC_LEADER_GORGO_NAME">
			<Text>Gorgo</Text>
		</Row>
		<Row Tag="LOC_LEADER_HARDRADA_NAME">
			<Text>Harald Hardrada</Text>
		</Row>
		<Row Tag="LOC_LEADER_HOJO_NAME">
			<Text>Hojo Tokimune</Text>
		</Row>
		<Row Tag="LOC_LEADER_MVEMBA_NAME">
			<Text>Mvemba a Nzinga</Text>
		</Row>
		<Row Tag="LOC_LEADER_PEDRO_NAME">
			<Text>II. Pedro</Text>
		</Row>
		<Row Tag="LOC_LEADER_PERICLES_NAME">
			<Text>Perikles</Text>
		</Row>
		<Row Tag="LOC_LEADER_PETER_GREAT_NAME">
			<Text>Peter</Text>
		</Row>
		<Row Tag="LOC_LEADER_PHILIP_II_NAME">
			<Text>II. Philip</Text>
		</Row>
		<Row Tag="LOC_LEADER_QIN_NAME">
			<Text>Qin Shi Huang</Text>
		</Row>
		<Row Tag="LOC_LEADER_SALADIN_NAME">
			<Text>Selahaddin</Text>
		</Row>
		<Row Tag="LOC_LEADER_TOMYRIS_NAME">
			<Text>Tomris</Text>
		</Row>
		<Row Tag="LOC_LEADER_TRAJAN_NAME">
			<Text>Trajan</Text>
		</Row>
		<Row Tag="LOC_LEADER_T_ROOSEVELT_NAME">
			<Text>Teddy Roosevelt</Text>
		</Row>
		<Row Tag="LOC_LEADER_VICTORIA_NAME">
			<Text>Victoria</Text>
		</Row>
		<!--Agenda Names-->
		<Row Tag="LOC_AGENDA_ALLY_OF_ENKIDU_NAME">
			<Text>Enkidu'nun Müttefiki</Text>
		</Row>
		<Row Tag="LOC_AGENDA_AYYUBID_DYNASTY_NAME">
			<Text>Ayyubi Hanedanlığı</Text>
		</Row>
		<Row Tag="LOC_AGENDA_BACKSTAB_AVERSE_NAME">
			<Text>Hainlerin Düşmanı</Text>
		</Row>
		<Row Tag="LOC_AGENDA_BIG_STICK_POLICY_NAME">
			<Text>Savaş Tehdidi Politikası</Text>
		</Row>
		<Row Tag="LOC_AGENDA_BLACK_QUEEN_NAME">
			<Text>Kara Kraliçe</Text>
		</Row>
		<Row Tag="LOC_AGENDA_BUSHIDO_NAME">
			<Text>Savaşçının Yolu</Text>
		</Row>
		<Row Tag="LOC_AGENDA_CITY_STATE_ALLY_NAME">
			<Text>Şehir Devletleri Dostluğu</Text>
		</Row>
		<Row Tag="LOC_AGENDA_COUNTER_REFORMER_NAME">
			<Text>Reform Karşıtı</Text>
		</Row>
		<Row Tag="LOC_AGENDA_DELIAN_LEAGUE_NAME">
			<Text>Delos Birliği</Text>
		</Row>
		<Row Tag="LOC_AGENDA_ENTHUSIASTIC_DISCIPLE_NAME">
			<Text>Ateşli Müridler</Text>
		</Row>
		<Row Tag="LOC_AGENDA_GREAT_PERSON_OBSESSED_NAME">
			<Text>Sanat Patronu</Text>
		</Row>
		<Row Tag="LOC_AGENDA_IRON_CROWN_NAME">
			<Text>Demirden Taç</Text>
		</Row>
		<Row Tag="LOC_AGENDA_LAST_VIKING_KING_NAME">
			<Text>Son Viking Kralı</Text>
		</Row>
		<Row Tag="LOC_AGENDA_OPTIMUS_PRINCEPS_NAME">
			<Text>Lider Prens</Text>
		</Row>
		<Row Tag="LOC_AGENDA_PARANOID_NAME">
			<Text>Paranoyak</Text>
		</Row>
		<Row Tag="LOC_AGENDA_PEACEKEEPER_NAME">
			<Text>Barışçıl</Text>
		</Row>
		<Row Tag="LOC_AGENDA_QUEEN_OF_THE_NILE_NAME">
			<Text>Nil Kraliçesi</Text>
		</Row>
		<Row Tag="LOC_AGENDA_SUN_NEVER_SETS_NAME">
			<Text>Güneş Asla Batmaz</Text>
		</Row>
		<Row Tag="LOC_AGENDA_TLATOANI_NAME">
			<Text>Tlatoani</Text>
		</Row>
		<Row Tag="LOC_AGENDA_WESTERNIZER_NAME">
			<Text>Batıcı</Text>
		</Row>
		<Row Tag="LOC_AGENDA_WITH_YOUR_SHIELD_OR_ON_IT_NAME">
			<Text>Zafer yada Ölüm</Text>
		</Row>
		<Row Tag="LOC_AGENDA_WONDER_OBSESSED_NAME">
			<Text>Büyük Çin Seddi</Text>
		</Row>
		<Row Tag="LOC_AGENDA_AIRPOWER_NAME">
			<Text>Hava Gücü</Text>
		</Row>
		<Row Tag="LOC_AGENDA_BARBARIAN_LOVER_NAME">
			<Text>Barbar Dostluğu</Text>
		</Row>
		<Row Tag="LOC_AGENDA_CITY_STATE_PROTECTOR_NAME">
			<Text>Şehir Devlet'leri Koruyucusu</Text>
		</Row>
		<Row Tag="LOC_AGENDA_CIVILIZED_NAME">
			<Text>Medeni</Text>
		</Row>
		<Row Tag="LOC_AGENDA_CULTURED_NAME">
			<Text>Kültürlü</Text>
		</Row>
		<Row Tag="LOC_AGENDA_DARWINIST_NAME">
			<Text>Darvinist</Text>
		</Row>
		<Row Tag="LOC_AGENDA_DEVOUT_NAME">
			<Text>Dindar</Text>
		</Row>
		<Row Tag="LOC_AGENDA_ENVIRONMENTALIST_NAME">
			<Text>Çevreci</Text>
		</Row>
		<Row Tag="LOC_AGENDA_EXPLOITATIVE_NAME">
			<Text>Sömürücü</Text>
		</Row>
		<Row Tag="LOC_AGENDA_EXPLORER_NAME">
			<Text>Keşifçi</Text>
		</Row>
		<Row Tag="LOC_AGENDA_FUN_LOVING_NAME">
			<Text>Eğlence Düşkünü</Text>
		</Row>
		<Row Tag="LOC_AGENDA_GREAT_PERSON_ADVOCATE_NAME">
			<Text>Büyük Kişilik Savunucusu</Text>
		</Row>
		<Row Tag="LOC_AGENDA_IDEOLOGUE_NAME">
			<Text>İdeolog</Text>
		</Row>
		<Row Tag="LOC_AGENDA_INDUSTRIALIST_NAME">
			<Text>Ağır Sanayici</Text>
		</Row>
		<Row Tag="LOC_AGENDA_MONEY_GRUBBER_NAME">
			<Text>Paragöz</Text>
		</Row>
		<Row Tag="LOC_AGENDA_NATURALIST_NAME">
			<Text>Doğacı</Text>
		</Row>
		<Row Tag="LOC_AGENDA_NUKE_LOVER_NAME">
			<Text>Atom Sever</Text>
		</Row>
		<Row Tag="LOC_AGENDA_POPULOUS_NAME">
			<Text>Kalabalık</Text>
		</Row>
		<Row Tag="LOC_AGENDA_STANDING_ARMY_NAME">
			<Text>Daimi Ordu</Text>
		</Row>
		<Row Tag="LOC_AGENDA_TECHNOPHILE_NAME">
			<Text>Teknoloji Uzmanı</Text>
		</Row>
		<Row Tag="LOC_AGENDA_WONDER_ADVOCATE_NAME">
			<Text>Harikalar Savunucusu</Text>
		</Row>
		<!--Agenda Description-->
		<Row Tag="LOC_AGENDA_ALLY_OF_ENKIDU_DESCRIPTION">
			<Text>Uzun vadeli müttefiklikler kurmaya istekli uygarlıklardan hoşlanır, onu kınamış veya dostuna saldırmış uygarlıklardan hoşlanmaz.</Text>
		</Row>
		<Row Tag="LOC_AGENDA_AYYUBID_DYNASTY_DESCRIPTION">
			<Text>Kendi ibadet binasının her şehirde olmasını ister, farklı dindeki uygarlıklardan hazzetmez ve kendi dininden olan devletlere savaş açan uygarlıklardan nefret eder.</Text>
		</Row>
		<Row Tag="LOC_AGENDA_BACKSTAB_AVERSE_DESCRIPTION">
			<Text>Onlarla dostluk ilan eden uygarlıkları sever. Sürpriz savaş ilan eden uygarlıklardan nefret eder.</Text>
		</Row>
		<Row Tag="LOC_AGENDA_BIG_STICK_POLICY_DESCRIPTION">
			<Text>Kendi kıtasında barışçıl uygarlıkların bulunmasını ister. Şehir devletlerine saldıran veya kendi kıtasına saldıran uygarlıklardan nefret eder.</Text>
		</Row>
		<Row Tag="LOC_AGENDA_BLACK_QUEEN_DESCRIPTION">
			<Text>Olabildiğine bol casus elde etmeye çalışır ve mümkün olduğunca diplomasi kullanır. Casuslukta geri kalmış uygarlıklardan hazzetmez.</Text>
		</Row>
		<Row Tag="LOC_AGENDA_BUSHIDO_DESCRIPTION">
			<Text>Güçlü bir askeriyeye sahip ve yüksek [ICON_Faith] İnanç ile [ICON_Culture] Kültür artışına sahip uygarlıkları sever, askeriyede güçlü olup düşük [ICON_Faith] İnanç ile [ICON_Culture] Kültür çıkışına sahip uygarlıklardan hoşlanmaz.</Text>
		</Row>
		<Row Tag="LOC_AGENDA_CITY_STATE_ALLY_DESCRIPTION">
			<Text>Aynı Şehir Devletlerini etkilemek için rekabet etmeyen medeniyetleri sever. Direk olarak Şehir Devletlerini etkilemek için rekabet eden medeniyetleri sevmez.</Text>
		</Row>
		<Row Tag="LOC_AGENDA_COUNTER_REFORMER_DESCRIPTION">
			<Text>Aynı Dini takip eden uygarlıkları sever ve şehirlerinin hepsinin aynı Dini takip etmesini ister. Dinlerini, Uygarlığına yaymaya çalışan herkesten nefret eder.</Text>
		</Row>
		<Row Tag="LOC_AGENDA_DELIAN_LEAGUE_DESCRIPTION">
			<Text>Aynı Şehir Devletlerini etkilemek için rekabet etmeyen medeniyetleri sever. Direk olarak Şehir Devletlerini etkilemek için rekabet eden medeniyetleri sevmez.</Text>
		</Row>
		<Row Tag="LOC_AGENDA_ENTHUSIASTIC_DISCIPLE_DESCRIPTION">
			<Text>Kongo'ya din getiren uygarlıkları sever, Din kurup henüz Kongo'ya getirmemiş uygarlıklardan hazzetmez.</Text>
		</Row>
		<Row Tag="LOC_AGENDA_GREAT_PERSON_OBSESSED_DESCRIPTION">
			<Text>Büyük Kişiler için rekabet etmeyen uygarlıkları sever ve mümkün olduğunca Harika İnsanları alır. Başka bir uygarlığa Büyük Kişi kaybetmekten hoşlanmaz.</Text>
		</Row>
		<Row Tag="LOC_AGENDA_IRON_CROWN_DESCRIPTION">
			<Text>Şehir Devletleriyle ilişkisi olmayan uygarlıkları sever. Şehir Devletlerinin hükümdarlıklarını ve Şehir Devletlerini fetheden uygarlıkları sevmez.</Text>
		</Row>
		<Row Tag="LOC_AGENDA_LAST_VIKING_KING_DESCRIPTION">
			<Text>Büyük bir donanma kurar ve kendisi gibi büyük donanmalara sahip uygarlıkları sever, zayıf donanmalara sahip uygarlıklardan hoşlanmaz.</Text>
		</Row>
		<Row Tag="LOC_AGENDA_OPTIMUS_PRINCEPS_DESCRIPTION">
			<Text>İmparatorluğuna olabildiğince çok toprak kazandırmaya çalışır ve az toprağa sahip Uygarlıklardan hazzetmez.</Text>
		</Row>
		<Row Tag="LOC_AGENDA_PARANOID_DESCRIPTION">
			<Text>Tehdit oluşturmayan uygarlıkları sever. Güçlü askeriyeye veya yakınında şehirleri olan uygarlıklardan hoşlanmaz.</Text>
		</Row>
		<Row Tag="LOC_AGENDA_QUEEN_OF_THE_NILE_DESCRIPTION">
			<Text>Güçlü askeriyeye sahip uygarlıkları sever ve müttefik olmaya çalışır, zayıf askeriyeye sahip uygarlıklardan hazzetmez.</Text>
		</Row>
		<Row Tag="LOC_AGENDA_PEACEKEEPER_DESCRIPTION">
			<Text>Agresif olarak görülebileceği bir savaşı asla açmaz ve barışçıl uygarlıklarla dost olmaya çalışır. Savaşçıl uygarlıklardan hoşlanmaz.</Text>
		</Row>
		<Row Tag="LOC_AGENDA_SUN_NEVER_SETS_DESCRIPTION">
			<Text>Kendi kıtasındaki uygarlıkları sever ve diğer kıtalara ulaşmaya çalışır. İngiltere'nin toprağının bulunmadığı kıtalardaki uygarlıklardan hazzetmez.</Text>
		</Row>
		<Row Tag="LOC_AGENDA_TLATOANI_DESCRIPTION">
			<Text>Kendisiyle aynı lüks kaynaklara sahip uygarlıklardan hoşlanır ve oyundaki tüm lüks kaynakları ele geçirmeye çalışır. Kendisinde bulunmayan bir lüks kaynağı ele geçirmiş uygarlıklardan hazzetmez.</Text>
		</Row>
		<Row Tag="LOC_AGENDA_WESTERNIZER_DESCRIPTION">
			<Text>Kendisinden [ICON_Science] Bilim ve [ICON_Culture] Kültür olarak ileride olan uygarlıklara hoşgörüyle yaklaşır, geride kalanlardan ise hazzetmez.</Text>
		</Row>
		<Row Tag="LOC_AGENDA_WITH_YOUR_SHIELD_OR_ON_IT_DESCRIPTION">
			<Text>Barış antlaşmasında herhangi bir tavizde bulunmayı reddeder, tavizde bulunmuş uygarlıklardan ve hiç savaşa girmemiş uygarlıklardan hoşlanmaz.</Text>
		</Row>
		<Row Tag="LOC_AGENDA_WONDER_OBSESSED_DESCRIPTION">
			<Text>Harika'lar inşa etmeyen uygarlıkları sever ve mümkün olduğunca çok Harika kurar. Kendisinden daha çok Harika'ya sahip uygarlıklardan nefret eder.</Text>
		</Row>
		<Row Tag="LOC_AGENDA_BARBARIAN_LOVER_DESCRIPTION">
			<Text>Barbarlara sempati besler. Barbar Kamplarını yok eden uygarlıklardan hoşlanmaz.</Text>
		</Row>
		<Row Tag="LOC_AGENDA_CIVILIZED_DESCRIPTION">
			<Text>Barbarlardan nefret eder. Barbar Kamplarını yokeden uygarlıkları sever. Barbar Kamplarını görmezden gelen uygarlıklardan hoşlanmaz.</Text>
		</Row>
		<Row Tag="LOC_AGENDA_CULTURED_DESCRIPTION">
			<Text>[ICON_Culture] Kültürü toplamaya çalışır ve [ICON_Culture] Kültür odaklı uygarlıkları sever.</Text>
		</Row>
		<Row Tag="LOC_AGENDA_DARWINIST_DESCRIPTION">
			<Text>Uygarlıkları savaşta görmekten hoşlanır ve sürekli savaşmaya inanır.</Text>
		</Row>
		<Row Tag="LOC_AGENDA_FUN_LOVING_DESCRIPTION">
			<Text>Tüm Şehirlerde vatandaşları elinden geldikçe mutlu etmeye çalışır. Bu şekilde gelişen uygarlıkları sever.</Text>
		</Row>
		<Row Tag="LOC_AGENDA_INDUSTRIALIST_DESCRIPTION">
			<Text>Endüstri kurmaya çalışır ve [ICON_Production] Üretim odaklı uygarlıkları sever.</Text>
		</Row>
		<Row Tag="LOC_AGENDA_MONEY_GRUBBER_DESCRIPTION">
			<Text>Tur başına en yüksek [ICON_Gold] Altın'ı kazanmaya çalışır. Diğer yüksek gelirli Uygarlıklara saygı duyar.</Text>
		</Row>
		<Row Tag="LOC_AGENDA_NATURALIST_DESCRIPTION">
			<Text>Tüm Doğal Harika'ları bulmaya çalışır. Ulusal Parklar kuran ve Yağmur ormanlarını ile Ormanları kaldırmayan uygarlıkları sever.</Text>
		</Row>
		<Row Tag="LOC_AGENDA_NUKE_LOVER_DESCRIPTION">
			<Text>Nükleer silahları kullanmaktan çekinmez. Nükleer silahlarla güçlenen diğer uygarlıklara karşı saygı duyar.</Text>
		</Row>
		<Row Tag="LOC_AGENDA_POPULOUS_DESCRIPTION">
			<Text>En yüksek genel nüfusa sahip olmaya çalışır. Diğer yüksek nüfuslu uygarlıklara saygı duyar.</Text>
		</Row>
		<Row Tag="LOC_AGENDA_STANDING_ARMY_DESCRIPTION">
			<Text>Daima dik duran bir ordu yapmaya çalışır. Büyük ordulara sahip uygarlıklara karşı saygı duyar.</Text>
		</Row>
		<Row Tag="LOC_AGENDA_TECHNOPHILE_DESCRIPTION">
			<Text>[ICON_Science] Bilim'de yükselmeye çalışır ve [ICON_Science] Bilim'e odaklanan uygarlıkları sever.</Text>
		</Row>
		<Row Tag="LOC_AGENDA_AIRPOWER_DESCRIPTION">
			<Text>Güçlü bir Hava gücü kurmaya çalışır. Güçlü hava gücüne sahip uygarlıkları takdir eder. Zayıf hava gücüne sahip uygarlıklardan hoşlanmaz.</Text>
		</Row>
		<Row Tag="LOC_AGENDA_CITY_STATE_PROTECTOR_DESCRIPTION">
			<Text>Koruma savaşlarına önem verir. Korumak için savaş başlatan Uygarlıklara hayran olur. Şehir Devletlerine saldıran uygarlıklardan hoşlanmaz.</Text>
		</Row>
		<Row Tag="LOC_AGENDA_EXPLOITATIVE_DESCRIPTION">
			<Text>Uygun olan tüm peteklerin özelliklerini siler ve geliştirir. Yüksek oranda geliştirilmiş peteği olan Uygarlıkları sever. Düşük oranda geliştirilmiş petekleri olan veya Ulusal Parklara sahip uygarlıklardan hoşlanmaz.</Text>
		</Row>
		<Row Tag="LOC_AGENDA_ENVIRONMENTALIST_DESCRIPTION">
			<Text>Ulusal Parklar kurar, Ağaçlandırma yapar ve özellikleri kaldırmaz. Ağaçlandırma yapan veya Ulusal Parkları bulunan uygarlıkları sever. Özellikleri kaldıran Uygarlıkları sevmez.</Text>
		</Row>
		<Row Tag="LOC_AGENDA_IDEOLOGUE_DESCRIPTION">
			<Text>Aynı hükümet türlerine sahip uygarlıkları savunur. Farklı hükümetlere sahip uygarlıklardan ve aynı çağdaki farklı hükümetlere sahip uygarlıklardan nefret eder.</Text>
		</Row>
		<Row Tag="LOC_AGENDA_DEVOUT_DESCRIPTION">
			<Text>[ICON_Faith] İnanç toplamaya çalışır ve aynı zamanda [ICON_Faith] İnanç odaklı olan uygarlıkları sever.</Text>
		</Row>
		<Row Tag="LOC_AGENDA_EXPLORER_DESCRIPTION">
			<Text>Haritayı keşfetmeye çalışır ve kendisinden daha az haritayı keşfeden uygarlıkları sever. Kendisinden daha fazla haritayı keşfeden uygarlıkları sevmez.</Text>
		</Row>
		<!-- City-State Traits-->
		<Row Tag="LOC_MINOR_CIV_SMALL_INFLUENCE_ENVOYS">
			<Text>1 [ICON_Envoy] Elçi:</Text>
		</Row>
		<Row Tag="LOC_MINOR_CIV_MEDIUM_INFLUENCE_ENVOYS">
			<Text>3 [ICON_Envoy] Elçi:</Text>
		</Row>
		<Row Tag="LOC_MINOR_CIV_LARGE_INFLUENCE_ENVOYS">
			<Text>6 [ICON_Envoy] Elçi:</Text>
		</Row>
		<Row Tag="LOC_MINOR_CIV_SCIENTIFIC_TRAIT_NAME">
			<Text>Bilimsel Şehir Devleti</Text>
		</Row>
		<Row Tag="LOC_MINOR_CIV_SCIENTIFIC_TRAIT_DESCRIPTION">
			<Text>{LOC_MINOR_CIV_SMALL_INFLUENCE_ENVOYS} {LOC_MINOR_CIV_SCIENTIFIC_TRAIT_SMALL_INFLUENCE_BONUS}[NEWLINE]{LOC_MINOR_CIV_MEDIUM_INFLUENCE_ENVOYS} {LOC_MINOR_CIV_SCIENTIFIC_TRAIT_MEDIUM_INFLUENCE_BONUS}[NEWLINE]{LOC_MINOR_CIV_LARGE_INFLUENCE_ENVOYS} {LOC_MINOR_CIV_SCIENTIFIC_TRAIT_LARGE_INFLUENCE_BONUS}</Text>
		</Row>
		<Row Tag="LOC_MINOR_CIV_SCIENTIFIC_TRAIT_SMALL_INFLUENCE_BONUS">
			<Text>[ICON_Capital] Başkentinizden +2 [ICON_Science] Bilim.</Text>
		</Row>
		<Row Tag="LOC_MINOR_CIV_SCIENTIFIC_TRAIT_MEDIUM_INFLUENCE_BONUS">
			<Text>Her Kampüs Bölgenizden +2 [ICON_Science] Bilim.</Text>
		</Row>
		<Row Tag="LOC_MINOR_CIV_SCIENTIFIC_TRAIT_LARGE_INFLUENCE_BONUS">
			<Text>Her Kampüs Bölgenizden Ek +2 [ICON_Science] Bilim.</Text>
		</Row>
		<Row Tag="LOC_MINOR_CIV_RELIGIOUS_TRAIT_NAME">
			<Text>Dindar Şehir Devleti</Text>
		</Row>
		<Row Tag="LOC_MINOR_CIV_RELIGIOUS_TRAIT_DESCRIPTION">
			<Text>{LOC_MINOR_CIV_SMALL_INFLUENCE_ENVOYS} {LOC_MINOR_CIV_RELIGIOUS_TRAIT_SMALL_INFLUENCE_BONUS}[NEWLINE]{LOC_MINOR_CIV_MEDIUM_INFLUENCE_ENVOYS} {LOC_MINOR_CIV_RELIGIOUS_TRAIT_MEDIUM_INFLUENCE_BONUS}[NEWLINE]{LOC_MINOR_CIV_LARGE_INFLUENCE_ENVOYS} {LOC_MINOR_CIV_RELIGIOUS_TRAIT_LARGE_INFLUENCE_BONUS}</Text>
		</Row>
		<Row Tag="LOC_MINOR_CIV_RELIGIOUS_TRAIT_SMALL_INFLUENCE_BONUS">
			<Text>[ICON_Capital] Başkentinizden +2 [ICON_Faith] İnanç.</Text>
		</Row>
		<Row Tag="LOC_MINOR_CIV_RELIGIOUS_TRAIT_MEDIUM_INFLUENCE_BONUS">
			<Text>Her Kutsal Site Bölgesinden +2 [ICON_Faith] İnanç.</Text>
		</Row>
		<Row Tag="LOC_MINOR_CIV_RELIGIOUS_TRAIT_LARGE_INFLUENCE_BONUS">
			<Text>Her Kutsal Site Bölgesinden Ek +2 [ICON_Faith] İnanç.</Text>
		</Row>
		<Row Tag="LOC_MINOR_CIV_TRADE_TRAIT_NAME">
			<Text>Ticaretçi Şehir Devleti</Text>
		</Row>
		<Row Tag="LOC_MINOR_CIV_TRADE_TRAIT_DESCRIPTION">
			<Text>{LOC_MINOR_CIV_SMALL_INFLUENCE_ENVOYS} {LOC_MINOR_CIV_TRADE_TRAIT_SMALL_INFLUENCE_BONUS}[NEWLINE]{LOC_MINOR_CIV_MEDIUM_INFLUENCE_ENVOYS} {LOC_MINOR_CIV_TRADE_TRAIT_MEDIUM_INFLUENCE_BONUS}[NEWLINE]{LOC_MINOR_CIV_LARGE_INFLUENCE_ENVOYS} {LOC_MINOR_CIV_TRADE_TRAIT_LARGE_INFLUENCE_BONUS}</Text>
		</Row>
		<Row Tag="LOC_MINOR_CIV_TRADE_TRAIT_SMALL_INFLUENCE_BONUS">
			<Text>[ICON_Capital] Başkentinizden +4 [ICON_Gold] Altın.</Text>
		</Row>
		<Row Tag="LOC_MINOR_CIV_TRADE_TRAIT_MEDIUM_INFLUENCE_BONUS">
			<Text>Her Ticaret Merkezi Bölgesinden +4 [ICON_Gold] Altın.</Text>
		</Row>
		<Row Tag="LOC_MINOR_CIV_TRADE_TRAIT_LARGE_INFLUENCE_BONUS">
			<Text>Her Ticaret Merkezi Bölgesinden Ek +4 [ICON_Gold] Altın</Text>
		</Row>
		<Row Tag="LOC_MINOR_CIV_CULTURAL_TRAIT_NAME">
			<Text>Kültürel Şehir Devleti</Text>
		</Row>
		<Row Tag="LOC_MINOR_CIV_CULTURAL_TRAIT_DESCRIPTION">
			<Text>{LOC_MINOR_CIV_SMALL_INFLUENCE_ENVOYS} {LOC_MINOR_CIV_CULTURAL_TRAIT_SMALL_INFLUENCE_BONUS}[NEWLINE]{LOC_MINOR_CIV_MEDIUM_INFLUENCE_ENVOYS} {LOC_MINOR_CIV_CULTURAL_TRAIT_MEDIUM_INFLUENCE_BONUS}[NEWLINE]{LOC_MINOR_CIV_LARGE_INFLUENCE_ENVOYS} {LOC_MINOR_CIV_CULTURAL_TRAIT_LARGE_INFLUENCE_BONUS}</Text>
		</Row>
		<Row Tag="LOC_MINOR_CIV_CULTURAL_TRAIT_SMALL_INFLUENCE_BONUS">
			<Text>[ICON_Capital] Başkentinizden +2 [ICON_Culture] Kültür.</Text>
		</Row>
		<Row Tag="LOC_MINOR_CIV_CULTURAL_TRAIT_MEDIUM_INFLUENCE_BONUS">
			<Text>Her Tiyatro Meydanı Bölgesinden +2 [ICON_Culture] Kültür.</Text>
		</Row>
		<Row Tag="LOC_MINOR_CIV_CULTURAL_TRAIT_LARGE_INFLUENCE_BONUS">
			<Text>Her Tiyatro Meydanı Bölgesinden Ek +2 [ICON_Culture] Kültür.</Text>
		</Row>
		<Row Tag="LOC_MINOR_CIV_MILITARISTIC_TRAIT_NAME">
			<Text>Askeri Şehir Devleti</Text>
		</Row>
		<Row Tag="LOC_MINOR_CIV_MILITARISTIC_TRAIT_DESCRIPTION">
			<Text>{LOC_MINOR_CIV_SMALL_INFLUENCE_ENVOYS} {LOC_MINOR_CIV_MILITARISTIC_TRAIT_SMALL_INFLUENCE_BONUS}[NEWLINE]{LOC_MINOR_CIV_MEDIUM_INFLUENCE_ENVOYS} {LOC_MINOR_CIV_MILITARISTIC_TRAIT_MEDIUM_INFLUENCE_BONUS}[NEWLINE]{LOC_MINOR_CIV_LARGE_INFLUENCE_ENVOYS} {LOC_MINOR_CIV_MILITARISTIC_TRAIT_LARGE_INFLUENCE_BONUS}</Text>
		</Row>
		<Row Tag="LOC_MINOR_CIV_MILITARISTIC_TRAIT_SMALL_INFLUENCE_BONUS">
			<Text>[ICON_Capital] Başkent'te Birim üretiminde +2 [ICON_Production] Üretim.</Text>
		</Row>
		<Row Tag="LOC_MINOR_CIV_MILITARISTIC_TRAIT_MEDIUM_INFLUENCE_BONUS">
			<Text>Ordugah Bölgesindeki Birim üretiminde +2 [ICON_Production] Üretim.</Text>
		</Row>
		<Row Tag="LOC_MINOR_CIV_MILITARISTIC_TRAIT_LARGE_INFLUENCE_BONUS">
			<Text>Her Ordugah Bölgesindeki Birim üretiminde Ek +2 [ICON_Production] Üretim.</Text>
		</Row>
		<Row Tag="LOC_MINOR_CIV_INDUSTRIAL_TRAIT_NAME">
			<Text>Endüstriyel Şehir Devleti</Text>
		</Row>
		<Row Tag="LOC_MINOR_CIV_INDUSTRIAL_TRAIT_DESCRIPTION">
			<Text>{LOC_MINOR_CIV_SMALL_INFLUENCE_ENVOYS} {LOC_MINOR_CIV_INDUSTRIAL_TRAIT_SMALL_INFLUENCE_BONUS}[NEWLINE]{LOC_MINOR_CIV_MEDIUM_INFLUENCE_ENVOYS} {LOC_MINOR_CIV_INDUSTRIAL_TRAIT_MEDIUM_INFLUENCE_BONUS}[NEWLINE]{LOC_MINOR_CIV_LARGE_INFLUENCE_ENVOYS} {LOC_MINOR_CIV_INDUSTRIAL_TRAIT_LARGE_INFLUENCE_BONUS}</Text>
		</Row>
		<Row Tag="LOC_MINOR_CIV_INDUSTRIAL_TRAIT_SMALL_INFLUENCE_BONUS">
			<Text>[ICON_Capital] Başkent'te Harika, Bina ve Bölge üretimlerine, +2 [ICON_Production] Üretim.</Text>
		</Row>
		<Row Tag="LOC_MINOR_CIV_INDUSTRIAL_TRAIT_MEDIUM_INFLUENCE_BONUS">
			<Text>Her Endüstri Alanı Bölgesinde Harika, Bina ve Bölge üretimlerine, +2 [ICON_Production] Üretim.</Text>
		</Row>
		<Row Tag="LOC_MINOR_CIV_INDUSTRIAL_TRAIT_LARGE_INFLUENCE_BONUS">
			<Text>Her Endüstri Alanı Bölgesinde Harika, Bina ve Bölge üretimlerine, Ek +2 [ICON_Production] Üretim.</Text>
		</Row>
		<Row Tag="LOC_LEADER_TRAIT_AMSTERDAM_NAME">
			<Text>Amsterdam Hükümdarlığı Bonusu</Text>
		</Row>
		<Row Tag="LOC_LEADER_TRAIT_AMSTERDAM_DESCRIPTION">
			<Text>Yabancı şehirlerle olan [ICON_TradeRoute] Ticaret Yolları, varış yerindeki her Lüks kaynak için +1 [ICON_Gold] Altın kazanır.</Text>
		</Row>
		<Row Tag="LOC_LEADER_TRAIT_BANDAR_BRUNEI_NAME">
			<Text>Bandar Brunei Suzerain Bonus</Text>
		</Row>
		<Row Tag="LOC_LEADER_TRAIT_BRUSSELS_NAME">
			<Text>Brüksel Hükümdarlığı Bonusu</Text>
		</Row>
		<Row Tag="LOC_LEADER_TRAIT_BRUSSELS_DESCRIPTION">
			<Text>Şehirleriniz, Harikalar için  + %15 [ICON_Production] Üretim kazanır.</Text>
		</Row>
		<Row Tag="LOC_LEADER_TRAIT_BUENOS_AIRES_NAME">
			<Text>Buenos Aires Hükümdarlığı Bonusu</Text>
		</Row>
		<Row Tag="LOC_LEADER_TRAIT_BUENOS_AIRES_DESCRIPTION">
			<Text>Bonus kaynaklar, Lüks kaynaklar gibi davranır ve türüne göre 1 [ICON_Amenities] İmkan sağlar.</Text>
		</Row>
		<Row Tag="LOC_LEADER_TRAIT_CARTHAGE_NAME">
			<Text>Kartaca Hükümdarlığı Bonusu</Text>
		</Row>
		<Row Tag="LOC_LEADER_TRAIT_CARTHAGE_DESCRIPTION">
			<Text>Her Ordugah Bölgesi +1 [ICON_TradeRoute] Ticaret Yolu kapasitesi sağlar.</Text>
		</Row>
		<Row Tag="LOC_LEADER_TRAIT_GENEVA_NAME">
			<Text>Cenevre Hükümdarlığı Bonusu</Text>
		</Row>
		<Row Tag="LOC_LEADER_TRAIT_GENEVA_DESCRIPTION">
			<Text>Herhangi bir uygarlığa karşı savaşmadığınız zamanlarda, şehirleriniz %15 [ICON_Science] Bilim kazanır.</Text>
		</Row>
		<Row Tag="LOC_LEADER_TRAIT_HATTUSA_NAME">
			<Text>Hattuşa Hükümdarlığı Bonusu</Text>
		</Row>
		<Row Tag="LOC_LEADER_TRAIT_HATTUSA_DESCRIPTION">
			<Text>Ortaya çıkartığınız ama sahip olmadığınız her Stratejik kaynağın 1'ini size sunar.</Text>
		</Row>
		<Row Tag="LOC_LEADER_TRAIT_HONG_KONG_NAME">
			<Text>Hong Kong Hükümdarlığı Bonusu</Text>
		</Row>
		<Row Tag="LOC_LEADER_TRAIT_HONG_KONG_DESCRIPTION">
			<Text>Şehirleriniz, Şehir projelerine yönelik + %20 [ICON_Production] Üretim kazanır.</Text>
		</Row>
		<Row Tag="LOC_LEADER_TRAIT_JAKARTA_NAME">
			<Text>Jakarta Hükümdarlığı Bonusu</Text>
		</Row>
		<Row Tag="LOC_LEADER_TRAIT_JAKARTA_DESCRIPTION">
			<Text>Yabancı şehirlerdeki [ICON_TradingPost] Ticaret Dükkanlarınız, [ICON_TradeRoute] Ticaret Yollarınızdan geçerek +1 [ICON_Gold] Altın kazandırır.</Text>
		</Row>
		<Row Tag="LOC_LEADER_TRAIT_JERUSALEM_NAME">
			<Text>Kudüs Hükümdarlığı Bonusu</Text>
		</Row>
		<Row Tag="LOC_LEADER_TRAIT_JERUSALEM_DESCRIPTION">
			<Text>Kurduğunuz Dine otomatik olarak geçilir ve o Dine Kutsal Site gibi baskı uygular.</Text>
		</Row>
		<Row Tag="LOC_LEADER_TRAIT_KABUL_NAME">
			<Text>Kabil Hükümdarlığı Bonusu</Text>
		</Row>
		<Row Tag="LOC_LEADER_TRAIT_KABUL_DESCRIPTION">
			<Text>Birimleriniz, başlattıkları savaşlardan iki kat daha fazla deneyim kazanır.</Text>
		</Row>
		<Row Tag="LOC_LEADER_TRAIT_KANDY_NAME">
			<Text>Kandy Hükümdarlığı Bonusu</Text>
		</Row>
		<Row Tag="LOC_LEADER_TRAIT_KANDY_DESCRIPTION">
			<Text>Her yeni bir Doğal Harika keşfettiğinizde, bir [ICON_GreatWork_Relic] Kutsal Emanet sağlar ve tüm [ICON_GreatWork_Relic] Kutsal Emanetlerden + %50 [ICON_Faith] İnanç elde edersiniz.</Text>
		</Row>
		<Row Tag="LOC_LEADER_TRAIT_KUMASI_NAME">
			<Text>Kumasi Hükümdarlığı Bonusu</Text>
		</Row>
		<Row Tag="LOC_LEADER_TRAIT_KUMASI_DESCRIPTION">
			<Text>Herhangi bir şehir devletine gönderilen [ICON_TradeRoute] Ticari yollarınız, esas şehirdeki her uzmanlık bölgesi için +2 [ICON_Culture] Kültür ve +1 [ICON_Gold] Altın sağlar.</Text>
		</Row>
		<Row Tag="LOC_LEADER_TRAIT_LA_VENTA_NAME">
			<Text>La Venta Hükümdarlığı Bonusu</Text>
		</Row>
		<Row Tag="LOC_LEADER_TRAIT_LA_VENTA_DESCRIPTION">
			<Text>İnşaatçılarınız şuanda Olmek Büstleri inşası yapabilir.</Text>
		</Row>
		<Row Tag="LOC_LEADER_TRAIT_LISBON_NAME">
			<Text>Lizbon Hükümdarlığı Bonusu</Text>
		</Row>
		<Row Tag="LOC_LEADER_TRAIT_LISBON_DESCRIPTION">
			<Text>Tüccar birimleriniz Deniz peteklerinin yağmalanmasından etkilenmez.</Text>
		</Row>
		<Row Tag="LOC_LEADER_TRAIT_MOHENJO_DARO_NAME">
			<Text>Mohenjo-Daro Hükümdarlığı Bonusu</Text>
		</Row>
		<Row Tag="LOC_LEADER_TRAIT_MOHENJO_DARO_DESCRIPTION">
			<Text>Şehirlerinizin hepsine sanki nehir kenarındaymış gibi, Su'lardan maksimum [ICON_Housing] Konut sağlar.</Text>
		</Row>
		<Row Tag="LOC_LEADER_TRAIT_NAN_MADOL_NAME">
			<Text>Nan Madol Hükümdarlığı Bonusu</Text>
		</Row>
		<Row Tag="LOC_LEADER_TRAIT_NAN_MADOL_DESCRIPTION">
			<Text>Sahil yakınında veya sahilde ki bölgeleriniz +2 [ICON_Culture] Kültür sağlar.</Text>
		</Row>
		<Row Tag="LOC_LEADER_TRAIT_PRESLAV_NAME">
			<Text>Preslav Hükümdarlığı Bonusu</Text>
		</Row>
		<Row Tag="LOC_LEADER_TRAIT_PRESLAV_DESCRIPTION">
			<Text>Hafif ve Ağır Süvari birimlerine, tepe peteklerinde savaşırken +5 [ICON_Strength] Güç sağlar.</Text>
		</Row>
		<Row Tag="LOC_LEADER_TRAIT_SEOUL_NAME">
			<Text>Seul Hükümdarlığı Bonusu</Text>
		</Row>
		<Row Tag="LOC_LEADER_TRAIT_SEOUL_DESCRIPTION">
			<Text>Yeni bir çağa girdiğinizde, o çağdan rastgele 1 [ICON_TechBoosted] Aydınlanma Anı kazanırsınız.</Text>
		</Row>
		<Row Tag="LOC_LEADER_TRAIT_STOCKHOLM_NAME">
			<Text>Stockholm Hükümdarlığı Bonusu</Text>
		</Row>
		<Row Tag="LOC_LEADER_TRAIT_STOCKHOLM_DESCRIPTION">
			<Text>Bölgeleriniz, kendi türünden +1 [ICON_GreatPerson] Büyük Kişi noktası sağlar ([ICON_GreatWriter] Ünlü Yazar, [ICON_GreatArtist] Ünlü Sanatçı ve [ICON_GreatMusician] Ünlü Müzisyen ve Tiyatro Meydanları için).</Text>
		</Row>
		<Row Tag="LOC_LEADER_TRAIT_TORONTO_NAME">
			<Text>Toronto Hükümdarlığı Bonusu</Text>
		</Row>
		<Row Tag="LOC_LEADER_TRAIT_TORONTO_DESCRIPTION">
			<Text>Endüstri Alanı ve Eğlence Kompleksi bölgelerinizden gelen bölgesel etkiler 3 petek daha uzağa ulaşır.</Text>
		</Row>
		<Row Tag="LOC_LEADER_TRAIT_VALLETTA_NAME">
			<Text>Valletta Hükümdarlığı Bonusu</Text>
		</Row>
		<Row Tag="LOC_LEADER_TRAIT_VALLETTA_DESCRIPTION">
			<Text>Şehir Merkezi binaları ve Ordugah bölgesi binaları [ICON_Faith] İnanç ile satın alınabilir. Antikçağ, Ortaçağ ve Rönesans Duvarlarını satın alma maliyeti düşürülür, ama sadece [ICON_Faith] İnanç ile satın alınabilir.</Text>
		</Row>
		<Row Tag="LOC_LEADER_TRAIT_VILNIUS_NAME">
			<Text>Vilnius Hükümdarlığı Bonusu</Text>
		</Row>
		<Row Tag="LOC_LEADER_TRAIT_VILNIUS_DESCRIPTION">
			<Text>Yeni bir çağa girerken, o çağdan 1 [ICON_CivicBoosted] İlham sağlar.</Text>
		</Row>
		<Row Tag="LOC_LEADER_TRAIT_YEREVAN_NAME">
			<Text>Erivan Hükümdarlığı Bonusu</Text>
		</Row>
		<Row Tag="LOC_LEADER_TRAIT_YEREVAN_DESCRIPTION">
			<Text>Havari birimleriniz rastgele bir promosyon almak yerine mevcut promosyonlardan birini seçebilir.</Text>
		</Row>
		<Row Tag="LOC_LEADER_TRAIT_ZANZIBAR_NAME">
			<Text>Zanzibar Hükümdarlığı Bonusu</Text>
		</Row>
		<Row Tag="LOC_LEADER_TRAIT_ZANZIBAR_DESCRIPTION">
			<Text>[ICON_RESOURCE_CINNAMON] Tarçın ve [ICON_RESOURCE_CLOVES] Karanfil Lüks kaynaklarını sağlar. Bunlar oyunda başka şekilde kazanılmaz ve 6 [ICON_Amenities] imkan sağlar.</Text>
		</Row>
		<!--Leader Trait Names-->
		<Row Tag="LOC_TRAIT_LEADER_THERMOPYLAE_NAME">
			<Text>Thermopylae</Text>
		</Row>
		<Row Tag="LOC_TRAIT_LEADER_ADVENTURES_ENKIDU_NAME">
			<Text>Enkidu'nun Maceraları</Text>
		</Row>
		<Row Tag="LOC_TRAIT_LEADER_MEDITERRANEAN_NAME">
			<Text>Akdeniz'in Gelini</Text>
		</Row>
		<Row Tag="LOC_TRAIT_LEADER_DIVINE_WIND_NAME">
			<Text>Kutsal Rüzgar</Text>
		</Row>
		<Row Tag="LOC_TRAIT_LEADER_EL_ESCORIAL_NAME">
			<Text>Anıt Mezar</Text>
		</Row>
		<Row Tag="LOC_TRAIT_LEADER_GRAND_EMBASSY_NAME">
			<Text>Büyük Elçilik</Text>
		</Row>
		<Row Tag="LOC_TRAIT_LEADER_HOLY_ROMAN_EMPEROR_NAME">
			<Text>Kutsal Roma İmparatoru</Text>
		</Row>
		<Row Tag="LOC_TRAIT_LEADER_PAX_BRITANNICA_NAME">
			<Text>İngiliz Barışı</Text>
		</Row>
		<Row Tag="LOC_TRAIT_LEADER_RIGHTEOUSNESS_OF_FAITH_NAME">
			<Text>İnanç Doğruluğu</Text>
		</Row>
		<Row Tag="LOC_TRAIT_LEADER_RELIGIOUS_CONVERT_NAME">
			<Text>Dini Dönüşüm</Text>
		</Row>
		<Row Tag="LOC_TRAIT_LEADER_ROOSEVELT_COROLLARY_NAME">
			<Text>Roosevelt Sonuçları</Text>
		</Row>
		<Row Tag="LOC_TRAIT_LEADER_SATYAGRAHA_NAME">
			<Text>Hakikat Gücü</Text>
		</Row>
		<Row Tag="LOC_TRAIT_LEADER_THUNDERBOLT_NAME">
			<Text>Kuzey Yıldırımı</Text>
		</Row>
		<Row Tag="LOC_TRAIT_LEADER_FIRST_EMPEROR_NAME">
			<Text>İlk İmparator</Text>
		</Row>
		<Row Tag="LOC_TRAIT_LEADER_FLYING_SQUADRON_NAME">
			<Text>Catherine'nın Uçan Filosu</Text>
		</Row>
		<Row Tag="LOC_TRAIT_LEADER_TRAJANS_COLUMN_NAME">
			<Text>Traianus Sütunu</Text>
		</Row>
		<Row Tag="LOC_TRAIT_LEADER_KILLER_OF_CYRUS_NAME">
			<Text>Katil Cyrus</Text>
		</Row>
		<Row Tag="LOC_TRAIT_LEADER_MAGNANIMOUS_NAME">
			<Text>Bağışlayıcı</Text>
		</Row>
		<Row Tag="LOC_TRAIT_LEADER_SURROUNDED_BY_GLORY_NAME">
			<Text>Zaferlerle Çevrili</Text>
		</Row>
		<Row Tag="LOC_TRAIT_LEADER_UNIT_ENGLISH_REDCOAT_NAME">
			<Text>Victoria Eşsiz Birimi: Kırmızı Ceketliler</Text>
		</Row>
		<Row Tag="LOC_TRAIT_LEADER_UNIT_NORWEGIAN_LONGSHIP_NAME">
			<Text>Harald Hardrada'ın Eşsiz Birimi: Uzun Viking Gemisi</Text>
		</Row>
		<Row Tag="LOC_TRAIT_LEADER_UNIT_AMERICAN_ROUGH_RIDER_NAME">
			<Text>Theodore Roosevelt'in Eşsiz Birimi: Zorlu Binici</Text>
		</Row>
		<!--Leader Trait Descriptions-->
		<Row Tag="LOC_TRAIT_LEADER_THERMOPYLAE_DESCRIPTION">
			<Text>Zafer Savaşları, yenilen birimin [ICON_Strength] Savaş Gücünün %50'sine eşit olarak [ICON_Culture] Kültür sağlar.</Text>
		</Row>
		<Row Tag="LOC_TRAIT_LEADER_ADVENTURES_ENKIDU_DESCRIPTION">
			<Text>Yüksek savaş cezaları olmadan müttefikler ile savaşta olan herhangi birine savaş açılabilir. Ortak bir düşmanla savaş halinde, müttefiklerle birlikte yağma ödülleri ile 5 petek içinde ki savaş deneyimi kazançları paylaşılır.</Text>
		</Row>
		<Row Tag="LOC_TRAIT_LEADER_MEDITERRANEAN_DESCRIPTION">
			<Text>Mısır için diğer medeniyetlere gönderdiğiniz [ICON_TradeRoute] Ticaret Yollarınız +4 [ICON_Gold] Altın kazandırır. Diğer uygarlıklardan [ICON_TradeRoute] Mısır'a Yapılan Ticaret yolları için, onlara +2 [ICON_Food] Gıda ve Mısır için +2 [ICON_Gold] Altın.</Text>
		</Row>
		<Row Tag="LOC_TRAIT_LEADER_DIVINE_WIND_DESCRIPTION">
			<Text>Kara birimlerine, kıyı'ya bitişik kara peteklerinde +5 [ICON_Strength] Savaş Gücü sağlar; Deniz birimlerine, sığ su peteklerinde +5 [ICON_Strength] Savaş Gücü sağlar. Ordugah, Kutsal Site ve Tiyatro Meydanı bölgeleri yarım süre içinde oluşturur.</Text>
		</Row>
		<Row Tag="LOC_TRAIT_LEADER_EL_ESCORIAL_DESCRIPTION">
			<Text>Engizisyon mahkemesi üyesi, Farklı düşünceleri bir kez daha kaldırabilir. Saldırı birimlerine, diğer Dinleri takip eden oyunculara karşı +4 [ICON_Strength] Savaş Gücü bonusu sağlar.</Text>
		</Row>
		<Row Tag="LOC_TRAIT_LEADER_GRAND_EMBASSY_DESCRIPTION">
			<Text>Rusya'dan daha ileri uygarlıklarla olan [ICON_TradeRoute] Ticaret Yollarından [ICON_Science] Bilim veya [ICON_Culture] Kültür sağlar (3 Teknoloji veya İlke olarak önde olanlar için +1).</Text>
		</Row>
		<Row Tag="LOC_TRAIT_LEADER_HOLY_ROMAN_EMPEROR_DESCRIPTION">
			<Text>Ek Askeri politika slotu. Şehir devletlerine saldırırken +7 [ICON_Strength] Savaş Gücü.</Text>
		</Row>
		<Row Tag="LOC_TRAIT_LEADER_PAX_BRITANNICA_DESCRIPTION">
			<Text>Ana Kıtanız dışındaki bir kıtada kurduğunuz veya fethettiğiniz tüm şehirler için, anında bir kara birimi sağlar. Askeri Bilim teknolojisi araştırıldığında, Kırmızı Ceketli benzersiz birimini sağlar.</Text>
		</Row>
		<Row Tag="LOC_TRAIT_LEADER_RIGHTEOUSNESS_OF_FAITH_DESCRIPTION">
			<Text>Herhangi bir oyuncu, her zamanki [ICON_Faith] İnanç masrafının onda birine, Dinlerinin ibadet binalarını alabilir. Bu ibadet binası, Arap şehirlerinin [ICON_Science] Bilim, [ICON_Faith] İnanç ve [ICON_Culture] Kültür çıktısını, %10 artacak şekilde geliştirir.</Text>
		</Row>
		<Row Tag="LOC_TRAIT_LEADER_RELIGIOUS_CONVERT_DESCRIPTION">
			<Text>Kutsal Site bölgeleri kurmazsanız, Büyük Peygamberler Kazanamaz veya Dinler Bulamazsınız. Kendi kurmuş olduğu herhangi bir Dinin çoğunlukta olduğu şehirlerde, tüm inancı kazanır. Her M'banza veya Tiyatro Meydanı bölgesi bitirildiğinde, bir havari kazanılır (şehir çoğunluk Dinine sahipse).</Text>
		</Row>
		<Row Tag="LOC_TRAIT_LEADER_ROOSEVELT_COROLLARY_DESCRIPTION">
			<Text>Birimler, kendi ana kıtalarında +5 [ICON_Strength] Savaş Gücü alır. Ulusal Park'a sahip şehirlerde bulunan tüm peteklere +1 Cazibe sağlar. Tüfekçilik teknolojisi araştırıldığında, Eşsiz Zorlu Binici birimi kazanılır.</Text>
		</Row>
		<Row Tag="LOC_TRAIT_LEADER_SATYAGRAHA_DESCRIPTION">
			<Text>Karşılaştıkları her Din kurmuş ve savaşta olmayan medeniyet için (Hindistan dahil) +5 [ICON_Faith] İnanç. Düşman uygarlıklara, Gandi ile savaşırken iki kat savaş yorgunluğu verir.</Text>
		</Row>
		<Row Tag="LOC_TRAIT_LEADER_THUNDERBOLT_DESCRIPTION">
			<Text>Tüm donanmanın yakın saldırı birimlerine, kıyı baskını için izin sağlar.</Text>
		</Row>
		<Row Tag="LOC_TRAIT_LEADER_FIRST_EMPEROR_DESCRIPTION">
			<Text>Antik ve Klasik Harikalar inşa ederken, Harikanın orjinal maliyetinin %15'ini tamamlamak için inşaatçı harcayabilirsiniz. İnşaatçılarınız ek bir işlem hakkı alır.</Text>
		</Row>
		<Row Tag="LOC_TRAIT_LEADER_FLYING_SQUADRON_DESCRIPTION">
			<Text>Karşılaştığı her uygarlıkla, normalden 1 seviye daha yüksek [ICON_VisLimited] Diplomatik Görünürlük sağlar. Kale teknolojisi sayesinde, ekstra bir casus eğitme kapasitesi sağlar.</Text>
		</Row>
		<Row Tag="LOC_TRAIT_LEADER_TRAJANS_COLUMN_DESCRIPTION">
			<Text>Tüm şehirler ek bir Şehir Merkezi binası ile başlar. (Antik çağda bir Anıt binası ile başlar).</Text>
		</Row>
		<Row Tag="LOC_TRAIT_LEADER_KILLER_OF_CYRUS_DESCRIPTION">
			<Text>Tüm birimler, yaralı birimlere karşı +5 [ICON_Strength] Savaş Gücü kazanır. Düşman birimi yok edildiğinde, 50 HP kadar iyileşirler.</Text>
		</Row>
		<Row Tag="LOC_TRAIT_LEADER_MAGNANIMOUS_DESCRIPTION">
			<Text>Bir [ICON_GreatPerson] Büyük Kişiyi işe aldıktan veya himaye altına aldıktan sonra, [ICON_GreatPerson] Büyük Kişi puanının %20'si geri ödenir.</Text>
		</Row>
		<Row Tag="LOC_TRAIT_LEADER_SURROUNDED_BY_GLORY_DESCRIPTION">
			<Text>Hükümdarı olduğunuz şehir devleti başına +%5 [ICON_Culture] Kültür.</Text>
		</Row>
	</BaseGameText>
</GameData>
