<?xml version="1.0" encoding="utf-8"?>
<GameData>
  <BaseGameText>
    <!-- Modifier Object Text - Used in GameCore -->
    <Row Tag="LOC_MODIFIER_OBJECT_BUILDING">
      <Text>Bina|Binalar</Text>
      <Plurality>1|2</Plurality>
    </Row>
    <Row Tag="LOC_MODIFIER_OBJECT_CITY">
      <Text>Şehir|Şehirler</Text>
      <Plurality>1|2</Plurality>
    </Row>
    <Row Tag="LOC_MODIFIER_OBJECT_DISTRICT">
      <Text>İlçe|İlçeler</Text>
      <Plurality>1|2</Plurality>
    </Row>
    <Row Tag="LOC_MODIFIER_OBJECT_GOVERNMENT">
      <Text>Hükümet|Hükümetler</Text>
      <Plurality>1|2</Plurality>
    </Row>
    <Row Tag="LOC_MODIFIER_OBJECT_PLAYER">
      <Text>Oyuncu|Oyuncular</Text>
      <Plurality>1|2</Plurality>
    </Row>
    <Row Tag="LOC_MODIFIER_OBJECT_PLAYER_CAPTURED_UNIT">
      <Text>Oyuncunun Yakalan Birimi|Oyuncunun Yakalanan Birimleri</Text>
      <Plurality>1|2</Plurality>
    </Row>
    <Row Tag="LOC_MODIFIER_OBJECT_POLICY">
      <Text>İlke|İlkeler</Text>
      <Plurality>1|2</Plurality>
    </Row>
    <Row Tag="LOC_MODIFIER_OBJECT_TEAM">
      <Text>Takım|Takımlar</Text>
      <Plurality>1|2</Plurality>
    </Row>
    <Row Tag="LOC_MODIFIER_OBJECT_TECHNOLOGY">
      <Text>Teknoloji|Teknolojiler</Text>
      <Plurality>1|2</Plurality>
    </Row>
    <Row Tag="LOC_MODIFIER_OBJECT_UNIT">
      <Text>Birim|Birimler</Text>
      <Plurality>1|2</Plurality>
    </Row>
    <Row Tag="LOC_MODIFIER_OBJECT_UNIT_PROMOTION">
      <Text>Birim Yetenegi|Birim Yetenekleri</Text>
      <Plurality>1|2</Plurality>
    </Row>
  </BaseGameText>
</GameData>