﻿<?xml version="1.0" encoding="utf-8"?>
<!-- edited with XMLSPY v2004 rel. 2 U (http://www.xmlspy.com) by Ed Beach (Firaxis Games) -->
<GameData>
	<FrontEndText>
		<Row Tag="TXT_KEY_MY2K">
			<Text>2K Hesabı</Text>
		</Row>		
		
		<!-- String needed for MY2K but not (yet) provided by the server system... -->
		<Row Tag="TXT_KEY_MY2K_ADDITION_SIGN_UP_TITLE">
			<Text>2K için kaydolun</Text>
		</Row>
		<Row Tag="TXT_KEY_MY2K_ADDITION_CREATE_NEW_USER_MESSAGE">
		  <Text>2K'ya kaydolmak için lütfen aşağıdaki alana geçerli bir e-posta adresi girin. Kayıt onayı için bu adrese bir doğrulama e-postası gönderilecektir.</Text>
		</Row>
		<Row Tag="TXT_KEY_MY2K_ADDITION_LOGOUT_TITLE">
			<Text>Çıkış Yap</Text>
		</Row>
		<Row Tag="TXT_KEY_MY2K_ADDITION_LOGOUT_MESSAGE">
			<Text>Çıkış yapmak istiyor musunuz?</Text>
		</Row>
		<Row Tag="TXT_KEY_MY2K_ADDITION_YES">
			<Text>Evet</Text>
		</Row>
		<Row Tag="TXT_KEY_MY2K_ADDITION_NO">
			<Text>Hayır</Text>
		</Row>
		<Row Tag="TXT_KEY_MY2K_ADDITION_LOGIN_USER">
		  <Text>Oturum aç</Text>
		</Row>
		<Row Tag="TXT_KEY_MY2K_ADDITION_OK">
		  <Text>Tamam</Text>
		</Row>
		<Row Tag="TXT_KEY_MY2K_ADDITION_CANCEL">
		  <Text>İptal</Text>
		</Row>
		<Row Tag="TXT_KEY_MY2K_ADDITION_READ">
		  <Text>Oku</Text>
		</Row>
		<Row Tag="TXT_KEY_MY2K_ADDITION_CREATE_NEW_USER">
		  <Text>Yeni Kullanıcı Oluştur</Text>
		</Row>
		<Row Tag="TXT_KEY_MY2K_ADDITION_SIGN_UP">
		  <Text>Kaydol</Text>
		</Row>
		<Row Tag="TXT_KEY_MY2K_ADDITION_CONNECTION_ISSUE">
		  <Text>Bağlantı sorunu</Text>
		</Row>
		<Row Tag="TXT_KEY_MY2K_ADDITION_FIRAXIS_LIVE_NOT_CONNECTED">
		  <Text>Civilization VI ile bağlantı kurulamadı. Civilization VI özellikleri kullanılamıyor olabilir.</Text>
		</Row>
		<Row Tag="TXT_KEY_MOTD">
		  <Text>Gelen İletişim</Text>
		</Row>
		<Row Tag="TXT_KEY_MY2K_ADDITION_WELCOME_BACK_TITLE">
			<Text>Tekrar Hoşgeldiniz!</Text>
		</Row>
		<Row Tag="TXT_KEY_MY2K_ADDITION_WELCOME_BACK_MESSAGE">
			<Text>Giriş yapıldı.</Text>
		</Row>
		<Row Tag="TXT_KEY_MY2K_ADDITION_SILENT_LOGIN_FAILURE_TITLE">
			<Text>Sessiz Giriş Bildirimi</Text>
		</Row>
		<Row Tag="TXT_KEY_MY2K_ADDITION_SILENT_LOGIN_FAILURE_MESSAGE">
			<Text>My2K'ya manuel olarak giriş yapmanız gerekiyor.</Text>
		</Row>
		<Row Tag="TXT_KEY_MY2K_ADDITION_CONNECTION_RESTORED">
			<Text>Bağlantı Geri Yüklendi</Text>
		</Row>
		<Row Tag="TXT_KEY_MY2K_ADDITION_LINK_TO_EXISTING">
			<Text>Mevcut Hesaba Bağlan</Text>
		</Row>
		<Row Tag="TXT_KEY_MY2K_ADDITION_ALREADY_LINKED">
			<Text>Platform hesabı zaten bir My2K hesabına bağlı.</Text>
		</Row>
		<Row Tag="TXT_KEY_MY2K_ADDITION_UNABLE_TO_LINK_ACCOUNT">
			<Text>Platform hesabı My2K hesabına bağlanamıyor.</Text>
		</Row>
		<Row Tag="TXT_KEY_MY2K_ADDITION_UNLINK_ACCOUNT_TITLE">
			<Text>Hesabı Kaldırın</Text>
		</Row>
    <Row Tag="TXT_KEY_MY2K_ADDITION_LINK_ACCOUNT_TITLE">
      <Text>Hesabı Bağla</Text>
    </Row>
		<Row Tag="TXT_KEY_MY2K_ADDITION_UNLINK_ACCOUNT">
			<Text>My2k'm bağlantısını kaldırmak istediğinizden emin misiniz? Hesabınızın çevrimiçi olan yasal ve gizlilik politikalarını www.2k.com adresinden inceleyebilirsiniz.</Text>
		</Row>
    <Row Tag="TXT_KEY_MY2K_MODE_ANONYMOUS">
      <Text>Çevrimdışı</Text>
    </Row>
    <Row Tag="TXT_KEY_MY2K_MODE_LINKED_ONLINE">
      <Text>Bağlı - Çevrimiçi</Text>
    </Row>
    <Row Tag="TXT_KEY_MY2K_MODE_LINKED_OFFLINE">
      <Text>Bağlı - Çevrimdışı</Text>
    </Row>
	<Row Tag="TXT_KEY_MY2K_MODE_UNLINKED_TOOLTIP">
      <Text>İzci Kedi ödülünün kilidini açmak için 2K Hesabına kaydolun (oyunun yeniden başlatılmasını gerektirir) ve platformlar arası bulut tasarruflarını etkinleştirin; böylece oyununuzu Steam'de başlatabilir ve diğer platformlarda devam edebilirsiniz. Ek olarak, en son Sid Meier’in Medeniyet haberini alacaksınız!</Text>
    </Row>
	<Row Tag="TXT_KEY_MY2K_MODE_LINKED_TOOLTIP">
      <Text>2K Hesabı bağlantılı. Platformlar arası bulut tasarrufu etkin. İzci Kedi ödülünün kilidi açıldı (“Ek İçeriğe” bakınız).</Text>
    </Row>
  </FrontEndText>
</GameData>
