<?xml version="1.0" encoding="UTF-8" standalone="yes"?>
<GameData xmlns:xsi="http://www.w3.org/2001/XMLSchema-instance">
	<BaseGameText>
		<!-- Ruleset -->
		<Row Tag="LOC_NAPOLEON_RULESET_TITLE">
			<Text>Süvari ve Topçu Atışları</Text>
		</Row>
		<Row Tag="LOC_NAPOLEON_RULESET_TEASER">
			<Text>Endüstriyel çağdaki bu muharebe odaklı senaryoda, düşmanlarınızla topraklar için kapışın. 50 tur sürer.[NEWLINE]Zafer Koşulları[NEWLINE][ICON_Bullet]Tur limiti süresince, en çok toprağa sahip olup, kendinizi Endüstriyel çağın en büyük stratejist'i olarak kanıtlayın.[NEWLINE] Oyun Değişiklikleri[NEWLINE][ICON_Bullet] Birim bakım maliyetleri büyük oranda düşürüldü. [NEWLINE][ICON_Bullet] Birimlerin yapımı için artık stratejik kaynak gerektirmiyor.</Text>
		</Row>
		<!-- Victories  -->
		<Row Tag="LOC_NAPOLEON_VICTORY_TITLE">
			<Text>Waterloo sana göre değil</Text>
		</Row>
		<Row Tag="LOC_NAPOLEON_VICTORY_TITLE_ALT">
			<Text>Toprak, Demir ve Şan için!</Text>
		</Row>
		<Row Tag="LOC_NAPOLEON_VICTORY_DESC">
			<Text>Tur limiti süresince, en çok toprağa sahip olup, kendinizi Endüstriyel çağın en büyük stratejist'i olarak kanıtlayın.</Text>
		</Row>
		<Row Tag="LOC_NAPOLEON_VICTORY_WIN_BLURB">
			<Text>"Savaş alanı sürekli bir kaos sahnesindendir. O kaosta, hem kendi hem de düşmanının kontrolünü elinde tutan kişi, kazanan olacaktır." —Napoleon Bonaparte</Text>
		</Row>

		<!-- Mod Package Text -->
		<Row Tag="LOC_NAPOLEON_MOD_TITLE">
			<Text>Çok Oyunculu Senaryo: Süvari ve Topçu Atışları</Text>
		</Row>
		<Row Tag="LOC_NAPOLEON_MOD_TEASER">
			<Text>Endüstriyel çağdaki bu muharebe odaklı senaryoda, düşmanlarınızla topraklar için kapışın. 50 tur sürer.</Text>
		</Row>
		<Row Tag="LOC_NAPOLEON_MOD_DESCRIPTION">
			<Text>Zafer Koşulları[NEWLINE]Tur limiti süresince, en çok toprağa sahip olup, kendinizi Endüstriyel çağın en büyük stratejist'i olarak kanıtlayın.</Text>
		</Row>
		<Row Tag="LOC_VICTORY_NAPOLEON_PROGRESS">
			<Text>Toprak Büyüklüğü {TerritorySize} {TerritorySizeIcon}</Text>
		</Row>
		<Row Tag="LOC_MAX_TURNS_REACHED_PROGRESS">
			<Text>Tur Limiti {ElapsedTurns}/{MaxGameTurn} {StatusIcon}</Text>
		</Row>
		
		<!-- End Game Leader Ranking -->
		<Row Tag="LOC_NAPOLEON_ENDGAME_RANKING_LEADER_QUOTE">
			<Text>"Zafer en çok azmedenin olur." —Napoleon Bonaparte</Text>
		</Row>
		<Row Tag="LOC_NAPOLEON_ENDGAME_RANKING_LEADER_1_NAME">
			<Text>İmparator 1.Napolyon</Text>
		</Row>
		<Row Tag="LOC_NAPOLEON_ENDGAME_RANKING_LEADER_2_NAME">
			<Text>Birinci Konsül Bonapart</Text>
		</Row>
		<Row Tag="LOC_NAPOLEON_ENDGAME_RANKING_LEADER_3_NAME">
			<Text>Napolyon, İçişler Generali</Text>
		</Row>
		<Row Tag="LOC_NAPOLEON_ENDGAME_RANKING_LEADER_4_NAME">
			<Text>Tuğgeneral Bonaparte</Text>
		</Row>
		<Row Tag="LOC_NAPOLEON_ENDGAME_RANKING_LEADER_5_NAME">
			<Text>Teğmen Napolyon Bonapartı</Text>
		</Row>
		<Row Tag="LOC_NAPOLEON_ENDGAME_RANKING_LEADER_6_NAME">
			<Text>Napolyon Bonapart</Text>
		</Row>
		<Row Tag="LOC_NAPOLEON_ENDGAME_RANKING_LEADER_1_NAME_ALT">
			<Text>Demir İmparatorluğu Egemenliği</Text>
		</Row>
		<Row Tag="LOC_NAPOLEON_ENDGAME_RANKING_LEADER_2_NAME_ALT">
			<Text>Donanma'nın Büyük Amirali</Text>
		</Row>
		<Row Tag="LOC_NAPOLEON_ENDGAME_RANKING_LEADER_3_NAME_ALT">
			<Text>Ordu Tuğgenerali</Text>
		</Row>
		<Row Tag="LOC_NAPOLEON_ENDGAME_RANKING_LEADER_4_NAME_ALT">
			<Text>Süvari Albay</Text>
		</Row>
		<Row Tag="LOC_NAPOLEON_ENDGAME_RANKING_LEADER_5_NAME_ALT">
			<Text>Topçu Yüzbaşı</Text>
		</Row>
		<Row Tag="LOC_NAPOLEON_ENDGAME_RANKING_LEADER_6_NAME_ALT">
			<Text>Teğmen Martinet</Text>
		</Row>
		
	</BaseGameText>
</GameData>
