<?xml version="1.0" encoding="utf-8"?>
<!-- edited with XMLSPY v2004 rel. 2 U (http://www.xmlspy.com) by Ed Beach (Firaxis Games) -->
<GameData>
	<BaseGameText>
		<!--Turn-Blocking Notifications -->
		<Row Tag="LOC_NOTIFICATION_CHOOSE_ARTIFACT_PLAYER_MESSAGE">
			<Text>Kalıntıyı Sec</Text>
		</Row>
		<Row Tag="LOC_NOTIFICATION_CHOOSE_ARTIFACT_PLAYER_SUMMARY">
			<Text>Antikcaga ait bir sitede kazı yaptınız. Simdi müzenize götüreceginiz kalıntıyı seciniz.</Text>
		</Row>
		<Row Tag="LOC_NOTIFICATION_CHOOSE_TECH_MESSAGE">
			<Text>Teknoloji Sec</Text>
		</Row>
		<Row Tag="LOC_NOTIFICATION_CHOOSE_TECH_SUMMARY">
			<Text>Arastırmayı baslamak icin yeni bir teknoloji seciniz.</Text>
		</Row>
		<Row Tag="LOC_NOTIFICATION_CHOOSE_CITY_PRODUCTION_MESSAGE">
			<Text>Üretim Sec</Text>
		</Row>
		<Row Tag="LOC_NOTIFICATION_CHOOSE_CITY_PRODUCTION_SUMMARY">
			<Text>Bu Sehirdeki üretim tamamlandı. Sonraki üretimi seciniz.</Text>
		</Row>
		<Row Tag="LOC_NOTIFICATION_CHOOSE_CIVIC_MESSAGE">
			<Text>ilke Sec</Text>
		</Row>
		<Row Tag="LOC_NOTIFICATION_CHOOSE_CIVIC_SUMMARY">
			<Text>ilerlemeye devam etmek icin yeni bir ilke seciniz.</Text>
		</Row>
		<Row Tag="LOC_NOTIFICATION_COMMAND_UNITS_MESSAGE">
			<Text>Birim Komutları</Text>
		</Row>
		<Row Tag="LOC_NOTIFICATION_COMMAND_UNITS_SUMMARY">
			<Text>Birimi hareket ettirin veya bir islem gerceklestirin.</Text>
		</Row>
		<Row Tag="LOC_NOTIFICATION_CITY_RANGE_ATTACK_MESSAGE">
			<Text>Sehir Saldırı Saldırısı</Text>
		</Row>
		<Row Tag="LOC_NOTIFICATION_CITY_RANGE_ATTACK_SUMMARY">
			<Text>sehriniz genis bir saldırı gerceklestirebilir.</Text>
		</Row>		
		<Row Tag="LOC_NOTIFICATION_CONSIDER_GOVERNMENT_CHANGE_MESSAGE">
			<Text>Hükümet Degisikligini Düsün</Text>
		</Row>
		<Row Tag="LOC_NOTIFICATION_CONSIDER_GOVERNMENT_CHANGE_SUMMARY">
			<Text>Yeni bir hükümet kilidini acan bir ilke tamamladınız. Bu kanun türüne gecmeyi düsünebilirsiniz.</Text>
		</Row>
		<Row Tag="LOC_NOTIFICATION_CONSIDER_RAZE_CITY_MESSAGE">
			<Text>sehri Tut veya Yok Et</Text>
		</Row>
		<Row Tag="LOC_NOTIFICATION_CONSIDER_RAZE_CITY_SUMMARY">
			<Text>Bu tur bir sehri fethettin. sehri elinizde tutmayı veya yok etmeye karar verin.</Text>
		</Row>
		<Row Tag="LOC_NOTIFICATION_FILL_CIVIC_SLOT_MESSAGE">
			<Text>Politika Slotu Ekle</Text>
		</Row>
		<Row Tag="LOC_NOTIFICATION_FILL_CIVIC_SLOT_SUMMARY">
			<Text>Hükümetinize bir politika eklenmesi gerekli.</Text>
		</Row>
		<Row Tag="LOC_NOTIFICATION_CHOOSE_PANTHEON_MESSAGE">
			<Text>Diniyer'i Secin</Text>
		</Row>
		<Row Tag="LOC_NOTIFICATION_CHOOSE_RELIGION_MESSAGE">
			<Text>Din Secin</Text>
		</Row>
		<Row Tag="LOC_NOTIFICATION_CHOOSE_BELIEF_MESSAGE">
			<Text>inanc Seciniz</Text>
		</Row>
		<Row Tag="LOC_NOTIFICATION_CLAIM_GREAT_PERSON_MESSAGE">
			<Text>Büyük Kisi Talep Edin</Text>
		</Row>
		<Row Tag="LOC_NOTIFICATION_CLAIM_GREAT_PERSON_SUMMARY">
			<Text>Bir Büyük Kisi kazandınız ve onları kabul edip etmeyeceginizi secmeniz gerekiyor.</Text>
		</Row>
		<Row Tag="LOC_NOTIFICATION_GIVE_INFLUENCE_TOKEN_MESSAGE">
			<Text>Elci Gönder</Text>
		</Row>
		<Row Tag="LOC_NOTIFICATION_GIVE_INFLUENCE_TOKEN_SUMMARY">
			<Text>[ICON_Envoy] Elci kazandınız ve Sehir devletlerine bonus kazanmak icin gönderebilirsiniz.</Text>
		</Row>
		<!-- Unit Notifications -->
		<Row Tag="LOC_NOTIFICATION_UNIT_DIED">
			<Text>Birim Öldürüldü</Text>
		</Row>
		<Row Tag="LOC_NOTIFICATION_UNIT_DISBANDED_MESSAGE">
			<Text>Birim Dagıtıldı</Text>
		</Row>
		<Row Tag="LOC_NOTIFICATION_UNIT_DISBANDED_SUMMARY">
			<Text>[ICON_Gold] Altın bakiyeniz ekside. {1_UnitName} Biriminiz Dagıtıldı.</Text>
		</Row>
		<Row Tag="LOC_NOTIFICATION_UNIT_PROMOTION_AVAILABLE_MESSAGE">
			<Text>Birim icin promosyon kullanılabilir.</Text>
		</Row>
		<Row Tag="LOC_NOTIFICATION_UNIT_PROMOTION_AVAILABLE_SUMMARY">
			<Text>{1_UnitName} Birimi icin promosyon kullanılabilir.</Text>
		</Row>
		<Row Tag="LOC_NOTIFICATION_PLAYER_DEFEATED_MESSAGE">
			<Text>Yenildi!</Text>
		</Row>
		<Row Tag="LOC_NOTIFICATION_PLAYER_DEFEATED_SUMMARY">
			<Text>{1_leader} Yenildi.</Text>
		</Row>
		<Row Tag="LOC_NOTIFICATION_PLAYER_DEFEATED_BY_SUMMARY">
			<Text>{1_leader}, {2_leader} tarafından yenildi.</Text>
		</Row>
		<Row Tag="LOC_NOTIFICATION_UNMET_PLAYER_DEFEATED_MESSAGE">
			<Text>Yenildi!</Text>
		</Row>
		<Row Tag="LOC_NOTIFICATION_UNMET_PLAYER_DEFEATED_SUMMARY">
			<Text>Karsılasılmamıs bir oyuncu yenildi.</Text>
		</Row>
		<Row Tag="LOC_NOTIFICATION_UNMET_CITY_STATE_DEFEATED_SUMMARY">
			<Text>Karsılasılmamıs bir Sehir devleti yenildi.</Text>
    		</Row>
		<Row Tag="LOC_NOTIFICATION_UNIT_LOST_TO_OCCUPATION">
			<Text>Düsman isgali nedeniyle bir {1_UnitName} kaybettiniz.</Text>
		</Row>
		<Row Tag="LOC_NOTIFICATION_UNIT_RETREAT_FROM_OCCUPATION">
			<Text>Bir düsman isgali, {1_UnitName} biriminizin geri cekilmesine neden oldu.</Text>
		</Row>
		<Row Tag="LOC_NOTIFICATION_UNIT_LOST_TO_RADIATION_POISONING">
			<Text>Radyasyon zehirlenmesi nedeniyle bir {1_UnitName} kaybettin.</Text>
		</Row>
		<Row Tag="LOC_NOTIFICATION_UNIT_LOST_TO_WATER_DAMAGE">
			<Text>Su zehirlenmesi nedeniyle bir {1_UnitName} kaybettiniz.</Text>
		</Row>
		<!-- Diplomacy Notifications-->
		<Row Tag="LOC_NOTIFICATION_DECLARE_WAR_MESSAGE">
			<Text>Savas Bildirgesi</Text>
		</Row>
		<Row Tag="LOC_NOTIFICATION_DECLARE_WAR_SUMMARY">
			<Text>{LOC_GRAMMAR_LEADER_UPPER &lt;&lt; {1_leader}} {1_leader: plural 1?has; other?have;} savas ilan etti {LOC_GRAMMAR_LEADER &lt;&lt; {2_leader}}.</Text>
		</Row>
		<Row Tag="LOC_NOTIFICATION_MAKE_PEACE_MESSAGE">
			<Text>Barıs Anlasması</Text>
		</Row>
		<Row Tag="LOC_NOTIFICATION_MAKE_PEACE_SUMMARY">
			<Text>{LOC_GRAMMAR_LEADER_UPPER &lt;&lt; {1_leader}} {1_leader: plural 1?has; other?have;} ile barıs yaptı {LOC_GRAMMAR_LEADER &lt;&lt; {2_leader}}.</Text>
		</Row>
		<Row Tag="LOC_NOTIFICATION_PLAYER_MET_MESSAGE_CIV">
			<Text>Yeni bir Medeniyet ile tanıstın</Text>
		</Row>
		<Row Tag="LOC_NOTIFICATION_PLAYER_MET_MESSAGE_CITY_STATE">
			<Text>Yeni bir Sehir Devlet'i ile tanıstın</Text>
		</Row>
		<Row Tag="LOC_NOTIFICATION_PLAYER_MET_SUMMARY">
			<Text>{LOC_GRAMMAR_LEADER &lt;&lt; {1_leader}} ile Tanıstın{LOC_GRAMMAR_CIVDESC &lt;&lt; {2_CivDesc}}.</Text>
		</Row>
		<Row Tag="LOC_NOTIFICATION_BORDERS_NOW_ENFORCED_MESSAGE">
			<Text>{LOC_GRAMMAR_LEADER_UPPER &lt;&lt; {1_leader}} Sınırlarını Kapatıyor!</Text>
		</Row>
		<Row Tag="LOC_NOTIFICATION_BORDERS_NOW_ENFORCED_SUMMARY">
			<Text>{LOC_GRAMMAR_LEADER_UPPER &lt;&lt; {1_leader}} {1_leader: plural 1?is; other?are;} su anda sınırlarını kapatıyor. imparatorluklarındaki birimlerin, topraklarının dısındaki bir yere cıkarıldı.</Text>
		</Row>
		<Row Tag="LOC_NOTIFICATION_DIPLO_FRIENDSHIP_EXPIRED_MESSAGE">
			<Text>Dostluk Süresi Doldu</Text>
		</Row>
		<Row Tag="LOC_NOTIFICATION_DIPLO_FRIENDSHIP_EXPIRED_SUMMARY">
			<Text>{LOC_GRAMMAR_LEADER &lt;&lt; {1_leader}} ile olan arkadaslıgın süresinin sonuna gelindi ve yenilenmesi gerekiyor.</Text>
		</Row>
		<Row Tag="LOC_NOTIFICATION_DIPLO_ALLIANCE_EXPIRED_MESSAGE">
			<Text>ittifak süresi doldu</Text>
		</Row>
		<Row Tag="LOC_NOTIFICATION_DIPLO_ALLIANCE_EXPIRED_SUMMARY">
			<Text>{LOC_GRAMMAR_LEADER &lt;&lt; {1_leader}} ile yaptıgınız ittifak süresinin sonuna gelindi ve yenilenmesi gerekiyor.</Text>
		</Row>
		<Row Tag="LOC_NOTIFICATION_CASUS_BELLI_GAINED_MESSAGE">
			<Text>Casus Belli Kazandınız</Text>
		</Row>
		<Row Tag="LOC_NOTIFICATION_CASUS_BELLI_GAINED_SUMMARY">
			<Text>{2_leader} ile {1_WarType} ilan etmek icin bir Casus Belli kazandınız.</Text>
		</Row>
		<Row Tag="LOC_NOTIFICATION_WAR_TYPE_COLONIAL">
			<Text>Sömürge Savası</Text>
		</Row>
		<Row Tag="LOC_NOTIFICATION_WAR_TYPE_HOLY">
			<Text>Kutsal Savas</Text>
		</Row>
		<Row Tag="LOC_NOTIFICATION_WAR_TYPE_LIBERATION">
			<Text>Kurtulus Savası</Text>
		</Row>
		<Row Tag="LOC_NOTIFICATION_WAR_TYPE_PROTECTORATE">
			<Text>Koruyuculuk Savası</Text>
		</Row>
		<Row Tag="LOC_NOTIFICATION_WAR_TYPE_RECONQUEST">
			<Text>Yeniden Fetih Savası</Text>
		</Row>
		<Row Tag="LOC_NOTIFICATION_WAR_TYPE_TERRITORIAL_EXPANSION">
			<Text>Bölgesel Genisleme Savası</Text>
		</Row>
		<!-- Espionage Notifications -->
		<Row Tag="LOC_NOTIFICATION_SPY_CHOOSE_ESCAPE_ROUTE_MESSAGE">
			<Text>Kacıs Rota Sec</Text>
		</Row>
		<Row Tag="LOC_NOTIFICATION_SPY_CHOOSE_DRAGNET_PRIORITY_MESSAGE">
			<Text>izleme Önceligini Secin</Text>
		</Row>
		<Row Tag="LOC_NOTIFICATION_SPY_HEIST_GREAT_WORK_SUMMARY">
			<Text>{2_CityName} icindeki {1_unitName} casusunuz, "{3_Work}" Basyapıt'ını calmayı basardı.</Text>
		</Row>
		<Row Tag="LOC_NOTIFICATION_SPY_HEIST_GREAT_WORK_MESSAGE">
			<Text>Basyapıt Hırsızlıgı Basarılı</Text>
		</Row>
		<Row Tag="LOC_NOTIFICATION_SPY_ENEMY_HEIST_GREAT_WORK_SUMMARY">
			<Text>{1_CityName} icindeki bir düsman Casus, "{2_Work}" Basyapıt'ını caldı.</Text>
		</Row>
		<Row Tag="LOC_NOTIFICATION_SPY_ENEMY_HEIST_GREAT_WORK_MESSAGE">
			<Text>Düsman Ajanı Basyapıt caldı</Text>
		</Row>
		<Row Tag="LOC_NOTIFICATION_SPY_SABOTAGED_PRODUCTION_SUMMARY">
			<Text>Ajanınız {1_unitName}, {2_cityName} sehrinde bulunan Endüstri Alanına sabotaj saglamayı basardı.</Text>
		</Row>
		<Row Tag="LOC_NOTIFICATION_SPY_SABOTAGED_PRODUCTION_MESSAGE">
			<Text>Basarılı Üretim Sabotajı</Text>
		</Row>
		<Row Tag="LOC_NOTIFICATION_SPY_ENEMY_SABOTAGED_PRODUCTION_SUMMARY">
			<Text>Bir düsman Ajanı, {1_cityName} sehrindeki Endüstri Alanını sabote etmeyi basardı.</Text>
		</Row>
		<Row Tag="LOC_NOTIFICATION_SPY_ENEMY_SABOTAGED_PRODUCTION_MESSAGE">
			<Text>Düsman Ajanı Üretimi Sabotajladı</Text>
		</Row>
		<Row Tag="LOC_NOTIFICATION_SPY_SIPHONED_FUNDS_SUMMARY">
			<Text>Ajanınız {1_unitName}, {3_cityName} sehrinden {2_Amount} [ICON_Gold] Altın calmayı basardı.</Text>
		</Row>
		<Row Tag="LOC_NOTIFICATION_SPY_SIPHONED_FUNDS_MESSAGE">
			<Text>Altın calma Basarılı</Text>
		</Row>
		<Row Tag="LOC_NOTIFICATION_SPY_ENEMY_SIPHONED_FUNDS_SUMMARY">
			<Text>Bir düsman Ajanı, {2_cityName} sehrinden {1_Amount} [ICON_Gold] Altın calmayı basardı.</Text>
		</Row>
		<Row Tag="LOC_NOTIFICATION_SPY_ENEMY_SIPHONED_FUNDS_MESSAGE">
			<Text>Düsman Ajanı Altın caldı</Text>
		</Row>
		<Row Tag="LOC_NOTIFICATION_SPY_STOLE_TECH_BOOST_SUMMARY">
			<Text>{2_CityName} sehrindeki Ajanınız {1_unitName}, {3_Tech} teknolojisini hızlandırmak icin bilgi calmayı basardı.</Text>
		</Row>
		<Row Tag="LOC_NOTIFICATION_SPY_STOLE_TECH_BOOST_MESSAGE">
			<Text>Teknolojik bilgi calma basarılı</Text>
		</Row>
		<Row Tag="LOC_NOTIFICATION_SPY_ENEMY_STOLE_TECH_BOOST_SUMMARY">
			<Text>{1_CityName} sehrindeki bir düsman Ajanı, {2_Tech} teknolojisi icin bilgi calmayı basardı.</Text>
		</Row>
		<Row Tag="LOC_NOTIFICATION_SPY_ENEMY_STOLE_TECH_BOOST_MESSAGE">
			<Text>Düsman Teknoloji Bilgisi caldı</Text>
		</Row>
		<Row Tag="LOC_NOTIFICATION_SPY_RECRUITED_PARTISANS_SUMMARY">
			<Text>{2_CityName} sehrindeki ajanınız {1_unitName}, Sehirlerini geri almak isteyen partizan güclerini ise almayı basardı.</Text>
		</Row>
		<Row Tag="LOC_NOTIFICATION_SPY_RECRUITED_PARTISANS_MESSAGE">
			<Text>Partizan ise Alımı Basarılı</Text>
		</Row>
		<Row Tag="LOC_NOTIFICATION_SPY_ENEMY_RECRUITED_PARTISANS_SUMMARY">
			<Text>{1_CityName} sehrindeki bir düsman Ajanı, suanda sehrinizi tehdit eden partizan güclerini ise almayı basardı.</Text>
		</Row>
		<Row Tag="LOC_NOTIFICATION_SPY_ENEMY_RECRUITED_PARTISANS_MESSAGE">
			<Text>Düsmanınız Partizanları ise Aldı</Text>
		</Row>
		<Row Tag="LOC_NOTIFICATION_SPY_DISRUPTED_ROCKETRY_SUMMARY">
			<Text>Ajanınız {1_unitName}, {2_cityName} sehrinde bulunan Uzay Aracını yagmalamayı basardı.</Text>
		</Row>
		<Row Tag="LOC_NOTIFICATION_SPY_DISRUPTED_ROCKETRY_MESSAGE">
			<Text>Roket Yapımı Basarıyla Kesildi</Text>
		</Row>
		<Row Tag="LOC_NOTIFICATION_SPY_ENEMY_DISRUPTED_ROCKETRY_SUMMARY">
			<Text>Bir düsman ajanı, {1_cityName} sehrinde bulunan Uzay Aracını yagmalamayı basardı..</Text>
		</Row>
		<Row Tag="LOC_NOTIFICATION_SPY_ENEMY_DISRUPTED_ROCKETRY_MESSAGE">
			<Text>Düsmanınız Roket Yapımını Kesti</Text>
		</Row>
		<Row Tag="LOC_NOTIFICATION_SPY_CITY_SOURCES_GAINED_SUMMARY">
			<Text>Ajanınız {1_unitName}, {2_CityName} sehrinin ic isleyisine dair kurum bilgileri kaynaklarını ele gecirdi. O Sehirdeki Ajanlar, {4_Turns} tur icin {3_Levels} seviyesinde calısacak.</Text>
		</Row>
		<Row Tag="LOC_NOTIFICATION_SPY_CITY_SOURCES_GAINED_MESSAGE">
			<Text>Kaynaklar Elde Gecirildi</Text>
		</Row>
		<Row Tag="LOC_NOTIFICATION_SPY_LISTENING_POST_SUMMARY">
			<Text>Ajanınız {1_unitName}, {2_CityName} sehrindeki dinleme görevi süresini tamamladı.</Text>
		</Row>
		<Row Tag="LOC_NOTIFICATION_SPY_LISTENING_POST_MESSAGE">
			<Text>Dinleme Görevi Tamamlandı</Text>
		</Row>
		<Row Tag="LOC_NOTIFICATION_SPY_FLED_CITY_SUMMARY">
			<Text>Ajanınız {1_unitName}, {2_CityName} sehrinde yeni bir imparatorluk gücü oldugundan dolayı, sehri terk etti.</Text>
		</Row>
		<Row Tag="LOC_NOTIFICATION_SPY_FLED_CITY_MESSAGE">
			<Text>Ajanınız Sehirden Kactı</Text>
		</Row>
		<Row Tag="LOC_NOTIFICATION_SPY_MISSION_FAILED_SUMMARY">
			<Text>Ajanınız {1_unitName}, {3_cityName} sehrindeki {2_mission} görevinde basarısız oldu.</Text>
		</Row>
		<Row Tag="LOC_NOTIFICATION_SPY_MISSION_FAILED_MESSAGE">
			<Text>Ajanınız Basarısız Oldu</Text>
		</Row>
		<Row Tag="LOC_NOTIFICATION_SPY_CAPTURED_SUMMARY">
			<Text>Ajanınız {1_unitName}, {3_cityName} sehrindeki bir {2_mission} görevi sırasında yakalandı!</Text>
		</Row>
		<Row Tag="LOC_NOTIFICATION_SPY_CAPTURED_MESSAGE">
			<Text>Ajanınız Yakalandı</Text>
		</Row>
		<Row Tag="LOC_NOTIFICATION_SPY_ENEMY_CAPTURED_SUMMARY">
			<Text>{3_cityName} sehrinde bir {2_mission} görevi sırasında, {1_civName} adlı kullanıcının bir casusu yakalandı!</Text>
		</Row>
		<Row Tag="LOC_NOTIFICATION_SPY_ENEMY_CAPTURED_MESSAGE">
			<Text>Düsman Casusu Yakalandı</Text>
		</Row>
		<Row Tag="LOC_NOTIFICATION_SPY_KILLED_SUMMARY">
			<Text>Ajanınız {1_unitName}, {3_cityName} sehrindeki {2_mission} görevinde öldürüldü!</Text>
		</Row>
		<Row Tag="LOC_NOTIFICATION_SPY_KILLED_MESSAGE">
			<Text>Ajanınız Öldürüldü</Text>
		</Row>
		<Row Tag="LOC_NOTIFICATION_SPY_ENEMY_KILLED_SUMMARY">
			<Text>{3_cityName} sehrindeki {2_mission} görevinde {1_civName} adlı bir casus öldürüldü. Öldüren : {4_CounterspyAssist}</Text>
		</Row>
		<Row Tag="LOC_NOTIFICATION_SPY_ENEMY_KILLED_MESSAGE">
			<Text>Düsman Casusu Öldürüldü</Text>
		</Row>
		<Row Tag="LOC_NOTIFICATION_SPY_MISSION_ABORTED_TO_CAPITAL">
			<Text>Hedefiniz el degistirdigi icin casusunuz {1_unitName} seyahatlerini iptal etti. Onları baskentinizde bulabilirsiniz.</Text>
		</Row>
		<Row Tag="LOC_NOTIFICATION_SPY_MISSION_ABORTED_SUMMARY">
			<Text>Ajanınız {1_unitName}, {3_cityName} kentindeki {2_mission} görevini iptal etti. Görev hedefi artık gecerli degil.</Text>
		</Row>
		<Row Tag="LOC_NOTIFICATION_SPY_MISSION_ABORTED_MESSAGE">
			<Text>Ajan Görevi iptal Edildi</Text>
		</Row>
		<Row Tag="LOC_NOTIFICATION_SPY_COUNTERSPY_PROMOTED_SUMMARY">
			<Text>{2_cityName} sehrindeki düsman {1_mission} görevini durdurmak icin, {3_unitName} Ajanınızın rolü yükseltiliyor!</Text>
		</Row>
		<Row Tag="LOC_NOTIFICATION_SPY_COUNTERSPY_PROMOTED_MESSAGE">
			<Text>Karsı Casusluk Yetenegi</Text>
		</Row>
		<Row Tag="LOC_NOTIFICATION_SPY_COUNTERSPY_ASSIST">
			<Text>{1_unitName} karsı casuslugu, güvenlik güclerimizin bu zaferinde etkili oldu.</Text>
		</Row>
		<Row Tag="LOC_NOTIFICATION_SPY_ESCAPED_CAPTURE_SUMMARY">
			<Text>Ajanınız {1_unitName} yakalanmaktan kactı ve [ICON_Capital] Baskentinize {2_turns} tur sonra dönecek.</Text>
		</Row>
		<Row Tag="LOC_NOTIFICATION_SPY_ESCAPED_CAPTURE_MESSAGE">
			<Text>Ajan Kactı</Text>
		</Row>
		<Row Tag="LOC_NOTIFICATION_SPY_ENEMY_ESCAPED_CAPTURE_SUMMARY">
			<Text>Bilinmeyen bir sivilden gelen bir Spy Spy yakalanmayı reddetti ve {1_cityName} sehrinden kactı.</Text>
		</Row>
		<Row Tag="LOC_NOTIFICATION_SPY_ENEMY_ESCAPED_CAPTURE_MESSAGE">
			<Text>Düsman Casusu Kactı</Text>
		</Row>
		<!-- City-State Notifications -->
		<Row Tag="LOC_NOTIFICATION_CITYSTATE_QUEST_GIVEN_MESSAGE">
			<Text>Yeni Sehir Devlet'i Görevi</Text>
		</Row>
		<Row Tag="LOC_NOTIFICATION_CITYSTATE_QUEST_GIVEN_SUMMARY">
			<Text>{1_CityStateName}, size yeni bir görev verdi: {2_QuestName}</Text>
		</Row>
		<Row Tag="LOC_NOTIFICATION_CITYSTATE_QUEST_COMPLETED_MESSAGE">
			<Text>Sehir Devlet Görevi Tamamlandı</Text>
		</Row>
		<Row Tag="LOC_NOTIFICATION_CITYSTATE_QUEST_COMPLETED_SUMMARY">
			<Text>{1_CityStateName} icin bir görev tamamladınız ve bir ödül kazandınız: {2_RewardText}</Text>
		</Row>
		<Row Tag="LOC_NOTIFICATION_CITYSTATE_MET_FIRST_MESSAGE">
			<Text>Sehir Devlet'i ile Tanısma Bonusu</Text>
		</Row>
		<Row Tag="LOC_NOTIFICATION_CITYSTATE_MET_FIRST_SUMMARY">
			<Text>{1_CityStateName} ile tanısan ilk Büyük Uygarlık oldugunuz icin, orda {2_NumEnvoys} [ICON_Envoy] Elci kazandınız.</Text>
		</Row>
		<Row Tag="LOC_NOTIFICATION_CITYSTATE_USURPED_MESSAGE">
			<Text>Hükümdarlık Durumu Kaybedildi</Text>
		</Row>
		<Row Tag="LOC_NOTIFICATION_CITYSTATE_USURPED_SUMMARY">
			<Text>[ICON_Envoy] Elci degisikliginden sonra, artık {1_CityStateName} Hükümdarı degilsiniz.</Text>
		</Row>
		<!-- Trade Route Notifications -->
		<Row Tag="LOC_NOTIFICATION_TRADE_ROUTE_PLUNDERED_MESSAGE">
			<Text>Ticaret Yolu Yagmalandı</Text>
		</Row>
		<Row Tag="LOC_NOTIFICATION_TRADE_ROUTE_PLUNDERED_SUMMARY_NO_ROUTE">
			<Text>{1_PlayerName} {1_PlayerName: plural 1?has; other?have;} Tüccar biriminizi yagmaladı.</Text>
		</Row>
		<Row Tag="LOC_NOTIFICATION_TRADE_ROUTE_PLUNDERED_SUMMARY_ACTIVE_ROUTE">
			<Text>{1_PlayerName} {1_PlayerName: plural 1?has; other?have;} Tüccar biriminizi yagmaladı. Artık {2_OriginCityName} sehrinden {3_DestinationCityName} sehrine olan [ICON_TradeRoute] Ticaret Yolunuz aktif degil.</Text>
		</Row>
		<Row Tag="LOC_NOTIFICATION_TRADING_POST_CREATED_MESSAGE">
			<Text>Ticaret Dükkanı Olusturuldu</Text>
		</Row>
		<Row Tag="LOC_NOTIFICATION_TRADING_POST_CREATED_SUMMARY">
			<Text>Tamamlanan [ICON_TradeRoute] Ticaret yolu, sizin icin {1_CityName} sehrinde bir [ICON_TradingPost] Ticaret Dükkanı olusturdu.</Text>
		</Row>
		<Row Tag="LOC_NOTIFICATION_TRADE_ROUTE_CAPACITY_INCREASED_MESSAGE">
			<Text>Ticaret Yolu Kapasitesi Arttı</Text>
		</Row>
		<Row Tag="LOC_NOTIFICATION_TRADE_ROUTE_CAPACITY_INCREASED_SUMMARY">
			<Text>Artık daha öncesinden fazla [ICON_TradeRoute] Ticaret Yolu olusturabilir ve devam ettirebilirsiniz.</Text>
		</Row>
		<!-- Economic Notifications -->
		<Row Tag="LOC_NOTIFICATION_REBELLION_MESSAGE">
			<Text>Ayaklanma!</Text>
		</Row>
		<Row Tag="LOC_NOTIFICATION_REBELLION_SUMMARY">
			<Text>insanlar, {1_CityName} sehrindeki [ICON_Amenities] imkanların eksik olmasından dolayı, bize karsı silahlanıp {2_NumUnits} düsman birimleri olusturdular.</Text>
		</Row>
		<Row Tag="LOC_NOTIFICATION_CITY_LOW_AMENITIES_MESSAGE">
			<Text>Daha Fazla imkana ihtiyac Var</Text>
		</Row>
		<Row Tag="LOC_NOTIFICATION_CITY_LOW_AMENITIES_SUMMARY">
			<Text>Üretkenligin korunması icin {1_CityName} sehrinin daha fazla [ICON_Amenities] imkana ihtiyacı var. Durum daha kötüye giderse, insanlar ayaklanabilir!</Text>
		</Row>
		<Row Tag="LOC_NOTIFICATION_HOUSING_PREVENTING_GROWTH_MESSAGE">
			<Text>Daha Fazla Konuta ihtiyac Var</Text>
		</Row>
		<Row Tag="LOC_NOTIFICATION_HOUSING_PREVENTING_GROWTH_SUMMARY">
			<Text>{1_CityName} sehrinin büyümesine devam etmesi icin daha fazla [ICON_Housing] Konut'a ihtiyac var. Bu durum devam ederse, yeni [ICON_Citizen] Vatandaslar kazanılmaz.</Text>
		</Row>
		<Row Tag="LOC_NOTIFICATION_CITY_STARVING_MESSAGE">
			<Text>Sehir Aclık cekiyor!</Text>
		</Row>
		<Row Tag="LOC_NOTIFICATION_CITY_STARVING_SUMMARY">
			<Text>insanların yemek ihtiyacı icin, {1_CityName} sehrinde yeterli [ICON_Food] Gıda yok. Bu durum devam ederse, [ICON_Citizen] Vatandasları kaybedecegiz!</Text>
		</Row>
		<Row Tag="LOC_NOTIFICATION_CITY_FOOD_FOCUS_MESSAGE">
			<Text>Sehirde Gıda ihtiyacı</Text>
		</Row>
		<Row Tag="LOC_NOTIFICATION_CITY_FOOD_FOCUS_SUMMARY">
			<Text>insanlarının gelismesi icin {1_CityName} sehri yeterli miktarda [ICON_Food] Gıda sunmuyor. sehrinizi [ICON_Food] Gıda üzerine odaklamayı düsünün.</Text>
		</Row>
		<Row Tag="LOC_NOTIFICATION_TREASURY_BANKRUPT_MESSAGE">
			<Text>Hazine iflas Etti!</Text>
		</Row>
		<Row Tag="LOC_NOTIFICATION_TREASURY_BANKRUPT_SUMMARY">
			<Text>Giderlerimiz gelirimizden yüksek oldugu icin [ICON_Gold] Altın yok. Bu devam ederse, Sehirlerimiz [ICON_Amenities] imkanlarını kaybedecek ve birimlerimiz bizi terk edecek!</Text>
		</Row>
		<Row Tag="LOC_NOTIFICATION_CAN_PURCHASE_WITH_FAITH_MESSAGE">
			<Text>inanc ile Satın Alınabilir</Text>
		</Row>
		<Row Tag="LOC_NOTIFICATION_CAN_PURCHASE_WITH_FAITH_SUMMARY">
			<Text>{1_ItemName} satın almak icin yeterli [ICON_Faith] inanc biriktirdiniz.</Text>
		</Row>
		<!-- Multiplayer Notifications -->
		<Row Tag="LOC_NOTIFICATION_PLAYER_CONNECTING">
			<Text>{1_playerName} katılıyor</Text>
		</Row>
		<Row Tag="LOC_NOTIFICATION_PLAYER_CONNECTING_TT">
			<Text>{1_playerName}, oyuna katılıyor. Bu islem birkac dakika sürebilir.</Text>
		</Row>
		<Row Tag="LOC_NOTIFICATION_PLAYER_CONNECTED">
			<Text>{1_playerName} Katıldı</Text>
		</Row>
		<Row Tag="LOC_NOTIFICATION_PLAYER_CONNECTED_TT">
			<Text>{1_playerName} Oyuna katıldı.</Text>
		</Row>
		<Row Tag="LOC_NOTIFICATION_PLAYER_DISCONNECT">
			<Text>{1_playerName} Baglantısı kesildi</Text>
		</Row>
		<Row Tag="LOC_NOTIFICATION_PLAYER_DISCONNECT_TT">
			<Text>{1_playerName} Oyundan düstü.</Text>
		</Row>
		<Row Tag="LOC_NOTIFICATION_PLAYER_KICKED">
			<Text>{1_playerName} Atıldı</Text>
		</Row>
		<Row Tag="LOC_NOTIFICATION_PLAYER_KICKED_TT">
			<Text>{1_playerName} Oyundan atıldı.</Text>
		</Row>
		<Row Tag="LOC_NOTIFICATION_PLAYER_MOD_STATUS">
			<Text>{1_playerName} Modları indiriyor</Text>
		</Row>
		<Row Tag="LOC_NOTIFICATION_PLAYER_MOD_STATUS_TT">
			<Text>{1_playerName}, oyunda oynamak icin gereken modları indiriyor. ({2 : number} / {3 : number} toplam)</Text>
		</Row>
		<Row Tag="LOC_NOTIFCATION_HOST_MIGRATION">
			<Text>Sunucu Koptu</Text>
		</Row>
		<Row Tag="LOC_NOTIFCATION_HOST_MIGRATION_TT">
			<Text>Oyun yeni bir sunucuya geciyor. Kısa bir süre icinde oyun yeniden baslayacak.</Text>
		</Row>
		<Row Tag="LOC_NOTIFCATION_HOST_CHANGED">
			<Text>Sunucuya Baglandı</Text>
		</Row>
		<Row Tag="LOC_NOTIFCATION_HOST_CHANGED_TT">
			<Text>{1_playerName}, yeni oyun sunucusudur.</Text>
		</Row>
		<Row Tag="LOC_NOTIFICATION_PLAYBYCLOUD_YOURTURN">
			<Text>Sıranızı Bulutla Oynayın</Text>
		</Row>
		<Row Tag="LOC_NOTIFICATION_PLAYBYCLOUD_YOURTURN_TT">
			<Text>Bir Play By Cloud oyununda sıra sizde. ({1_cloudGameName})</Text>
		</Row>
		<Row Tag="LOC_NOTIFICATION_PLAYBYCLOUD_GAMEREADY">
			<Text>Cloud Game Ready ile Oynayın</Text>
		</Row>
		<Row Tag="LOC_NOTIFICATION_PLAYBYCLOUD_GAMEREADY_TT">
			<Text>Play By Cloud oyunlarınızdan biri baslamaya hazır. ({1_cloudGameName})</Text>
		</Row>
		<Row Tag="LOC_NOTIFICATION_PLAYBYCLOUD_UNSEENCOMPLETE">
			<Text>Tamamlandı Cloud Oyunu Oyna</Text>
		</Row>
		<Row Tag="LOC_NOTIFICATION_PLAYBYCLOUD_UNSEENCOMPLETE_TT">
			<Text>Cloud By Play By oyunlarınızdan biri yakın zamanda tamamlandı. ({1_cloudGameName})</Text>
		</Row>
		<Row Tag="LOC_NOTIFICATION_WRONG_PHASE_TT">
			<Text>[color:Civ6Red]Yanlıs Asama[ENDCOLOR]</Text>
		</Row>
		<Row Tag="LOC_NOTIFICATION_SIMULTANEOUS_TURNS">
			<Text>Eszamanlı Turlar</Text>
		</Row>
		<Row Tag="LOC_NOTIFICATION_SIMULTANEOUS_TURNS_TT">
			<Text>Gercek bir Oyuncu ile olan savasın sona erdi. Turlarınız, savasta olmayan uygarlıklarla aynı anda devam edecek.</Text>
		</Row>
		<Row Tag="LOC_NOTIFICATION_SEQUENTIAL_TURNS">
			<Text>Sıralı Turlar</Text>
		</Row>
		<Row Tag="LOC_NOTIFICATION_SEQUENTIAL_TURNS_TT">
			<Text>Gercek bir Oyuncu ile olan savas halindesin. Savas sona erene kadar, turlar diger savasan uygarlıklarla sırayla devam eder.</Text>
		</Row>
		<Row Tag="LOC_NOTIFICATION_PLAYER_DESYNCED">
			<Text>{1_playerName} senkronize edilmedi</Text>
		</Row>
		<Row Tag="LOC_NOTIFICATION_PLAYER_DESYNCED_TT">
			<Text>{1_playerName} oyun sunucusundan ayrıldı. Sorunu düzeltmek icin yeniden yükleniyor.</Text>
		</Row>
		<Row Tag="LOC_NOTIFICATION_PLAYER_RESYNC_COMPLETE">
			<Text>{1_playerName} senkronize tamamlandı</Text>
		</Row>
		<Row Tag="LOC_NOTIFICATION_PLAYER_RESYNC_COMPLETE_TT">
			<Text>{1_playerName} yüklemesi tamamlandı.</Text>
		</Row>
		<!-- Multiplayer deferred popup notifications -->
		<Row Tag="LOC_NOTIFICATION_TECH_BOOST_MESSAGE">
			<Text>Teknoloji Artırma</Text>
		</Row>
		<Row Tag="LOC_NOTIFICATION_TECH_BOOST_SUMMARY">
			<Text>Teknoloji artısı kazandı: {1_Name} +{2_Boost}%</Text>
		</Row>
		<Row Tag="LOC_NOTIFICATION_CIVIC_BOOST_MESSAGE">
			<Text>Halk Artırma</Text>
		</Row>
		<Row Tag="LOC_NOTIFICATION_CIVIC_BOOST_SUMMARY">
			<Text>Halk Artırıldı: {1_Name}!</Text>
		</Row>
		<Row Tag="LOC_NOTIFICATION_TECH_DISCOVERED_MESSAGE">
			<Text>Kesfedildi {1_Name}</Text>
		</Row>
		<Row Tag="LOC_NOTIFICATION_TECH_DISCOVERED_SUMMARY">
			<Text>Kesfettin {1_Name}!</Text>
		</Row>
		<Row Tag="LOC_NOTIFICATION_CIVIC_DISCOVERED_MESSAGE">
			<Text>Kesfedildi {1_Name}</Text>
		</Row>
		<Row Tag="LOC_NOTIFICATION_CIVIC_DISCOVERED_SUMMARY">
			<Text>Kesfettin {1_Name}!</Text>
		</Row>
		<!-- Great Work Notifications -->
		<Row Tag="LOC_NOTIFICATION_RELIC_CREATED_MESSAGE">
			<Text>Kutsal Emanet Olusturuldu</Text>
		</Row>
		<Row Tag="LOC_NOTIFICATION_RELIC_CREATED_SUMMARY">
			<Text>[ICON_GreatWork_Relic] Dini Kutsal Emanet {1_RelicName}, {3_CityName} sehrindeki {2_BuildingName} icine yerlestirildi.</Text>
		</Row>
		<!-- Discovery Notifications -->
		<Row Tag="LOC_NOTIFICATION_DISCOVER_CONTINENT_MESSAGE">
			<Text>Yeni Kıta Kesfedildi</Text>
		</Row>
		<Row Tag="LOC_NOTIFICATION_DISCOVER_CONTINENT_SUMMARY">
			<Text>Yeni bir kıtayı kesfettik. Kasifimiz onu {1_ContinentName} olarak isimlendiriyor.</Text>
		</Row>
		<Row Tag="LOC_NOTIFICATION_DISCOVER_GOODY_HUT_MESSAGE">
			<Text>Kabile Köyü Kesfedildi</Text>
		</Row>
		<Row Tag="LOC_NOTIFICATION_DISCOVER_GOODY_HUT_SUMMARY">
			<Text>Dost bir kabilenin yasadıgı bir köy kesfettiniz.</Text>
		</Row>
		<Row Tag="LOC_NOTIFICATION_DISCOVER_NATURAL_WONDER_MESSAGE">
			<Text>Dogal Harika Kesfedildi</Text>
		</Row>
		<Row Tag="LOC_NOTIFICATION_DISCOVER_NATURAL_WONDER_SUMMARY">
			<Text>Kasifiniz, {1_NaturalWonderName} Dogal Harikasını kesfetti.</Text>
		</Row>
		<Row Tag="LOC_NOTIFICATION_DISCOVER_RESOURCE_MESSAGE">
			<Text>Kaynak Kesfedildi</Text>
		</Row>
		<Row Tag="LOC_NOTIFICATION_DISCOVER_RESOURCE_SUMMARY">
			<Text>Yeni bir {1_ResourceName} kaynagı kesfettik.</Text>
		</Row>
		<Row Tag="LOC_NOTIFICATION_BARBARIANS_SIGHTED_MESSAGE">
			<Text>Barbarlarla Temasta Bulunuldu</Text>
		</Row>
		<Row Tag="LOC_NOTIFICATION_BARBARIANS_SIGHTED_SUMMARY">
			<Text>{1_CityName} sehrimize yaklasan barbarlar görüldü.</Text>
		</Row>
		<Row Tag="LOC_NOTIFICATION_NEW_BARBARIAN_CAMP_MESSAGE">
			<Text>Yeni Barbar Karakolu</Text>
		</Row>
		<Row Tag="LOC_NOTIFICATION_NEW_BARBARIAN_CAMP_SUMMARY">
			<Text>Yeni bir Barbar kabilesi yakındaki bir bölgeye tasındıgına dair söylentiler aldık.</Text>
		</Row>
		<!-- Victory Notifications -->
		<Row Tag="LOC_NOTIFICATION_MY_DOMINANT_CULTURE_MESSAGE">
			<Text>Kültürel Egemenliginiz Oldu</Text>
		</Row>
		<Row Tag="LOC_NOTIFICATION_MY_DOMINANT_CULTURE_SUMMARY">
			<Text>Kültürünüzün, {1_CivName} üzerinde hakimiyet saglaması icin yeterli miktarda [ICON_Tourism] Turist cekildi.</Text>
		</Row>
		<Row Tag="LOC_NOTIFICATION_OTHER_DOMINANT_CULTURE_MESSAGE">
			<Text>Yabancı Kültür Baskısı</Text>
		</Row>
		<Row Tag="LOC_NOTIFICATION_OTHER_DOMINANT_CULTURE_SUMMARY">
			<Text>{1_CivName}, kültürlerinin sizin kültürünüzden üstün olması icin yeterli miktarda [ICON_Tourism] Turist cekti.</Text>
		</Row>
		<Row Tag="LOC_NOTIFICATION_MY_CULTURE_VICTORY_SOON_MESSAGE">
			<Text>Kültürel Zafer Kazanmaya Yakınsınız</Text>
		</Row>
		<Row Tag="LOC_NOTIFICATION_MY_CULTURE_VICTORY_SOON_SUMMARY">
			<Text>Kültürünüz, bir yabancı uygarlık dısında herkesin üzerinde baskın hale geldi. Kültürel Zafer elinizin altında.</Text>
		</Row>
		<Row Tag="LOC_NOTIFICATION_OTHER_CULTURE_VICTORY_SOON_MESSAGE">
			<Text>Baskaları Kültürel Zafere Yakın</Text>
		</Row>
		<Row Tag="LOC_NOTIFICATION_OTHER_CULTURE_VICTORY_SOON_SUMMARY">
			<Text>{1_CivName}, Kültürel Zaferi kazanmak icin yalnızca bir oyuncu üzerinde daha kültürel egemenlige ihtiyac duyuyor.</Text>
		</Row>
		<!--Future Notifications (not yet implemented)-->
		<Row Tag="LOC_NOTIFICATION_CASUS_BELLI_AVAILABLE_MESSAGE">
			<Text>Yeni Casus Belli Kullanılabilir</Text>
		</Row>
		<Row Tag="LOC_NOTIFICATION_CASUS_BELLI_AVAILABLE_SUMMARY">
			<Text>Artık {2_CivName} üzerinde bir {1_WarType} bildirimi icin haklı sebeplerimiz var.</Text>
		</Row>
		<Row Tag="LOC_NOTIFICATION_CITY_RANGED_ATTACK_MESSAGE">
			<Text>Sehir Saldırı Yapabilir</Text>
		</Row>
		<Row Tag="LOC_NOTIFICATION_CITY_RANGED_ATTACK_SUMMARY">
			<Text>{1_CityName} sehri, düsman kuvvetlerine saldırabilir.</Text>
		</Row>
		<Row Tag="LOC_NOTIFICATION_ENCAMPMENT_RANGED_ATTACK_MESSAGE">
			<Text>Ordugah Saldırı Yapabilir</Text>
		</Row>
		<Row Tag="LOC_NOTIFICATION_ENCAMPMENT_RANGED_ATTACK_SUMMARY">
			<Text>{1_CityName} Sehiri dısındaki Ordugah, düsman kuvvetlerine saldırabilir.</Text>
		</Row>
		<Row Tag="LOC_NOTIFICATION_NUKE_DROPPED_MESSAGE">
			<Text>Nükleer Bomba Patlatıldı</Text>
		</Row>
		<Row Tag="LOC_NOTIFICATION_NUKE_DROPPED_SUMMARY">
			<Text>{1_CivName} tarafından, {2_CityName} sehri yakınlarında bir Nükleer Bomba patlatıldı.</Text>
		</Row>
		<Row Tag="LOC_NOTIFICATION_THERMONUKE_DROPPED_MESSAGE">
			<Text>Termonükleer Bomba Patlatıldı</Text>
		</Row>
		<Row Tag="LOC_NOTIFICATION_THERMONUKE_DROPPED_SUMMARY">
			<Text>{1_CivName} tarafından, {2_CityName} sehri yakınlarında yıkıcı bir Termonükleer Bomba patlatıldı.</Text>
		</Row>
		<Row Tag="LOC_NOTIFICATION_SPY_NEW_AGENT_MESSAGE">
			<Text>Ajan Egitilebilir</Text>
		</Row>
		<Row Tag="LOC_NOTIFICATION_SPY_NEW_AGENT_SUMMARY">
			<Text>su anda ek bir Ajan egitebilirsiniz.</Text>
		</Row>
		<Row Tag="LOC_NOTIFICATION_UNIT_CAPTURED_MESSAGE">
			<Text>Birim Yakalandı</Text>
		</Row>
		<Row Tag="LOC_NOTIFICATION_UNIT_CAPTURED_SUMMARY">
			<Text>{1_UnitType} biriminiz, {3_CivName} birimi {2_EnemyUnitType} tarafından yakalandı.</Text>
		</Row>
		<Row Tag="LOC_NOTIFICATION_UNIT_ATTACKED_MESSAGE">
			<Text>Birim Saldırıya Ugradı</Text>
		</Row>
		<Row Tag="LOC_NOTIFICATION_UNIT_ATTACKED_SUMMARY">
			<Text>{1_UnitType} biriminiz, {2_CivName} tarafından saldırıya ugradı.</Text>
		</Row>
		<Row Tag="LOC_NOTIFICATION_WONDER_COMPLETED_MESSAGE">
			<Text>Harika Tamamlandı</Text>
		</Row>
		<Row Tag="LOC_NOTIFICATION_WONDER_COMPLETED_SUMMARY">
			<Text>{1_CivName} uygarlıgı, {2_WonderName} Dünya Harikasının yapımını tamamladı.</Text>
		</Row>
		<Row Tag="LOC_NOTIFICATION_WONDER_COMPLETED_HOTSEAT_CURRENT_PLAYER_SUMMARY">
			<Text>{1_WonderName} Dünya Harikasının yapımını tamamladınız.</Text>
		</Row>
		<Row Tag="LOC_NOTIFICATION_WONDER_COMPLETED_UNMET_PLAYER_SUMMARY">
			<Text>Karsılasılmamıs bir oyuncu {1_WonderName} Dünya Harikasının yapımını tamamladı.</Text>
		</Row>
		<Row Tag="LOC_NOTIFICATION_WONDER_FAILED_MESSAGE">
			<Text>Kurtarılmıs Üretim</Text>
		</Row>
		<Row Tag="LOC_NOTIFICATION_WONDER_FAILED_SUMMARY">
			<Text>{1_WonderName} adlı dünya harikasını zamanında tamamlayamadınız. Ancak {2_Production} [ICON_Production] Üretim, tesebbüsten kurtarıldı ve {3_CityName} sehrine verildi.</Text>
		</Row>
    		<Row Tag="LOC_NOTIFICATION_CITY_LOST_MESSAGE">
			<Text>Sehir Ele Gecirildi</Text>
		</Row>
		<Row Tag="LOC_NOTIFICATION_CITY_LOST_SUMMARY">
			<Text>{1_CityName} sehri, {2_CivName} tarafından ele gecirildi.</Text>
		</Row>
		<Row Tag="LOC_NOTIFICATION_CITY_WALLS_BREACHED_MESSAGE">
			<Text>Sehir Duvarları Yıkıldı</Text>
		</Row>
		<Row Tag="LOC_NOTIFICATION_CITY_WALLS_BREACHED_SUMMARY">
			<Text>{1_CityName} sehrinin duvarları, {2_CivName} kuvvetleri tarafından yıkıldı.</Text>
		</Row>
		<Row Tag="LOC_NOTIFICATION_CAPITAL_LOST_MESSAGE">
			<Text>Baskent Ele Gecirildi</Text>
		</Row>
		<Row Tag="LOC_NOTIFICATION_CAPITAL_LOST_SUMMARY">
			<Text>{1_CivName}, [ICON_Capital] Baskenti, {2_CivName} tarafından ele gecirildi!</Text>
		</Row>
		<Row Tag="LOC_NOTIFICATION_CAPITAL_RECLAIMED_MESSAGE">
			<Text>Baskent Kurtarıldı</Text>
		</Row>
		<Row Tag="LOC_NOTIFICATION_CAPITAL_RECLAIMED_SUMMARY">
			<Text>{1_CivName}, Baskentlerini kurtardılar.</Text>
		</Row>
		<Row Tag="LOC_NOTIFICATION_ENEMY_IN_TERRITORY_MESSAGE">
			<Text>Sınırlarımızda Düsman Var</Text>
		</Row>
		<Row Tag="LOC_NOTIFICATION_ENEMY_IN_TERRITORY_SUMMARY">
			<Text>{1_CityName} sehrinin yakınındaki sınırlarımızda düsman birlikleri görüldü.</Text>
		</Row>
		<Row Tag="LOC_NOTIFICATION_DISCOVER_ANTIQUITY_SITE_MESSAGE">
			<Text>Antik Site Kesfedildi</Text>
		</Row>
		<Row Tag="LOC_NOTIFICATION_DISCOVER_ANTIQUITY_SITE_SUMMARY">
			<Text>Yeni bir Antik Site kesfettiniz. Eserin cıkarılması icin bir Arkeolog gönderin.</Text>
		</Row>
		<Row Tag="LOC_NOTIFICATION_DISCOVER_SHIPWRECK_MESSAGE">
			<Text>Gemi Enkazı Bulundu</Text>
		</Row>
		<Row Tag="LOC_NOTIFICATION_DISCOVER_SHIPWRECK_SUMMARY">
			<Text>Batık bir Gemi Enkazı buldunuz. Kültürel Miras ilkesine ulastıgınızda, Batık eseri ortaya cıkarmak icin bir Arkeolog gönderin.</Text>
		</Row>
		<Row Tag="LOC_NOTIFICATION_DIPLO_COUNTERDEAL_RECEIVED_MESSAGE">
			<Text>Karsı Teklif Alındı</Text>
		</Row>
		<Row Tag="LOC_NOTIFICATION_DIPLO_COUNTERDEAL_RECEIVED_SUMMARY">
			<Text>{1_CivName}, anlasma teklifinize karsı bir teklif sundu.</Text>
		</Row>
		<Row Tag="LOC_NOTIFICATION_DIPLO_DEAL_RECEIVED_MESSAGE">
			<Text>Önerilen Anlasma</Text>
		</Row>
		<Row Tag="LOC_NOTIFICATION_DIPLO_DEAL_RECEIVED_SUMMARY">
			<Text>{1_CivName} tarafından bir anlasma önerisi aldınız.</Text>
		</Row>
		<Row Tag="LOC_NOTIFICATION_DIPLO_DENUNCIATION_BY_AI_EXPIRED_MESSAGE">
			<Text>Kınanma Süreniz Doldu</Text>
		</Row>
		<Row Tag="LOC_NOTIFICATION_DIPLO_DENUNCIATION_BY_AI_EXPIRED_SUMMARY">
			<Text>{1_CivName} tarafından kınanma süreniz doldu. Resmi savas ilan etmek istiyorlarsa, yeniden gönderilmeleri gerekecek.</Text>
		</Row>
		<Row Tag="LOC_NOTIFICATION_DIPLO_DENUNCIATION_BY_HUMAN_EXPIRED_MESSAGE">
			<Text>Kınama Süreniz Doldu</Text>
		</Row>
		<Row Tag="LOC_NOTIFICATION_DIPLO_DENUNCIATION_BY_HUMAN_EXPIRED_SUMMARY">
			<Text>{1_CivName} adlı uygarlıgı kınama süreniz doldu ve resmi savas ilan etmek isterseniz yeniden gönderilmesi gerekiyor.</Text>
		</Row>
		<Row Tag="LOC_NOTIFICATION_DIPLO_PROMISE_FROM_KEPT_MESSAGE">
			<Text>Size Verilen Söz Tutuldu</Text>
		</Row>
		<Row Tag="LOC_NOTIFICATION_DIPLO_PROMISE_FROM_KEPT_SUMMARY">
			<Text>{1_CivName} tarafından, {2_PromiseType} icin size verilen sözler yerine getirildi.</Text>
		</Row>
		<Row Tag="LOC_NOTIFICATION_DIPLO_PROMISE_TO_KEPT_MESSAGE">
			<Text>Sözünüzü Tuttunuz</Text>
		</Row>
		<Row Tag="LOC_NOTIFICATION_DIPLO_PROMISE_TO_KEPT_SUMMARY">
			<Text>{1_CivName} ve sizin aranızdaki {2_PromiseType} icin verdiginiz sözleri yerine getirildi.</Text>
		</Row>
		<Row Tag="LOC_NOTIFICATION_DIPLO_PROMISE_FROM_BROKEN_MESSAGE">
			<Text>Size Verilen Söz Tutulmadı</Text>
		</Row>
		<Row Tag="LOC_NOTIFICATION_DIPLO_PROMISE_FROM_BROKEN_SUMMARY">
			<Text>{1_CivName} tarafından {2_PromiseType} icin verilen sözler tutulmadı.</Text>
		</Row>
		<Row Tag="LOC_NOTIFICATION_DIPLO_PROMISE_TO_BROKEN_MESSAGE">
			<Text>Sözünüzü Tutmadınız</Text>
		</Row>
		<Row Tag="LOC_NOTIFICATION_DIPLO_PROMISE_TO_BROKEN_SUMMARY">
			<Text>{1_CivName} ve sizin aranızdaki {2_PromiseType} icin verdiginiz sözleri yerine getirmediniz.</Text>
		</Row>
		<Row Tag="LOC_NOTIFICATION_PROMISE_TYPE_ARTIFACTS">
			<Text>Kalıntı kazılarını durdurun</Text>
		</Row>
		<Row Tag="LOC_NOTIFICATION_PROMISE_TYPE_ON_BORDER">
			<Text>Birlikleri sınıra tası</Text>
		</Row>
		<Row Tag="LOC_NOTIFICATION_PROMISE_TYPE_RELIGIOUS">
			<Text>Sehirleri dönüstürmeyi bırak</Text>
		</Row>
		<Row Tag="LOC_NOTIFICATION_PROMISE_TYPE_SETTLING">
			<Text>Yakınlara Sehir kurmayı durdur</Text>
		</Row>
		<Row Tag="LOC_NOTIFICATION_PROMISE_TYPE_SPYING">
			<Text>Casusluk yapmayı bırak</Text>
		</Row>
		<Row Tag="LOC_NOTIFICATION_DIPLO_DEAL_EXPIRED_MESSAGE">
			<Text>Anlasma Sona Erdi</Text>
		</Row>
		<Row Tag="LOC_NOTIFICATION_DIPLO_DEAL_EXPIRED_SUMMARY">
			<Text>{1_CivName} ile yaptıgınız bir anlasma süresi doldu.</Text>
		</Row>
		<Row Tag="LOC_NOTIFICATION_DISTRICT_PILLAGED_MESSAGE">
			<Text>Bölge Yagmalandı</Text>
		</Row>
		<Row Tag="LOC_NOTIFICATION_DISTRICT_PILLAGED_SUMMARY">
			<Text>{2_CityName} sehrindeki {1_DistrictName} bölgesi, {3_CivName} tarafından yagmalandı.</Text>
		</Row>
		<Row Tag="LOC_NOTIFICATION_IMPROVEMENT_PILLAGED_MESSAGE">
			<Text>Gelistirme Yagmalandı</Text>
		</Row>
		<Row Tag="LOC_NOTIFICATION_IMPROVEMENT_PILLAGED_SUMMARY">
			<Text>{2_CityName} sehrindeki {1_ImprovementName} gelistirmeniz, {3_CivName} tarafından yagmalandı.</Text>
		</Row>
		<Row Tag="LOC_NOTIFICATION_BUILDING_PILLAGED_MESSAGE">
			<Text>Bina Yagmalandı</Text>
		</Row>
		<Row Tag="LOC_NOTIFICATION_BUILDING_PILLAGED_SUMMARY">
			<Text>{2_CityName} sehrindeki {1_BuildingName}, {3_CivName} tarafından yagmalandı.</Text>
		</Row>
		<Row Tag="LOC_NOTIFICATION_ROUTE_PILLAGED_MESSAGE">
			<Text>Yol Yagmalandı</Text>
		</Row>
		<Row Tag="LOC_NOTIFICATION_ROUTE_PILLAGED_SUMMARY">
			<Text>{2_CityName} yakınında ki bir {1_RoadName} adlı petek, {3_CivName} tarafından yagmalandı.</Text>
		</Row>
		<Row Tag="LOC_NOTIFICATION_PLAYER_RESURRECTED_MESSAGE">
			<Text>Oyuncu Dirildi</Text>
		</Row>
		<Row Tag="LOC_NOTIFICATION_PLAYER_RESURRECTED_SUMMARY">
			<Text>{1_civName} bir Sehir kazandı ve tekrar yasıyor.</Text>
		</Row>
		<Row Tag="LOC_NOTIFICATION_PLAYER_ELIMINATED_MESSAGE">
			<Text>Oyuncu Elendi</Text>
		</Row>
		<Row Tag="LOC_NOTIFICATION_PLAYER_ELIMINATED_SUMMARY">
			<Text>{1_civName} Elendi.</Text>
		</Row>
		<Row Tag="LOC_NOTIFICATION_ROADS_UPGRADED_MESSAGE">
			<Text>Yollar Gelistirildi</Text>
		</Row>
		<Row Tag="LOC_NOTIFICATION_ROADS_UPGRADED_SUMMARY">
			<Text>{1_RoadName} kilidi kaldırıldı, sınırlarınızdaki tüm Yolların gelistirildi (Araziden bagımsız olarak {2_MovementCost} [ICON_Movement] Hareket {2_MovementCost : plural 1?puanı; other?puanı;}).</Text>
		</Row>
		<Row Tag="LOC_NOTIFICATION_FREE_RELIGIOUS_UNIT_MESSAGE">
			<Text>ilk Dini Birim</Text>
		</Row>
		<Row Tag="LOC_NOTIFICATION_FREE_RELIGIOUS_UNIT_SUMMARY">
			<Text>Halkınızın yeni bir dinin kurulusundan duydugu mutluluk nedeniyle, ilk {1_UnitName} birimini ücretsiz olarak aldınız. Gelecekte satın almak icin [ICON_Faith] inanc kullanın.</Text>
		</Row>
		<Row Tag="LOC_NOTIFICATION_FREE_ESPIONAGE_UNIT_MESSAGE">
			<Text>ilk Casus</Text>
		</Row>
		<Row Tag="LOC_NOTIFICATION_FREE_ESPIONAGE_UNIT_SUMMARY">
			<Text>Yeni casusluk agınızın üzerindeki heyecandan dolayı, ilk {1_UnitName} birimini ücretsiz olarak aldınız. Daha fazla insa etme yetenegini actıgınızda, onları Sehirlerinizde yetistirin.</Text>
		</Row>
		<Row Tag="LOC_NOTIFICATION_CITY_BESIEGED_BY_OTHER_PLAYER_MESSAGE">
			<Text>Sehir Kusatma Altında</Text>
		</Row>
		<Row Tag="LOC_NOTIFICATION_CITY_BESIEGED_BY_OTHER_PLAYER_SUMMARY">
			<Text>{1_CityName} kusatma altında. Düsman birimlerinin kontrolü, sehrin cevresindeki peteklerde oldukca, Sehir hasarı onarılamaz.</Text>
		</Row>
		<Row Tag="LOC_NOTIFICATION_TILE_LOST_CULTURE_BOMB_MESSAGE">
			<Text>Toprak Kaybedildi</Text>
		</Row>
		<Row Tag="LOC_NOTIFICATION_TILE_LOST_CULTURE_BOMB_SUMMARY">
			<Text>{1_CivName} tarafından baslatılan bir Kültür Bombasına bölgelerini kaybettik.</Text>
		</Row>
		<Row Tag="LOC_NOTIFICATION_AIRCRAFT_FORCED_REBASE_MESSAGE">
			<Text>Ucak zorunlu üs</Text>
		</Row>
		<Row Tag="LOC_NOTIFICATION_AIRCRAFT_FORCED_REBASE_SUMMARY">
			<Text>{1_AirUnit} konumu tehlikeye sokuldu ve yeniden temel almaya zorlandı.</Text>
		</Row>
		<Row Tag="LOC_NOTIFICATION_AIRCRAFT_BASE_OVERRUN_MESSAGE">
			<Text>Hava üssü istila</Text>
		</Row>
		<Row Tag="LOC_NOTIFICATION_AIRCRAFT_BASE_OVERRUN_SUMMARY">
			<Text>{1_AirUnit} kendini tekrar kuramadı ve imha edildi.</Text>
		</Row>
	</BaseGameText>
</GameData>
