<?xml version="1.0" encoding="utf-8"?>
<!-- edited with XMLSPY v2004 rel. 2 U (http://www.xmlspy.com) by Anton Strenger (Firaxis Games) -->
<GameData>
	<BaseGameText>
		<Row Tag="LOC_PROJECT_REPAIR_OUTER_DEFENSES_DESCRIPTION">
			<Text>Bu Şehrin dış savunmasındaki hasarı onarır. Bu şehir en az 3 tur saldırıya ugramazsa onarım saglanır.</Text>
		</Row>
		<Row Tag="LOC_PROJECT_ENHANCE_DISTRICT_ENCAMPMENT_DESCRIPTION">
			<Text>Her tur [ICON_Gold] Altın ve bittiginde [ICON_GreatGeneral] Büyük General puanı saglayan bölge tabanlı bir proje.</Text>
		</Row>
		<Row Tag="LOC_PROJECT_ENHANCE_DISTRICT_HARBOR_DESCRIPTION">
			<Text>Her tur [ICON_Gold] Altın ve bittiginde [ICON_GreatAdmiral] Büyük Amiral puanı saglayan bölge tabanlı bir projedir.</Text>
		</Row>
		<Row Tag="LOC_PROJECT_ENHANCE_DISTRICT_INDUSTRIAL_ZONE_DESCRIPTION">
			<Text>Her tur [ICON_Gold] Altın ve bittiginde [ICON_GreatEngineer] Ünlü Mühendis puanı saglayan bölge tabanlı bir projedir.</Text>
		</Row>
		<Row Tag="LOC_PROJECT_ENHANCE_DISTRICT_COMMERCIAL_HUB_DESCRIPTION">
			<Text>Her tur [ICON_Gold] Altın ve bittiginde [ICON_GreatMerchant] Ünlü Tüccar puanı saglayan bölge tabanlı bir projedir.</Text>
		</Row>
		<Row Tag="LOC_PROJECT_ENHANCE_DISTRICT_HOLY_SITE_DESCRIPTION">
			<Text>Her tur [ICON_Faith] İnanç ve bittiginde [ICON_GreatProphet] Büyük Peygamber puanı saglayan bölge tabanlı bir projedir.</Text>
		</Row>
		<Row Tag="LOC_PROJECT_ENHANCE_DISTRICT_CAMPUS_DESCRIPTION">
			<Text>Her tur [ICON_Science] Bilim ve bittiginde [ICON_GreatScientist] Ünlü Bilim Adamı puanı saglayan bölge tabanlı bir projedir.</Text>
		</Row>
		<Row Tag="LOC_PROJECT_ENHANCE_DISTRICT_THEATER_DESCRIPTION">
			<Text>Her tur [ICON_Culture] Kültürü ve bittiginde az miktarda [ICON_GreatWriter] Ünlü Yazar, [ICON_GreatArtist] Ünlü Sanatçı ve [ICON_GreatMusician] Ünlü Müzisyen puanları saglayan bölge tabanlı bir projedir.</Text>
		</Row>
		<Row Tag="LOC_PROJECT_CARNIVAL_DESCRIPTION">
			<Text>Başlatıldıgında +1 [ICON_Amenities] İmkan ve ayrıca  bittiginde [ICON_GreatEngineer] Ünlü Mühendis, [ICON_GreatMerchant] Ünlü Tüccar, [ICON_GreatWriter] Ünlü Yazar, [ICON_GreatArtist] Ünlü Sanatçı ve [ICON_GreatMusician] Ünlü Müzisyen için [ICON_GreatPerson] Büyük Kişi puanı saglayan benzersiz Brezilya Projesi.</Text>
		</Row>
		<Row Tag="LOC_PROJECT_LAUNCH_EARTH_SATELLITE_DESCRIPTION">
			<Text>Uzay Yarışı Projesinde, yörüngeye küçük bir uydu fırlatmayı saglar. Bilim Zaferi için atılan ilk adımdır ve Dünyanın herhangi bir keşfedilmemiş köşesinin cografyasını göstermeyi saglar.</Text>
		</Row>
		<Row Tag="LOC_PROJECT_LAUNCH_MOON_LANDING_DESCRIPTION">
			<Text>Uzay Yarışı Projesinde, insanın Ay'a ayak basması için büyük bir roket göndermeyi saglıyor. Bir defaya mahsus [ICON_Science] Biliminin 10 katı oranında [ICON_Culture] Kültür bonusu verir ve Bilim Zaferi kazanmak için ikinci adımı saglar.</Text>
		</Row>
		<Row Tag="LOC_PROJECT_LAUNCH_MARS_REACTOR_DESCRIPTION">
			<Text>Uzay Yarışı Projesinde, Mars'ta koloni kurma görevi için yörüngeye Reaktör modülü göndermeyi saglıyor. 3 modülü başlatmak, Bilimsel Zafer kazandırır.</Text>
		</Row>
		<Row Tag="LOC_PROJECT_LAUNCH_MARS_HABITATION_DESCRIPTION">
			<Text>Uzay Yarışı Projesinde, Mars'ta koloni kurma görevi için yörüngeye Yerleşim modülü göndermeyi saglıyor. 3 modülü başlatmak, Bilimsel Zafer kazandırır.</Text>
		</Row>
		<Row Tag="LOC_PROJECT_LAUNCH_MARS_HYDROPONICS_DESCRIPTION">
			<Text>Uzay Yarışı Projesinde, Mars'ta koloni kurma görevi için yörüngeye Hidroponik modülü göndermeyi saglıyor. 3 modülü başlatmak, Bilimsel Zafer kazandırır.</Text>
		</Row>
		<Row Tag="LOC_PROJECT_MANHATTAN_PROJECT_DESCRIPTION">
			<Text>Nükleer Bomba yapmaya izin verir.</Text>
		</Row>
		<Row Tag="LOC_PROJECT_OPERATION_IVY_DESCRIPTION">
			<Text>Termonükleer Bomba yapmaya izin verir.</Text>
		</Row>
		<Row Tag="LOC_PROJECT_BUILD_NUCLEAR_DEVICE_DESCRIPTION">
			<Text>Ülkenizin envanterine bir Nükleer Bomba ekler. [ICON_Resource_Uranium] Uranyum gerektirir. Bakım maliyeti 14 [ICON_Gold] Altın'dır.</Text>
		</Row>
		<Row Tag="LOC_PROJECT_BUILD_THERMONUCLEAR_DEVICE_DESCRIPTION">
			<Text>Ülkenizin envanterine bir Termonükleer Bomba ekler. [ICON_Resource_Uranium] Uranyum gerektirir. Bakım maliyeti 16 [ICON_Gold] Altın'dır.</Text>
		</Row>
		<Row Tag="LOC_PROJECT_LAUNCH_EARTH_SATELLITE_POPUP">
			<Text>Yörüngeye başarılı bir şekilde bir uydu gönderdin! Bilim Zaferi için atılan ilk adımdır ve Dünyanın herhangi bir keşfedilmemiş köşesinin cografyasını göstermeyi saglar.</Text>
		</Row>
		<Row Tag="LOC_PROJECT_LAUNCH_MOON_LANDING_POPUP">
			<Text>Ay'a başarılı bir şekilde Ayak basmayı sagladınız! Bir defaya mahsus [ICON_Science] Biliminin 10 katı oranında [ICON_Culture] Kültür bonusu verir ve Bilim Zaferi kazanmak için ikinci adımı saglar.</Text>
		</Row>
		<Row Tag="LOC_PROJECT_LAUNCH_MARS_REACTOR_POPUP">
			<Text>Mars Kolonisi uzay aracında önemli bir bileşen olan Reaktör modülünü başarıyla gönderdiniz. Üç modülün de yörüngeye gönderilmesi uzay aracını tamamlayıp, Bilim Zaferi kazandırır.</Text>
		</Row>
		<Row Tag="LOC_PROJECT_LAUNCH_MARS_HABITATION_POPUP">
			<Text>Mars Kolonisi uzay aracında önemli bir bileşen olan Yerleşim modülünü başarıyla gönderdiniz. Üç modülün de yörüngeye gönderilmesi uzay aracını tamamlayıp, Bilim Zaferi kazandırır.</Text>
		</Row>
		<Row Tag="LOC_PROJECT_LAUNCH_MARS_HYDROPONICS_POPUP">
			<Text>Mars Kolonisi uzay aracında önemli bir bileşen olan Hidroponik modülünü başarıyla gönderdiniz. Üç modülün de yörüngeye gönderilmesi uzay aracını tamamlayıp, Bilim Zaferi kazandırır.</Text>
		</Row>
	</BaseGameText>
</GameData>
