﻿<?xml version="1.0" encoding="utf-8"?>
<!-- edited with XMLSPY v2004 rel. 2 U (http://www.xmlspy.com) by Anton Strenger (Firaxis Games) -->
<GameData>
	<BaseGameText>
		<!--Instance Names-->
		<Row Tag="LOC_QUEST_TRAIN_UNIT_TYPE_INSTANCE_NAME">
			<Text>{LOC_GRAMMAR_A_AN &lt;&lt; {1_UnitName}} birimini Eğitin.</Text>
		</Row>
		<Row Tag="LOC_QUEST_ZONE_DISTRICT_TYPE_INSTANCE_NAME">
			<Text>{LOC_GRAMMAR_A_AN &lt;&lt; {1_DistrictName}} bölgesi oluşturun.</Text>
		</Row>
		<Row Tag="LOC_QUEST_TRIGGER_TECH_BOOST_INSTANCE_NAME">
			<Text>{1_TechName} için Aydınlanma yaşayın.</Text>
		</Row>
		<Row Tag="LOC_QUEST_TRIGGER_CIVIC_BOOST_INSTANCE_NAME">
			<Text>{1_CivicName} için ilham kaynağı oluşturun.</Text>
		</Row>
		<Row Tag="LOC_QUEST_RECRUIT_GREAT_PERSON_CLASS_INSTANCE_NAME">
			<Text>{LOC_GRAMMAR_A_AN &lt;&lt; {1_GreatPersonClassName}} alın.</Text>
		</Row>
		<!--Descriptions-->
		<Row Tag="LOC_QUEST_CONVERT_CAPITAL_TO_RELIGION_DESCRIPTION">
			<Text>Sehir Devleti'ni [ICON_Religion] Dininize döndürün.</Text>
		</Row>
		<Row Tag="LOC_QUEST_SEND_TRADE_ROUTE_DESCRIPTION">
			<Text>Sehir Devleti'ne bir [ICON_TradeRoute] Ticaret güzergahı gönderin.</Text>
		</Row>
		<Row Tag="LOC_QUEST_CLEAR_BARBARIAN_CAMP_DESCRIPTION">
			<Text>Sehrin 5 petek içindeki [ICON_Barbarian] Barbar Kampı'nı yok edin.</Text>
		</Row>
		<Row Tag="LOC_QUEST_TRAIN_UNIT_TYPE_DESCRIPTION">
			<Text>Rastgele seçilmiş bir askeri [ICON_Unit] birimi eğitin.</Text>
		</Row>
		<Row Tag="LOC_QUEST_ZONE_DISTRICT_TYPE_DESCRIPTION">
			<Text>Rastgele seçilmiş özel bir [ICON_District] bölge oluşturun.</Text>
		</Row>
		<Row Tag="LOC_QUEST_TRIGGER_TECH_BOOST_DESCRIPTION">
			<Text>Rastgele seçilen [ICON_TechBoosted] Aydınlanma anını tetikleyin.</Text>
		</Row>
		<Row Tag="LOC_QUEST_TRIGGER_CIVIC_BOOST_DESCRIPTION">
			<Text>Rastgele seçilen [ICON_CivicBoosted] İlham anını tetikleyin.</Text>
		</Row>
		<Row Tag="LOC_QUEST_RECRUIT_GREAT_PERSON_CLASS_DESCRIPTION">
			<Text>Rastgele seçilen bir [ICON_GreatPerson] Büyük Kişi seçin.</Text>
		</Row>
		<!--Instance Descriptions-->
		<Row Tag="LOC_QUEST_TRAIN_UNIT_TYPE_INSTANCE_DESCRIPTION">
			<Text>{LOC_GRAMMAR_A_AN &lt;&lt; {1_UnitName}} askeri birimini eğitin.</Text>
		</Row>
		<Row Tag="LOC_QUEST_ZONE_DISTRICT_TYPE_INSTANCE_DESCRIPTION">
			<Text>{LOC_GRAMMAR_A_AN &lt;&lt; {1_DistrictName}} bölgesi inşa et.</Text>
		</Row>
		<Row Tag="LOC_QUEST_TRIGGER_TECH_BOOST_INSTANCE_DESCRIPTION">
			<Text>{1_TechnologyName} teknolojisi için [ICON_TechBoosted] Aydınlanma anını tetikleyin.</Text>
		</Row>
		<Row Tag="LOC_QUEST_TRIGGER_CIVIC_BOOST_INSTANCE_DESCRIPTION">
			<Text>{1_CivicName} vatandaşının [ICON_CivicBoosted] İlham anını tetikleyin.</Text>
		</Row>
		<Row Tag="LOC_QUEST_RECRUIT_GREAT_PERSON_CLASS_INSTANCE_DESCRIPTION">
			<Text>Bir {1_IconString} {2_GreatPersonClassName} alın.</Text>
		</Row>
		<!--Rewards-->
		<Row Tag="LOC_QUEST_REWARD_ENVOYS">
			<Text>[ICON_Envoy] Elciler</Text>
		</Row>
		<!--Instance Rewards-->
		<Row Tag="LOC_QUEST_REWARD_ENVOYS_NUMBER">
			<Text>[ICON_Envoy] {1_Amount} {1_Amount : plural 1?Envoy; other?Envoys;}</Text>
		</Row>
	</BaseGameText>
</GameData>
