<?xml version="1.0" encoding="UTF-8" standalone="yes"?>
<GameData xmlns:xsi="http://www.w3.org/2001/XMLSchema-instance">
	<BaseGameText>
		<Row Tag="LOC_FEATURE_BARRIER_REEF_QUOTE">
			<Text>“Organizmalar CO2'yi bir zehir olarak görmüyorlar. Kabuk ve mercan yapan organizmalar CO2'yi bir yapı bloğu olarak görüyorlar.”[NEWLINE]– Janine Benyus</Text>
		</Row>
		<Row Tag="LOC_FEATURE_CLIFFS_DOVER_QUOTE">
			<Text>“Beyaz Kayalıkların ulu bir tacı andıran siperinin ardında, tatil günlerimizin verdiği huzurdan çok daha fazlası var.”[NEWLINE]– William Wordsworth</Text>
		</Row>
		<Row Tag="LOC_FEATURE_CRATER_LAKE_QUOTE">
			<Text>“Bir daha asla Dünya'nın güzel noktalarına bakıp onları şimdiye kadar gördüğüm en güzel şey olarak göremeyeceğim. Çünkü Krater Gölü hepsinin üstündedir benim için.”[NEWLINE]– Jack London</Text>
		</Row>
		<Row Tag="LOC_FEATURE_DEAD_SEA_QUOTE">
			<Text>“Ölü Deniz kıyısında bulunan elmalar gibi, bütün küllerin tadı var.”[NEWLINE]– Lord Byron</Text>
		</Row>
		<Row Tag="LOC_FEATURE_EVEREST_QUOTE">
			<Text>“Bu dağı fethetmedik ama bize ait.”[NEWLINE]– Sir Edmund Hillary</Text>
		</Row>
		<Row Tag="LOC_FEATURE_GALAPAGOS_QUOTE">
		<Text>"Bu adaların doğal tarihini olağanüstü kılan özellik ise kendi içlerinde küçük bir dünya gibi görünmeleriydi.”[NEWLINE]– Charles Darwin</Text>
		</Row>
		<Row Tag="LOC_FEATURE_KILIMANJARO_QUOTE">
			<Text>“Sonuçta, Kilimanjaro Dağı'nda kablosuz ağ yok. Bu yüzden Tanzanya'daki seyahatimde iki hafta boyunca insanlarla konuşmak zorunda kaldım.”[NEWLINE]– Nancy Bonds</Text>
		</Row>
		<Row Tag="LOC_FEATURE_PANTANAL_QUOTE">
			<Text>“Pantanal, gezegenin en karmaşık intertropik alüvyon düzlüğü ve belki de dünyanın en az bilinen bölgesi.”[NEWLINE]– Aziz Ab’Saber</Text>
		</Row>
		<Row Tag="LOC_FEATURE_PIOPIOTAHI_QUOTE">
			<Text>“Yeni Zelanda'nın fiyortlarına doğru ilerlediğimde, aynı çocuksu ifadeyi yaşadım. Saf bir korku ile yüz yüzeydim. Milford Sound'a giden yolun iyi olduğunu biliyordum - ama o kadar da iyi miydi?”[NEWLINE]– Darroch Donald</Text>
		</Row>
		<Row Tag="LOC_FEATURE_TORRES_DEL_PAINE_QUOTE">
			<Text>“Kaplanın dişlerini andıran birbirine yakın granit tepeler, gökyüzüne haşmetle yükseliyordu.”[NEWLINE]– Howard Hillman</Text>
		</Row>
		<Row Tag="LOC_FEATURE_TSINGY_QUOTE">
			<Text>“Tsingy, 250 santimetrelik engebeli dikilitaşlardan oluşmaktadır. Ve evet, güzelim yüzünü kesebilirler.”[NEWLINE]– Budd Erickson</Text>
		</Row>
		<Row Tag="LOC_FEATURE_YOSEMITE_QUOTE">
			<Text>“Yosemite Vadisi, benim için her zaman bir gün doğuşu, taş ve uzayın huzurunda doğa ve altın mucizesinin bir parıltısıydı.”[NEWLINE]– Ansel Adams</Text>
		</Row>
		<Row Tag="LOC_TECH_POTTERY_QUOTE_1">
			<Text>“Hiç kimse kili ıslatıp bu tuğlalara bu şekli vermez, bu şans değil.”[NEWLINE]- Plutarkhos</Text>
		</Row>
		<Row Tag="LOC_TECH_POTTERY_QUOTE_2">
			<Text>“İyi bir çömlekçinin elinde kilin mutlu olması gerektiğini düşünürdüm.”[NEWLINE]– Janet Fitch</Text>
		</Row>
		<Row Tag="LOC_TECH_ANIMAL_HUSBANDRY_QUOTE_1">
			<Text>“Cennet'te köpek yoksa, öldüğümde köpeklerin gittiği yere gitmek isterim.”[NEWLINE]- Will Rogers</Text>
		</Row>
		<Row Tag="LOC_TECH_ANIMAL_HUSBANDRY_QUOTE_2">
			<Text>“Domuzlara bayılıyorum. Kedi insana tepeden bakar, köpek insanın ağzının içine bakar; ama domuz dosdoğru gözlerinizin içine bakar ve dengini görür.”[NEWLINE]- Winston S. Churchill</Text>
		</Row>
		<Row Tag="LOC_TECH_MINING_QUOTE_1">
			<Text>“Bir kömür madencisinin karısından daha fazla para kazanmayı hak eden var mı?”[NEWLINE]– Merle Travis</Text>
		</Row>
		<Row Tag="LOC_TECH_MINING_QUOTE_2">
			<Text>“Kendinizi bir delikte bulduğunuzda, kazmayı bırakın.”[NEWLINE]- Will Rogers</Text>
		</Row>
		<Row Tag="LOC_TECH_SAILING_QUOTE_1">
			<Text>“Gemiler daha fazla girişimde bulunabilirler; fakat küçük botların ait olduğu yer kıyının yanıdır.”[NEWLINE]-Benjamin Franklin</Text>
		</Row>
		<Row Tag="LOC_TECH_SAILING_QUOTE_2">
			<Text>“Karadaki hayat kadar berbat bir şey yoktur. Bana denizi verin.”[NEWLINE]– Sir Francis Drake</Text>
		</Row>
		<Row Tag="LOC_TECH_ASTROLOGY_QUOTE_1">
			<Text>“Ben astrolojiye inanmam; Ben bir Yay burcuyum ve şüpheciyim.”[NEWLINE]– Arthur C. Clarke</Text>
		</Row>
		<Row Tag="LOC_TECH_ASTROLOGY_QUOTE_2">
			<Text>“Astroloji hakkında bir şey bilmeyen bir fizikçinin kendine fizikçi demeye hakkı yoktur.”[NEWLINE]- Hipokrat</Text>
		</Row>
		<Row Tag="LOC_TECH_IRRIGATION_QUOTE_1">
			<Text>“Binlerce insan aşk olmadan yaşadı, ama hiçbiri susuz yaşayamadı.”[NEWLINE]-W. H. Auden</Text>
		</Row>
		<Row Tag="LOC_TECH_IRRIGATION_QUOTE_2">
			<Text>“Bir ülkedeki ağaçlandırmayı veya sulamayı halledecek kadar kum getiren bir adam, o ülkeyi fethedenden daha az şerefli sayılmaz.”[NEWLINE]– Sir John Thomson</Text>
		</Row>
		<Row Tag="LOC_TECH_ARCHERY_QUOTE_1">
			<Text>“Havaya bir ok attım. Yere düştü. Nereye düştüğünü bilmiyordum.”[NEWLINE]– Henry Wadsworth Longfellow</Text>
		</Row>
		<Row Tag="LOC_TECH_ARCHERY_QUOTE_2">
			<Text>“Okunuz hedefe doğru ilerlerken kötülüğün güçleri kafa karışıklığı yaşayabilir.”[NEWLINE]– George Carlin</Text>
		</Row>
		<Row Tag="LOC_TECH_WRITING_QUOTE_1">
			<Text>“Yazmak paylaşmak demektir. Paylaşmak insan doğasının bir parçasıdır. Düşünceleri, anıları, hayatı...”[NEWLINE]– Paulo Coelho</Text>
		</Row>
		<Row Tag="LOC_TECH_WRITING_QUOTE_2">
			<Text>“Yazmak kolaydır. Tek yapmanız gereken yanlış kelimelerin üstünü çizmektir.”[NEWLINE]-Mark Twain</Text>
		</Row>
		<Row Tag="LOC_TECH_MASONRY_QUOTE_1">
			<Text>“Her birimiz için kendimizden çok daha büyük bir şey yapmak için taş oyuyor, sütun dikiyor, ya da cam kesiyoruz.”[NEWLINE]– Adrienne Clarkson</Text>
		</Row>
		<Row Tag="LOC_TECH_MASONRY_QUOTE_2">
			<Text>“Savaşlar tepetaklak devirir heykelleri. Çökertir boğuşanlar yapı demez sur demez.”[NEWLINE]– William Shakespeare</Text>
		</Row>
		<Row Tag="LOC_TECH_BRONZE_WORKING_QUOTE_1">
			<Text>“Bronz çalışmanın aynası, zihnin şarabıdır.”[NEWLINE]– Eshilos</Text>
		</Row>
		<Row Tag="LOC_TECH_BRONZE_WORKING_QUOTE_2">
			<Text>“Ben kalıcı bir miras yaratmakla da ilgileniyorum... Çünkü bronz binlerce yıl kalacak.”[NEWLINE]- Richard MacDonald</Text>
		</Row>
		<Row Tag="LOC_TECH_THE_WHEEL_QUOTE_1">
			<Text>“Tekerlek bazen yavaşlar, ama hep döner.”[NEWLINE]– Lorne Michaels</Text>
		</Row>
		<Row Tag="LOC_TECH_THE_WHEEL_QUOTE_2">
			<Text>“Tekerleği yeniden keşfetmeyin, sadece geliştirin.”[NEWLINE]– Anthony D’Angelo</Text>
		</Row>
		<Row Tag="LOC_TECH_CELESTIAL_NAVIGATION_QUOTE_1">
			<Text>“Ve benim tek isteğim büyük bir gemi ve yol göstermesi için bir yıldızdır.”[NEWLINE]– John Masefield</Text>
		</Row>
		<Row Tag="LOC_TECH_CELESTIAL_NAVIGATION_QUOTE_2">
			<Text>“Güzergahınızı sürekli geçip giden gemilerin ışıklarıyla değil, yıldızlarla belirleyin.”[NEWLINE]– Omar Bradley</Text>
		</Row>
		<Row Tag="LOC_TECH_CURRENCY_QUOTE_1">
			<Text>“Zenginlik; fazlasına sahip olmak değil, azına ihtiyaç duymaktır.”[NEWLINE]- Epiktetos</Text>
		</Row>
		<Row Tag="LOC_TECH_CURRENCY_QUOTE_2">
			<Text>“Para size mutluluk getirmese bile, en azından rahatça mutsuz olmanızı sağlar.”[NEWLINE] – Helen Gurley Brown</Text>
		</Row>
		<Row Tag="LOC_TECH_HORSEBACK_RIDING_QUOTE_1">
			<Text>“At üstünde harcanan hiçbir saat boşa gitmiş değildir.”[NEWLINE]– Winston Churchill</Text>
		</Row>
		<Row Tag="LOC_TECH_HORSEBACK_RIDING_QUOTE_2">
			<Text>“At üstündeki bir adam fiziksel olduğu kadar ruhsal olarak da yürüyen bir insandan büyüktür.”[NEWLINE]– John Steinbeck</Text>
		</Row>
		<Row Tag="LOC_TECH_IRON_WORKING_QUOTE_1">
			<Text>“Tanrı hepimizi demirden yarattı. Sonra bazılarımızı çeliğe işlemek için ısıttı ve dövdü.”[NEWLINE]– Marie Osmond</Text>
		</Row>
		<Row Tag="LOC_TECH_IRON_WORKING_QUOTE_2">
			<Text>“Her şeyin bir limiti vardır. Demir cevherini bir altın olacak şekilde eğitemezsiniz.”[NEWLINE]– Mark Twain</Text>
		</Row>
		<Row Tag="LOC_TECH_SHIPBUILDING_QUOTE_1">
			<Text>“Bir geminin batmasına neden olabilecek herhangi bir durumu hayal edemiyorum. Modern gemi inşaatı bunu aşmıştır.”[NEWLINE]– Kaptan E.J. Smith, RMS Titanic</Text>
		</Row>
		<Row Tag="LOC_TECH_SHIPBUILDING_QUOTE_2">
			<Text>“Bir denizci ile sonsuzluk arasında bir tahtadan başka bir şey yoktur.”[NEWLINE] – Thomas Gibbons</Text>
		</Row>
		<Row Tag="LOC_TECH_MATHEMATICS_QUOTE_1">
			<Text>“Matematik olmadan hiçbir şey yapamazsınız. Çevrenizdeki her şey matematiktir. Çevrenizdeki her şey sayıdır.”[NEWLINE]– Shakuntala Devi</Text>
		</Row>
		<Row Tag="LOC_TECH_MATHEMATICS_QUOTE_2">
			<Text>“Çalışmalarıma baştan başlasaydım, Plato'nun tavsiyesine uyar ve matematikle başlardım.”[NEWLINE]– Galileo Galilei</Text>
		</Row>
		<Row Tag="LOC_TECH_CONSTRUCTION_QUOTE_1">
			<Text>“Kalbinle yarat; aklınla inşa et.”[NEWLINE]– Criss Jami</Text>
		</Row>
		<Row Tag="LOC_TECH_CONSTRUCTION_QUOTE_2">
			<Text>“Evren ateş, su, çakıl ve vinilden yapılmıştır.”[NEWLINE]– Dave Barry</Text>
		</Row>
		<Row Tag="LOC_TECH_ENGINEERING_QUOTE_1">
			<Text>“Bir adamın 'büyü' dediği başka birinin mühendisliğidir.”[NEWLINE]– Robert Heinlein</Text>
		</Row>
		<Row Tag="LOC_TECH_ENGINEERING_QUOTE_2">
			<Text>“Normal insanlar bozulmadığı sürece düzeltilemeyeceğine inanıyorlar. Mühendisler ise bozulmazsa henüz yeterli özelliklere sahip olmadığını düşünüyorlar.”[NEWLINE]– Scott Adams</Text>
		</Row>
		<Row Tag="LOC_TECH_MILITARY_TACTICS_QUOTE_1">
			<Text>“Taktik, elindekilerle neler yapabildiğindir.”[NEWLINE]– Saul Alinsky</Text>
		</Row>
		<Row Tag="LOC_TECH_MILITARY_TACTICS_QUOTE_2">
			<Text>“Strateji fikir gerektirir; taktik ise gözlem.”[NEWLINE]– Max Euwe</Text>
		</Row>
		<Row Tag="LOC_TECH_APPRENTICESHIP_QUOTE_1">
			<Text>“Hepimiz hiç kimsenin usta olmadığı bir zanaatta çırağız.”[NEWLINE]– Ernest Hemingway</Text>
		</Row>
		<Row Tag="LOC_TECH_APPRENTICESHIP_QUOTE_2">
			<Text>“Bir çırak eğitmenin kolay bir yolu yoktur. Benim iki aletim örnekleme ve öğüt vermedir.”[NEWLINE]– Lemony Snicket</Text>
		</Row>
		<Row Tag="LOC_TECH_STIRRUPS_QUOTE_1">
			<Text>“Üzengi gibi birçok benzer buluş ortaya çıktı, fakat çok azı tarih üzerinde bu kadar katalitik bir etki oluşturabildi.”[NEWLINE]– Lynn White Jr.</Text>
		</Row>
		<Row Tag="LOC_TECH_STIRRUPS_QUOTE_2">
			<Text>“Üzengi ile yer arasında; merhamet dilendim, merhamet buldum.”[NEWLINE]– William Camden</Text>
		</Row>
		<Row Tag="LOC_TECH_MACHINERY_QUOTE_1">
			<Text>“Bütün dünyanın tek bir büyük makine olduğunu hayal ediyorum. Makineler hiçbir zaman yedek parça ile gelmez, biliyorsun. Onlar her zaman ihtiyaç duydukları miktar ile birlikte gelir.” [NEWLINE]– Hugo Cabret</Text>
		</Row>
		<Row Tag="LOC_TECH_MACHINERY_QUOTE_2">
			<Text>“Unutmayın ki insanlar da çöker, makine değiller.” [NEWLINE]– Gregory Benford</Text>
		</Row>
		<Row Tag="LOC_TECH_EDUCATION_QUOTE_1">
			<Text>Eğitimin amacı boş bir zihni açık olanla değiştirmektir.” [NEWLINE]– Malcolm Forbes</Text>
		</Row>
		<Row Tag="LOC_TECH_EDUCATION_QUOTE_2">
			<Text>“Bir düşünceyi kabul etmeden üzerine düşünebilmek eğitimli bir zihnin işaretidir.” [NEWLINE]- Aristotle</Text>
		</Row>
		<Row Tag="LOC_TECH_MILITARY_ENGINEERING_QUOTE_1">
			<Text>“Patlat – İnşa et – Savaş” [NEWLINE]– ABD 16. Mühendislik Tugayı Sloganı</Text>
		</Row>
		<Row Tag="LOC_TECH_MILITARY_ENGINEERING_QUOTE_2">
			<Text>“Bilim savaşa ne kadar çok müdahale ederse, sahra orduları mühendislerine daha çok ihtiyaç duyulacak; daha sonraki savaşlarda asla yeterli sayıda istihkam eri bulunamayacaktır.”[NEWLINE]– Bernard Montgomery</Text>
		</Row>
		<Row Tag="LOC_TECH_CASTLES_QUOTE_1">
			<Text>“Yolumdaki taşlar? Hepsini saklıyorum. Onlarla kendi kalemi inşa edebilirim.”[NEWLINE]– Nemo Nox</Text>
		</Row>
		<Row Tag="LOC_TECH_CASTLES_QUOTE_2">
			<Text>“Sis altında kalmış bir kale görürseniz, olağanüstü rüyalarla karşılaşmak için oraya yürümek zorundasınız.”[NEWLINE]– Mehmet Murat Ildan</Text>
		</Row>
		<Row Tag="LOC_TECH_CARTOGRAPHY_QUOTE_2">
			<Text>“Her gezgin yitirmemiştir yolunu.” [NEWLINE]– J.R.R. Tolkien</Text>
		</Row>
		<Row Tag="LOC_TECH_MASS_PRODUCTION_QUOTE_1">
			<Text>“İnsanlar Model T'yi herhangi bir renkte alabilirler – siyah olduğu sürece.” [NEWLINE]– Henry Ford</Text>
		</Row>
		<Row Tag="LOC_TECH_MASS_PRODUCTION_QUOTE_2">
			<Text>“Etiketlenebilen, paketlenebilen, kitlesel olarak üretilebilenler gerçek ya da sanat değildir.” [NEWLINE]– Marty Rubin</Text>
		</Row>
		<Row Tag="LOC_TECH_BANKING_QUOTE_1">
			<Text>“Eğer bankaya 100 dolar borcunuz varsa bu sizin sorununuzdur. Eğer bankaya 100 milyon dolar borcunuz varsa, bu bankanın sorunudur.” [NEWLINE]– J. Paul Getty</Text>
		</Row>
		<Row Tag="LOC_TECH_BANKING_QUOTE_2">
			<Text>“'24-saat bankacılık' diyen bir banka gördüm ama benim o kadar vaktim yoktu.”[NEWLINE]– Steven Wright</Text>
		</Row>
		<Row Tag="LOC_TECH_GUNPOWDER_QUOTE_1">
			<Text>“Barutun gerçek kullanımı tüm erkekleri uzun boylu kılmaktır.” [NEWLINE]– Thomas Carlyle</Text>
		</Row>
		<Row Tag="LOC_TECH_GUNPOWDER_QUOTE_2">
			<Text>“İnsan, askeri bir hayvandır, barut içinde ihtişamlıdır ve geçitleri sever.” [NEWLINE]– Philip Bailey</Text>
		</Row>
		<Row Tag="LOC_TECH_PRINTING_QUOTE_1">
			<Text>“Kalem kılıçtan daha güçlü olmayabilir, ancak belki matbaa silahdan daha ağırdır. Sadece birkaç kelime her şeyi değiştirebilir.” [NEWLINE]– Terry Pratchett</Text>
		</Row>
		<Row Tag="LOC_TECH_PRINTING_QUOTE_2">
			<Text>“Barutun savaş için yaptığını matbaa akıl için yapmış.” [NEWLINE]- Wendell Phillips</Text>
		</Row>
		<Row Tag="LOC_TECH_SQUARE_RIGGING_QUOTE_1">
			<Text>“Doğada hiçbir şeye yaklaşmayan küçük bir adam var, ancak bir yelkenli gemisi var.” [NEWLINE]– Allan Villiers</Text>
		</Row>
		<Row Tag="LOC_TECH_SQUARE_RIGGING_QUOTE_2">
			<Text>“Bir gemiyi hareket ettiren yükselen yelkenler değil, görünmeyen rüzgardır.”[NEWLINE]– English Proverb</Text>
		</Row>
		<Row Tag="LOC_TECH_ASTRONOMY_QUOTE_1">
			<Text>“Astronomi ruhu yukarıya bakmaya zorlar ve bizi bu dünyadan diğerine götürür.” [NEWLINE]- Plato</Text>
		</Row>
		<Row Tag="LOC_TECH_ASTRONOMY_QUOTE_2">
			<Text>“Gökbilimci olmadığınızda astronomi çok daha eğlenceli.” [NEWLINE]– Brian May</Text>
		</Row>
		<Row Tag="LOC_TECH_METAL_CASTING_QUOTE_1">
			<Text>“Ve ilk Hephaestus büyük ve devasa bir kalkan yapar... Ve kalkanı iki asil şehir oluşturur.” [NEWLINE]– Homer</Text>
		</Row>
		<Row Tag="LOC_TECH_METAL_CASTING_QUOTE_2">
			<Text>“Demir ocağında durup onun çekiciyle çalışana kadar birini yargılamayın.” [NEWLINE]– Rick Riordan</Text>
		</Row>
		<Row Tag="LOC_TECH_SIEGE_TACTICS_QUOTE_1">
			<Text>“En aşağılık olanı bir şehre saldırmaktır. Bir şehrin kuşatılması sadece son çare olarak yapılır.”[NEWLINE]– Sun Tzu</Text>
		</Row>
		<Row Tag="LOC_TECH_SIEGE_TACTICS_QUOTE_2">
			<Text>“Bütün iyi romantizm iyi bir kuşatmanın ortasında çiçek açar.” [NEWLINE]– Miles Cameron</Text>
		</Row>
		<Row Tag="LOC_TECH_INDUSTRIALIZATION_QUOTE_1">
			<Text>“Bana göre insan ırkı, Sanayi Devrimi'nin başlangıcında büyük bir hata yaptı, mekanik şeyler için çırpındık. İnsanların yaratıcı hissetmek için ellerini kullanmaları gerekir.”[NEWLINE]– Andre Norton</Text>
		</Row>
		<Row Tag="LOC_TECH_INDUSTRIALIZATION_QUOTE_2">
			<Text>“Şiddet ekonomisinin anahtar kelimeleri kentleşme, sanayileşme, merkezileşme, verimlilik, miktar ve hızdır.” [NEWLINE]– E.F. Schumacher</Text>
		</Row>
		<Row Tag="LOC_TECH_SCIENTIFIC_THEORY_QUOTE_1">
			<Text>“Test edilemeyen ve karşıt düşünceyi kaldıramayan fikirler, bize ilham verecek veya merak duygumuzu heyecanlandıracak her ne gibi bir değere sahip olursa olsun değersizdir.”[NEWLINE] - Carl Sagan</Text>
		</Row>
		<Row Tag="LOC_TECH_SCIENTIFIC_THEORY_QUOTE_2">
			<Text>“Gerçekler teoriye uymuyorsa, gerçekleri değiştirin.” [NEWLINE]– Albert Einstein</Text>
		</Row>
		<Row Tag="LOC_TECH_BALLISTICS_QUOTE_1">
			<Text>“Ne yaşandığını tahmin etmek için bir fikrimiz var ama balistik olayları doğrulayana yorum yapmıyoruz.”[NEWLINE]– John Hansen</Text>
		</Row>
		<Row Tag="LOC_TECH_BALLISTICS_QUOTE_2">
			<Text>“Hadi diz çökelim ve dua edelim. Kime bilmiyorum. Balistiğin bir azizi var mı?”[NEWLINE]– Adam Savage</Text>
		</Row>
		<Row Tag="LOC_TECH_MILITARY_SCIENCE_QUOTE_1">
			<Text>“Strateji çok güzel olsa da arada bir sonuçları kontrol etmelisin.”[NEWLINE]– Winston Churchill</Text>
		</Row>
		<Row Tag="LOC_TECH_MILITARY_SCIENCE_QUOTE_2">
			<Text>“Kimse savaş başlatmaz. Daha ziyade aklı başında kimse bunu yapmamalı. Öncelikle o savaşın neyi amaçladığını ve onu nasıl yürütmeyi planladığını aklında açıklığa kavuşturmadan...” [NEWLINE]– Karl von Clausewitz</Text>
		</Row>
		<Row Tag="LOC_TECH_STEAM_POWER_QUOTE_1">
			<Text>“İnsan ırkın buhar motorunun ötesinde, bilim ilerleyişinde kazanıp kazınmadığı tartışmalıdır.” [NEWLINE]– Winston Churchill</Text>
		</Row>
		<Row Tag="LOC_TECH_STEAM_POWER_QUOTE_2">
			<Text>“Buhar motorunun bilime olan borcu kadar bilimin buhar motoruna daha fazla borcu vardır.” [NEWLINE]– Lawrence Henderson</Text>
		</Row>
		<Row Tag="LOC_TECH_SANITATION_QUOTE_1">
			<Text>Son 200 yılda icat edilenlerin hiçbiri tuvaletin icadının tetiklediği sağlık devrimi kadar hayat kurtarıp sağlığı korumamıştır. [NEWLINE]– Sylvia Burwell</Text>
		</Row>
		<Row Tag="LOC_TECH_SANITATION_QUOTE_2">
			<Text>“Sağlık önlemleri, ilaç, eğitim, şarap, kamu düzeni, yollar, temiz su sistemi ve halk sağlığı haricinde... Romalılar şimdiye kadar bizim için ne yaptı?” [NEWLINE]– Graham Chapman</Text>
		</Row>
		<Row Tag="LOC_TECH_ECONOMICS_QUOTE_1">
			<Text>“Ekonomi, kişinin isteklerine büyük ölçüde saygı duymayan bir konudur.” [NEWLINE]– Nikita Khrushchev</Text>
		</Row>
		<Row Tag="LOC_TECH_ECONOMICS_QUOTE_2">
			<Text>“Siz ve ben karayolu ya da demiryolu ile geliyoruz, ancak ekonomistler altyapıya yöneliyor.”[NEWLINE]- Margaret Thatcher</Text>
		</Row>
		<Row Tag="LOC_TECH_RIFLING_QUOTE_1">
			<Text>“Cıvata eylemleri kelimelerden daha yüksek sesle konuşuyor.” [NEWLINE]– Craig Roberts</Text>
		</Row>
		<Row Tag="LOC_TECH_RIFLING_QUOTE_2">
			<Text>“Onun ayakkabılarıyla bir kilometre yürümeden asla bir eri eleştirmeyin. Bu şekilde o yalınayak olacak ve sen menzilin dışında olacaksın.” [NEWLINE]– The 2nd Target Company</Text>
		</Row>
		<Row Tag="LOC_TECH_FLIGHT_QUOTE_1">
			<Text>“Bir kez uçmanın tadını aldığında, daima gözlerin gökyüzüne dönük olarak yeryüzünde yürüyeceksin; çünkü sen orada bulundun ve daima oraya dönmeyi arzu ediyorsun...” [NEWLINE]– Leonardo da Vinci</Text>
		</Row>
		<Row Tag="LOC_TECH_FLIGHT_QUOTE_2">
			<Text>“Eğer rahat bir iniş yapabiliyorsanız, bu iyi bir iniştir. Eğer uçağı ertesi gün kullanırsanız, bu olağanüstü bir iniş olur.” [NEWLINE]– Chuck Yeager</Text>
		</Row>
		<Row Tag="LOC_TECH_REPLACEABLE_PARTS_QUOTE_1">
			<Text>“Bir makinenin akıcı ve öngörülebilir şekilde çalışması için parçalarının standart ve değiştirilebilir olması gerekir.” [NEWLINE]– Charles Eisenstein</Text>
		</Row>
		<Row Tag="LOC_TECH_REPLACEABLE_PARTS_QUOTE_2">
			<Text>“Çoğumuz otomobillerimize kendi bedenlerimizden daha iyi bakıyoruz... ancak otomobilin değiştirilebilir parçaları var.”[NEWLINE]– B.J. Palmer</Text>
		</Row>
		<Row Tag="LOC_TECH_STEEL_QUOTE_1">
			<Text>“En iyi çelik her zaman en çok parlayan değildir.” [NEWLINE]– Joe Abercrombie</Text>
		</Row>
		<Row Tag="LOC_TECH_STEEL_QUOTE_2">
			<Text>“Son derece zor olan üç şey vardır: çelik, elmas ve kişinin kendisini tanımak.” [NEWLINE]– Benjamin Franklin</Text>
		</Row>
		<Row Tag="LOC_TECH_ELECTRICITY_QUOTE_1">
			<Text>Eğer elektrik olmasaydı, hepimiz mum ışığında televizyon izliyor olurduk.” [NEWLINE]– George Gobel</Text>
		</Row>
		<Row Tag="LOC_TECH_ELECTRICITY_QUOTE_2">
			<Text>“Benjamin Franklin elektriği keşfedebilirdi ama o para üreten sayacı icat etti” [NEWLINE]– Earl Wilson</Text>
		</Row>
		<Row Tag="LOC_TECH_RADIO_QUOTE_1">
			<Text>“Radyosuz bir dünya, sağır bir dünyadır.” [NEWLINE]– Ernest Yeboah</Text>
		</Row>
		<Row Tag="LOC_TECH_RADIO_QUOTE_2">
			<Text>“Radyo aklın tiyatrosudur; Televizyon akılsızın tiyatrosudur.” [NEWLINE]– Steve Allen</Text>
		</Row>
		<Row Tag="LOC_TECH_CHEMISTRY_QUOTE_1">
			<Text>“Kimya, fiziğin kirli parçasıdır.” [NEWLINE]– Peter Reiss</Text>
		</Row>
		<Row Tag="LOC_TECH_CHEMISTRY_QUOTE_2">
			<Text>“Kimyagerler genelde kekelemezler. Kekeleselerdi metiletilamilofenil gibi sözcükleri söylediklerini görmek çok garip olurdu.” [NEWLINE]– Sir William Crookes</Text>
		</Row>
		<Row Tag="LOC_TECH_COMBUSTION_QUOTE_1">
			<Text>“Çocukluğumuzdan beri araba o kadar ilerlemedi. Özetleyecek olursak, hala bir gaz yanmalı motor bulunuyor.” [NEWLINE]– Dana Brunetti</Text>
		</Row>
		<Row Tag="LOC_TECH_COMBUSTION_QUOTE_2">
			<Text>“Her zaman at için, içten yanmalı motorlar yerine insanlığın ilerlemesinde çok kasvetli bir kilometre taşı olduğunu düşündüm.” [NEWLINE]– Winston Churchill</Text>
		</Row>
		<Row Tag="LOC_TECH_ADVANCED_FLIGHT_QUOTE_1">
			<Text>“Tabii, jetler hızlı ve ekonomik ancak verimlilik için yarışta, eğlencemizi ve boş zamanımızı feda ettik.” [NEWLINE]– Ginger Rogers</Text>
		</Row>
		<Row Tag="LOC_TECH_ADVANCED_FLIGHT_QUOTE_2">
			<Text>“Tanrı gerçekten insanların uçmasını isteseydi, havaalanına gitmeyi kolaylaştırabilirdi.” [NEWLINE]– George Winters</Text>
		</Row>
		<Row Tag="LOC_TECH_ROCKETRY_QUOTE_1">
			<Text>“Roket bilimi, asıl zorluk derecesine oranla mitolojikleştirilmiştir.” [NEWLINE]– John Carmack</Text>
		</Row>
		<Row Tag="LOC_TECH_ROCKETRY_QUOTE_2">
			<Text>“Bir roket fırlattığınızda, o roketi gerçekten uçurmuyorsunuz. Sadece asılı duruyor.” [NEWLINE]– Michael P. Anderson</Text>
		</Row>
		<Row Tag="LOC_TECH_ADVANCED_BALLISTICS_QUOTE_1">
			<Text>“Cesaret, eğitimli kurşunlar karşısında yararsızdır.” [NEWLINE]– George Patton</Text>
		</Row>
		<Row Tag="LOC_TECH_ADVANCED_BALLISTICS_QUOTE_2">
			<Text>“Aya nişan alın. Eğer ıskalarsanız, bir yıldızı vurabilirsiniz.” [NEWLINE]– W. Clement Stone</Text>
		</Row>
		<Row Tag="LOC_TECH_COMBINED_ARMS_QUOTE_1">
			<Text>“Hiçbir şey için yaşamaktan çok bir şey için savaşmak daha iyi.” [NEWLINE]- George S. Patton</Text>
		</Row>
		<Row Tag="LOC_TECH_COMBINED_ARMS_QUOTE_2">
			<Text>“Savaşta hesap edilemeyen baş unsur insan iradesidir.”[NEWLINE]- B.H. Liddell Hart.</Text>
		</Row>
		<Row Tag="LOC_TECH_PLASTICS_QUOTE_1">
			<Text>“Büyük şiirsel maddelerin hiyerarşisinde, rezalet malzemesi olarak görülen plastik figürler, kauçuğun effüzsiyonu ve metalin düz sertliği arasında kayboldu.”[NEWLINE]– Roland Barthes</Text>
		</Row>
		<Row Tag="LOC_TECH_PLASTICS_QUOTE_2">
			<Text>“Bu dünyadaki hiçbir şey sonsuza kadar sürmez. Plastik hariç.” [NEWLINE]– Patricia Dunn</Text>
		</Row>
		<Row Tag="LOC_TECH_COMPUTERS_QUOTE_1">
			<Text>“Hata yapmak insana mahsustur ama işi içinden çıkılmaz bir hale getirmek için bir bilgisayar gerekir.” [NEWLINE]– Paul R. Ehrlich</Text>
		</Row>
		<Row Tag="LOC_TECH_COMPUTERS_QUOTE_2">
			<Text>“Bilgisayarlar hakkındaki iyi şey, onlara ne yapmalarını söylersen yapıyorlar. Kötü haber şu ki onlara ne yapmalarını söylersen yapıyorlar.” [NEWLINE]– Ted Nelson</Text>
		</Row>
		<Row Tag="LOC_TECH_NUCLEAR_FISSION_QUOTE_1">
			<Text>“Eğer bu nükleer silahlanma yarışına devam ederseniz, yapacağınız tek şey enkaza bir bomba daha atmak olacaktır.” [NEWLINE]– Winston Churchill</Text>
		</Row>
		<Row Tag="LOC_TECH_NUCLEAR_FISSION_QUOTE_2">
			<Text>“Atomu yalnız bırakın.”[NEWLINE]- E. Y. Harburg</Text>
		</Row>
		<Row Tag="LOC_TECH_SYNTHETIC_MATERIALS_QUOTE_1">
			<Text>“Vinil leopar derisinin nesli tükenmekte olan bir sentetik haline geldiği bu kültürde çok fazla plastik var.” [NEWLINE]– Lily Tomlin</Text>
		</Row>
		<Row Tag="LOC_TECH_SYNTHETIC_MATERIALS_QUOTE_2">
			<Text>“Polyester için af yok. Bu konuda, Şeytan ve Tanrı aynı fikirde.” [NEWLINE]– Joe Hill</Text>
		</Row>
		<Row Tag="LOC_TECH_TELECOMMUNICATIONS_QUOTE_1">
			<Text>“Bay Watson… Buraya gelin… Sizi görmek istiyorum.”[NEWLINE]- Alexander Graham Bell</Text>
		</Row>
		<Row Tag="LOC_TECH_TELECOMMUNICATIONS_QUOTE_2">
			<Text>“İletişimdeki tek büyük sorun, gerçekleştiği yanılsamadır.” [NEWLINE]– George Bernard Shaw</Text>
		</Row>
		<Row Tag="LOC_TECH_SATELLITES_QUOTE_1">
			<Text>“Bir uydunun vicdani yoktur.” [NEWLINE]– Edward R. Murrow</Text>
		</Row>
		<Row Tag="LOC_TECH_SATELLITES_QUOTE_2">
			<Text>“Şu anda, bakkal için yol bulmanıza yardımcı olmaktan başka hiçbir şey yapmayıp dünyanın dört bir yanında dolaşan otuz bir uydu var.” [NEWLINE]– Ed Burnette</Text>
		</Row>
		<Row Tag="LOC_TECH_GUIDANCE_SYSTEMS_QUOTE_1">
			<Text>“Yön değiştirmediyseniz, gittiğiniz yere varabilirsiniz.” [NEWLINE]– Lao Tzu</Text>
		</Row>
		<Row Tag="LOC_TECH_GUIDANCE_SYSTEMS_QUOTE_2">
			<Text>“Annemin eve dönerken GPS ile tartıştığını izlemeyi seviyorum.” [NEWLINE]– Isabelle Fuhrman</Text>
		</Row>
		<Row Tag="LOC_TECH_LASERS_QUOTE_1">
			<Text>“Tanrı "Işık olsun" dediğinde, kesinlikle tutarlı bir ışığı kastetmiş olmalıydı.” [NEWLINE]– Charles Townes</Text>
		</Row>
		<Row Tag="LOC_TECH_LASERS_QUOTE_2">
			<Text>“Ben büyük bir lazer taraftarıyım - Onların geleceğin dalgası olduğunu düşünüyorum.” [NEWLINE]– Courteney Cox</Text>
		</Row>
		<Row Tag="LOC_TECH_COMPOSITES_QUOTE_1">
			<Text>“Bütün maddi şeyler sert ve katı parçacıklardan oluşmuş gibi görünmektedir ve üstün bir zeka tarafından ilk Yaratılış ile ilişkilendirilmiştir.” [NEWLINE]– Isaac Newton</Text>
		</Row>
		<Row Tag="LOC_TECH_COMPOSITES_QUOTE_2">
			<Text>“Bilim, Cennet'i Dünya'ya getirmek için mücadele ederken, bazı insanlar malzemelerini Cehennem yapımında kullanıyorlar.” [NEWLINE]– Herbert Hoover</Text>
		</Row>
		<Row Tag="LOC_TECH_STEALTH_TECHNOLOGY_QUOTE_1">
			<Text>“Sadece dünyayı dolaşmak ve kimseye görünmemek gibi bir şeyin neye benzediğini görmek için, görünmezlik eğlenceli bir güç olurdu derdim.”[NEWLINE]- Kevin Bacon</Text>
		</Row>
		<Row Tag="LOC_TECH_STEALTH_TECHNOLOGY_QUOTE_2">
			<Text>“Sanat ve rüyada terk etmeye devam edebilirsiniz. Hayatta denge ve gizlilik içinde ilerleyebilirsiniz.” [NEWLINE]– Patti Smith</Text>
		</Row>
		<Row Tag="LOC_TECH_ROBOTICS_QUOTE_1">
			<Text>“Robot teknolojisi her zaman çevremizdeydi ve sonsuza kadar gelecekteki en büyük şey olarak kalacaktır. Ayrıca o kadar heyecan verici ve merak uyandırıcı ki sizi alıp götürmesi çok kolay.” [NEWLINE]– Colin Angle</Text>
		</Row>
		<Row Tag="LOC_TECH_ROBOTICS_QUOTE_2">
			<Text>“Geri döneceğim.”</Text>
		</Row>
		<Row Tag="LOC_TECH_NANOTECHNOLOGY_QUOTE_1">
			<Text>“Teknoloji değişimin motoruysa, nanoteknoloji insanlık geleceğinin yakıtıdır.” [NEWLINE]– Natasha Vita-More</Text>
		</Row>
		<Row Tag="LOC_TECH_NANOTECHNOLOGY_QUOTE_2">
			<Text>“Birçok teori nanoteknolojinin elinde bükülmeye başlamıştı. Bu durum birçok iyi ve kötü etkiyi beraberinde getirdi.” [NEWLINE]– Matt Spire</Text>
		</Row>
		<Row Tag="LOC_TECH_FUTURE_TECH_QUOTE_1">
			<Text>“Geleceği yaratmak için rüya gibisi yoktur.” [NEWLINE]– Victor Hugo</Text>
		</Row>
		<Row Tag="LOC_TECH_FUTURE_TECH_QUOTE_2">
			<Text>“Gelecek uzak görünüyor olsa da, aslında şu anda başlıyor.” [NEWLINE]– Mattie Stepanek</Text>
		</Row>
		<Row Tag="LOC_TECH_NUCLEAR_FUSION_QUOTE_1">
			<Text>“Ben, füzyonun gücünü kullanan büyük bir savunmacıyım. 93 milyon mil uzaktayken, füzyon güneşimiz tarafından işlenir ve üstelik gerçekten de ücretsizdir. Burada, dünyadaki reaktörlerde, çokta öyle değil.” [NEWLINE]– Joe Romm</Text>
		</Row>
		<Row Tag="LOC_TECH_NUCLEAR_FUSION_QUOTE_2">
			<Text>“Geceye baktığımızda ve yıldızları izlediğimizde, gördüğümüz her şey, uzak nükleer füzyon sayesinde parlıyor.” [NEWLINE]– Carl Sagan</Text>
		</Row>
		<Row Tag="LOC_CIVIC_CODE_OF_LAWS_QUOTE_1">
			<Text>“Yasayı yapan bilgelik değil, otoritedir.” [NEWLINE]– Thomas Hobbes</Text>
		</Row>
		<Row Tag="LOC_CIVIC_CODE_OF_LAWS_QUOTE_2">
			<Text>“İnsanın en iyi yanı bütün hayvanlar içinde en asili olmasıdır, kötü yanı ise adaletten ve kurallardan sıyrılmış olması.” [NEWLINE]– Aristotle</Text>
		</Row>
		<Row Tag="LOC_CIVIC_CRAFTSMANSHIP_QUOTE_1">
			<Text>“İşçiliksiz ilham, yelde sallanan kamış gibidir.”[NEWLINE] – Johannes Brahms</Text>
		</Row>
		<Row Tag="LOC_CIVIC_CRAFTSMANSHIP_QUOTE_2">
			<Text>“Hayal gücü olmayan beceri işçiliktir ve bize hasır işi piknik sepetleri gibi birçok faydalı nesne verir.” [NEWLINE]– Tom Stoppard</Text>
		</Row>
		<Row Tag="LOC_CIVIC_FOREIGN_TRADE_QUOTE_1">
			<Text>“Her ulus ticaret ile yaşar.” [NEWLINE]– Adam Smith</Text>
		</Row>
		<Row Tag="LOC_CIVIC_FOREIGN_TRADE_QUOTE_2">
			<Text>“Sanıyorum ki ticaretin olumlu, dünyanın beraber hareket etmesidir.” [NEWLINE]– Isabel Hoving</Text>
		</Row>
		<Row Tag="LOC_CIVIC_MILITARY_TRADITION_QUOTE_1">
			<Text>“Cesur biri senin korktuğunu bilen tek kişi.” [NEWLINE]— Colonel David Hackworth</Text>
		</Row>
		<Row Tag="LOC_CIVIC_MILITARY_TRADITION_QUOTE_2">
			<Text>“Askeri bilginin değerini küçümsemiyorum ama eğer erkekler savaşırken kurallara köpek gibi itaat ederlerse, kaybedeceklerdir.” [NEWLINE]– Ulysses S. Grant</Text>
		</Row>
		<Row Tag="LOC_CIVIC_STATE_WORKFORCE_QUOTE_1">
			<Text>“Güçlü bir ekonomi, güçlü ve iyi eğitimli bir iş gücüyle başlar.”[NEWLINE]– Bill Owens</Text>
		</Row>
		<Row Tag="LOC_CIVIC_STATE_WORKFORCE_QUOTE_2">
			<Text>“İyi bir kar marjına sahip olmak için mutlu ve kenetlenmiş bir iş gücüne sahip olmak da aynı derecede önemlidir.” [NEWLINE]– Vern Dosch</Text>
		</Row>
		<Row Tag="LOC_CIVIC_EARLY_EMPIRE_QUOTE_1">
			<Text>“Geçmişe bakın, yıkılan ve yeniden kurulan imparatorluklara; orada geleceği de görebilirsiniz.”[NEWLINE]- Marcus Aurelius</Text>
		</Row>
		<Row Tag="LOC_CIVIC_EARLY_EMPIRE_QUOTE_2">
			<Text>“Roma İmparatorluğu'nu yıkan şey havalandırmaya benzeyen bir lükstü. Havalandırma ile pencereleri kapatılmışlardı; Gelen barbarları duyamıyorlardı.”[NEWLINE] – Garrison Keillor</Text>
		</Row>
		<Row Tag="LOC_CIVIC_MYSTICISM_QUOTE_1">
			<Text>“Evrensel olan için mistisizm, rastlantısal ve bireysel bir sembolun hatasıdır.”[NEWLINE] - Ralph Waldo Emerson</Text>
		</Row>
		<Row Tag="LOC_CIVIC_MYSTICISM_QUOTE_2">
			<Text>“Mistisizm egonun hizmetinde bir geri gidiş değil, egonun aşılmasında bir evrimdir.” [NEWLINE]– Ken Wilber</Text>
		</Row>
		<Row Tag="LOC_CIVIC_GAMES_RECREATION_QUOTE_1">
			<Text>“Yaşamın ilk gerekliliği ekmek ise, dinlenmek ikinci sıradadır.” [NEWLINE]– Edward Bellamy</Text>
		</Row>
		<Row Tag="LOC_CIVIC_GAMES_RECREATION_QUOTE_2">
			<Text>“Dinlenmek için zaman bulamayan insanlar hastalık için zaman bulurlar, er ya da geç.” [NEWLINE]– John Wanamaker</Text>
		</Row>
		<Row Tag="LOC_CIVIC_POLITICAL_PHILOSOPHY_QUOTE_1">
			<Text>“Politika, mümkün olanın, ulaşılabilir olanın sanatı... Bir sonraki en iyi sanat.” [NEWLINE]– Otto von Bismarck</Text>
		</Row>
		<Row Tag="LOC_CIVIC_POLITICAL_PHILOSOPHY_QUOTE_2">
			<Text>“Böl ve yönet, kuvvetli bir slogan. Birleşin ve yol gösterin, daha iyi bir lider olun.” [NEWLINE]– Johann Wolfgang von Goethe</Text>
		</Row>
		<Row Tag="LOC_CIVIC_DRAMA_POETRY_QUOTE_1">
			<Text>“Şairler peynir konusunda gizemli bir şekilde sessizleştiler.”[NEWLINE]- G. K. Chesterton</Text>
		</Row>
		<Row Tag="LOC_CIVIC_DRAMA_POETRY_QUOTE_2">
			<Text>“Tüm dünya bir sahne, erkekler ve kadınlar yalnızca birer oyuncu.” [NEWLINE]– William Shakespeare</Text>
		</Row>
		<Row Tag="LOC_CIVIC_MILITARY_TRAINING_QUOTE_1">
			<Text>“Eğer öldürmek doğal bir şeyse, nasıl oluyor da erkekler öğrenmek için eğitimini almak zorunda kalıyor?” [NEWLINE]– Joan Baez</Text>
		</Row>
		<Row Tag="LOC_CIVIC_MILITARY_TRAINING_QUOTE_2">
			<Text>“Savaşa girenler, kanlı burunlarını sık sık silmelidirler.”[NEWLINE]- John Gay</Text>
		</Row>
		<Row Tag="LOC_CIVIC_DEFENSIVE_TACTICS_QUOTE_1">
			<Text>“Yenilmezlik savunmada; zafer olasılığı ise saldırıda yatıyor.” [NEWLINE]– Sun Tzu</Text>
		</Row>
		<Row Tag="LOC_CIVIC_DEFENSIVE_TACTICS_QUOTE_2">
			<Text>“Savunma zenginlikten daha üstündür.” [NEWLINE]– Adam Smith</Text>
		</Row>
		<Row Tag="LOC_CIVIC_RECORDED_HISTORY_QUOTE_1">
			<Text>“Hayatımda pek çok sorun vardı ve çoğu asla var olmadı.”[NEWLINE]- Mark Twain</Text>
		</Row>
		<Row Tag="LOC_CIVIC_RECORDED_HISTORY_QUOTE_2">
			<Text>“Tarih insanların üzerine anlaştıkları geçmiş olayların bir biçimidir.” [NEWLINE]– Napoleon Bonaparte</Text>
		</Row>
		<Row Tag="LOC_CIVIC_THEOLOGY_QUOTE_1">
			<Text>“Teoloji olmadan artık kesin bir dini düşünceye sahip olamıyoruz, matematik olmadan net ölçümler ve astronomi, kimya olmadan demir üretimi olmayacağı gibi.” [NEWLINE]– John Hall</Text>
		</Row>
		<Row Tag="LOC_CIVIC_THEOLOGY_QUOTE_2">
			<Text>“Adam acı çekiyor, çünkü tanrıların eğlenmek için yaptıklarını ciddiye alıyor.” [NEWLINE]– Alan W. Watts</Text>
		</Row>
		<Row Tag="LOC_CIVIC_NAVAL_TRADITION_QUOTE_1">
			<Text>“İyi bir donanma savaş için provokasyon değildir. Barışın en kesin garantisidir.” [NEWLINE] – Theodore Roosevelt</Text>
		</Row>
		<Row Tag="LOC_CIVIC_NAVAL_TRADITION_QUOTE_2">
			<Text>“Deniz kuvvetleri hem gelenekselliğe hem de geleceğe sahiptir. Her iyi yönden de gururlu ve özgüvenlidir.” [NEWLINE]– Arleigh Burke</Text>
		</Row>
		<Row Tag="LOC_CIVIC_FEUDALISM_QUOTE_1">
			<Text>“Demokraside oyunuz sayılır, feodalitede ise o oyu atanlar.” [NEWLINE]– Mogens Jallberg</Text>
		</Row>
		<Row Tag="LOC_CIVIC_FEUDALISM_QUOTE_2">
			<Text>“Feodalizmin ilerlemesi ile demir zırh gelişmiştir ta ki en sonunda bir savaşçı, armodilloyu andırana kadar.” [NEWLINE]– John Boyle O’Reilly</Text>
		</Row>
		<Row Tag="LOC_CIVIC_CIVIL_SERVICE_QUOTE_1">
			<Text>“Tüm evraklar ve formlar, tüm kamu hizmetleri sanki kağıtlardan ve bürokrasiden inşa edilmiş bir kale gibidir.” [NEWLINE] – Alexander Ostrovsky</Text>
		</Row>
		<Row Tag="LOC_CIVIC_CIVIL_SERVICE_QUOTE_2">
			<Text>“Vergi mükellefi, federal hükümet için çalışır fakat kamu hizmet sınavına girmek zorunda değildir.”[NEWLINE] - Ronald Reagan</Text>
		</Row>
		<Row Tag="LOC_CIVIC_MERCENARIES_QUOTE_1">
			<Text>“Barış zamanı paralı askerler tarafından yağmalanacaksınız; Savaşta ise düşmanlarınız.” [NEWLINE]– Niccolo Machiavelli</Text>
		</Row>
		<Row Tag="LOC_CIVIC_MERCENARIES_QUOTE_2">
			<Text>“Paralı asker olmak... Hey, biz sadece para ve kargaşanın birbirine dolandığı yerlere gideriz.” [NEWLINE]– Howard Tayler</Text>
		</Row>
		<Row Tag="LOC_CIVIC_MEDIEVAL_FAIRES_QUOTE_1">
			<Text>“Her parlayan değildir altın; Bunu sık sık duymaya mı başladın?” [NEWLINE]– William Shakespeare</Text>
		</Row>
		<Row Tag="LOC_CIVIC_MEDIEVAL_FAIRES_QUOTE_2">
			<Text>“Öyle dürüst insanlar vardır ki bir tüccarı kandırmadıkları sürece pazarlık yaptıklarını düşünmezler...” [NEWLINE]– Anatole France</Text>
		</Row>
		<Row Tag="LOC_CIVIC_GUILDS_QUOTE_1">
			<Text>“Her erkek, oğlunu işe yarar bir ticaret kafası ya da meslek edinimi için hazırlamalıdır. Böylece talihin birden değişti günlerde... geride elle tutulu bir şey bırakabilsinler” [NEWLINE]– Phineas T. Barnum</Text>
		</Row>
		<Row Tag="LOC_CIVIC_GUILDS_QUOTE_2">
			<Text>“Hırsızlar Loncasını tutuklamaya devam edemezsin. Yani, bütün günümüzü alırdı bu!” [NEWLINE]– Terry Pratchett</Text>
		</Row>
		<Row Tag="LOC_CIVIC_DIVINE_RIGHT_QUOTE_1">
			<Text>“Sonuç olarak, bu noktada krallığın bu tanrısallık aksiyomuyla olan gücüne değinirim, Tanrı'nın yapabileceğiyle anlaşmazlık yaratmak için bir küfür … yani bir kralın ne yapacağına itiraz etmekdir.” [NEWLINE]– King James I</Text>
		</Row>
		<Row Tag="LOC_CIVIC_DIVINE_RIGHT_QUOTE_2">
			<Text>“Dinle, gölde yatıp kılıç dağıtan tuhaf bir kadın, devlet sistemi hiçbir temel oluşturamaz...  Sırf sırılsıklam olmuş bir orospu sana bir kılıç fırlattı diye ulu bir güce hükmetmeyi bekleyemezsin. ” [NEWLINE]– Monty Python</Text>
		</Row>
		<Row Tag="LOC_CIVIC_EXPLORATION_QUOTE_1">
			<Text>“Keşfetmeyi bıraktığımız gün, kendimizi meraktan yoksun, ruhsuz ve boş bir dünyaya teslim edeceğimiz gündür.” [NEWLINE]– Neil deGrasse Tyson</Text>
		</Row>
		<Row Tag="LOC_CIVIC_EXPLORATION_QUOTE_2">
			<Text>“Keşfetmekten vazgeçmeyeceğiz ve bütün keşiflerimizin sonunda yine başladığımız yerde, o yeri ilk defa görüyormuş gibi olacağız.” [NEWLINE]– T.S. Eliot</Text>
		</Row>
		<Row Tag="LOC_CIVIC_HUMANISM_QUOTE_1">
			<Text>“Hümanizmin dört özelliği, merak, özgür düşünce, memnuniyet ve insan ırkına inançtır.” [NEWLINE]– E.M. Forster</Text>
		</Row>
		<Row Tag="LOC_CIVIC_HUMANISM_QUOTE_2">
			<Text>“İnsanlığa olan inancınızı kaybetmemelisiniz. İnsanlık bir okyanus gibidir; Birkaç damlası kirli olsa bile, kirlenmez”[NEWLINE] - Mahatma Gandhi</Text>
		</Row>
		<Row Tag="LOC_CIVIC_DIPLOMATIC_SERVICE_QUOTE_1">
			<Text>“Diplomaside iki tür sorun vardır. Küçük olanlar ve büyük olanlar. Küçük olanlar kendiliğinden çözülecek ve büyük olanlar hakkında hiçbir şey yapılamayacak.” [NEWLINE]– Patrick McGuinness</Text>
		</Row>
		<Row Tag="LOC_CIVIC_DIPLOMATIC_SERVICE_QUOTE_2">
			<Text>“Diplomat, bir kadının doğum gününü her zaman hatırlayan, ancak yaşını asla hatırlamayan bir adamdır.” [NEWLINE]– Robert Frost</Text>
		</Row>
		<Row Tag="LOC_CIVIC_REFORMED_CHURCH_QUOTE_1">
			<Text>“Kendimi cennet ya da cehennemde bir yere koymak istemiyorum, senin anlayacağın... İki tarafta da arkadaşlarım var.”[NEWLINE]- Mark Twain</Text>
		</Row>
		<Row Tag="LOC_CIVIC_REFORMED_CHURCH_QUOTE_2">
			<Text>“Çağdaş uygarlığın üç büyük öğesi: Barut, matbaa ve Protestan dini.” [NEWLINE]– Thomas Carlyle</Text>
		</Row>
		<Row Tag="LOC_CIVIC_MERCANTILISM_QUOTE_1">
			<Text>“Bir piyasa ekonomisinde birey, devletin gücünden kurtulma şansına sahiptir.” [NEWLINE]– Peter Berger</Text>
		</Row>
		<Row Tag="LOC_CIVIC_MERCANTILISM_QUOTE_2">
			<Text>“Piyasa-dışı bir ekonomi gördükten sonra, aniden piyasa ekonomisinde neyi sevdiğimi daha iyi anladım.” [NEWLINE]– Esther Dyson</Text>
		</Row>
		<Row Tag="LOC_CIVIC_THE_ENLIGHTENMENT_QUOTE_1">
			<Text>“Yeni fikirlere her zaman şüpheli bakılmakta ve genellikle sebebi olmaksızın karşı çıkılmaktadır.” [NEWLINE]– John Locke</Text>
		</Row>
		<Row Tag="LOC_CIVIC_THE_ENLIGHTENMENT_QUOTE_2">
			<Text>“Doğaya aykırı olan her şey gerçeğe aykırı ve gerçeğe aykırı olan her şey ise absürtdür.” [NEWLINE]– Baruch Spinoza</Text>
		</Row>
		<Row Tag="LOC_CIVIC_COLONIALISM_QUOTE_1">
			<Text>“Unutmayın ki siyaset, sömürgecilik, emperyalizm ve savaş insan beyninden kaynaklanıyordu.” [NEWLINE]– Vilayanur Ramachandran</Text>
		</Row>
		<Row Tag="LOC_CIVIC_COLONIALISM_QUOTE_2">
			<Text>“Sömürgecilik. Haklı sebeplerin yayılması. Ama bunu sömürgeciler arasında kim yayacak?” [NEWLINE]– Anthony Burgess</Text>
		</Row>
		<Row Tag="LOC_CIVIC_CIVIL_ENGINEERING_QUOTE_1">
			<Text>“Anlamlı ayrıntılara ödünsüz özen göster. Bir çivi yüzünden bir nal, bir nal yüzünden bir at, bir at yüzünden bir atlı devriliyor.” [NEWLINE]– Benjamin Franklin</Text>
		</Row>
		<Row Tag="LOC_CIVIC_CIVIL_ENGINEERING_QUOTE_2">
			<Text>“İnsanların mükemmel bir şey tasarlamaya çalışırken yaptığı yaygın bir hata, aptalların becelerini hafife almaktır.” [NEWLINE]– Douglas Adams</Text>
		</Row>
		<Row Tag="LOC_CIVIC_NATIONALISM_QUOTE_1">
			<Text>“Ulusları doğuran milliyetçiliktir, başka bir ihtimal yoktur.” [NEWLINE]– Ernest Gellner</Text>
		</Row>
		<Row Tag="LOC_CIVIC_NATIONALISM_QUOTE_2">
			<Text>“İnsan doğası, kabilecilik ve ulusçuluk ile ortaya çıktığı gibi insan evriminin işleyişine de hız katar.” [NEWLINE]– Arthur Keith</Text>
		</Row>
		<Row Tag="LOC_CIVIC_OPERA_BALLET_QUOTE_1">
			<Text>“Opera, bir adam sırtından bıçaklandığında, kanının akması yerine şarkı söylemesidir.” [NEWLINE]- Robert Benchley</Text>
		</Row>
		<Row Tag="LOC_CIVIC_OPERA_BALLET_QUOTE_2">
			<Text>“Bale kırılgan bir güç ve kesin olmayan duyarlılık üretir.” [NEWLINE]– Ayn Rand</Text>
		</Row>
		<Row Tag="LOC_CIVIC_NATURAL_HISTORY_QUOTE_1">
			<Text>“Yaratılış'da bulunmuş olsaydım, evrenin daha iyi düzenlenmesi için bazı yararlı ipuçları verebilirdim.”[NEWLINE]- Nelson Algren</Text>
		</Row>
		<Row Tag="LOC_CIVIC_NATURAL_HISTORY_QUOTE_2">
			<Text>“Tabiat tarihi konusundaki tüm eserlerde, hayvanların yiyeceklerine, alışkanlıklarına ve yaşam alanlarına nasıl muhteşem bir şekilde adapte olduklarının ayrıntılarına denk geliyoruz.” [NEWLINE]– Alfred Wallace</Text>
		</Row>
		<Row Tag="LOC_CIVIC_SCORCHED_EARTH_QUOTE_1">
			<Text>“Savaş cehennemdir.” [NEWLINE]– William Tecumseh Sherman</Text>
		</Row>
		<Row Tag="LOC_CIVIC_SCORCHED_EARTH_QUOTE_2">
			<Text>“Ben sadece arkadaşlıktan veya kavrulmuş dünyadan anlarım.” [NEWLINE]– Roger Ailes</Text>
		</Row>
		<Row Tag="LOC_CIVIC_URBANIZATION_QUOTE_1">
			<Text>“Sanayi Devrimi ve şehir içi yoğunlaşmalar, anonimlik hissini doğurdu.” [NEWLINE]– Vint Cerf</Text>
		</Row>
		<Row Tag="LOC_CIVIC_URBANIZATION_QUOTE_2">
			<Text>“Şehirler hakkında sevdiğim şey devasalığı, güzelliği ve çirkinliği.” [NEWLINE]– Joseph Brodsky</Text>
		</Row>
		<Row Tag="LOC_CIVIC_CAPITALISM_QUOTE_1">
			<Text>“Kapitalizmin doğal ahlaksızlığı, nimetleri adaletsiz paylaşmasıdır; sosyalizmin doğal faziletiyse sefaleti eşit paylaşmasıdır.” [NEWLINE]– Winston Churchill</Text>
		</Row>
		<Row Tag="LOC_CIVIC_CAPITALISM_QUOTE_2">
			<Text>“Her zaman paraya düşkün olun, eğer yeterince düşkün olursanız, paranın hikmeti bir gün sizi bulabilir.”[NEWLINE]- Damon Runyon</Text>
		</Row>
		<Row Tag="LOC_CIVIC_CONSERVATION_QUOTE_1">
			<Text>“Yaşamın dayandığı iki temel; su ve hava, küresel çöp kutuları haline gelmiştir.” [NEWLINE]– Jacques Yves Cousteau</Text>
		</Row>
		<Row Tag="LOC_CIVIC_CONSERVATION_QUOTE_2">
			<Text>“Yağmur ormanlarını ekonomik kazanım için yok etmek, yemek pişirmek için Rönesans tablosunu yakmak gibidir.” [NEWLINE]– Edward Wilson</Text>
		</Row>
		<Row Tag="LOC_CIVIC_MASS_MEDIA_QUOTE_1">
			<Text>“Kitlesel medyanın etkisi, inancın ortaya çıkmasını değil, bağımlılık mekanizmasını korumaktır.” [NEWLINE]– Christopher Lasch</Text>
		</Row>
		<Row Tag="LOC_CIVIC_MASS_MEDIA_QUOTE_2">
			<Text>“Gazete okumazsan, haberin olmaz. Gazete okursanız, yanlış bilgilendirilirsiniz.”[NEWLINE]-Mark Twain</Text>
		</Row>
		<Row Tag="LOC_CIVIC_MOBILIZATION_QUOTE_1">
			<Text>“Savaşa hazırlanırken, güç kullanarak yönetenler, seferberlik sürecini tamamlayana kadar en çok barış hakkında konuşurlar.” [NEWLINE]– Stefan Zweig</Text>
		</Row>
		<Row Tag="LOC_CIVIC_MOBILIZATION_QUOTE_2">
			<Text>“İnsanları bir araya getirmek için, hükümetlerin düşmana ihtiyacı vardır... Eğer gerçek bir düşman yoksa, bizi seferber etmek için birini yaratacaklardır.” [NEWLINE]– Nhat Hanh</Text>
		</Row>
		<Row Tag="LOC_CIVIC_NUCLEAR_PROGRAM_QUOTE_1">
			<Text>“Atom gücünün serbest bırakılması, düşünce tarzımız dışında her şeyi değiştirdi... Bu sorunun çözümü insanlığın kalbinde yatıyor. Bunun sonuçlarını bilebilseydim, bir saatçi olurdum.” [NEWLINE]– Albert Einstein</Text>
		</Row>
		<Row Tag="LOC_CIVIC_NUCLEAR_PROGRAM_QUOTE_2">
			<Text>”Nükleer çağın çocukları, sevme kapasiteleri açısından zayıf düşmüşlerdir. Aşık olmak zordur, kendini darbeden sakındığın zaman...” [NEWLINE]– Martin Amis</Text>
		</Row>
		<Row Tag="LOC_CIVIC_IDEOLOGY_QUOTE_1">
			<Text>“Hiçbir sistemin, bir ideoloji olmadan var olmaya devam edemeyeceği ispatlanmıştır, en insanlık dışı olanın bile.” [NEWLINE]– Joe Slovo</Text>
		</Row>
		<Row Tag="LOC_CIVIC_IDEOLOGY_QUOTE_2">
			<Text>“Fikirler yavaş yavaş ideolojiye yol gösterir, eyleme yol açan politikalara götürür.” [NEWLINE]– Nandan Nilekani</Text>
		</Row>
		<Row Tag="LOC_CIVIC_SUFFRAGE_QUOTE_1">
			<Text>“Neden kadının farklı bir muamele görmesi gerekiyor? Bu sefil gerilla muhalefetine rağmen kadınlar oy kullanacak.” [NEWLINE]– Victoria Woodhull</Text>
		</Row>
		<Row Tag="LOC_CIVIC_SUFFRAGE_QUOTE_2">
			<Text>“Erkekler ve hakları, daha fazlasi değil. Kadınlar ve hakları,daha azı değil.” [NEWLINE]– Susan B. Anthony</Text>
		</Row>
		<Row Tag="LOC_CIVIC_TOTALITARIANISM_QUOTE_1">
			<Text>“Sadece mafya ve seçkin sınıf totalitarizmin hareket gücünden yararlanabilir. Kitleler propaganda ile kazanılmalıdır.” [NEWLINE]– Hannah Arendt</Text>
		</Row>
		<Row Tag="LOC_CIVIC_TOTALITARIANISM_QUOTE_2">
			<Text>“Herhangi bir ideolojinin nihai sonu totalitarizmdir.” [NEWLINE]– Tom Robbin</Text>
		</Row>
		<Row Tag="LOC_CIVIC_CLASS_STRUGGLE_QUOTE_1">
			<Text>“Sınıf savaşı var, pekala, ama bu benim sınıfım, zengin sınıfı, savaş yapıyor … ve kazanıyoruz.”[NEWLINE] – Warren Buffett</Text>
		</Row>
		<Row Tag="LOC_CIVIC_CLASS_STRUGGLE_QUOTE_2">
			<Text>“Sınıf mücadelesi mutlaka proletarya diktasına sürükler.” [NEWLINE]– Karl Marx</Text>
		</Row>
		<Row Tag="LOC_CIVIC_COLD_WAR_QUOTE_1">
			<Text>“Baltık'taki Stettin'den Adriyatik'teki Trieste'ye kadar, kıtaya bir demir perde inmiştir.” [NEWLINE]– Winston Churchill</Text>
		</Row>
		<Row Tag="LOC_CIVIC_COLD_WAR_QUOTE_2">
			<Text>“Soğuk Savaş buzun eridiği gibi erimiyor, ölümcül bir ısı ile yanıyor.” [NEWLINE]– Richard Nixon</Text>
		</Row>
		<Row Tag="LOC_CIVIC_PROFESSIONAL_SPORTS_QUOTE_1">
			<Text>“Kazanmak her şey değilse, neden puan tutarlar?”[NEWLINE] – Vince Lombardi</Text>
		</Row>
		<Row Tag="LOC_CIVIC_PROFESSIONAL_SPORTS_QUOTE_2">
			<Text>“Spor karakter yaratmaz. Onu açığa vurur.”[NEWLINE]- Heywood Broun</Text>
		</Row>
		<Row Tag="LOC_CIVIC_CULTURAL_HERITAGE_QUOTE_1">
			<Text>“Geçmişi, kökeni ve kültürü hakkında bilgisi olmayan bir insan, kökleri olmayan bir ağaç gibidir.” [NEWLINE]– Marcus Garvey</Text>
		</Row>
		<Row Tag="LOC_CIVIC_CULTURAL_HERITAGE_QUOTE_2">
			<Text>“Mirasınız öyle havadan gelmedi. Orada, sadece keşfedilmeyi ve paylaşılmayı bekliyor.” [NEWLINE]– Robbie Robertson</Text>
		</Row>
		<Row Tag="LOC_CIVIC_RAPID_DEPLOYMENT_QUOTE_1">
			<Text>“Bir hışımla uygulanan iyi bir plan, gelecek hafta yapılacak mükemmel bir plandan çok daha iyidir.” [NEWLINE]- George S. Patton</Text>
		</Row>
		<Row Tag="LOC_CIVIC_RAPID_DEPLOYMENT_QUOTE_2">
			<Text>“Manevraları boşa harcamayın, sadece doğrudan onlara yönelin.”[NEWLINE]- Horatio Nelson</Text>
		</Row>
		<Row Tag="LOC_CIVIC_SPACE_RACE_QUOTE_1">
			<Text>“Bu on yıl içinde aya gitmeyi ve diğer şeyleri yapmayı tercih ediyoruz, kolay oldukları için değil, zor oldukları için yapıyoruz.” [NEWLINE]– John F. Kennedy</Text>
		</Row>
		<Row Tag="LOC_CIVIC_SPACE_RACE_QUOTE_2">
			<Text>“NASA uzayda yazı yazabilmek için milyon dolarlar harcayarak bir tükenmez kalem icat etti, Ruslar ise normal bir kalem aldılar yanlarına.” [NEWLINE]– Will Chabot</Text>
		</Row>
		<Row Tag="LOC_CIVIC_GLOBALIZATION_QUOTE_1">
			<Text>“Küreselleşmeye karşı tartışmanın, yerçekimi yasalarına karşı koymak gibi bir şey olduğu söyleniyor.”[NEWLINE] – Kofi Annan</Text>
		</Row>
		<Row Tag="LOC_CIVIC_GLOBALIZATION_QUOTE_2">
			<Text>“Bir gün gelecek; sınırlar, bayraklar ve ülkeler olmayacak. Tek pasaport kalp olacak.” [NEWLINE]– Carlos Santana</Text>
		</Row>
		<Row Tag="LOC_CIVIC_SOCIAL_MEDIA_QUOTE_1">
			<Text>“Önemli olanların arasında hangisini önce söyleyeyim?”[NEWLINE]-Jane Austen</Text>
		</Row>
		<Row Tag="LOC_CIVIC_SOCIAL_MEDIA_QUOTE_2">
			<Text>“Distracted from distraction by distraction!”[NEWLINE] – T.S. Eliot</Text>
		</Row>
		<Row Tag="LOC_CIVIC_FUTURE_CIVIC_QUOTE_1">
			<Text>"Geleceği asla geçmişe göre planlayamazsın." [NEWLINE]-Edmund Burke</Text>
		</Row>
		<Row Tag="LOC_CIVIC_FUTURE_CIVIC_QUOTE_2">
			<Text>“Ben asla geleceği düşünmüyorum. Çünkü yakında gelecek.”[NEWLINE] –Albert Einstein</Text>
		</Row>
		<Row Tag="LOC_GREATWORK_BHASA_1_QUOTE">
			<Text>O, haşmetli dağlara düşen bir yıldırım, [NEWLINE] kuşlara rehberlik eden bir kartal, yırtıcı hayvanlar meclisindeki aslan, [NEWLINE] insan formundaki ölümdür.</Text>
		</Row>
		<Row Tag="LOC_GREATWORK_BHASA_2_QUOTE">
			<Text>Ah, kalbim, şüphelerin gerçeğiyle ilgilen. Şimdi, efendimin ölümünü öğren ve bir an olsun sakin ol.</Text>
		</Row>
		<Row Tag="LOC_GREATWORK_HOMER_1_QUOTE">
			<Text>Hiçbir insan kaçamaz kaderinden, ister korkak olsun, ister yürekli.</Text>
		</Row>
		<Row Tag="LOC_GREATWORK_HOMER_2_QUOTE">
			<Text>Anlayışlı bir kalbe sahip arkadaş en az kardeş kadar değerlidir.</Text>
		</Row>
		<Row Tag="LOC_GREATWORK_OVID_1_QUOTE">
			<Text> Bir avuç dolusu kum tuttum ve havaya kaldırdım, ne aptalım! Kum taneleri kadar doğum günü istedim. Gençlik geldi geçti bir günlük süstü, nefsim doyamamaktan dünyaya küstü.</Text>
		</Row>
		<Row Tag="LOC_GREATWORK_OVID_2_QUOTE">
			<Text>Şans çok güçlüdür. Her zaman oltanızı atın, hiç beklemediğiniz gölde bir balık bulabilirsiniz.</Text>
		</Row>
		<Row Tag="LOC_GREATWORK_QU_YUAN_1_QUOTE">
			<Text>Işık ışıktan, karanlık karanlıktan geldi ama nasıl ortaya çıktılar? Ying ve Yang, her şeyi yaratmak için bir araya gelirler, ama kaynak nedir ve hangisi ondan doğmuştur?</Text>
		</Row>
		<Row Tag="LOC_GREATWORK_QU_YUAN_2_QUOTE">
			<Text>Zaman duraklamdan ilerliyor,[NEWLINE]İlkbahar ve sonbahar boyunca mevsim döngüsü.[NEWLINE]Etrafımda yeşilin solmasını izlerken,[NEWLINE]gençliğimdeki güneşin batmasından korkuyorum.</Text>
		</Row>
		<Row Tag="LOC_GREATWORK_CHAUCER_1_QUOTE">
			<Text>Bir şovalye vardı, değerli bir adam vardı,[NEWLINE]ilk başladığı zamandan itibaren sağ kurtulan, şovalyeliği severdi, sadakat ve iyi saygı gören, [NEWLINE]onurlu, cömert ve özgür...</Text>
		</Row>
		<Row Tag="LOC_GREATWORK_CHAUCER_2_QUOTE">
			<Text>Erkeği evinden kaçıran damın akması, bacanın tütmesi ve kadının çenesidir…</Text>
		</Row>
		<Row Tag="LOC_GREATWORK_LI_BAI_1_QUOTE">
			<Text>Çiçekler etrafımı sarıyor, ve içeceğimle başbaşayım,[NEWLINE] içimi boşatmak için, bana eşlik edecek biri yok.[NEWLINE] Bardağımı kaldırdım ve dolunayın şerefine içtim,[NEWLINE]gölgemle üç kişi olduğumuz yerde.</Text>
		</Row>
		<Row Tag="LOC_GREATWORK_LI_BAI_2_QUOTE">
			<Text>En uyuz edici sıcakta kendimi serinletiyorum,[NEWLINE]Orman herkesi çıplak olmaya davet ediyor.[NEWLINE]Kapşonlumu sivri bir kayalığa astım.[NEWLINE]Mis kokulu havada yıkanırken kendimden geçtim.</Text>
		</Row>
		<Row Tag="LOC_GREATWORK_MURASAKI_1_QUOTE">
			<Text>Küçük bir çocukken, kardeşim Nobunori Çin klasiklerini okurdu ve ben oturup onun derslerini dinlemekten hoşlanırdım. Farkettim ki anlamak için çabaladığında ya da paragrafları ezberlemeye çalıştığında, önemli yerleri çok kolay bir şekilde bulabiliyordum. Babam, çok okumuş biri, bu gerçekten sürekli yakınırdı ve derdi ki ''Ne utanç verici. Keşke bir erkek olarak doğsaydın!'' </Text>
		</Row>
		<Row Tag="LOC_GREATWORK_MURASAKI_2_QUOTE">
			<Text>Taze çimenler, nerede büyüyüp filizleneceğini bile bilmiyorsun. Bir çiy tanesi bile havada kaybolup giderken, ben nasıl nasıl yalnız bırakabilirim?</Text>
		</Row>
		<Row Tag="LOC_GREATWORK_CAVENDISH_1_QUOTE">
			<Text>Bu odanın içinden İmparatorun Yatak Odası'na, duvarların bulunduğu siyah mermerlerin oradan bir kat geçişi vardı; Çatı, Ay'ın ve Yanan Yıldızların beyaz Elmaslar tarafından temsil edildiği İnci'nin Annesi'ydi ve yatağı elmaslardan ve yakutlardan yapılmıştı.</Text>
		</Row>
		<Row Tag="LOC_GREATWORK_CAVENDISH_2_QUOTE">
			<Text>İnsanoğlunun beş dış sezisi olduğu biliniyor, her sezi birbirinden bağımsız; Çünkü burun gözlerin ne görmediğini, kulaklar ne duyarsa duysun dilin ne tattığını bilmiyor...</Text>
		</Row>
		<Row Tag="LOC_GREATWORK_CERVANTES_1_QUOTE">
			<Text>Elbette ki yaparsınız, ama işin doğrusu söylediklerimdir ve su üzerindeki yağ gibi sonsuza kadar yalanlar üzerine kuruludurlar.</Text>
		</Row>
		<Row Tag="LOC_GREATWORK_CERVANTES_2_QUOTE">
			<Text>Ve, neşeli ve genç olmak, onlar için şehrin güzel hizmetçileri hakkındaki en ufak bir şeyi kaçırmamak demekti.</Text>
		</Row>
		<Row Tag="LOC_GREATWORK_MACHIAVELLI_1_QUOTE">
			<Text>Burada not edilmesi gerekenler, erkeklerin ikna edilmeleri ya da yok edilmeleri gerektiğidir. Hafif suçlar için intikam alırlar, ağır olan için beceremezler; Bu nedenle bir suç işlenecekse, intikam korkusunu ortadan kaldırmak için olmalıdır.</Text>
		</Row>
		<Row Tag="LOC_GREATWORK_MACHIAVELLI_2_QUOTE">
			<Text>Bir cumhuriyet kuran ve yasalar koyan bir kimsenin, tüm insaları kötülüğe mahkum etmesi ve bir şansa sahip olduklarında kötü niyeti ruhlarında kullanmak üzerine her daim hazır bulundurması gereklidir.</Text>
		</Row>
		<Row Tag="LOC_GREATWORK_SHAKESPEARE_1_QUOTE">
			<Text>Kendimi her zaman mutlu hissederim.[NEWLINE]Neden biliyor musunuz?[NEWLINE] Çünkü kimseden bir şey ummam. Beklentiler daima yaralar.</Text>
		</Row>
		<Row Tag="LOC_GREATWORK_SHAKESPEARE_2_QUOTE">
			<Text>Olmak ya da olmamak, işte bütün mesele bu![NEWLINE]Düşüncemizin katlanması mı güzel,[NEWLINE]Zalim kaderin yumruklarına, oklarına,[NEWLINE]yoksa diretip bela denizlerine karşı,[NEWLINE]dur, yeter demesi mi?</Text>
		</Row>
		<Row Tag="LOC_GREATWORK_D_AULNOY_1_QUOTE">
			<Text>Ve çok güzel olduğu için ona Prenses Goldilocks derlerdi; Saçları altından daha ince, olağanüstü derecede adil ve bukleleri ayaklarına kadar uzanırdı.</Text>
		</Row>
		<Row Tag="LOC_GREATWORK_D_AULNOY_2_QUOTE">
			<Text>Yunus, "Beni özgür bırakmak için çok iyi ve cömert olursanız" diye devam etti, "Hayatım boyunca size gerçek hizmetler sunarım, ve asla pişman olmazsınız."</Text>
		</Row>
		<Row Tag="LOC_GREATWORK_PUSHKIN_1_QUOTE">
			<Text>Rüyalar, hayaller! Nereye gittiniz? Ne kadar da tatlıydınız.</Text>
		</Row>
		<Row Tag="LOC_GREATWORK_PUSHKIN_2_QUOTE">
			<Text>Dünyada sonsuz bir mutIuIuk yoktur;[NEWLINE]ne ünlü bir soy, ne güzellik,[NEWLINE]ne güç, ne zenginlik[NEWLINE]Hiçbir şey bizi felaketten kurtaramaz.</Text>
		</Row>
		<Row Tag="LOC_GREATWORK_POE_1_QUOTE">
			<Text>“Alçaklar!” diye haykırdım, “bu tavırları bırakın. Suçumu kabul ediyorum! - sökün tahtaları! - burada! burada! - onun o korkunç yüreğinin vuruşu bu duyduğunuz!"</Text>
		</Row>
		<Row Tag="LOC_GREATWORK_POE_2_QUOTE">
			<Text>Uyuya kalırken, neredeyse dalmışken, aniden bir tıkırdı geldi, [NEWLINE]biri nazikçe tıklatarak, yatak odamın kapısını çalışıyordu,[NEWLINE]''Birkaç ziyaretçi,'' Homurdandım, ''kapımı çalıyorlar''[NEWLINE]Hepsi bu kadar...</Text>
		</Row>
		<Row Tag="LOC_GREATWORK_AUSTEN_1_QUOTE">
			<Text>“Kadının hayal gücü çok hızlıdır; Bir anda hayranlıktan aşka, aşktan evliliğe uçar.”</Text>
		</Row>
		<Row Tag="LOC_GREATWORK_AUSTEN_2_QUOTE">
			<Text>Kendi mutluluğunuzu bilin. Sabırdan başka bir şey istemiyorsunuz - ya da buna daha ilginç bir isim verin ,umut deyin.</Text>
		</Row>
		<Row Tag="LOC_GREATWORK_GOETHE_1_QUOTE">
			<Text>Kendinize güvendiğiniz sürece, nasıl yaşayacağınızı bilirsiniz.</Text>
		</Row>
		<Row Tag="LOC_GREATWORK_GOETHE_2_QUOTE">
			<Text>“İnsan ırkının olayı monotonluktur. Çoğu insan yaşamak için hayatlarının en güzel yıllarını çalışarak geçirir ve özgürlük adına ufak bir kırıntı kalır. Sonra onu korkuyla beslerler ve ondan kurtulmak için her türlü yolu ararlar.”</Text>
		</Row>
		<Row Tag="LOC_GREATWORK_SHELLEY_1_QUOTE">
			<Text>Yarattığım sefil, perişan adama baktım.</Text>
		</Row>
		<Row Tag="LOC_GREATWORK_SHELLEY_2_QUOTE">
			<Text>Bu zeka bizi, yüz yıllardır süre gelen yer yüzündeki cennet arayışının acı ve sefaletinden geri getirdi.</Text>
		</Row>
		<Row Tag="LOC_GREATWORK_JOYCE_1_QUOTE">
			<Text>Hayat süregelen bir çok gündür. Soyguncular, hayaletler, yaşlı erkekler, gençler, eşler, dullar, kardeşler ile uğraşıyoruz. Ama en çok da kendimizle.</Text>
		</Row>
		<Row Tag="LOC_GREATWORK_JOYCE_2_QUOTE">
			<Text>Hepsi teker teker gölgeye dönüşüyordu. Tutku dolu bir ihtişamla diğer dünyaya cesurca göçmek, yaşlılıkla solup gitmekten iyidir.</Text>
		</Row>
		<Row Tag="LOC_GREATWORK_DICKINSON_1_QUOTE">
			<Text>Kuşun biri yere indi-[NEWLINE]Onu gördüğümü bilmiyordu-[NEWLINE]Bir solucanı bir ısırışta ikiye böldü[NEWLINE]ve yedi, ham!</Text>
		</Row>
		<Row Tag="LOC_GREATWORK_DICKINSON_2_QUOTE">
			<Text>Başarı tatlı sayılır[NEWLINE]Başarısız olanlar tarafından.[NEWLINE]Bir nektarı anlamak için[NEWLINE]Üzüm gerekir.</Text>
		</Row>
		<Row Tag="LOC_GREATWORK_TOLSTOY_1_QUOTE">
			<Text>“Pierre, mutlu olabilmek için mutluluğa inanılması gerektiğini söylediğinde haklıydı ve şimdi ona inanıyorum. Ölülerin ölüleri gömmesine izin verin, ama ben hayattayken, yaşamak ve mutlu olmak zorundayım.“</Text>
		</Row>
		<Row Tag="LOC_GREATWORK_TOLSTOY_2_QUOTE">
			<Text>Dünyadaki tüm kızlar iki sınıfa ayrıldı: Bir sınıf, onun dışındaki tüm kızları kapsıyordu, her zamanki insan duyguları vardı ve sıradan kızlardı; Diğer sınıf - yalnızca kendisi - hiçbir zayıflığı yoktu ve tüm insanlıktan üstündü.</Text>
		</Row>
		<Row Tag="LOC_GREATWORK_TWAIN_1_QUOTE">
			<Text>“Jim, arıların aptalları sokmayacağını söylemişti, ama buna inanmadım, çünkü birçok kez denememe rağmen beni ısırmamışlardı.”</Text>
		</Row>
		<Row Tag="LOC_GREATWORK_TWAIN_2_QUOTE">
			<Text>İnsan eyleminde farkında olmadan büyük bir yasa keşfetmişti. Şöyle ki, bir erkeğin ya da bir oğlanın bir şeyi çok istemesi için, o şeyin gerçekleştirilmesini zorlaştırmak gerekir.</Text>
		</Row>
		<Row Tag="LOC_GREATWORK_FITZGERALD_1_QUOTE">
			<Text>Amory Blaine, her yönden annesinin mirasını taşıyordu, çok az sayıdaki kişi onun değerini anladı.</Text>
		</Row>
		<Row Tag="LOC_GREATWORK_FITZGERALD_2_QUOTE">
			<Text>O, göz kamaştırıcıydı; Bir bakışta güzelliğini hissetmek ızdırap veriyordu.</Text>
		</Row>
		<Row Tag="LOC_GREATWORK_WELLS_1_QUOTE">
			<Text>19. yüzyılın sonlarında bu dünyanın, insan zekasından daha yüce zihinler tarafından yakından ve dikkatlice izlendiğine kimse inanmazdı.</Text>
		</Row>
		<Row Tag="LOC_GREATWORK_WELLS_2_QUOTE">
			<Text>Benim açıklamam çok basitti ve yeterince makul - en yanlış teoriler gibi!</Text>
		</Row>
		<Row Tag="LOC_GREATWORK_TAGORE_1_QUOTE">
			<Text>Ülkeme hizmet etmeye hazırım, ancak ibadetimi ülkemden çok daha büyük olan Hak için ayırdım. Ülkemi tanrı yerine koyarak ibadet etmek, onun üzerine bir lanet getirmektir.</Text>
		</Row>
		<Row Tag="LOC_GREATWORK_TAGORE_2_QUOTE">
			<Text>Bazı gezginler, evden ayrılıp geceyi izlemek için buraya gelirlerse, başlarını eğip karanlığın mırıltısını dinlerlerse, hayatın sırlarını onun kulağına kim fısıldayacak? Eğer kapılarımı kapatırsam, kendimi ölümlü bağlardan kurtarmayı denemeli miyim?</Text>
		</Row>
		<Row Tag="LOC_GREATWORK_CAPEK_1_QUOTE">
			<Text>Sevgili Miss Glory, robotlar insan değildir. Mekanik olarak, bizden daha mükemmel, inanılmaz bir rasyonel zekaya sahipler, ama hiçbirinin ruhu yoktur.</Text>
		</Row>
		<Row Tag="LOC_GREATWORK_CAPEK_2_QUOTE">
			<Text>Karıncaların Büyük Tanrısı, zaferin hakim olmasına izin verdiniz! Sizi albay ilan ediyorum.</Text>
		</Row>
		<Row Tag="LOC_GREATWORK_SUN_TZU_QUOTE">
			<Text>Zafer kazanmış savaşçılar önce kazanırlar sonra savaşa giderler, bozguna uğraşmış savaşçılar ise önce savaşa giderler ve sonra zafer ararlar.</Text>
		</Row>
		<Row Tag="LOC_BUILDING_PYRAMIDS_QUOTE">
			<Text>“Bu piramitlerin tepelerinden kırk asır bize bakıyor.”[NEWLINE]– Napoleon Bonaparte</Text>
		</Row>
		<Row Tag="LOC_BUILDING_PETRA_QUOTE">
			<Text>“Petra, verimsiz bir kayayı görkemli bir yapıt haline getirme konusundaki insan sanatının mükemmel bir görüntüsüdür."</Text>
		</Row>
		<Row Tag="LOC_BUILDING_MONT_ST_MICHEL_QUOTE">
			<Text>“Kilise ve Devlet, Ruh ve Vücut, Tanrı ve İnsan, hepsi Mont Saint Michel'de bulunur. Herkesin işi kendi tarzıyla savaşmak ya da birbirlerine karşı tetikte durmaktır.”[NEWLINE]– Henry Adams</Text>
		</Row>
		<Row Tag="LOC_BUILDING_CHICHEN_ITZA_QUOTE">
			<Text>“Büyük Top Sahası da oldukça etkileyici. Onları maç yaparken görmek isterdim, oldukça şiddetli gibi görünse de... Sanıyorum ki izleyici olmaktan daha güvenli.”[NEWLINE]– IslaDeb</Text>
		</Row>
		<Row Tag="LOC_BUILDING_STONEHENGE_QUOTE">
			<Text>“Elli tonluk bir taşı on sekiz kilometre boyunca kırsal alana doğru sürüklemenize ve dik bir konuma getirmenize yardım etmek için altıyüz kişiyle konuşmaya çalıştığınızı düşünebiliyor musunuz? Ve sonra 'Evet beyler! Bi' yirmi tane daha.. sonra party yapabiliriz!' dediğinizi.”[NEWLINE]– Bill Bryson</Text>
		</Row>
		<Row Tag="LOC_BUILDING_ORACLE_QUOTE">
			<Text>“Hızlı bir geminin üzerinden bir yunus formunda zıpladım, bana Apollo Delphinius gibi dua edin; Ayrıca adağın kendisine Delphinius denilecek ve sonsuza kadar göz ardı edilecektir.”[NEWLINE]– Homer</Text>
		</Row>
		<Row Tag="LOC_BUILDING_TERRACOTTA_ARMY_QUOTE">
			<Text>“Dünyanın yedi harikası vardır. Terracotta Ordusu'nun keşfedilmesiyle, ona dünyanın sekizinci harikasıdır diyebiliriz.”[NEWLINE]– Jacques Chirac</Text>
		</Row>
		<Row Tag="LOC_BUILDING_ALHAMBRA_QUOTE">
			<Text>“Burada her şey zerafet ve mutluluk duygularına ilham vermek için hesaplanmış gibi gözüküyor, hassas ve güzel olan her şey için.”[NEWLINE]– Washington Irving</Text>
		</Row>
		<Row Tag="LOC_BUILDING_CRISTO_REDENTOR_QUOTE">
			<Text>“Heykel insanlara bir düşünceyi aşılamak için hizmet eder. - 'Her şey tanrının elindedir.'”[NEWLINE]– Sergey Semenov</Text>
		</Row>
		<Row Tag="LOC_BUILDING_POTALA_PALACE_QUOTE">
			<Text>“Potala Sarayı'nın çatısına ilk girdiğimde, daha önce hiç olmadığı kadar, kendi benliğimin çatısına, daha önce hiç ziyaret etmediğim başka bilinç boyutlarına adım atıyormuş gibi hissettim.”[NEWLINE]– Pico Iyer</Text>
		</Row>
		<Row Tag="LOC_BUILDING_HANGING_GARDENS_QUOTE">
			<Text>“En yüksek katlara çıkış merdivenler ve yan taraflarındaki su motorlarıdır. Bu da bu amaç için atanmış, devamlı olarak Fırat nehrinden bahçeye su taşımakta görevli kişiler vasıtasıyla gerçekleştirilir.”[NEWLINE]– Strabo</Text>
		</Row>
		<Row Tag="LOC_BUILDING_FORBIDDEN_CITY_QUOTE">
			<Text>“Tüm saray yerleşimi, merkezi bir eksende, dünya ekseni boyunca inşa edilmiştir; dört yöndeki her şey, bu sarayların temsil ettiği merkez noktalardan dağılır.”[NEWLINE]– Jeffrey Riegel</Text>
		</Row>
		<Row Tag="LOC_BUILDING_HERMITAGE_QUOTE">
			<Text>“Müzeler kültür mücadelesinin cephelerinde, iyi ve kötünün çizgisindedir. Her durumda ilkelliğin ve tekdüzeliğin karşısında savaşır.”[NEWLINE]– Mikhail Piotrovsky, Director of the State Hermitage</Text>
		</Row>
		<Row Tag="LOC_BUILDING_EIFFEL_TOWER_QUOTE">
			<Text>“Kuleyi kıskanmalıyım. O benden daha ünlü.”[NEWLINE]– Gustave Eiffel</Text>
		</Row>
		<Row Tag="LOC_BUILDING_COLOSSUS_QUOTE">
			<Text>“Rodos'ta, Güneş'i temsil eden yetmiş arşe yüksekliğinde bir Kolossus kuruldu... Sanatçı madenlerde bir yıllık kıtlık yaratacak kadar bronz kullanmıştı.”[NEWLINE]– Philo of Byzantium</Text>
		</Row>
		<Row Tag="LOC_BUILDING_GREAT_LIGHTHOUSE_QUOTE">
			<Text>“Bu deniz feneri, bütün gözlerin Küçükay'ıydı.”[NEWLINE]– Henry David Thoreau</Text>
		</Row>
		<Row Tag="LOC_BUILDING_SYDNEY_OPERA_HOUSE_QUOTE">
			<Text>“Bir opera, perde açılmadan çok önce başlıyor ve inindikten çok sonra sona eriyor. Benim hayal gücümle başlar, hayatım olur ve opera evinden ayrıldıktan sonra bile hayatımın bir parçası olarak kalır. ”[NEWLINE]– Maria Callas</Text>
		</Row>
		<Row Tag="LOC_BUILDING_GREAT_ZIMBABWE_QUOTE">
			<Text>“Kral Süleyman istediği her şeyi Sheba Kraliçesine verdi; Ona kraliyetin bahşettiği her şeyi. Böylece dönüp kendi ülkesine gitti, o ve kuralları da onunla beraber.”[NEWLINE]– 1 Kings, 10:13</Text>
		</Row>
		<Row Tag="LOC_BUILDING_BIG_BEN_QUOTE">
			<Text>“Büyük saati izlemeyin; Yaptığını yapın. Devam edin.”[NEWLINE]– Sam Levenson</Text>
		</Row>
		<Row Tag="LOC_BUILDING_COLOSSEUM_QUOTE">
			<Text>“Kolezyum durduğu sürece Roma duracak; Kolezyum çöktüğünde Roma düşecek; Roma düştüğünde dünya düşecek.”[NEWLINE]– Saint Bede</Text>
		</Row>
		<Row Tag="LOC_BUILDING_ESTADIO_DO_MARACANA_QUOTE">
			<Text>“Tarih boyunca, sadece üç kişi Maracana'yı susturmayı başardı: Papa, Frank Sinatra ve ben.”[NEWLINE]– Alcides Ghiggia, Uruguaylı futbolcu</Text>
		</Row>
		<Row Tag="LOC_BUILDING_VENETIAN_ARSENAL_QUOTE">
			<Text>“Venedik topraklarındaki cephaneliklerde şu yazar: "Mutluluk, barış sırasında savaş düşünen şehirdir."”[NEWLINE]– Robert Burton</Text>
		</Row>
		<Row Tag="LOC_BUILDING_RUHR_VALLEY_QUOTE">
			<Text>“Almanya'nın sanayi kalbi hemen hemen atmamaya başladı. Kimse çok çalışmadı, hiçbir şey işlemedi. Ruhr bölgesinin nüfusu... ülkenin geri kalanı tarafından desteklenmelidir.”[NEWLINE]– Adam Fergusson</Text>
		</Row>
		<Row Tag="LOC_BUILDING_MAHABODHI_TEMPLE_QUOTE">
			<Text>“Hindistan'ın Bihar eyaletinin tozlu, hareketli bir köşesinde, Budizm'in merkezi olarak düşünülebilecek büyülü bir yer var.”[NEWLINE]– Visitor’s Guide, Bodh Gaya</Text>
		</Row>
		<Row Tag="LOC_BUILDING_HAGIA_SOPHIA_QUOTE">
			<Text>“Güzel ve önemli bir anıttır ve ulusal kültürler arası bir hazinedir. Her iki din tarafından da paylaşılıncaya kadar -ki bu büyük bir fikir olabilir, onu güzelleştiren her iki dine de onur veren seküler bir yapı olmalıdır.”[NEWLINE]– Ljubo Vujovic</Text>
		</Row>
		<Row Tag="LOC_BUILDING_GREAT_LIBRARY_QUOTE">
			<Text>“Tüm hayal gücünün ve bilginin toplandığı İskenderiye Kütüphanesi'nin kitap yığınları arasında dolaşabiliriz; Yıkılması durumunda, biriktirdiğimiz her şeyin kaybolacağına dair bir uyarıda bulunabiliriz.”[NEWLINE]– Alberto Manguel</Text>
		</Row>
		<Row Tag="LOC_BUILDING_OXFORD_UNIVERSITY_QUOTE">
			<Text>“Oxford'daki zeki adamlar... Bilinen her şeyi bilin. Fakat hiçbiri Akıllı Bay Mr.Toad'un bildiğinin yarısından fazlasını bilmiyor.”[NEWLINE]– Kenneth Grahame</Text>
		</Row>
		<Row Tag="LOC_BUILDING_BOLSHOI_THEATER_QUOTE">
			<Text>“Bolshoi Ballet hayal gücünün evreni, büyü ve cazibe, güzellik ve aşkın bir yeridir. Onun dünyası zarif dansçılar, görkemli müzik ve görkemli kostümlerle dünyayı titretiyor.”[NEWLINE]– Trudy Garfunkel</Text>
		</Row>
		<Row Tag="LOC_BUILDING_BROADWAY_QUOTE">
			<Text>“Şov dünyasına benzeyen hiçbir iş yoktur.”[NEWLINE]– Irving Berlin, 'Annie Get Your Gun'</Text>
		</Row>
	</BaseGameText>
</GameData>
