﻿<?xml version="1.0" encoding="UTF-8" standalone="yes"?>
<GameData xmlns:xsi="http://www.w3.org/2001/XMLSchema-instance">
	<BaseGameText>
		<!-- Ruleset -->
		<Row Tag="LOC_RELIGIOUS_COMBAT_RULESET_TITLE">
			<Text>Kutsal Toprak</Text>
		</Row>
		<Row Tag="LOC_RELIGIOUS_COMBAT_RULESET_TEASER">
			<Text>Bu din odaklı senaryoda Ortaçağ'da kutsal egemenlik için savaşın. Sanayileşme dönemine kadar sürer.[NEWLINE]Zafer Koşulları[NEWLINE][ICON_Bullet]Kutsal zafer - Endüstriyel çağın şafağında en çok dindar takipçiye sahip olma (İlk Endüstriyel teknoloji veya İlke)[NEWLINE]Oyun Değişiklikleri[NEWLINE][ICON_Bullet]İlk Kutsal Şehir size ücretsiz bir Peygamber verir.</Text>
		</Row>
		<!-- Victories  -->
		<Row Tag="LOC_RELIGIOUS_COMBAT_VICTORY_TITLE">
			<Text>Kutsal Zafer</Text>
		</Row>
		<Row Tag="LOC_RELIGIOUS_COMBAT_VICTORY_DESC">
			<Text>Endüstriyel çağın şafağında en çok dindar takipçiye sahip olma (İlk Endüstriyel teknoloji veya İlke)</Text>
		</Row>	
		<!-- Mod Package Text -->
		<Row Tag="LOC_RELIGIOUS_COMBAT_MOD_TITLE">
			<Text>Çok Oyunculu Senaryo : Kutsal Topraklar</Text>
		</Row>
		<Row Tag="LOC_RELIGIOUS_COMBAT_MOD_TEASER">
			<Text>Bu din odaklı senaryoda Ortaçağ'da kutsal egemenlik için savaşın. Sanayileşme dönemine kadar sürer.</Text>
		</Row>
		<Row Tag="LOC_RELIGIOUS_COMBAT_MOD_DESCRIPTION">
			<Text>Zafer Koşulları[NEWLINE]Kutsal zafer - Endüstriyel çağın şafağında en çok dindar takipçiye sahip olma (İlk Endüstriyel teknoloji veya İlke)</Text>
		</Row>
		<Row Tag="LOC_VICTORY_RELIGIOUS_HAVE_MOST_FOLLOWERS_PROGRESS">
			<Text>Din Takipçileri {NumFollowers} {StatusIcon}</Text>
		</Row>
		<Row Tag="LOC_RC_GAME_ERA_LIMIT_REACHED_PROGRESS">
			<Text>Endüstriyel Çağa Ulaşım Durumu {StatusIcon}</Text>
		</Row>	
	</BaseGameText>
</GameData>
