<?xml version="1.0" encoding="utf-8"?>
<!-- edited with XMLSPY v2004 rel. 2 U (http://www.xmlspy.com) by Anton Strenger (Firaxis Games) -->
<GameData>
	<BaseGameText>
		<Row Tag="LOC_ROUTE_ANCIENT_ROAD_DESCRIPTION">
			<Text>[ICON_TradeRoute] Ticaret Yolları veya Askeri Mühendisler tarafından inşa edilebilir. Bir karayolundan diğerine hareket eden herhangi birimin [ICON_Movement] hareket hızını geliştirir.</Text>
		</Row>
		<Row Tag="LOC_ROUTE_MEDIEVAL_ROAD_DESCRIPTION">
			<Text>[ICON_TradeRoute] Ticaret Yolları veya Askeri Mühendisler tarafından inşa edilebilir. Bir karayolundan diğerine hareket eden herhangi birimin [ICON_Movement] hareket hızını geliştirir.</Text>
		</Row>
		<Row Tag="LOC_ROUTE_INDUSTRIAL_ROAD_DESCRIPTION">
			<Text>[ICON_TradeRoute] Ticaret Yolları veya Askeri Mühendisler tarafından inşa edilebilir. Bir karayolundan diğerine hareket eden herhangi birimin [ICON_Movement] hareket hızını geliştirir.</Text>
		</Row>
		<Row Tag="LOC_ROUTE_MODERN_ROAD_DESCRIPTION">
			<Text>[ICON_TradeRoute] Ticaret Yolları veya Askeri Mühendisler tarafından inşa edilebilir. Bir karayolundan diğerine hareket eden herhangi birimin [ICON_Movement] hareket hızını geliştirir.</Text>
		</Row>
	</BaseGameText>
</GameData>
