<?xml version="1.0" encoding="UTF-8" standalone="yes"?>
<!-- edited with XMLSPY v2004 rel. 2 U (http://www.xmlspy.com) by Anton Strenger (Firaxis Games) -->
<GameData xmlns:xsi="http://www.w3.org/2001/XMLSchema-instance">
	<BaseGameText>
		<Row Tag="LOC_TECH_POTTERY_DESCRIPTION">
			<Text>[ICON_RESOURCE_WHEAT] Bugday ve [ICON_RESOURCE_RICE] Pirinç hasatına izin verir.</Text>
		</Row>
		<Row Tag="LOC_TECH_ANIMAL_HUSBANDRY_DESCRIPTION">
			<Text>[ICON_RESOURCE_CATTLE] Sıgır ve [ICON_RESOURCE_SHEEP] Koyun yetiştirilmesine izin verir.</Text>
		</Row>
		<Row Tag="LOC_TECH_MINING_DESCRIPTION">
			<Text>Ormanların kesilmesine ve [ICON_RESOURCE_Copper] Bakır işlenmesine izin verir.</Text>
		</Row>
		<Row Tag="LOC_TECH_SAILING_DESCRIPTION">
			<Text>İnşaatçıların bindirme yapmasına izin verir.</Text>
		</Row>
		<Row Tag="LOC_TECH_IRRIGATION_DESCRIPTION">
			<Text>Bataklıkların kurutulmasına izin verir.</Text>
		</Row>
		<Row Tag="LOC_TECH_MASONRY_DESCRIPTION">
			<Text>[ICON_RESOURCE_STONE] Taş işlenmesine izin verir.</Text>
		</Row>
		<Row Tag="LOC_TECH_BRONZE_WORKING_DESCRIPTION">
			<Text>Yağmur ormanlarının kesilmesine izin verir ve [ICON_RESOURCE_IRON] Demir'i açığa çıkarır.</Text>
		</Row>
		<Row Tag="LOC_TECH_SHIPBUILDING_DESCRIPTION">
			<Text>Tüm kara birimlerinin bindirme yapmasına izin verir.</Text>
		</Row>
		<Row Tag="LOC_TECH_CELESTIAL_NAVIGATION_DESCRIPTION">
			<Text>Tüccarların bindirme yapmasına izin verir ve [ICON_RESOURCE_FISH] Balık yakalamaya izin verir.</Text>
		</Row>
		<Row Tag="LOC_TECH_MATHEMATICS_DESCRIPTION">
			<Text>Tüm Deniz birimlerine, +1 [ICON_Movement] Hareket.</Text>
		</Row>
		<Row Tag="LOC_TECH_APPRENTICESHIP_DESCRIPTION">
			<Text>Maden Ocağından, +1 [ICON_Production] Üretim.</Text>
		</Row>
		<Row Tag="LOC_TECH_CASTLES_DESCRIPTION">
			<Text>Bitişikte Çin Seddi olduğu için [ICON_Culture] Kültür bonusu. Catherine de Medici olarak oynanıyorsa, bedava bir Casus kazanırsınız.</Text>
		</Row>
    <Row Tag="LOC_TECH_CARTOGRAPHY_DESCRIPTION">
      <Text>Balıkçı Teknesinden, +2 [ICON_Gold] Altın. Tüm deniz ve bindirme birimleri okyanus peteklerinde hareket edebilirler.</Text>
    </Row>
    <Row Tag="LOC_TECH_SQUARE_RIGGING_DESCRIPTION">
      <Text>+1 [ICON_Movement] Giriş birimleri için hareket.</Text>
    </Row>
    <Row Tag="LOC_TECH_BANKING_DESCRIPTION">
			<Text>Taş Ocağından, +2 [ICON_Gold] Altın.</Text>
		</Row>
		<Row Tag="LOC_TECH_PRINTING_DESCRIPTION">
			<Text>Diğer tüm uygarlıklara, bir derece daha diplomatik görünürlük sağlar. [ICON_GreatWork_Writing] Yazıtsal Başyapıtlarda, [ICON_Tourism] Turizm verimi iki katına çıkar.</Text>
		</Row>
		<Row Tag="LOC_TECH_RADIO_DESCRIPTION">
			<Text>[ICON_RESOURCE_ALUMINUM] Alüminyum açığa çıkar.</Text>
		</Row>
		<Row Tag="LOC_TECH_INDUSTRIALIZATION_DESCRIPTION">
			<Text>Maden Ocaklarından, +1 [ICON_Production] Üretim.</Text>
		</Row>
		<Row Tag="LOC_TECH_SCIENTIFIC_THEORY_DESCRIPTION">
			<Text>Araştırma Anlaşması için diplomatik görüşmelere izin verir. Tarlalardan, +1 [ICON_Food] Gıda.</Text>
		</Row>
		<Row Tag="LOC_TECH_SANITATION_DESCRIPTION">
			<Text>Baoli geliştirmeleri, +1 [ICON_Housing] Konut sağlar.</Text>
		</Row>
		<Row Tag="LOC_TECH_STEAM_POWER_DESCRIPTION">
			<Text>Bindirme birimleri için, +2 [ICON_Movement] Hareket.</Text>
		</Row>
		<Row Tag="LOC_TECH_FLIGHT_DESCRIPTION">
			<Text>[ICON_Culture] Kültür sağlayan tüm geliştirmeler için, [ICON_Tourism] Turizm bonusu.  Amount of [ICON_Tourism] Tourism generated is equivalent to the improvement's [ICON_Culture] Culture output.</Text>
		</Row>
		<Row Tag="LOC_TECH_REPLACEABLE_PARTS_DESCRIPTION">
			<Text>Tüm Çiftlik geliştirmeleri, Mekanize Tarım'a yükseltilir. Bitişik her Çiftlik için, +1 [ICON_Food] Gıda bonusu.</Text>
		</Row>
		<Row Tag="LOC_TECH_STEEL_DESCRIPTION">
			<Text>Kereste Fabrikasından, +1 [ICON_Production] Üretim. Unlocks Urban Defenses, giving all of your cities an automatic 200 Fortification Strength and the ability to perform a ranged attack.</Text>
		</Row>
		<Row Tag="LOC_TECH_COMBUSTION_DESCRIPTION">
			<Text>Bindirme birimleri için, +1 [ICON_Movement] Hareket.</Text>
		</Row>
		<Row Tag="LOC_TECH_ROCKETRY_DESCRIPTION">
			<Text>Taş Ocaklarından, +1 [ICON_Production] Üretim.</Text>
		</Row>
		<Row Tag="LOC_TECH_PLASTICS_DESCRIPTION">
			<Text>Balıkçı teknesinden, +1 [ICON_Food] Gıda.</Text>
		</Row>
		<Row Tag="LOC_TECH_COMPUTERS_DESCRIPTION">
			<Text>Ek bir Casus yetiştirme şansı verir. Tüm [ICON_Tourism] Turizm verimleri iki katına çıkar.</Text>
		</Row>
		<Row Tag="LOC_TECH_SYNTHETIC_MATERIALS_DESCRIPTION">
			<Text>Kamplardan, +1 [ICON_Gold] Altın.</Text>
		</Row>
		<Row Tag="LOC_TECH_ROBOTICS_DESCRIPTION">
			<Text>Meralardan, +1 [ICON_Production] Üretim.</Text>
		</Row>
		<Row Tag="LOC_TECH_FUTURE_TECH_DESCRIPTION">
			<Text>Puanınızı artırarak, birkaç kez Skor zaferini kazanabilirsiniz.</Text>
		</Row>
		<Row Tag="LOC_BOOST_TRIGGER_SAILING">
			<Text>Sahilde bir şehir kurun.</Text>
		</Row>
		<Row Tag="LOC_BOOST_TRIGGER_ASTROLOGY">
			<Text>Bir Doğal Harika keşfedin.</Text>
		</Row>
		<Row Tag="LOC_BOOST_TRIGGER_IRRIGATION">
			<Text>Bir kaynak ekip biçin.</Text>
		</Row>
		<Row Tag="LOC_BOOST_TRIGGER_ARCHERY">
			<Text>Bir birimi bir Sapancı Asker ile öldür.</Text>
		</Row>
		<Row Tag="LOC_BOOST_TRIGGER_WRITING">
			<Text>Başka bir medeniyetle tanışın.</Text>
		</Row>
		<Row Tag="LOC_BOOST_TRIGGER_MASONRY">
			<Text>Taş Ocağı kurun.</Text>
		</Row>
		<Row Tag="LOC_BOOST_TRIGGER_BRONZE_WORKING">
			<Text>3 Barbar öldürün.</Text>
		</Row>
		<Row Tag="LOC_BOOST_TRIGGER_THE_WHEEL">
			<Text>Bir maden kaynağı işleyin.</Text>
		</Row>
		<Row Tag="LOC_BOOST_TRIGGER_CELESTIAL_NAVIGATION">
			<Text>2 deniz kaynağını geliştirin.</Text>
		</Row>
		<Row Tag="LOC_BOOST_TRIGGER_CURRENCY">
			<Text>Bir [ICON_TradeRoute] Ticaret Yolu oluşturun.</Text>
		</Row>
		<Row Tag="LOC_BOOST_TRIGGER_HORSEBACK_RIDING">
			<Text>Bir Mera kurun.</Text>
		</Row>
		<Row Tag="LOC_BOOST_TRIGGER_IRON_WORKING">
			<Text>Bir Demir Madeni işleyin.</Text>
		</Row>
		<Row Tag="LOC_BOOST_TRIGGER_SHIPBUILDING">
			<Text>2 Kadırga'ya sahip olun.</Text>
		</Row>
		<Row Tag="LOC_BOOST_TRIGGER_MATHEMATICS">
			<Text>3 farklı özel Bölge oluşturun.</Text>
		</Row>
		<Row Tag="LOC_BOOST_TRIGGER_CONSTRUCTION">
			<Text>Su değirmeni kurun.</Text>
		</Row>
		<Row Tag="LOC_BOOST_TRIGGER_ENGINEERING">
			<Text>Antik Duvarlar Oluşturun.</Text>
		</Row>
		<Row Tag="LOC_BOOST_TRIGGER_MILITARY_TACTICS">
			<Text>Mızraklı Asker kullanarak bir birim öldürün.</Text>
		</Row>
		<Row Tag="LOC_BOOST_TRIGGER_APPRENTICESHIP">
			<Text>3 Maden Ocağı kurun.</Text>
		</Row>
		<Row Tag="LOC_BOOST_TRIGGER_STIRRUPS">
			<Text>Feodalizm ilkesine sahip olun.</Text>
		</Row>
		<Row Tag="LOC_BOOST_TRIGGER_MACHINERY">
			<Text>3 Okçu'ya sahip olun.</Text>
		</Row>
		<Row Tag="LOC_BOOST_TRIGGER_EDUCATION">
			<Text>Bir Ünlü Bilim Adamı kazanın.</Text>
		</Row>
		<Row Tag="LOC_BOOST_TRIGGER_MILITARY_ENGINEERING">
			<Text>Su Kemeri kurun.</Text>
		</Row>
		<Row Tag="LOC_BOOST_TRIGGER_CASTLES">
			<Text>6 politika slotu olan bir Hükümet sahip olun.</Text>
		</Row>
		<Row Tag="LOC_BOOST_TRIGGER_CARTOGRAPHY">
			<Text>2 Liman inşa et.</Text>
		</Row>
		<Row Tag="LOC_BOOST_TRIGGER_MASS_PRODUCTION">
			<Text>Bir Kereste Fabrikası inşa et.</Text>
		</Row>
		<Row Tag="LOC_BOOST_TRIGGER_BANKING">
			<Text>Loncalar İlkesine sahip ol.</Text>
		</Row>
		<Row Tag="LOC_BOOST_TRIGGER_GUNPOWDER">
			<Text>Cephanelik inşa et.</Text>
		</Row>
		<Row Tag="LOC_BOOST_TRIGGER_PRINTING">
			<Text>2 Üniversite inşa et.</Text>
		</Row>
		<Row Tag="LOC_BOOST_TRIGGER_SQUARE_RIGGING">
			<Text>Arkebüzcü kullanarak bir birim öldür.</Text>
		</Row>
		<Row Tag="LOC_BOOST_TRIGGER_ASTRONOMY">
			<Text>Bir dağ yakınında, Üniversite inşa et.</Text>
		</Row>
		<Row Tag="LOC_BOOST_TRIGGER_METAL_CASTING">
			<Text>2 Arbaletli Asker'e sahip ol.</Text>
		</Row>
		<Row Tag="LOC_BOOST_TRIGGER_SIEGE_TACTICS">
			<Text>2 Şahi Topu'na sahip ol.</Text>
		</Row>
		<Row Tag="LOC_BOOST_TRIGGER_INDUSTRIALIZATION">
			<Text>3 Atölye inşa et.</Text>
		</Row>
		<Row Tag="LOC_BOOST_TRIGGER_SCIENTIFIC_THEORY">
			<Text>Aydınlanma İlkesine sahip ol.</Text>
		</Row>
		<Row Tag="LOC_BOOST_TRIGGER_BALLISTICS">
			<Text>Sınırların içinde 2 Hisar sahibi ol. Her ikisi de Askeri Mühendis tarafından inşa edilecek.</Text>
		</Row>
		<Row Tag="LOC_BOOST_TRIGGER_MILITARY_SCIENCE">
			<Text>Bir Şövalye ile bir birim öldür.</Text>
		</Row>
		<Row Tag="LOC_BOOST_TRIGGER_STEAM_POWER">
			<Text>2 Tersane inşa et.</Text>
		</Row>
		<Row Tag="LOC_BOOST_TRIGGER_SANITATION">
			<Text>2 Banliyö kur.</Text>
		</Row>
		<Row Tag="LOC_BOOST_TRIGGER_ECONOMICS">
			<Text>2 Banka kur.</Text>
		</Row>
		<Row Tag="LOC_BOOST_TRIGGER_RIFLING">
			<Text>Potasyum Nitrat madeni kur.</Text>
		</Row>
		<Row Tag="LOC_BOOST_TRIGGER_FLIGHT">
			<Text>Endüstriyel çağda veya harika sonrasında kurun.</Text>
		</Row>
		<Row Tag="LOC_BOOST_TRIGGER_REPLACEABLE_PARTS">
			<Text>3 Arkebüzcü'ye sahip olun.</Text>
		</Row>
		<Row Tag="LOC_BOOST_TRIGGER_STEEL">
			<Text>Bir Kömür Madeni kurun.</Text>
		</Row>
		<Row Tag="LOC_BOOST_TRIGGER_ELECTRICITY">
			<Text>3 Korsan Gemisi sahip olun.</Text>
		</Row>
		<Row Tag="LOC_BOOST_TRIGGER_RADIO">
			<Text>Bir Ulusal Park kurun.</Text>
		</Row>
		<Row Tag="LOC_BOOST_TRIGGER_CHEMISTRY">
			<Text>Bir Araştırma Anlaşması tamamlayın.</Text>
		</Row>
		<Row Tag="LOC_BOOST_TRIGGER_COMBUSTION">
			<Text>Bir Kalıntı çıkarın.</Text>
		</Row>
		<Row Tag="LOC_BOOST_TRIGGER_ADVANCED_FLIGHT">
			<Text>3 tane İki Kanatlı yapın.</Text>
		</Row>
		<Row Tag="LOC_BOOST_TRIGGER_ADVANCED_BALLISTICS">
			<Text>2 Enerji Santrali kurun.</Text>
		</Row>
		<Row Tag="LOC_BOOST_TRIGGER_COMBINED_ARMS">
			<Text>Bir İniş Pisti kurun.</Text>
		</Row>
		<Row Tag="LOC_BOOST_TRIGGER_PLASTICS">
			<Text>Bir Petrol Kuyusu kurun.</Text>
		</Row>
		<Row Tag="LOC_BOOST_TRIGGER_COMPUTERS">
			<Text>8 politika slotu olan bir Hükümete sahip olun.</Text>
		</Row>
		<Row Tag="LOC_BOOST_TRIGGER_SYNTHETIC_MATERIALS">
			<Text>2 Havaalanı kurun.</Text>
		</Row>
		<Row Tag="LOC_BOOST_TRIGGER_TELECOMMUNICATIONS">
			<Text>2 Yayın Merkezi kurun.</Text>
		</Row>
		<Row Tag="LOC_BOOST_TRIGGER_GUIDANCE_SYSTEMS">
			<Text>Bir Avcı Uçağı vurun.</Text>
		</Row>
		<Row Tag="LOC_BOOST_TRIGGER_COMPOSITES">
			<Text>3 Tank'a sahip olun.</Text>
		</Row>
		<Row Tag="LOC_BOOST_TRIGGER_ROBOTICS">
			<Text>Küreselleşme İlkesine sahip olun.</Text>
		</Row>
		<Row Tag="LOC_BOOST_TRIGGER_NANOTECHNOLOGY">
			<Text>Bir Alüminyum Madeni kurun.</Text>
		</Row>
		<Row Tag="LOC_BOOST_TRIGGER_MUST_STEAL">
			<Text>Ünlü Bilim Adamı veya Casus ile Yükseltin.</Text>
		</Row>
		<Row Tag="LOC_BOOST_TRIGGER_LONGDESC_SAILING">
			<Text>Kıyıda bir sehir sahibi olmak, Medeniyetinize dalgalar üzerinde gezinmek için bakış açısı verdi.</Text>
		</Row>
		<Row Tag="LOC_BOOST_TRIGGER_LONGDESC_ASTROLOGY">
			<Text>Bir Doğal Harika'yı keşfetmek, evrenin ihtişamı ile halkınıza ilham verdi.</Text>
		</Row>
		<Row Tag="LOC_BOOST_TRIGGER_LONGDESC_IRRIGATION">
			<Text>Bir kaynak yetiştirmek, bitkileri sulamanın önemini anlamanızı sağladı.</Text>
		</Row>
		<Row Tag="LOC_BOOST_TRIGGER_LONGDESC_ARCHERY">
			<Text>Nihayet bir düşmanı, Sapancı Asker ile öldürdükten sonra, daha güçlü menzilli bir silah arzuladın.</Text>
		</Row>
		<Row Tag="LOC_BOOST_TRIGGER_LONGDESC_WRITING">
			<Text>Yeni bir medeniyetle tanıştıktan sonra, yeni iletişim yollarının gerektiğini göreceksiniz.</Text>
		</Row>
		<Row Tag="LOC_BOOST_TRIGGER_LONGDESC_MASONRY">
			<Text>Bir taş ocağını işlemek size, taş işçisi istihdamı için gerekli hammaddeleri vermiştir.</Text>
		</Row>
		<Row Tag="LOC_BOOST_TRIGGER_LONGDESC_BRONZE_WORKING">
			<Text>Barbarlara karşı yürüttüğünüz mücadele, daha güçlü silahlara ihtiyaç duyduğunuzu gösteriyor.</Text>
		</Row>
		<Row Tag="LOC_BOOST_TRIGGER_LONGDESC_THE_WHEEL">
			<Text>Madencilik faaliyetleriniz aksın geliştirilmesine yol açtı. Şimdi tekerleği takip edecek misiniz?</Text>
		</Row>
		<Row Tag="LOC_BOOST_TRIGGER_LONGDESC_CELESTIAL_NAVIGATION">
			<Text>Balıkçılar, gece gökyüzünü inceleyerek yolculuklarını nasıl yönlendireceklerini öğreniyorlar.</Text>
		</Row>
		<Row Tag="LOC_BOOST_TRIGGER_LONGDESC_CURRENCY">
			<Text>[ICON_TradeRoute] Ticaret Yollarınız, doğrudan mal alışverişinde bulunur, Fakat değişim araçları ticareti daha esnek hale getirecektir.</Text>
		</Row>
		<Row Tag="LOC_BOOST_TRIGGER_LONGDESC_HORSEBACK_RIDING">
			<Text>Artık otlaklardaki evcil hayvanlarla, biniciliği öğrenme zamanı geldi.</Text>
		</Row>
		<Row Tag="LOC_BOOST_TRIGGER_LONGDESC_IRON_WORKING">
			<Text>Sabit demir kaynaklarına erişim, daha güçlü silahlar ve zırhlar üretmenize olanak sağlayacak.</Text>
		</Row>
		<Row Tag="LOC_BOOST_TRIGGER_LONGDESC_SHIPBUILDING">
			<Text>Bir kadırga filosu oluşturmak, size daha güçlü gemiler üretmeyi öğretti.</Text>
		</Row>
		<Row Tag="LOC_BOOST_TRIGGER_LONGDESC_MATHEMATICS">
			<Text>Bölge planlamacılarınız, geometrinin temelleri üzerine çalıştılar. Yakında bunu tam bir matematiksel sistem bilgisi izleyecek mi?</Text>
		</Row>
		<Row Tag="LOC_BOOST_TRIGGER_LONGDESC_CONSTRUCTION">
			<Text>Su Değirmeni üretimi, işçilerinize inşaat uygulamaları hakkında çok şey öğretti.</Text>
		</Row>
		<Row Tag="LOC_BOOST_TRIGGER_LONGDESC_ENGINEERING">
			<Text>Kentinizin çevresine örülen duvarların tamamlanması, size Su Kemerleri ve Mancınık mühendisliğinin ilkelerini öğretti.</Text>
		</Row>
		<Row Tag="LOC_BOOST_TRIGGER_LONGDESC_MILITARY_TACTICS">
			<Text>Mızraklı Asker etkili olduğunu kanıtlıyor, ancak şimdi rakipleriniz daha güçlü ve daha hızlı. Belki de daha güçlü silahlara ihtiyacınız vardır?</Text>
		</Row>
		<Row Tag="LOC_BOOST_TRIGGER_LONGDESC_APPRENTICESHIP">
			<Text>Çeşitli madenlerden gelen ham maddeleriniz, işinize çok yarayacak. Yeni Sanatkarlar yetiştirilmesini sağlayacak. </Text>
		</Row>
		<Row Tag="LOC_BOOST_TRIGGER_LONGDESC_STIRRUPS">
			<Text>Bölgenizdeki feodal lordlar topraklarını savunmak için bir şampiyon istiyorlar. Belki at sırtında, zırhlı bir savaşçı olabilir?</Text>
		</Row>
		<Row Tag="LOC_BOOST_TRIGGER_LONGDESC_MACHINERY">
			<Text>Menzilli savaş grubundaki büyük birliklerinizi geliştirmek için, makinelerin kullanımını geliştirin.</Text>
		</Row>
		<Row Tag="LOC_BOOST_TRIGGER_LONGDESC_EDUCATION">
			<Text>Ünlü Bilim Adamlarının öğretileri, ülkenle ilgili yeni bilgiler edinme isteğine ilham kaynağı oldu.</Text>
		</Row>
		<Row Tag="LOC_BOOST_TRIGGER_LONGDESC_MILITARY_ENGINEERING">
			<Text>Askeri liderleriniz su kemerindeki ilerlemeyi dikkatlice takip ettiler. Bu alanla ilgili mühendislik becerilerini kullanmanın yeni yollarını buldular.</Text>
		</Row>
		<Row Tag="LOC_BOOST_TRIGGER_LONGDESC_CASTLES">
			<Text>Yeni Hükümetimizin savunma bakanı, gelişen başkentimizi etkileyici savunmalarla korumamızı önermektedir.</Text>
		</Row>
		<Row Tag="LOC_BOOST_TRIGGER_LONGDESC_CARTOGRAPHY">
			<Text>İmparatorluğunuzun limanlarından kalkan o kadar çok gemi var ki, keşiflerinizi belgelemelisiniz.</Text>
		</Row>
		<Row Tag="LOC_BOOST_TRIGGER_LONGDESC_MASS_PRODUCTION">
			<Text>Artık elinde hazır standart malzeme yükü olduğu için, kargo endüstriniz yakında gelişecek.</Text>
		</Row>
		<Row Tag="LOC_BOOST_TRIGGER_LONGDESC_BANKING">
			<Text>Ortaya çıkan Loncalar, büyük miktarda altın gerektiren planlara sahipler. Belki onlara borç para vermenin bir yolunu bulabiliriz?</Text>
		</Row>
		<Row Tag="LOC_BOOST_TRIGGER_LONGDESC_GUNPOWDER">
			<Text>Cephanelik çalışanları, düşmanı harap edecek yeni bir silah yarattı.</Text>
		</Row>
		<Row Tag="LOC_BOOST_TRIGGER_LONGDESC_PRINTING">
			<Text>Akademisyenler, gerekli kitapları daha kısa sürede çoğaltmaya çalışıyorlar.</Text>
		</Row>
		<Row Tag="LOC_BOOST_TRIGGER_LONGDESC_SQUARE_RIGGING">
			<Text>Arkebüzcülerin karadaki başarısına bak, aklıma bazı fikirler geliyor: Bu silahı bir savaş gemisine uygulayalım mı?</Text>
		</Row>
		<Row Tag="LOC_BOOST_TRIGGER_LONGDESC_ASTRONOMY">
			<Text>Bilim Adamlarınız gökyüzünü daha yakından incelemek için dağa tırmandı. Eğer iyi bir tesis kurarsanız, onlara yardımı dokunabilir.</Text>
		</Row>
		<Row Tag="LOC_BOOST_TRIGGER_LONGDESC_METAL_CASTING">
			<Text>Birçok Arbaletli Asker ile, uzun menzilli silahların kullanımı hakkında çok fazla deneyime ve bilgiye sahibiz.</Text>
		</Row>
		<Row Tag="LOC_BOOST_TRIGGER_LONGDESC_SIEGE_TACTICS">
			<Text>Şahi toplarının icadından sonra kalelerin direnci kırılacaktır – sağlam bir savunmaya ihtiyacınız var !</Text>
		</Row>
		<Row Tag="LOC_BOOST_TRIGGER_LONGDESC_INDUSTRIALIZATION">
			<Text>İmparatorluğunuzun faal atölyeleri büyük gelişmelerin müjdecisi. Yoksa Sanayi Devrimi mi başlamak üzere?</Text>
		</Row>
		<Row Tag="LOC_BOOST_TRIGGER_LONGDESC_SCIENTIFIC_THEORY">
			<Text>Aydınlanma'nın doğuşuyla birlikte, bilimsel yöntemlerimiz hakkında büyük bir tartışma başladı.</Text>
		</Row>
		<Row Tag="LOC_BOOST_TRIGGER_LONGDESC_BALLISTICS">
			<Text>Şehirleriniz birden çok sur duvarıyla korunuyor, peki ya Toplar tarafındanda korunabilirse ne olur?</Text>
		</Row>
		<Row Tag="LOC_BOOST_TRIGGER_LONGDESC_MILITARY_SCIENCE">
			<Text>Cesur Şövalyeleriniz düşmanı mağlup etti. Bu zaferden ders alın ve askeri becerilerinizi daha da geliştirin.</Text>
		</Row>
		<Row Tag="LOC_BOOST_TRIGGER_LONGDESC_STEAM_POWER">
			<Text>Endüstriyel bilgilerimizi yeni tershanelerimize uygulayalım. Buharlı gemiler denizleri fethedebilir.</Text>
		</Row>
		<Row Tag="LOC_BOOST_TRIGGER_LONGDESC_SANITATION">
			<Text>Banliyölerin tanıtılmasıyla, şehrimiz geçmişe göre daha çok büyüdü. Bir Sağlık Önlemi planı geliştirmek çok önemli.</Text>
		</Row>
		<Row Tag="LOC_BOOST_TRIGGER_LONGDESC_ECONOMICS">
			<Text>Bankalarınızın gücü sürekli olarak büyüyor. Ulusal ekonomimize şekil veren güçleri resmen incelemenin zamanı geldi.</Text>
		</Row>
		<Row Tag="LOC_BOOST_TRIGGER_LONGDESC_RIFLING">
			<Text>Artık bir Potasyum Nitrat kaynağına sahipsiniz, ateşli silah endüstriniz üretimi artırmaya hazır. Bir sonraki adım, doğruluğumuzu artırmak olacak.</Text>
		</Row>
		<Row Tag="LOC_BOOST_TRIGGER_LONGDESC_FLIGHT">
			<Text>Modern bir harika yapımı, mühendislerimize güven verdi. Artık her şeyi halledebilirler. Acaba sırada bizi uçmak mı bekliyor?</Text>
		</Row>
		<Row Tag="LOC_BOOST_TRIGGER_LONGDESC_REPLACEABLE_PARTS">
			<Text>Your armament makers are tired of having to hand craft so many muskets.  Perhaps some standardization would help?</Text>
		</Row>
		<Row Tag="LOC_BOOST_TRIGGER_LONGDESC_STEEL">
			<Text>Kömür yakıtlı fırınları kullanarak, yakında yüksek kaliteli çelik üretebileceğiz.</Text>
		</Row>
		<Row Tag="LOC_BOOST_TRIGGER_LONGDESC_ELECTRICITY">
			<Text>Kurnaz korsanlarınız elektrik akımının keşfedilmesinden etkilendi. Gemiyi sinsice hareket ettirmek için bu gücü kullanmak mümkün müdür?</Text>
		</Row>
		<Row Tag="LOC_BOOST_TRIGGER_LONGDESC_RADIO">
			<Text>Yeni ulusal parkın turistlere ihtiyacı var. Neden Reklamını yapmak için yeni iletişim teknolojilerini kullanmayı denemiyorsunuz?</Text>
		</Row>
		<Row Tag="LOC_BOOST_TRIGGER_LONGDESC_CHEMISTRY">
			<Text>Diğer uluslarla ittifak kurmak, bilimsel gelişmelerin zincirleme reaksiyonunu başlatmıştır.  Bir sonraki hamle kimya olacak mı?</Text>
		</Row>
		<Row Tag="LOC_BOOST_TRIGGER_LONGDESC_COMBUSTION">
			<Text>Arkeologlarınız kayalardan sızan petrolün farkına vardı. Belki jeologlarınızla bir göz atmak istersiniz?</Text>
		</Row>
		<Row Tag="LOC_BOOST_TRIGGER_LONGDESC_ADVANCED_FLIGHT">
			<Text>İki Kanatlı'daki önemli tecrübeniz, havacılıkta çeşitli atılımlara yol açtı.</Text>
		</Row>
		<Row Tag="LOC_BOOST_TRIGGER_LONGDESC_ADVANCED_BALLISTICS">
			<Text>Yeni enerji santrali tarafından geliştirilen teknoloji, silah üretimi için kullanılabilir.</Text>
		</Row>
		<Row Tag="LOC_BOOST_TRIGGER_LONGDESC_COMBINED_ARMS">
			<Text>Karaya nasıl bir pist inşa edebileceğinizi bildiğinize göre, neden bunu denizde de denemiyorsunuz?</Text>
		</Row>
		<Row Tag="LOC_BOOST_TRIGGER_LONGDESC_PLASTICS">
			<Text>Petrokimyasal ürünlerin özellikleri sonsuzdur. Özellikle dikkat çekici olan, herhangi bir biçimde şekillendirilebilme özelliği.</Text>
		</Row>
		<Row Tag="LOC_BOOST_TRIGGER_LONGDESC_COMPUTERS">
			<Text>Modern bir hükümet, çok bürokrasi ile gelir. Verileri verimli bir şekilde takip etmek için etkili teknikler geliştirmek, çok yardımcı olacaktır.</Text>
		</Row>
		<Row Tag="LOC_BOOST_TRIGGER_LONGDESC_SYNTHETIC_MATERIALS">
			<Text>Birçok şehirdeki uygun altyapılar sayesinde, Havacılık endüstriniz kalkınıyor.</Text>
		</Row>
		<Row Tag="LOC_BOOST_TRIGGER_LONGDESC_TELECOMMUNICATIONS">
			<Text>Radyo ve televizyon endüstrisinin öncülerinden bilgi aktarma teknolojisi, hızla gelişmektedir.</Text>
		</Row>
		<Row Tag="LOC_BOOST_TRIGGER_LONGDESC_GUIDANCE_SYSTEMS">
			<Text>Ordunuz bir düşman uçağını mağlup etti. Şimdi hava saldırılarına karşı savunma sistemleri geliştirmenin zamanı geldi.</Text>
		</Row>
		<Row Tag="LOC_BOOST_TRIGGER_LONGDESC_COMPOSITES">
			<Text>Tanklar ordunuzun dayanak noktası olarak hizmet ediyor, ve bilim adamlarınız daha gelişmiş bir model üzerinde çalışıyorlar.</Text>
		</Row>
		<Row Tag="LOC_BOOST_TRIGGER_LONGDESC_ROBOTICS">
			<Text>Çok çeşitli metallerle deneme yapan bilim adamlarınız, yeni alanlarda ilerleyebilirler.</Text>
		</Row>
		<Row Tag="LOC_BOOST_TRIGGER_LONGDESC_NANOTECHNOLOGY">
			<Text>Çok çeşitli metallerle deneme yapan bilim adamlarınız, yeni alanlarda ilerleyebilirler.</Text>
		</Row>
		<Row Tag="LOC_BOOST_TRIGGER_LONGDESC_TEAM_MEMBER_OWNS_TECH">
			<Text>A team member has shared their research notes for a recently acquired technology. Their innovation will improve our own progress dramatically.</Text>
		</Row>
	</BaseGameText>
</GameData>
