﻿<?xml version="1.0" encoding="utf-8"?>
<GameData>
	<FrontEndText>
		<Row Tag="LOC_UI_PEDIA_TITLE">
			<Text>CIVILOPEDIA</Text>
		</Row>
		<Row Tag="LOC_UI_PEDIA_CIVILIZATIONS">
			<Text>Uygarlıklar</Text>
		</Row>
		<Row Tag="LOC_UI_PEDIA_GEOGRAPHY_AND_SOCIAL_DATA">
			<Text>Cografya &amp; Sosyal Veri</Text>
		</Row>
		<Row Tag="LOC_UI_PEDIA_PREFERENCES">
			<Text>Öncelikler</Text>
		</Row>
		<Row Tag="LOC_UI_PEDIA_AGENDAS">
			<Text>Gündemler</Text>
		</Row>
		<Row Tag="LOC_UI_PEDIA_PREFERRED_RELIGION">
			<Text>Dinler</Text>
		</Row>
		<Row Tag="LOC_UI_PEDIA_LEADERS">
			<Text>Liderler</Text>
		</Row>
		<Row Tag="LOC_UI_PEDIA_PREFERS_RIVERS">
			<Text>Nehirler</Text>
		</Row>
		<Row Tag="LOC_UI_PEDIA_PREFERS_RIVERS_FOOTNOTE">
			<Text>(ayrıca nehir tercihleri)</Text>
		</Row>
		<Row Tag="LOC_UI_PEDIA_SPECIAL_INFRASTRUCTURE">
			<Text>Özel Altyapılar</Text>
		</Row>
		<Row Tag="LOC_UI_PEDIA_SPECIAL_UNITS">
			<Text>Özel Birimler</Text>
		</Row>
		<Row Tag="LOC_UI_PEDIA_SUZERAIN">
			<Text>Hükümdarlık Yapmak</Text>
		</Row>
		<Row Tag="LOC_UI_PEDIA_START_BIAS">
			<Text>Önyargıları Başlat</Text>
		</Row>
		<Row Tag="LOC_UI_PEDIA_DESCRIPTION">
			<Text>Açıklama</Text>
		</Row>
		<Row Tag="LOC_UI_PEDIA_BELIEF_CLASS">
			<Text>inanç Sınıfı</Text>
		</Row>
    		<Row Tag="LOC_UI_PEDIA_PROMOTION_CLASS">
			<Text>Yetenek Sınıfı</Text>
		</Row>
		<Row Tag="LOC_UI_PEDIA_TRAITS">
			<Text>Özellikler</Text>
		</Row>
		<Row Tag="LOC_UI_PEDIA_MADE_OBSOLETE_BY">
			<Text>Degiştirilen:</Text>
		</Row>
		<Row Tag="LOC_UI_PEDIA_APPLIES_TO">
			<Text>Geçerli:</Text>
		</Row>
		<Row Tag="LOC_UI_PEDIA_REPLACES">
			<Text>Degiştirir</Text>
		</Row>
		<Row Tag="LOC_UI_PEDIA_REQUIRED_CIVICS">
			<Text>Gerekli ilkeler</Text>
		</Row>
		<Row Tag="LOC_UI_PEDIA_REQUIRED_TECHNOLOGIES">
			<Text>Gerekli Teknolojiler</Text>
		</Row>
		<Row Tag="LOC_UI_PEDIA_UNLOCKS">
			<Text>Kilidi Açılan</Text>
		</Row>
		<Row Tag="LOC_UI_PEDIA_BOOSTS">
			<Text>Yükseltmeler</Text>
		</Row>
		<Row Tag="LOC_UI_PEDIA_FOLLOWERS">
			<Text>Takipçiler</Text>
		</Row>
		<Row Tag="LOC_UI_PEDIA_PROGRESSION">
			<Text>ilerleme</Text>
		</Row>
		<Row Tag="LOC_UI_PEDIA_LEADS_TO_CIVICS">
			<Text>ilke Nedenleri</Text>
		</Row>
		<Row Tag="LOC_UI_PEDIA_LEADS_TO_TECHS">
			<Text>Teknoloji Nedenleri</Text>
		</Row>
		<Row Tag="LOC_UI_PEDIA_PRODUCTION_COST">
			<Text>Üretim Maliyeti</Text>
		</Row>
		<Row Tag="LOC_UI_PEDIA_PURCHASE_COST">
			<Text>Alım Maliyeti</Text>
		</Row>
		<Row Tag="LOC_UI_PEDIA_MAITENANCE_COST">
			<Text>Bakım Maliyeti</Text>
		</Row>
		<Row Tag="LOC_UI_PEDIA_CULTURE_COST">
			<Text>Kültür Maliyeti</Text>
		</Row>
		<Row Tag="LOC_UI_PEDIA_RESEARCH_COST">
			<Text>Araştırma Maliyeti</Text>
		</Row>
		<Row Tag="LOC_UI_PEDIA_BASE_COST">
			<Text>Temel Maliyet: {1_Amount : number #} {2_YieldIcon} {3_YieldName}</Text>
		</Row>
		<Row Tag="LOC_UI_PEDIA_REQUIREMENTS">
			<Text>Gereksinimler</Text>
		</Row>
		<Row Tag="LOC_UI_PEDIA_BUILD_CHARGES">
			<Text>insa Masrafı</Text>
		</Row>
		<Row Tag="LOC_UI_PEDIA_HEAL_CHARGES">
			<Text>Ücretleri iyileştir</Text>
		</Row>
		<Row Tag="LOC_UI_PEDIA_MOVEMENT_POINTS">
			<Text>Hareket Puanı</Text>
		</Row>
		<Row Tag="LOC_UI_PEDIA_MELEE_STRENGTH">
			<Text>Yakın Saldırı Gücü</Text>
		</Row>
		<Row Tag="LOC_UI_PEDIA_RANGED_STRENGTH">
			<Text>Menzilli Saldırı Gücü</Text>
		</Row>
		<Row Tag="LOC_UI_PEDIA_BOMBARD_STRENGTH">
			<Text>Bombardıman Gücü</Text>
		</Row>
		<Row Tag="LOC_UI_PEDIA_RELIGIOUS_STRENGTH">
			<Text>Dini Güç</Text>
		</Row>
		<Row Tag="LOC_UI_PEDIA_ANTIAIR_STRENGTH">
			<Text>Hava Savunma Gücü</Text>
		</Row>
		<Row Tag="LOC_UI_PEDIA_SPREAD_CHARGES">
			<Text>Yayılma Masrafı</Text>
		</Row>
		<Row Tag="LOC_UI_PEDIA_RANGE">
			<Text>Menzil</Text>
		</Row>	
		<Row Tag="LOC_UI_PEDIA_REPLACED_BY">
			<Text>Degiştirilir:</Text>
		</Row>
		<Row Tag="LOC_UI_PEDIA_UNLOCKED_BY">
			<Text>Açık:</Text>
		</Row>
		<Row Tag="LOC_UI_PEDIA_BUILT_BY">
			<Text>Yapım:</Text>
		</Row>
		<Row Tag="LOC_UI_PEDIA_USAGE">
			<Text>Kullanım</Text>
		</Row>
		<Row Tag="LOC_UI_PEDIA_USAGE_UNLOCKS_BUILDINGS">
			<Text>Binaların Kilidini Açar</Text>
		</Row>
		<Row Tag="LOC_UI_PEDIA_USAGE_UNLOCKS_UNITS">
			<Text>Birimlerin Kilidini Açar</Text>
		</Row>
		<Row Tag="LOC_UI_PEDIA_USAGE_CAN_CONSTRUCT">
			<Text>İnşa Edebilir</Text>
		</Row>
		<Row Tag="LOC_UI_PEDIA_PLACEMENT">
			<Text>Yerleştirme</Text>
		</Row>
		<Row Tag="LOC_UI_PEDIA_ADJACENCY">
			<Text>Bitişiklik</Text>
		</Row>
		<Row Tag="LOC_UI_PEDIA_EXCLUSIVE_WITH">
			<Text>Birbirleri ile Uyumsuz:</Text>
		</Row>
		<Row Tag="LOC_UI_PEDIA_PLACEMENT_ADJ_TO_COAST">
			<Text>Karaya bitişik Kıyıya yerleştirilmelidir</Text>
		</Row>
		<Row Tag="LOC_UI_PEDIA_PLACEMENT_ADJ_TO_CITY">
			<Text>Şehir Merkezine bitişik bir nehir, göl, vaha veya dag da olmalı</Text>
		</Row>
		<Row Tag="LOC_UI_PEDIA_PLACEMENT_NOT_ADJ_TO_CITY">
			<Text>Şehir Merkezine bitişik olamaz</Text>
		</Row>
		<Row Tag="LOC_UI_PEDIA_ADJACENCY_BONUS">
			<Text>Bitişiklik Bonusu</Text>
		</Row>
		<Row Tag="LOC_UI_PEDIA_CITIZEN_YIELDS">
			<Text>Vatandaş Verimliligi (vatandaş başına)</Text>
		</Row>
		<Row Tag="LOC_UI_PEDIA_TRADE_YIELDS">
			<Text>Ticaret Getirileri</Text>
		</Row>
		<Row Tag="LOC_UI_PEDIA_TRADE_ORIGIN">
			<Text>Nereden</Text>
		</Row>
		<Row Tag="LOC_UI_PEDIA_TRADE_DOMESTIC_DESTINATION">
			<Text>Yerel Hedef</Text>
		</Row>
		<Row Tag="LOC_UI_PEDIA_TRADE_INTERNATIONAL_DESTINATION">
			<Text>Uluslararası Hedef</Text>
		</Row>
		<Row Tag="LOC_UI_PEDIA_UPGRADES_TO">
			<Text>Suna Yükselt:</Text>
		</Row>
		<Row Tag="LOC_UI_PEDIA_UPGRADE_FROM">
			<Text>Sundan Yükselt:</Text>
		</Row>
		<Row Tag="LOC_UI_PEDIA_UNIQUE_TO">
			<Text>Eşsiz:</Text>
		</Row>
		<Row Tag="LOC_UI_PEDIA_UNIQUE_ABILITY">
			<Text>Eşsiz Yetenek</Text>
		</Row>
		<Row Tag="LOC_UI_PEDIA_PROMOTIONS">
			<Text>Terfiler</Text>
		</Row>
		<Row Tag="LOC_UI_PEDIA_PROJECTS">
			<Text>Projeler</Text>
		</Row>
		<Row Tag="LOC_UI_PEDIA_CITY_STATE_TYPE">
			<Text>Sehir Devlet'i Tipi</Text>
		</Row>
		<Row Tag="LOC_UI_PEDIA_CREATES">
			<Text>Olusturuldu</Text>
		</Row>
		<Row Tag="LOC_UI_PEDIA_CREATED_BY">
			<Text>Olusturan:</Text>
		</Row>
		<Row Tag="LOC_UI_PEDIA_ESPIONAGE_MISSIONS">
			<Text>Casusluk Görevleri</Text>
		</Row>
		<Row Tag="LOC_TYPE_TRAIT_TURNS">
			<Text>Tur: {1_Name} (Standart Hız)</Text>
		</Row>
		<Row Tag="LOC_TYPE_TRAIT_BASE_PROBABILITY">
			<Text>Temel Olasılık: %{1_Name}</Text>
		</Row>
		<Row Tag="LOC_TYPE_TRAIT_TARGET_DISTRICT">
			<Text>Hedef Bölge: {1_Name}</Text>
		</Row>
		<Row Tag="LOC_UI_PEDIA_IMPROVED_BY">
			<Text>Gelistiren:</Text>
		</Row>
		<Row Tag="LOC_UI_PEDIA_HARVEST">
			<Text>Hasat:</Text>
		</Row>
		<Row Tag="LOC_UI_PEDIA_REQUIRES">
			<Text>Gereken: {1_Name}</Text>
		</Row>
		<Row Tag="LOC_UI_PEDIA_VALID_RESOURCES">
			<Text>Geçerli Kaynaklar</Text>
		</Row>
		<Row Tag="LOC_UI_PEDIA_GREATPERSON_ACTION">
			<Text>{1_ActionName} ({2_ChargeAmount} {2_ChargeAmount : plural 1?charge; other?charges;})</Text>
		</Row>
		<Row Tag="LOC_UI_PEDIA_GREAT_WORKS">
			<Text>Basyapıtlar</Text>
		</Row>
		<Row Tag="LOC_UI_PEDIA_TERRAIN_MOUNTAINS">
			<Text>Daglar</Text>
		</Row>
		<Row Tag="LOC_UI_PEDIA_TERRAIN_HILLS">
			<Text>Tepeler</Text>
		</Row>
		<Row Tag="LOC_UI_PEDIA_TERRAIN_WATER">
			<Text>Su</Text>
		</Row>
		<Row Tag="LOC_UI_PEDIA_TERRAIN_SHALLOW_WATER">
			<Text>Sıg su</Text>
		</Row>
		<Row Tag="LOC_UI_PEDIA_TERRAIN_IMPASSABLE">
			<Text>Geçilmez</Text>
		</Row>
		<Row Tag="LOC_UI_PEDIA_ABILITY_INACTIVE">
			<Text>İnaktif</Text>
		</Row>
		<Row Tag="LOC_UI_PEDIA_ABILITY_INACTIVE_DESC">
			<Text>Aktifleştirmek için özel şartlar yerine getirilmelidir.  Daha fazla ayrıntı için açıklamaya bakın.</Text>
		</Row>
		<Row Tag="LOC_UI_PEDIA_MADE_REMOVED_IF">
			<Text>Oyun başladıktan sonra kaldırılır</Text>
		</Row>
		<Row Tag="LOC_UI_PEDIA_PLACEMENT_REQUIRES_ADJACENT_RIVER">
			<Text>Bir nehre bitişik olmalı</Text>
		</Row>
		<Row Tag="LOC_UI_PEDIA_PLACEMENT_REQUIRES_ADJACENT_MOUNTAIN">
			<Text>Bir dagın bitişiginde olmalı</Text>
		</Row>
		<Row Tag="LOC_UI_PEDIA_PLACEMENT_REQUIRES_COAST">
			<Text>Kıyıda kurulmalı</Text>
		</Row>
		<Row Tag="LOC_UI_PEDIA_PLACEMENT_REQUIRES_LAKE">
			<Text>Bir gölde inşa edilmelidir</Text>
		</Row>
		<Row Tag="LOC_UI_PEDIA_PLACEMENT_REQUIRES_NOT_LAKE">
			<Text>Bir gölde inşa edilemez</Text>
		</Row>
		<Row Tag="LOC_UI_PEDIA_REQUIRES_FOUND_RELIGION">
			<Text>Bir din kurulmuş olmalıdır</Text>
		</Row>
		<Row Tag="LOC_UI_PEDIA_REQUIRED_BUILDINGS_OR">
			<Text>Binalar</Text>
		</Row>
		<Row Tag="LOC_UI_PEDIA_MOVEMENT_CHANGE">
			<Text>[ICON_Movement] Hareket Degişimi: {1_Amount}</Text>
		</Row>
	</FrontEndText>
</GameData>
