﻿<?xml version="1.0" encoding="utf-8"?>
<GameData>
	<BaseGameText>
		<!-- Base Menu-->
		<Row Tag="LOC_UI_ENDGAME_REPLAY_MOVIE">
			<Text>Filmi Yeniden Oynat</Text>
		</Row>
		<Row Tag="LOC_UI_ENDGAME_MAIN_MENU">
			<Text>Ana menü</Text>
		</Row>
		<Row Tag="LOC_UI_ENDGAME_EXTENDED_GAME">
			<Text>Sadece bir tur daha...</Text>
		</Row>
		<Row Tag="LOC_UI_ENDGAME_MP_PLAYER_CHANGE_CONTINUE">
			<Text>Sonraki Oyuncu</Text>
		</Row>
		<Row Tag="LOC_UI_ENDGAME_VICTORY_INFO">
			<Text>SONUÇLAR</Text>
		</Row>
		<Row Tag="LOC_UI_ENDGAME_RANKING">
			<Text>SIRALAMA</Text>
		</Row>
		<Row Tag="LOC_UI_ENDGAME_REPLAY">
			<Text>GRAFİKLER</Text>
		</Row>
		<Row Tag="LOC_UI_ENDGAME_CHAT">
			<Text>SOHBET</Text>
		</Row>
		<Row Tag="LOC_UI_ENDGAME_NUMBERING_FORMAT">
			<Text>{1_number}.</Text>
		</Row>
		<Row Tag="LOC_UI_ENDGAME_POP_SCORE">
			<Text>Skor</Text>
		</Row>
		<Row Tag="LOC_UI_ENDGAME_LEADER_NAME">
			<Text>Lider Adı</Text>
		</Row>
		<!-- Rankings -->
		<Row Tag="LOC_UI_ENDGAME_RANKING_STATEMENT">
			<Text>{1_LeaderName} Seviyesine ulaştınız</Text>
		</Row>
		<Row Tag="LOC_UI_ENDGAME_RANKING_LEADER_1_NAME">
			<Text>Augustus Caesar</Text>
		</Row>
		<Row Tag="LOC_UI_ENDGAME_RANKING_LEADER_1_QUOTE">
			<Text>Roma'yı tugla bir şehir olacak buldum ve mermer bir şehir olarak bıraktım.</Text>
		</Row>
		<Row Tag="LOC_UI_ENDGAME_RANKING_LEADER_2_NAME">
			<Text>Hammurabi</Text>
		</Row>
		<Row Tag="LOC_UI_ENDGAME_RANKING_LEADER_2_QUOTE">
			<Text>Hükûmetin ilk görevi güçsüzleri güçlülerden korumaktır.</Text>
		</Row>
		<Row Tag="LOC_UI_ENDGAME_RANKING_LEADER_3_NAME">
			<Text>Abraham Lincoln</Text>
		</Row>
		<Row Tag="LOC_UI_ENDGAME_RANKING_LEADER_3_QUOTE">
			<Text>Bu günün işini, yarına bırakmayın.</Text>
		</Row>
		<Row Tag="LOC_UI_ENDGAME_RANKING_LEADER_4_NAME">
			<Text>Winston Churchill</Text>
		</Row>
		<Row Tag="LOC_UI_ENDGAME_RANKING_LEADER_4_QUOTE">
			<Text>Büyük gücün oldugu yerde büyük bir sorumluluk vardır; Daha az güç varsa daha az sorumluluk; Ve hiç bir güç yoksa sanırım hiçbir sorumluluk kabul etmemeliyiz.</Text>
		</Row>
		<Row Tag="LOC_UI_ENDGAME_RANKING_LEADER_5_NAME">
			<Text>Nelson Mandela</Text>
		</Row>
		<Row Tag="LOC_UI_ENDGAME_RANKING_LEADER_5_QUOTE">
			<Text>Gerçek liderler halklarının özgürlügü için herkesi feda etmeye hazır olmalıdırlar.</Text>
		</Row>
		<Row Tag="LOC_UI_ENDGAME_RANKING_LEADER_6_NAME">
			<Text>Büyük Catherine</Text>
		</Row>
		<Row Tag="LOC_UI_ENDGAME_RANKING_LEADER_6_QUOTE">
			<Text>Bir ulusun güvenini kazanmadan, güç tek başına hiç bişeydir.</Text>
		</Row>
		<Row Tag="LOC_UI_ENDGAME_RANKING_LEADER_7_NAME">
			<Text>Ashoka</Text>
		</Row>
		<Row Tag="LOC_UI_ENDGAME_RANKING_LEADER_7_QUOTE">
			<Text>Diger mezhepleri kınamak yasaktır; Gerçek mümin onların onuruna layık olan her neyse ona onur verir.</Text>
		</Row>
		<Row Tag="LOC_UI_ENDGAME_RANKING_LEADER_8_NAME">
			<Text>Marcus Aurelius</Text>
		</Row>
		<Row Tag="LOC_UI_ENDGAME_RANKING_LEADER_8_QUOTE">
			<Text>Hayat, çogunlugun yanında olmamak ve kendini deli saflarında bulmaya kaçmaktır.</Text>
		</Row>
		<Row Tag="LOC_UI_ENDGAME_RANKING_LEADER_9_NAME">
			<Text>Lech Wałęsa</Text>
		</Row>
		<Row Tag="LOC_UI_ENDGAME_RANKING_LEADER_9_QUOTE">
			<Text>Bir ulus olarak kendi meselelerimizle kendi gelecegimizi şekillendirmeye karar verme hakkına sahibiz.</Text>
		</Row>
		<Row Tag="LOC_UI_ENDGAME_RANKING_LEADER_10_NAME">
			<Text>Hatshepsut</Text>
		</Row>
		<Row Tag="LOC_UI_ENDGAME_RANKING_LEADER_10_QUOTE">
			<Text>Herkes kulak versin! Sizin gibi Dünya'da kadar varsa! Ben yaptıgım herşeyi kalbimden geldigi gibi yaptım.</Text>
		</Row>
		<Row Tag="LOC_UI_ENDGAME_RANKING_LEADER_11_NAME">
			<Text>Charles de Gaulle</Text>
		</Row>
		<Row Tag="LOC_UI_ENDGAME_RANKING_LEADER_11_QUOTE">
			<Text>Saglam, saf ve sadık olalım; Acılarımızın sonunda, Dünyanın en büyük ihtişamı var.</Text>
		</Row>
		<Row Tag="LOC_UI_ENDGAME_RANKING_LEADER_12_NAME">
			<Text>Eleanor of Aquitaine</Text>
		</Row>
		<Row Tag="LOC_UI_ENDGAME_RANKING_LEADER_12_QUOTE">
			<Text>Kimsesiz ve acınacak, neden bu igrenç ihtiyarlıga rezil gibi geldim, İki krallıgın hükümdarı ve İki kralın annesi kim? Cesaretim benden alındı, ailem benden alındı ve yok edildi.</Text>
		</Row>
		<Row Tag="LOC_UI_ENDGAME_RANKING_LEADER_13_NAME">
			<Text>Ivan the Terrible</Text>
		</Row>
		<Row Tag="LOC_UI_ENDGAME_RANKING_LEADER_13_QUOTE">
			<Text>Tüm şehitlerin kanını temizlemek gibi sakal tıraş etmek, bir günahtır. Tanrı'nın şeklini bozmaktır.</Text>
		</Row>
		<Row Tag="LOC_UI_ENDGAME_RANKING_LEADER_14_NAME">
			<Text>Herbert Hoover</Text>
		</Row>
		<Row Tag="LOC_UI_ENDGAME_RANKING_LEADER_14_QUOTE">
			<Text>Ülkenin ihtiyacı olan şey büyük bir gülümsemedir … şayet on günde bir biri iyi bir şaka yapsaydı, sanırım sıkıntılarımız biterdi.</Text>
		</Row>
		<Row Tag="LOC_UI_ENDGAME_RANKING_LEADER_15_NAME">
			<Text>Louis XVI</Text>
		</Row>
		<Row Tag="LOC_UI_ENDGAME_RANKING_LEADER_15_QUOTE">
			<Text>Her seferinde yüksek bir ofis doldurdugumda yüzlerce hoşnutsuz erkek ve nankör yaratıyorum.</Text>
		</Row>
		<Row Tag="LOC_UI_ENDGAME_RANKING_LEADER_16_NAME">
			<Text>Neville Chamberlain</Text>
		</Row>
		<Row Tag="LOC_UI_ENDGAME_RANKING_LEADER_16_QUOTE">
			<Text>Bizim zamanımızda barış vardı</Text>
		</Row>
		<Row Tag="LOC_UI_ENDGAME_RANKING_LEADER_17_NAME">
			<Text>Nero</Text>
		</Row>
		<Row Tag="LOC_UI_ENDGAME_RANKING_LEADER_17_QUOTE">
			<Text>Söylenen herşeye inan kişi, yanlış yapar.</Text>
		</Row>
		<Row Tag="LOC_UI_ENDGAME_RANKING_LEADER_18_NAME">
			<Text>Warren G. Harding</Text>
		</Row>
		<Row Tag="LOC_UI_ENDGAME_RANKING_LEADER_18_QUOTE">
			<Text>En tehlikeli davranışımız, hükümetten çok şey beklemek ve az şey yapmaktır.</Text>
		</Row>
		<Row Tag="LOC_UI_ENDGAME_RANKING_LEADER_19_NAME">
			<Text>Ethelred Etkisiz</Text>
		</Row>
		<Row Tag="LOC_UI_ENDGAME_RANKING_LEADER_19_QUOTE">
			<Text>Kutsal Üçlü adına, bu Hristiyan insanlara üç konuda söz veriyorum: deneklerim: ilk olarak, Tanrı'nın Kilisesi'ni ve alemimin bütün Hristiyan halkını gerçek barış içinde tutacagım; ikincisi, her koşulda insanlara bütün rapin ve adaletsizligi yasaklayacagım; üçüncüsü, tüm yargılarda adalet ve merhamet sözü veriyorum ve ondan hoşlanıyorum.</Text>
		</Row>
		<Row Tag="LOC_UI_ENDGAME_RANKING_LEADER_20_NAME">
			<Text>Mary Tudor I</Text>
		</Row>
		<Row Tag="LOC_UI_ENDGAME_RANKING_LEADER_20_QUOTE">
			<Text>Ey RAB benim güvenimsin; şaşırmama asla izin verme: Tanrı bizimle olduktan sonra, kim bize karşı gelebilir?</Text>
		</Row>
		<Row Tag="LOC_UI_ENDGAME_RANKING_LEADER_21_NAME">
			<Text>Dan Quayle</Text>
		</Row>
		<Row Tag="LOC_UI_ENDGAME_RANKING_LEADER_21_QUOTE">
			<Text>Olabilecek veya olmayabilecek herhangi bir beklenmedik olay için hazırız.</Text>
		</Row>
		<!-- Replay -->
		<Row Tag="LOC_UI_ENDGAME_REPLAY_NOGRAPHDATA">
			<Text>Grafik Verileri Yok</Text>
		</Row>
		<!-- Graph Data Sets -->
		<Row Tag="LOC_REPLAYDATASET_CULTURE_NAME">
			<Text>Tur başına kültür</Text>
		</Row>
		<Row Tag="LOC_REPLAYDATASET_CULTURE_DESC">
			<Text>Tur başına kazanılan Kültür miktarı.</Text>
		</Row>
		<Row Tag="LOC_REPLAYDATASET_TOTALGOLD_NAME">
			<Text>Altın Bakiyesi</Text>
		</Row>
		<Row Tag="LOC_REPLAYDATASET_TOTALGOLD_DESC">
			<Text>Oyuncunun toplam Altın miktarı.</Text>
		</Row>
		<Row Tag="LOC_REPLAYDATASET_TOTALCITIESBUILT_NAME">
			<Text>Kurulan toplam şehir</Text>
		</Row>
		<Row Tag="LOC_REPLAYDATASET_TOTALDISTRICTSBUILT_NAME">
			<Text>Toplam Bölge inşaatı</Text>
		</Row>
		<Row Tag="LOC_REPLAYDATASET_TOTALWONDERSBUILT_NAME">
			<Text>Toplam harika inşaatı</Text>
		</Row>
		<Row Tag="LOC_REPLAYDATASET_TOTALBUILDINGSBUILT_NAME">
			<Text>Toplam bina inşaatı</Text>
		</Row>
		<Row Tag="LOC_REPLAYDATASET_TOTALCITIESCAPTURED_NAME">
			<Text>Ele geçirilen Toplam şehir</Text>
		</Row>
		<Row Tag="LOC_REPLAYDATASET_TOTALCITIESLOST_NAME">
			<Text>Kaybedilen toplam şehir</Text>
		</Row>
		<Row Tag="LOC_REPLAYDATASET_TOTALCITIESDESTROYED_NAME">
			<Text>Yok edilmiş toplam şehir</Text>
		</Row>
		<Row Tag="LOC_REPLAYDATASET_TOTALWARSDECLARED_NAME">
			<Text>Toplam savaş ilanı</Text>
		</Row>
		<Row Tag="LOC_REPLAYDATASET_TOTALWARSWON_NAME">
			<Text>Toplam kazanılan şavaş</Text>
		</Row>
		<Row Tag="LOC_REPLAYDATASET_TOTALCOMBATS_NAME">
			<Text>Toplam savaş sayısı</Text>
		</Row>
		<Row Tag="LOC_REPLAYDATASET_TOTALUNITSDESTROYED_NAME">
			<Text>Toplam öldürülen birim</Text>
		</Row>
		<Row Tag="LOC_REPLAYDATASET_TOTALPLAYERUNITSDESTROYED_NAME">
			<Text>Toplam kaybedilen birim</Text>
		</Row>
		<Row Tag="LOC_REPLAYDATASET_TOTALRELIGIONSFOUNDED_NAME">
			<Text>Kurulan toplam din</Text>
		</Row>
		<Row Tag="LOC_REPLAYDATASET_GREATPEOPLEEARNED_NAME">
			<Text>Toplam kazanılan Büyük İnsan</Text>
		</Row>
		<Row Tag="LOC_REPLAYDATASET_TOTALWARSAGAINSTPLAYER_NAME">
			<Text>Oyuncuya karşı toplam savaş</Text>
		</Row>
		<Row Tag="LOC_REPLAYDATASET_TOTALPANTHEONSFOUNDED_NAME">
			<Text>Toplam kurulan panteon</Text>
		</Row>
		<Row Tag="LOC_REPLAYDATASET_SCOREPERTURN_NAME">
			<Text>Tur başına Puan</Text>
		</Row>
		<Row Tag="LOC_REPLAYDATASET_SCIENCEPERTURN_NAME">
			<Text>Tur başına Bilim</Text>
		</Row>
		<Row Tag="LOC_REPLAYDATASET_FAITHPERTURN_NAME">
			<Text>Tur başına İnanç</Text>
		</Row>
	</BaseGameText>
</GameData>
