﻿<?xml version="1.0" encoding="utf-8"?>
<GameData>
	<BaseGameText>
		<!-- Mods Section -->
		<Row Tag="LOC_MODS_TITLE">
			<Text>EK iÇERiK</Text>
		</Row>
		<Row Tag="LOC_MODS_INSTALLED">
			<Text>KURULU</Text>
		</Row>
		<Row Tag="LOC_MODS_SUBSCRIPTIONS">
			<Text>ABONELiKLER</Text>
		</Row>
		<Row Tag="LOC_MODS_BROWSE_WORKSHOP">
			<Text>ATÖLYE'ye GÖZAT</Text>
		</Row>
		<Row Tag="LOC_MODS_WORLD_BUILDER">
			<Text>DÜNYA OLUSTURUCU</Text>
		</Row>
		<Row Tag="LOC_MODS_NONE_INSTALLED">
			<Text>Hiçbir mod yüklenmedi.</Text>
		</Row>
		<Row Tag="LOC_MODS_NONE_SELECTED">
			<Text>Ayrıntıları görüntülemek için, soldaki bir modu seçin.</Text>
		</Row>
		<Row Tag="LOC_MODS_NO_SUBSCRIPTIONS">
			<Text>Hiçbir Abonelik yok.</Text>
		</Row>
		<Row Tag="LOC_MODS_SUBSCRIPTION_DOWNLOAD_INSTALLED">
			<Text>Yüklü</Text>
		</Row>
		<Row Tag="LOC_MODS_SUBSCRIPTION_DOWNLOAD_PENDING">
			<Text>İndirme Beklemede...</Text>
		</Row>
		<Row Tag="LOC_MODS_SUBSCRIPTION_SUBSCRIBED">
			<Text>Abone olunan (Ancak indirilmedi)</Text>
		</Row>
		<Row Tag="LOC_MODS_SUBSCRIPTION_DOWNLOADING">
			<Text>İndiriliyor... (Toplam {2 : number} / {1 : number})</Text>
		</Row>
		<Row Tag="LOC_MODS_ENABLE_MOD">
			<Text>Modu Etkinlestir</Text>
		</Row>
		<Row Tag="LOC_MODS_DOWNLOADING">
			<Text>Ürün İndiriliyor...</Text>
		</Row>
		<Row Tag="LOC_MODS_SUBSCRIPTION_NAME_PENDING">
			<Text>Abonelik Adı Alınıyor...</Text>
		</Row>
		<Row Tag="LOC_MODS_UPDATE">
			<Text>Güncellestirme</Text>
		</Row>
		<Row Tag="LOC_MODS_VIEW">
			<Text>Görünüm</Text>
		</Row>
		<Row Tag="LOC_MODS_UNSUBSCRIBE">
			<Text>Abonelikten Çık</Text>
		</Row>
		<Row Tag="LOC_MODS_GROUP_DEFAULT_NAME">
			<Text>(Varsayılan)</Text>
		</Row>
		<Row Tag="LOC_MODS_GROUP_ADD_NAME">
			<Text>+</Text>
		</Row>
		<Row Tag="LOC_MODS_GROUP_ADD_DESCRIPTION">
			<Text>Yeni Mod Grupları oluşturun.  Gruplar hangi modları hızla etkinleştirilecigini belirlemek için kullanılabilir.</Text>
		</Row>
		<Row Tag="LOC_MODS_GROUP_DELETE_NAME">
			<Text>-</Text>
		</Row>
		<Row Tag="LOC_MODS_GROUP_ENTER_NAME">
			<Text>Yeni mod grubunun adını girin.</Text>
		</Row>
		<Row Tag="LOC_MODS_GROUP_DELETE_DESCRIPTION">
			<Text>Seçili olan Mod grubunu sil.  Bu modları silmez sadece grubu siler.  Varsayılan grup silinemeyebilir.</Text>
		</Row>
		<Row Tag="LOC_MODS_SEARCH_NAME">
			<Text>Arama...</Text>
		</Row>
		<Row Tag="LOC_MODS_SEARCH_DESCRIPTION">
			<Text>Başlıgı ve bilgi'yi temel alarak içerik arayın.</Text>
		</Row>
		<Row Tag="LOC_MODS_SORTBY">
			<Text>Sırala:</Text>
		</Row>
		<Row Tag="LOC_MODS_SORTBY_NAME">
			<Text>İsme göre sırala:</Text>
		</Row>
		<Row Tag="LOC_MODS_SORTBY_ENABLED">
			<Text>Sırala: Etkin</Text>
		</Row>
		<Row Tag="LOC_MODS_LAST_UPDATED">
			<Text>Son Güncelleme: {1_Time: datetime}</Text>
		</Row>
		<Row Tag="LOC_MODS_FILTER">
			<Text>Filtre</Text>
		</Row>
		<Row Tag="LOC_MODS_FIRAXIAN_CONTENT">
			<Text>Resmi İçerik</Text>
		</Row>
		<Row Tag="LOC_MODS_USER_CONTENT">
			<Text>Topluluklar'a ait İçerikler</Text>
		</Row>
		<Row Tag="LOC_MODS_WORLDBUILDER_CONTENT">
			<Text>DünyaOluşturucu Haritası</Text>
		</Row>
		<Row Tag="LOC_MODS_ENABLE_ALL">
			<Text>Tümünü Etkinleştir</Text>
		</Row>
		<Row Tag="LOC_MODS_DISABLE_ALL">
			<Text>Tümünü devre dışı bırak</Text>
		</Row>
		<Row Tag="LOC_MODS_ENABLE">
			<Text>Etkinleştir</Text>
		</Row>
		<Row Tag="LOC_MODS_ENABLED">
			<Text>Etkinleştirildi</Text>
		</Row>
		<Row Tag="LOC_MODS_ENABLE_INCLUDE">
			<Text>Bunu etkinleştirmek şunları da etkinleştirecektir:</Text>
		</Row>
		<Row Tag="LOC_MODS_ENABLE_ERROR">
			<Text>Aşagıdaki nedenlerden etkinleştirilemiyor:</Text>
		</Row>
		<Row Tag="LOC_MODS_DISABLE">
			<Text>Devre dışı bırak</Text>
		</Row>
		<Row Tag="LOC_MODS_DISABLED">
			<Text>Devre dışı bırakıldı</Text>
		</Row>
		<Row Tag="LOC_MODS_DISABLE_ERROR">
			<Text>Aşagıdaki nedenlerden devre dışı bırakılamıyor:</Text>
		</Row>
		<Row Tag="LOC_MODS_DISABLE_ERROR_DEPENDS">
			<Text>Aşagıdaki mod degişiklikleri buna baglı oldugundan devre dışı bırakılamıyor:</Text>
		</Row>
		<Row Tag="LOC_MODS_YES">
			<Text>Evet</Text>
		</Row>
		<Row Tag="LOC_MODS_NO">
			<Text>Hayır</Text>
		</Row>
		<Row Tag="LOC_MODS_DETAILS_VERSION">
			<Text>Versiyon:</Text>
		</Row>
		<Row Tag="LOC_MODS_DETAILS_AUTHOR">
			<Text>Yaratıcı(lar):</Text>
		</Row>
		<Row Tag="LOC_MODS_DETAILS_SPECIAL_THANKS">
			<Text>Özel Teşekkür:</Text>
		</Row>
		<Row Tag="LOC_MODS_DETAILS_DLC_STORE">
			<Text>Magaza sayfasını ziyaret etmek için buraya tıklayın.</Text>
		</Row>
		<Row Tag="LOC_MODS_DETAILS_SINGLEPLAYER">
			<Text>Tek oyuncu?</Text>
		</Row>
		<Row Tag="LOC_MODS_DETAILS_MULTIPLAYER">
			<Text>Çok Oyunculu?</Text>
		</Row>
		<Row Tag="LOC_MODS_DETAILS_CREATED">
			<Text>Oluşturuldu:</Text>
		</Row>
		<Row Tag="LOC_MODS_DETAILS_AFFECTS_SAVED_GAMES">
			<Text>Etkilenen Kayıtlı Oyunlar:</Text>
		</Row>
		<Row Tag="LOC_MODS_DETAILS_OWNERSHIP">
			<Text>Mülkiyet:</Text>
		</Row>
		<Row Tag="LOC_MODS_DETAILS_TAGS">
			<Text>Etiketler:</Text>
		</Row>
		<Row Tag="LOC_MODS_DETAILS_OWNERSHIP_YES">
			<Text>Sahipli</Text>
		</Row>
		<Row Tag="LOC_MODS_DETAILS_OWNERSHIP_NO">
			<Text>Sahipsiz</Text>
		</Row>
		<Row Tag="LOC_MODS_DETAILS_COMPATIBLE_NOT">
			<Text>Uyumlu degil</Text>
		</Row>
		<Row Tag="LOC_MODS_DETAILS_DESCRIPTION">
			<Text>Açıklama</Text>
		</Row>
		<Row Tag="LOC_MODS_DETAILS_REFERENCES">
			<Text>Referanslar</Text>
		</Row>
		<Row Tag="LOC_MODS_DETAILS_REFERENCES_DEPENDENCY">
			<Text>Baglı</Text>
		</Row>
		<Row Tag="LOC_MODS_DETAILS_REFERENCES_REFERENCE">
			<Text>Referanslar</Text>
		</Row>
		<Row Tag="LOC_MODS_DETAILS_REFERENCES_BLOCK">
			<Text>Engel</Text>
		</Row>
		<Row Tag="LOC_MODS_EXCLUSIVE">
			<Text>Bu özel bir mod.</Text>
		</Row>
		<Row Tag="LOC_MODS_PARTIALLY_EXCLUSIVE">
			<Text>Bu kısmen özel bir mod.</Text>
		</Row>
		<Row Tag="LOC_MODS_ERROR_SAVE_INCOMPATIBLE_MODS">
			<Text>Şu anda etkin olan modlar bu kayıtlı oyunla uyumlu degil.</Text>
		</Row>
		<Row Tag="LOC_MODS_ERROR_SAVE_MISSING_MODS">
			<Text>Gerekli modların tamamı yüklü degil.</Text>
		</Row>
		<Row Tag="LOC_MODS_ERROR_MOD_VERSION_ALREADY_ENABLED">
			<Text>Bu modun bir başka sürümü zaten etkinleştirildi.</Text>
		</Row>
		<Row Tag="LOC_MODS_ERROR_MOD_BLOCKED_BY_OTHER_MOD">
			<Text>Mod başka bir mod tarafından engellendi.</Text>
		</Row>
		<Row Tag="LOC_MODS_ERROR_MOD_MISSING_DEPENDENCIES">
			<Text>Modun gerekli bagımlılıkları eksik.</Text>
		</Row>
		<Row Tag="LOC_MODS_ERROR_MOD_HAS_EXCLUSIVITY_CONFLICTS">
			<Text>Mod ayrıcalıkları yüzünden engellendi.</Text>
		</Row>
		<Row Tag="LOC_MODS_ERROR_BAD_GAMEVERSION">
			<Text>Oyunun bu sürümü bu modla uyumlu degil.</Text>
		</Row>
		<Row Tag="LOC_MOD_AUTHORS_FIRAXIS">
			<Text>Firaxis</Text>
		</Row>
		<Row Tag="LOC_MODS_ENABLE_WARNING_NOT_COMPATIBLE">
			<Text>Bu mod, bu oyun sürümüyle uyumlu olarak işaretlenmedi. Devam etmek ister misin?</Text>
		</Row>
		<Row Tag="LOC_MODS_ENABLE_WARNING_NOT_COMPATIBLE_MANY">
			<Text>Bir veya daha fazla mod bu oyun sürümüyle uyumlu olarak işaretlenmemiş. Devam etmek ister misin?</Text>
		</Row>
		<Row Tag="LOC_MODS_WARNING_WHITELIST">
			<Text>Bu mod için bu uyarıyı dikkate almayın.</Text>
		</Row>
		<Row Tag="LOC_MODS_WARNING_WHITELIST_MANY">
			<Text>Bu modlar için bu uyarıyı dikkate almayın.</Text>
		</Row>
		<Row Tag="LOC_MODS_DETAILS_COMPATIBILITY_WHITELIST_PROMPT">
			<Text>Bu modun uyumlulugu ile ilgili uyarıları dikkate almayın.</Text>
		</Row>
		<Row Tag="LOC_MODS_DETAILS_NOT_COMPATIBLE_WARNING">
			<Text>[COLOR_RED]Bu mod, mevcut oyun sürümüyle uyumlu olarak kendini işaretlememiştir.[ENDCOLOR]</Text>
		</Row>
  </BaseGameText>
</GameData>
