<?xml version="1.0" encoding="utf-8"?>
<GameData>
	<FrontEndText>
		<Row Tag="LOC_OPTIONS_TITLE">
			<Text>SEÇENEKLER</Text>
		</Row>
		<Row Tag="LOC_OPTIONS_RESET_OPTIONS_POPUP_TEXT">
			<Text>Tüm seçenekleri varsayılan değerlerine sıfırlar.[NEWLINE][NEWLINE][COLOR_RED]Uygulamayı yeniden başlatana kadar bazı değişiklikler etkili olmayabilir.[ENDCOLOR][NEWLINE][NEWLINE]Seçenekler sıfırlansın mı?</Text>
		</Row>
		<Row Tag="LOC_OPTIONS_CHANGES_REQUIRE_APP_RESTART">
			<Text>Uygulamayı yeniden başlatana kadar bazı değişiklikler etkili olmayabilir.</Text>
		</Row>
		<Row Tag="LOC_OPTIONS_CHANGES_REQUIRE_GAME_RESTART">
			<Text>Mevcut oyunu yeniden başlatana kadar bazı değişiklikler etkili olmayabilir.</Text>
		</Row>
		<Row Tag="LOC_OPTIONS_RESOLUTION_OK">
			<Text>Geçerli çözünürlük ayarlarını korumak istiyor musunuz?</Text>
		</Row>
		<Row Tag="LOC_OPTIONS_RESET_OPTIONS_POPUP_OK">
			<Text>Tmm</Text>
		</Row>
		<Row Tag="LOC_OPTIONS_RESET_OPTIONS_POPUP_YES">
			<Text>Evet</Text>
		</Row>
		<Row Tag="LOC_OPTIONS_RESET_OPTIONS_POPUP_NO">
			<Text>Hayır</Text>
		</Row>
		<!-- Option Enums -->
		<Row Tag="LOC_OPTIONS_ENABLED">
			<Text>Etkinleştir</Text>
		</Row>
		<Row Tag="LOC_OPTIONS_DISABLED">
			<Text>Devre Dışı Bırak</Text>
		</Row>
		<Row Tag="LOC_OPTIONS_MINIMUM">
			<Text>Minimum</Text>
		</Row>
		<Row Tag="LOC_OPTIONS_LOW">
			<Text>Düşük</Text>
		</Row>
		<Row Tag="LOC_OPTIONS_MEDIUM">
			<Text>Orta</Text>
		</Row>
		<Row Tag="LOC_OPTIONS_HIGH">
			<Text>Yüksek</Text>
		</Row>
		<Row Tag="LOC_OPTIONS_ULTRA">
			<Text>Süper</Text>
		</Row>
		<Row Tag="LOC_OPTIONS_CUSTOM">
			<Text>Özel</Text>
		</Row>
		<Row Tag="LOC_OPTIONS_TOD_NONE">
			<Text>Yok</Text>
		</Row>
		<Row Tag="LOC_OPTIONS_TOD_REAL_LIFE">
			<Text>Yerel Saate Eşitle</Text>
		</Row>
		<Row Tag="LOC_OPTIONS_TOD_X_TURNS">
			<Text>Her {1_num} Tur'da</Text>
		</Row>
		<Row Tag="LOC_OPTIONS_TOD_10_TURNS">
			<Text>Her 10 Tur'da</Text>
		</Row>
		<Row Tag="LOC_OPTIONS_TOD_ERA_PROGRESSION">
			<Text>Çağlar ilerledikçe</Text>
		</Row>
		<Row Tag="LOC_OPTIONS_NEVER">
			<Text>Asla</Text>
		</Row>
		<Row Tag="LOC_OPTIONS_ALWAYS">
			<Text>Daima</Text>
		</Row>
		<!-- Gameplay Panel -->
		<Row Tag="LOC_OPTIONS_TUTORIAL_EXPERIENCED_PLAYER">
			<Text>Tecrübeli Oyuncu</Text>
		</Row>
		<Row Tag="LOC_OPTIONS_TUTORIAL_NEW_TO_XP2">
			<Text>Civilization VI'da Yeni - Toplana Fırtına</Text>
		</Row>
		<Row Tag="LOC_OPTIONS_TUTORIAL_NEW_TO_XP1">
			<Text>Civilization VI'da Yeni - Yükseliş ve Düşüş</Text>
		</Row>
		<Row Tag="LOC_OPTIONS_TUTORIAL_FAMILIAR_CIVILIZATION">
			<Text>Civilization 6'da Yeni</Text>
		</Row>
		<Row Tag="LOC_OPTIONS_TUTORIAL_FAMILIAR_STRATEGY">
			<Text>Civilization'da Yeni</Text>
		</Row>
		<Row Tag="LOC_OPTIONS_TUTORIAL_NEWBIE">
			<Text>Strateji Tabanlılarda Yeni</Text>
		</Row>
		<Row Tag="LOC_OPTIONS_TIME_OF_DAY_TEXT">
			<Text>Hareketli Günün Saati:</Text>
		</Row>
		<Row Tag="LOC_OPTIONS_HISTORIC_MOMENT_ANIMATION">
			<Text>Tarihsel Moment Canlandırması Animasyon:</Text>
		</Row>
		<Row Tag="LOC_OPTIONS_TOUCH_ENABLED">
			<Text>Dokunma Girişi Etkin</Text>
		</Row>
		<!-- Graphics Panel - Option Enums -->
		<Row Tag="LOC_OPTIONS_TICK_INTERVAL_30_FPS">
			<Text>30 FPS</Text>
		</Row>
		<Row Tag="LOC_OPTIONS_TICK_INTERVAL_20_FPS">
			<Text>20 FPS</Text>
		</Row>
		<Row Tag="LOC_OPTIONS_TICK_INTERVAL_60_FPS">
			<Text>60 FPS</Text>
		</Row>
		<Row Tag="LOC_OPTIONS_WINDOW_MODE_WINDOWED">
			<Text>Pencere</Text>
		</Row>
		<Row Tag="LOC_OPTIONS_WINDOW_MODE_FULLSCREEN">
			<Text>Tam ekran</Text>
		</Row>
		<Row Tag="LOC_OPTIONS_WINDOW_MODE_BORDERLESS">
			<Text>Kenarlıksız Pencere</Text>
		</Row>
		<Row Tag="LOC_OPTIONS_MSAA_2X">
			<Text>MSAA 2X</Text>
		</Row>
		<Row Tag="LOC_OPTIONS_MSAA_4X">
			<Text>MSAA 4X</Text>
		</Row>
		<Row Tag="LOC_OPTIONS_MSAA_8X">
			<Text>MSAA 8X</Text>
		</Row>
		<Row Tag="LOC_OPTIONS_MSAA_16X">
			<Text>MSAA 16X</Text>
		</Row>
		<Row Tag="LOC_OPTIONS_MSAA_32X">
			<Text>MSAA 32X</Text>
		</Row>
		<Row Tag="LOC_OPTIONS_MSAA_FULL">
			<Text>MSAA Full</Text>
		</Row>
		<Row Tag="LOC_OPTIONS_CSAA_2X">
			<Text>CSAA 2X / 4X</Text>
		</Row>
		<Row Tag="LOC_OPTIONS_CSAA_4X">
			<Text>CSAA 4X / 8X</Text>
		</Row>
		<Row Tag="LOC_OPTIONS_CSAA_8X">
			<Text>CSAA 8X / 16X</Text>
		</Row>
		<Row Tag="LOC_OPTIONS_CSAA_16X">
			<Text>CSAA 16X / 32X</Text>
		</Row>
		<Row Tag="LOC_OPTIONS_CSAA_32X">
			<Text>CSAA 32X / 64X</Text>
		</Row>
		<Row Tag="LOC_OPTIONS_CSAA_FULL">
			<Text>CSAA Full</Text>
		</Row>
		<Row Tag="LOC_OPTIONS_EQAA_2X">
			<Text>EQAA 2X / 4X</Text>
		</Row>
		<Row Tag="LOC_OPTIONS_EQAA_4X">
			<Text>EQAA 4X / 8X</Text>
		</Row>
		<Row Tag="LOC_OPTIONS_EQAA_8X">
			<Text>EQAA 8X / 16X</Text>
		</Row>
		<Row Tag="LOC_OPTIONS_EQAA_16X">
			<Text>EQAA 16X / 32X</Text>
		</Row>
		<Row Tag="LOC_OPTIONS_EQAA_32X">
			<Text>EQAA 32X / 64X</Text>
		</Row>
		<Row Tag="LOC_OPTIONS_EQAA_FULL">
			<Text>EQAA Full</Text>
		</Row>
		<Row Tag="LOC_OPTIONS_LOW_MEMORY_OPTIMIZED">
			<Text>Düşük (Bellek Optimizasyonu)</Text>
		</Row>
		<Row Tag="LOC_OPTIONS_LOW_PERFORMANCE_OPTIMIZED">
			<Text>Düşük (Performans Optimizasyonu)</Text>
		</Row>
		<Row Tag="LOC_OPTIONS_MEDIUM_MEMORY_OPTIMIZED">
			<Text>Orta (Bellek Optimizasyonu)</Text>
		</Row>
		<Row Tag="LOC_OPTIONS_MEDIUM_PERFORMANCE_OPTIMIZED">
			<Text>Orta (Performans Optimizasyonu)</Text>
		</Row>
		<Row Tag="LOC_OPTIONS_REFLECTION_1PASS">
			<Text>1 Geçiş</Text>
		</Row>
		<Row Tag="LOC_OPTIONS_REFLECTION_2PASSES">
			<Text>2 Geçiş</Text>
		</Row>
		<Row Tag="LOC_OPTIONS_REFLECTION_3PASSES">
			<Text>3 Geçiş</Text>
		</Row>
		<Row Tag="LOC_OPTIONS_REFLECTION_4PASSES">
			<Text>4 Geçiş</Text>
		</Row>
		<Row Tag="LOC_OPTIONS_LEADERS_STATIC">
			<Text>Statik (Ses Yok)</Text>
		</Row>
		<Row Tag="LOC_OPTIONS_100_PERCENT">
			<Text>%100</Text>
		</Row>
		<Row Tag="LOC_OPTIONS_150_PERCENT">
			<Text>%150</Text>
		</Row>
		<Row Tag="LOC_OPTIONS_200_PERCENT">
			<Text>%200</Text>
		</Row>
		<!-- Graphics Panel - Main -->
		<Row Tag="LOC_OPTIONS_VIDEO_ADAPTER_TEXT">
			<Text>GPU Seçimi:</Text>
		</Row>
		<Row Tag="LOC_OPTIONS_VIDEO_ADAPTER_TOOLTIP">
			<Text>Oyunun hangi ekran kartını kullanacağını gösterir.[NEWLINE][NEWLINE][COLOR_RED]Uygulamanın yeniden başlatılması gerekir![ENDCOLOR]</Text>
		</Row>
		<Row Tag="LOC_OPTIONS_VIDEO_MULTI_GPU_TEXT">
			<Text>Bölünmüş ekranlı Multi-GPU</Text>
		</Row>
		<Row Tag="LOC_OPTIONS_VIDEO_MULTI_GPU_TOOLTIP">
			<Text>Yalnızca DX12 çoklu GPU kurulumlarında kullanılabilir.[NEWLINE][NEWLINE][COLOR_RED]Uygulamanın yeniden başlatılması gerekir![ENDCOLOR]</Text>
		</Row>
		<Row Tag="LOC_OPTIONS_VIDEO_RESOLUTION_TEXT">
			<Text>Çözünürlük:</Text>
		</Row>
		<Row Tag="LOC_OPTIONS_VIDEO_RESOLUTION_TOOLTIP">
			<Text>Oyunun çözünürlüğünü ayarlar.[NEWLINE][NEWLINE]Düşük Değerler [COLOR_Civ6DarkRed]Performansı arttırır[ENDCOLOR].</Text>
		</Row>
		<Row Tag="LOC_OPTIONS_VIDEO_UI_UPSCALE_TEXT">
			<Text>UI Arttırımı:</Text>
		</Row>
		<Row Tag="LOC_OPTIONS_VIDEO_UI_UPSCALE_TOOLTIP">
			<Text>Kullanıcı arabiriminin boyutunu artırır.[NEWLINE](Yalnızca belirli çözünürlüklerde bulunur.)</Text>
		</Row>
		<Row Tag="LOC_OPTIONS_VIDEO_WINDOW_MODE_TEXT">
			<Text>Pencere Modu:</Text>
		</Row>
		<Row Tag="LOC_OPTIONS_VIDEO_WINDOW_MODE_TOOLTIP">
			<Text>Oyun penceresinin görüntülenme şeklini değiştirir.</Text>
		</Row>
		<Row Tag="LOC_OPTIONS_VIDEO_PERFORMANCE_TEXT">
			<Text>Performans Etkisi:</Text>
		</Row>
		<Row Tag="LOC_OPTIONS_VIDEO_PERFORMANCE_TOOLTIP">
			<Text>Gelişmiş ayarları istediğiniz Performans'a uyacak şekilde değiştirir.[NEWLINE][NEWLINE]Daha düşük değerler görsel doğruluğu azaltır, ama [COLOR_Civ6DarkRed]Performansı arttırır[ENDCOLOR].</Text>
		</Row>
		<Row Tag="LOC_OPTIONS_VIDEO_MEMORY_TEXT">
			<Text>Bellek Etkisi:</Text>
		</Row>
		<Row Tag="LOC_OPTIONS_VIDEO_MEMORY_TOOLTIP">
			<Text>Gelişmiş ayarları istediğiniz Bellek'e uyacak şekilde değiştirir.[NEWLINE][NEWLINE]Daha düşük değerler görsel doğruluğu azaltır, ama [COLOR_Blue]Bellek kullanımını azaltır[ENDCOLOR].</Text>
		</Row>
		<!-- Graphics Panel - Advanced -->
		<Row Tag="LOC_OPTIONS_SHOW_ADVANCED_GRAPHICS">
			<Text>Gelişmiş Ayarları Göster</Text>
		</Row>
		<Row Tag="LOC_OPTIONS_HIDE_ADVANCED_GRAPHICS">
			<Text>Gelişmiş Ayarları Gizle</Text>
		</Row>
		<Row Tag="LOC_OPTIONS_ADVANCED_GRAPHICS">
			<Text>Gelişmiş Grafik Ayarları</Text>
		</Row>
		<Row Tag="LOC_OPTIONS_VIDEO_VSYNC_ENABLED_TEXT">
			<Text>Dikey Senkronizasyon</Text>
		</Row>
		<Row Tag="LOC_OPTIONS_VIDEO_VSYNC_ENABLED_TOOLTIP">
			<Text>Görsel kırılmayı engeller.</Text>
		</Row>
		<Row Tag="LOC_OPTIONS_PERFORMANCE_TICK_INTERVAL_TEXT">
			<Text>Kare Limiti:</Text>
		</Row>
		<Row Tag="LOC_OPTIONS_PERFORMANCE_TICK_INTERVAL_TOOLTIP">
			<Text>Oyunun hangi hızda oynanacağını sınırlar.[NEWLINE][NEWLINE]Etkinleştirildiğinde taşınabilir aygıtlarda pil ömrünü uzatabilir.</Text>
		</Row>
		<Row Tag="LOC_OPTIONS_VIDEO_MSAA_TEXT">
			<Text>Anti-Aliasing:</Text>
		</Row>
		<Row Tag="LOC_OPTIONS_VIDEO_MSAA_TOOLTIP">
			<Text>Pürüzlü kenarları düzgünleştirir.[NEWLINE][NEWLINE]Daha düşük değerler [COLOR_Civ6DarkRed]Performansı arttırır[ENDCOLOR] ve [COLOR_Blue]Bellek kullanımını azaltır[ENDCOLOR].</Text>
		</Row>
		<Row Tag="LOC_OPTIONS_VIDEO_HIGH_RESOLUTION_ASSET_TEXTURES_TEXT">
			<Text>Yüksek Çözünürlüklü Varlık Dokusu</Text>
		</Row>
		<Row Tag="LOC_OPTIONS_VIDEO_HIGH_RESOLUTION_ASSET_TEXTURES_TOOLTIP">
			<Text>Oyun içeriği için yüksek doku detaylarını kullanır.[NEWLINE][NEWLINE]Devredışı bırakıldığında[COLOR_Blue]bellek kullanımı azalır[ENDCOLOR].</Text>
		</Row>
		<Row Tag="LOC_OPTIONS_VIDEO_VFX_DETAIL_LEVEL_TEXT">
			<Text>Yüksek-Kalite Görsel Efektler:</Text>
		</Row>
		<Row Tag="LOC_OPTIONS_VIDEO_VFX_DETAIL_LEVEL_TOOLTIP">
			<Text>Effekt parçaları fazlalaşır.[NEWLINE][NEWLINE]Devredışı bırakıldığında [COLOR_Civ6DarkRed]performansı artırır[ENDCOLOR].</Text>
		</Row>
		<!-- Graphics Panel - Lighting -->
		<Row Tag="LOC_OPTIONS_LIGHTING">
			<Text>Aydınlatma</Text>
		</Row>
		<Row Tag="LOC_OPTIONS_LIGHTING_AO_ENABLED_TEXT">
			<Text>Ortam Aydınlatması</Text>
		</Row>
		<Row Tag="LOC_OPTIONS_LIGHTING_AO_ENABLED_TOOLTIP">
			<Text>Ortam ışığına daha az maruz kalan nesnelerin alanlarını karartır.[NEWLINE][NEWLINE]Devredışı bırakıldığında [COLOR_Civ6DarkRed]performansı artırır[ENDCOLOR].</Text>
		</Row>
		<Row Tag="LOC_OPTIONS_LIGHTING_AO_DEPTH_RESOLUTION_TEXT">
			<Text>Ortam Tıkanıklığı Derinliği Çözünürlüğü:</Text>
		</Row>
		<Row Tag="LOC_OPTIONS_LIGHTING_AO_DEPTH_RESOLUTION_TOOLTIP">
			<Text>Ortam tıkanıklığı detayını değiştirir.[NEWLINE][NEWLINE]Düşük değerler [COLOR_Blue]bellek kullanımını azaltır[ENDCOLOR].</Text>
		</Row>
		<Row Tag="LOC_OPTIONS_LIGHTING_AO_RENDER_RESOLUTION_TEXT">
			<Text>Ortam Oklüzyon Oluşturma Çözünürlüğü:</Text>
		</Row>
		<Row Tag="LOC_OPTIONS_LIGHTING_AO_RENDER_RESOLUTION_TOOLTIP">
			<Text>Ortam oklüzyon kalitesini değiştirir.[NEWLINE][NEWLINE]Düşük değerler [COLOR_Blue]bellek kullanımını azaltır[ENDCOLOR].</Text>
		</Row>
		<Row Tag="LOC_OPTIONS_LIGHTING_BLOOM_ENABLED_TEXT">
			<Text>Tazelik</Text>
		</Row>
		<Row Tag="LOC_OPTIONS_LIGHTING_BLOOM_ENABLED_TOOLTIP">
			<Text>Parlak ışıklara ve yansımalara parlaklık katar.[NEWLINE][NEWLINE]Devredışı bırakıldığında [COLOR_Civ6DarkRed]performansı artırır[ENDCOLOR].</Text>
		</Row>
		<Row Tag="LOC_OPTIONS_LIGHTING_DYNAMIC_LIGHTING_ENABLED_TEXT">
			<Text>Dinamik Aydınlatma</Text>
		</Row>
		<Row Tag="LOC_OPTIONS_LIGHTING_DYNAMIC_LIGHTING_ENABLED_TOOLTIP">
			<Text>Güneş dışında başka ışık kaynakları ekler.[NEWLINE][NEWLINE]Devredışı bırakıldığında [COLOR_Civ6DarkRed]performansı artırır[ENDCOLOR].</Text>
		</Row>
		<!-- Graphics Panel - Shadows -->
		<Row Tag="LOC_OPTIONS_SHADOWS">
			<Text>Gölgeler</Text>
		</Row>
		<Row Tag="LOC_OPTIONS_SHADOWS_ENABLED_TEXT">
			<Text>Gölgeler</Text>
		</Row>
		<Row Tag="LOC_OPTIONS_SHADOWS_ENABLED_TOOLTIP">
			<Text>Işığın bir cisim tarafından engellendiği karanlık alanlar ekler.[NEWLINE][NEWLINE]Devredışı bırakıldığında [COLOR_Civ6DarkRed]performansı artırır[ENDCOLOR].</Text>
		</Row>
		<Row Tag="LOC_OPTIONS_SHADOWS_RESOLUTION_TEXT">
			<Text>Gölge Çözünürlüğü</Text>
		</Row>
		<Row Tag="LOC_OPTIONS_SHADOWS_RESOLUTION_TOOLTIP">
			<Text>Gölgelerin netliğini ve ayrıntısını değiştirir.[NEWLINE][NEWLINE]Düşük değerler [COLOR_Blue]bellek kullanımını azaltır[ENDCOLOR].</Text>
		</Row>
		<Row Tag="LOC_OPTIONS_CLOUD_SHADOWS_ENABLED_TEXT">
			<Text>Bulut Gölgeleri</Text>
		</Row>
		<Row Tag="LOC_OPTIONS_CLOUD_SHADOWS_ENABLED_TOOLTIP">
			<Text>Işığın bulutlar tarafından engellendiği karanlık alanlar ekleyin.[NEWLINE][NEWLINE][COLOR_Civ6DarkRed] öğesini devre dışı bırakmak performansı artırır[ENDCOLOR].</Text>
		</Row>
		<!-- Graphics Panel - Overlay -->
		<Row Tag="LOC_OPTIONS_OVERLAY">
			<Text>Kaplama</Text>
		</Row>
		<Row Tag="LOC_OPTIONS_SSOVERLAY_ENABLED_TEXT">
			<Text>Ekran alanı kaplaması</Text>
		</Row>
		<Row Tag="LOC_OPTIONS_SSOVERLAY_ENABLED_TOOLTIP">
			<Text>Kaplamayı yalnızca arazinin değil, her şeyin üstüne çeker.[NEWLINE][NEWLINE]Devredışı bırakıldığında [COLOR_Civ6DarkRed]performansı artırır[ENDCOLOR].</Text>
		</Row>
		<!-- Graphics Panel - Terrain -->
		<Row Tag="LOC_OPTIONS_TERRAIN">
			<Text>Arazi</Text>
		</Row>
		<Row Tag="LOC_OPTIONS_TERRAIN_QUALITY_TEXT">
			<Text>Kalite:</Text>
		</Row>
		<Row Tag="LOC_OPTIONS_TERRAIN_QUALITY_TOOLTIP">
			<Text>Arazi detayını değiştirir.[NEWLINE][NEWLINE]Daha düşük değerler [COLOR_Civ6DarkRed]performans artışı[ENDCOLOR] ve/veya [COLOR_Blue]bellek kullanımını azaltır[ENDCOLOR].</Text>
		</Row>
		<Row Tag="LOC_OPTIONS_TERRAIN_HIGH_RESOLUTION_TEXT">
			<Text>Yüksek Çözünürlüklü Geometri</Text>
		</Row>
		<Row Tag="LOC_OPTIONS_TERRAIN_HIGH_RESOLUTION_TOOLTIP">
			<Text>Arazi geometrisi daha keskin ve daha ayrıntılı hale gelir.[NEWLINE][NEWLINE]Devredışı bırakıldığında [COLOR_Civ6DarkRed]performansı artırır[ENDCOLOR].</Text>
		</Row>
		<Row Tag="LOC_OPTIONS_TERRAIN_HIGH_RESOLUTION_TEXTURES_TEXT">
			<Text>Yüksek Çözünürlüklü Dokular</Text>
		</Row>
		<Row Tag="LOC_OPTIONS_TERRAIN_HIGH_RESOLUTION_TEXTURES_TOOLTIP">
			<Text>Arazi dokuları daha keskin ve daha ayrıntılı hale gelir.[NEWLINE][NEWLINE]Devredışı bırakıldığında [COLOR_Blue]bellek kullanımını azaltır[ENDCOLOR].</Text>
		</Row>
		<Row Tag="LOC_OPTIONS_TERRAIN_HIGH_QUALITY_SHADER_TEXT">
			<Text>Yüksek Kalitede Gölgelendirici</Text>
		</Row>
		<Row Tag="LOC_OPTIONS_TERRAIN_HIGH_QUALITY_SHADER_TOOLTIP">
			<Text>Arazi aydınlatmasını değiştirir.[NEWLINE][NEWLINE]Devredışı bırakıldığında [COLOR_Civ6DarkRed]performansı artırır[ENDCOLOR].</Text>
		</Row>
		<Row Tag="LOC_OPTIONS_TERRAIN_HIGH_DETAIL_CLUTTER_TEXT">
			<Text>Yüksek Ayrıntılı Karışıklık</Text>
		</Row>
		<Row Tag="LOC_OPTIONS_TERRAIN_HIGH_DETAIL_CLUTTER_TOOLTIP">
			<Text>Ağaçların ve buz parçalarının miktarını arttırır.[NEWLINE][NEWLINE]Devredışı bırakıldığında [COLOR_Civ6DarkRed]performansı artırır[ENDCOLOR].</Text>
		</Row>
		<!-- Graphics Panel - Water -->
		<Row Tag="LOC_OPTIONS_WATER">
			<Text>Su</Text>
		</Row>
		<Row Tag="LOC_OPTIONS_WATER_HIGH_RESOLUTION_TEXT">
			<Text>Yüksek Çözünürlüklü Su</Text>
		</Row>
		<Row Tag="LOC_OPTIONS_WATER_HIGH_RESOLUTION_TOOLTIP">
			<Text>Su dalgaları ve vurgulamalar daha keskin ve daha ayrıntılı hale gelir.[NEWLINE][NEWLINE]Devredışı bırakıldığında [COLOR_Blue]Bellek kullanımını azaltır[ENDCOLOR].</Text>
		</Row>
		<Row Tag="LOC_OPTIONS_WATER_HIGH_QUALITY_SHADER_TEXT">
			<Text>Yüksek Kalite Gölgelendirici</Text>
		</Row>
		<Row Tag="LOC_OPTIONS_WATER_HIGH_QUALITY_SHADER_TOOLTIP">
			<Text>Su aydınlatmasını değiştirir.[NEWLINE][NEWLINE]Devredışı bırakıldığında [COLOR_Civ6DarkRed]performansı artırır[ENDCOLOR].</Text>
		</Row>
		<Row Tag="LOC_OPTIONS_WATER_REFLECTION_PASSES_TEXT">
			<Text>Yansımalar:</Text>
		</Row>
		<Row Tag="LOC_OPTIONS_WATER_REFLECTION_PASSES_TOOLTIP">
			<Text>Su yansımalarının kalitesini kontrol eder.[NEWLINE][NEWLINE]Devredışı bırakıldığında [COLOR_Civ6DarkRed]performansı artırır[ENDCOLOR].</Text>
		</Row>
		<!-- Graphics Panel - Reflections -->
		<Row Tag="LOC_OPTIONS_REFLECTIONS">
			<Text>Yansımalar</Text>
		</Row>
		<Row Tag="LOC_OPTIONS_REFLECTIONS_ENABLED_TEXT">
			<Text>Yansımalar</Text>
		</Row>
		<Row Tag="LOC_OPTIONS_REFLECTIONS_ENABLED_TOOLTIP">
			<Text>Arazi ve suya yansımalar ekleyin.[NEWLINE][NEWLINE][COLOR_Civ6DarkRed] işlevinin devre dışı bırakılması performansı arttırır[ENDCOLOR].</Text>
		</Row>
		<Row Tag="LOC_OPTIONS_REFLECTION_PASSES_TEXT">
			<Text>Yansıma Kalitesi:</Text>
		</Row>
		<Row Tag="LOC_OPTIONS_REFLECTION_PASSES_TOOLTIP">
			<Text>Yansımanın kalitesini kontrol edin.[NEWLINE][NEWLINE]Daha az geçiş kullanılması veya devre dışı bırakılması [COLOR_Civ6DarkRed] performansı artıracak[ENDCOLOR].</Text>
		</Row>
		<!-- Graphics Panel - Leaders -->
		<Row Tag="LOC_OPTIONS_LEADERS">
			<Text>Hareketli Liderler</Text>
		</Row>
		<Row Tag="LOC_OPTIONS_LEADER_QUALITY_TEXT">
			<Text>Kalite:</Text>
		</Row>
		<Row Tag="LOC_OPTIONS_LEADER_QUALITY_TOOLTIP">
			<Text>Liderlerin görünümünü değiştirir.[NEWLINE][NEWLINE]Devre Dışı Bırakma [COLOR_Civ6DarkRed]performansı arttırır[ENDCOLOR]ve daha düşük değerler [COLOR_Blue]bellek kullanımını azaltır[ENDCOLOR].</Text>
		</Row>
		<Row Tag="LOC_OPTIONS_LEADER_MOTIONBLUR_TEXT">
			<Text>Hareket Bulanıklığı</Text>
		</Row>
		<Row Tag="LOC_OPTIONS_LEADER_MOTIONBLUR_TOOLTIP">
			<Text>Liderlerde hareket bulanıklığını etkinleştirin.</Text>
		</Row>
		<!-- Application Panel -->
		<Row Tag="LOC_OPTIONS_APP_SHOW_MOVIE">
			<Text>Giriş Video'sunu Göster:</Text>
		</Row>
		<Row Tag="LOC_OPTIONS_APP_WARN_MOD_COMPATIBILITY">
			<Text>Mod uyumluluğu hakkında uyar</Text>
		</Row>
		<!-- Interface Panel -->
		<Row Tag="LOC_OPTIONS_INTERFACE_GRAB_MOUSE">
			<Text>Fareyi Pencereye Kilitle:</Text>
		</Row>
		<Row Tag="LOC_OPTIONS_INTERFACE_EDGE_SCROLL">
			<Text>Kenarda Fare olduğunda kaydır:</Text>
		</Row>
		<Row Tag="LOC_OPTIONS_INTERFACE_OPEN_TO_PROD_QUEUE">
			<Text>Her Zaman Açık Üretim Sırası:</Text>
		</Row>
		<Row Tag="LOC_OPTIONS_INTERFACE_FORCE_CLICK_TO_DRAG">
			<Text>Sürükleyip Bırakma Sürecini Tıklamalarla Değiştir:</Text>
		</Row>
		<Row Tag="LOC_OPTIONS_INTERFACE_FORCE_CLICK_TO_DRAG_TT">
			<Text>Bu seçenek, sürüklenebilir UI öğelerinin Sürükle-Bırak davranışını almak ve bırakmak için basit tıklamalarla değiştirir.</Text>
		</Row>
		<Row Tag="LOC_OPTIONS_INTERFACE_CLOCK_FORMAT">
			<Text>Saat Formatı:</Text>
		</Row>
		<Row Tag="LOC_OPTIONS_12HOUR">
			<Text>12-Saat</Text>
		</Row>
		<Row Tag="LOC_OPTIONS_24HOUR">
			<Text>24-Saat</Text>
		</Row>
		<Row Tag="LOC_OPTIONS_INTERFACE_TIME_OF_DAY">
			<Text>Günün Saati Şekli:</Text>
		</Row>
		<Row Tag="LOC_OPTIONS_AUTO_UNIT_CYCLING">
			<Text>Otomatik Birim Seçici:</Text>
		</Row>
		<Row Tag="LOC_OPTIONS_INTERFACE_MINIMAP_SIZE">
			<Text>Miniharita Boyutu:</Text>
		</Row>
		<Row Tag="LOC_OPTIONS_PLOT_TOOLTIP_DELAY">
			<Text>Bilgi Penceresi Bekleme Süresi:</Text>
		</Row>
		<Row Tag="LOC_OPTIONS_PLOT_TOOLTIP_DELAY_VALUE">
			<Text>{1_Value : number #.##}s</Text>
		</Row>
		<Row Tag="LOC_OPTIONS_SCROLL_SPEED">
			<Text>Fare Tekerleği Hızı:</Text>
		</Row>
		<Row Tag="LOC_OPTIONS_SCROLL_SPEED_VALUE">
			<Text>{1_Value : number #.##}</Text>
		</Row>
		<Row Tag="LOC_OPTIONS_RIBBON_STATS_LABEL">
			<Text>HUD Şeridindeki Verimleri Göster:</Text>
		</Row>
		<Row Tag="LOC_OPTIONS_RIBBON_STATS_ALWAYS_HIDE">
			<Text>Daima Gizle (kapalı)</Text>
		</Row>
		<Row Tag="LOC_OPTIONS_RIBBON_STATS_MOUSE_OVER">
			<Text>Fareyle üzerine gelindiğinde göster</Text>
		</Row>
		<Row Tag="LOC_OPTIONS_RIBBON_STATS_ALWAYS_SHOW">
			<Text>Daima Göster</Text>
		</Row>
		<Row Tag="LOC_OPTIONS_INTERFACE_PLAYBYCLOUD_END_TURN_BEHAVIOR">
			<Text>Bulut İle Oynamada Tur Sonu Davranışı:</Text>
		</Row>
		<Row Tag="LOC_OPTIONS_PLAYBYCLOUD_END_TURN_BEHAVIOR_ASK_ME">
			<Text>Bana Sor</Text>
		</Row>
		<Row Tag="LOC_OPTIONS_PLAYBYCLOUD_END_TURN_BEHAVIOR_DO_NOTHING">
			<Text>Hiçbir Şey Yapma</Text>
		</Row>
		<Row Tag="LOC_OPTIONS_PLAYBYCLOUD_END_TURN_BEHAVIOR_EXIT_TO_MAINMENU">
			<Text>Ana Menüye Çık</Text>
		</Row>
		<Row Tag="LOC_OPTIONS_INTERFACE_PLAYBYCLOUD_READY_BEHAVIOR">
			<Text>Buluta Hazır Davranışa Göre Oynayın:</Text>
		</Row>	
		<Row Tag="LOC_OPTIONS_PLAYBYCLOUD_READY_BEHAVIOR_ASK_ME">
			<Text>Bana Sor</Text>
		</Row>
		<Row Tag="LOC_OPTIONS_PLAYBYCLOUD_READY_BEHAVIOR_DO_NOTHING">
			<Text>Hiçbir şey yapma</Text>
		</Row>
		<Row Tag="LOC_OPTIONS_PLAYBYCLOUD_READY_BEHAVIOR_EXIT_TO_LOBBY">
			<Text>Lobiye Çık</Text>
		</Row>
		<Row Tag="LOC_OPTIONS_INTERFACE_PLAYBYCLOUD_CLIENT_READY_BEHAVIOR">
			<Text>Bulut İle Oynamada Müşteri Hazır Davranışı:</Text>
		</Row>
		<Row Tag="LOC_OPTIONS_PLAYBYCLOUD_CLIENT_READY_BEHAVIOR_ASK_ME">
			<Text>Bana Sor</Text>
		</Row>
		<Row Tag="LOC_OPTIONS_PLAYBYCLOUD_CLIENT_READY_BEHAVIOR_DO_NOTHING">
			<Text>Hiçbir Şey Yapma</Text>
		</Row>
		<Row Tag="LOC_OPTIONS_PLAYBYCLOUD_CLIENT_READY_BEHAVIOR_EXIT_TO_LOBBY">
			<Text>Lobiden Çık</Text>
		</Row>
		<Row Tag="LOC_OPTIONS_INTERFACE_COLOR_BLINDNESS_ADAPTATION">
			<Text>Renk Körü Erişilebilirliği:</Text>
		</Row>
		<Row Tag="LOC_OPTIONS_CBADAPT_DO_NOTHING">
			<Text>Varsayılan Renkler</Text>
		</Row>
		<Row Tag="LOC_OPTIONS_CBADAPT_PROTANOPIA">
			<Text>Kırmızı-gizli Protanopia</Text>
		</Row>
		<Row Tag="LOC_OPTIONS_CBADAPT_DEUTERANOPIA">
			<Text>Yeşil-gizli Deuteranopia</Text>
		</Row>
		<Row Tag="LOC_OPTIONS_CBADAPT_TRITANOPIA">
			<Text>Mavi-gizli Tritanopya</Text>
		</Row>
		<Row Tag="LOC_OPTIONS_INTERFACE_LIGHTING">
			<Text>Uyumlu RGB aydınlatma donanımı kullanın</Text>
		</Row>
		<Row Tag="LOC_OPTIONS_INTERFACE_LIGHTING_TOOLTIP">
			<Text>Civilization VI'nın Logitech Gaming Software veya Alienware AlienFX ile uyumlu bilgisayarlarda ve çevre birimlerde aydınlatmayı denetlemesine izin verir.</Text>
		</Row>
		<Row Tag="LOC_OPTIONS_QUEUE_DISPLAY">
			<Text>Üretim Kuyruğu:</Text>
		</Row>
		<Row Tag="LOC_OPTIONS_QUEUE_HIDE">
			<Text>Gizle</Text>
		</Row>
		<Row Tag="LOC_OPTIONS_QUEUE_SHOW_FILLED">
			<Text>Doldurulduğunda göster</Text>
		</Row>
		<Row Tag="LOC_OPTIONS_QUEUE_ALWAYS_SHOW">
			<Text>Her Zaman Şehir Sırasını Göster</Text>
		</Row>
		<Row Tag="LOC_OPTIONS_QUEUE_ALWAYS_SHOW_MANGER">
			<Text>Her Zaman Kuyruk Yöneticisini Göster</Text>
		</Row>
		<!-- Hotkeys Panel -->
		<!-- Expansion 2 - Additional Hotkeys-->
		<Row Tag="LOC_OPTIONS_HOTKEY_CATEGORY_UI_XP2">
			<Text>Kullanıcı Arabirimi (Toplanma Fırtınası):</Text>
		</Row>
		<Row Tag="LOC_OPTIONS_HOTKEY_UI_WORLDCLIMATE">
			<Text>Dünya İklim Açılır'larını Değiştirin</Text>
		</Row>
		<Row Tag="LOC_OPTIONS_HOTKEY_UI_WORLDCLIMATE_HELP">
			<Text>Dünya İklim Ekranının Görünürlüğünü Değiştirir</Text>
		</Row>
		<Row Tag="LOC_OPTIONS_HOTKEY_LENSES_POWER">
			<Text>Güç</Text>
		</Row>
		<Row Tag="LOC_OPTIONS_HOTKEY_LENSES_POWER_HELP">
			<Text>Güç merceğini değiştirir.</Text>
		</Row>
		<!-- Expansion 1 - Additional Hotkeys-->
		<Row Tag="LOC_OPTIONS_HOTKEY_UI_GOVERNORS">
			<Text>Yönetici Ekranını Değiştir</Text>
		</Row>
		<Row Tag="LOC_OPTIONS_HOTKEY_UI_GOVERNORS_HELP">
			<Text>Yönetici Ekranının görünürlüğünü değiştirir</Text>
		</Row>
		<Row Tag="LOC_OPTIONS_HOTKEY_UI_TIMELINE">
			<Text>Zaman Çizelgesini Değiştir</Text>
		</Row>
		<Row Tag="LOC_OPTIONS_HOTKEY_UI_TIMELINE_HELP">
			<Text>Tarihi Zaman Çizelgesi Ekranının görünürlüğünü değiştirir</Text>
		</Row>
		<Row Tag="LOC_OPTIONS_HOTKEY_UI_ERA_PROGRESS">
			<Text>Geçiş Dönemi İlerleme Paneli</Text>
		</Row>
		<Row Tag="LOC_OPTIONS_HOTKEY_UI_ERA_PROGRESS_HELP">
			<Text>Era İlerleme Panelinin görünürlüğünü değiştirir</Text>
		</Row>
		<Row Tag="LOC_OPTIONS_HOTKEY_GLOBAL_CAPITALCITY">
			<Text>Başkent</Text>
		</Row>
		<Row Tag="LOC_OPTIONS_HOTKEY_GLOBAL_CAPITALCITY_HELP">
			<Text>Başkente geçiş yapar</Text>
		</Row>
		<Row Tag="LOC_OPTIONS_HOTKEY_CATEGORY_UI_XP1">
			<Text>Kullanıcı Arayüzü (Yükseliş ve Düşüş):</Text>
		</Row>
		<!-- Base Game Hot Keys-->
		<Row Tag="LOC_OPTIONS_HOTKEY_CATEGORY_UI">
			<Text>Kullanıcı Arayüzü:</Text>
		</Row>
		<Row Tag="LOC_OPTIONS_HOTKEY_UI_TECH">
			<Text>Teknoloji Ağacını Aç / Kapat</Text>
		</Row>
		<Row Tag="LOC_OPTIONS_HOTKEY_UI_CIVICS">
			<Text>Topluluk Ağacı Aç / Kapat</Text>
		</Row>
		<Row Tag="LOC_OPTIONS_HOTKEY_UI_GOV">
			<Text>Hükümet Ekranını Aç / Kapat</Text>
		</Row>
		<Row Tag="LOC_OPTIONS_HOTKEY_UI_RELIGION">
			<Text>Din Ekranını Aç / Kapat</Text>
		</Row>
		<Row Tag="LOC_OPTIONS_HOTKEY_UI_GPEOPLE">
			<Text>Büyük İnsanlar Ekranını Aç / Kapat</Text>
		</Row>
		<Row Tag="LOC_OPTIONS_HOTKEY_UI_GWORKS">
			<Text>Büyük Eserler Ekranını Aç / Kapat</Text>
		</Row>
		<Row Tag="LOC_OPTIONS_HOTKEY_UI_RANKINGS">
			<Text>Sıralama Ekranını Aç / Kapat</Text>
		</Row>
		<Row Tag="LOC_OPTIONS_HOTKEY_UI_CITYSTATES">
			<Text>Şehir-Devlet Ekranını Aç / Kapat</Text>
		</Row>
		<Row Tag="LOC_OPTIONS_HOTKEY_UI_ESPIONAGE">
			<Text>Casus Ekranını Aç / Kapat</Text>
		</Row>
		<Row Tag="LOC_OPTIONS_HOTKEY_UI_TRADEROUTES">
			<Text>Ticaret Yolları Ekranını Aç / Kapat</Text>
		</Row>
		<Row Tag="LOC_OPTIONS_HOTKEY_UI_CIVILOPEDIA">
			<Text>Civilopedia'yı Aç</Text>
		</Row>
		<Row Tag="LOC_OPTIONS_HOTKEY_UI_FSMAP">
			<Text>Tam Ekran Haritasına Geçiş Yap</Text>
		</Row>
		<Row Tag="LOC_OPTIONS_HOTKEY_UI_TECH_HELP">
			<Text>Teknik Ağacı'nın görünürlüğünü değiştirir</Text>
		</Row>
		<Row Tag="LOC_OPTIONS_HOTKEY_UI_CIVICS_HELP">
			<Text>Toplum Ağacının görünürlüğünü değiştirir</Text>
		</Row>
		<Row Tag="LOC_OPTIONS_HOTKEY_UI_GOV_HELP">
			<Text>Hükümet Ekranının görünürlüğünü değiştirir</Text>
		</Row>
		<Row Tag="LOC_OPTIONS_HOTKEY_UI_RELIGION_HELP">
			<Text>Din Ekranının görünürlüğünü değiştirir</Text>
		</Row>
		<Row Tag="LOC_OPTIONS_HOTKEY_UI_GPEOPLE_HELP">
			<Text>Büyük Kişiler Ekranının görünürlüğünü değiştirir</Text>
		</Row>
		<Row Tag="LOC_OPTIONS_HOTKEY_UI_GWORKS_HELP">
			<Text>Büyük Eserler Ekranının görünürlüğünü değiştirir</Text>
		</Row>
		<Row Tag="LOC_OPTIONS_HOTKEY_UI_RANKINGS_HELP">
			<Text>Sıralamalar Ekranının görünürlüğünü değiştirir</Text>
		</Row>
		<Row Tag="LOC_OPTIONS_HOTKEY_UI_CITYSTATES_HELP">
			<Text>Şehir Devleti Ekranının görünürlüğünü değiştirir</Text>
		</Row>
		<Row Tag="LOC_OPTIONS_HOTKEY_UI_ESPIONAGE_HELP">
			<Text>Casus Ekranının görünürlüğünü değiştirir</Text>
		</Row>
		<Row Tag="LOC_OPTIONS_HOTKEY_UI_TRADEROUTES_HELP">
			<Text>Ticaret Rotaları Ekranının görünürlüğünü değiştirir</Text>
		</Row>
		<Row Tag="LOC_OPTIONS_HOTKEY_UI_CIVILOPEDIA_HELP">
			<Text>Civilopedia'yı açar</Text>
		</Row>
		<Row Tag="LOC_OPTIONS_HOTKEY_UI_FSMAP_HELP">
			<Text>Tam Ekran Haritasının Görünürlüğünü Değiştirir</Text>
		</Row>
		<Row Tag="LOC_OPTIONS_HOTKEY_CATEGORY_UNIT">
			<Text>Birim İşlemleri:</Text>
		</Row>
		<Row Tag="LOC_OPTIONS_HOTKEY_UNIT_FOUNDCITY">
			<Text>Şehir Kur</Text>
		</Row>
		<Row Tag="LOC_OPTIONS_HOTKEY_UNIT_MOVETO">
			<Text>Hareket Et</Text>
		</Row>
		<Row Tag="LOC_OPTIONS_HOTKEY_UNIT_FORTIFY">
			<Text>Güçlendir</Text>
		</Row>
		<Row Tag="LOC_OPTIONS_HOTKEY_UNIT_FORTIFY_HEAL">
			<Text>Güçlendirilmiş İyileşme</Text>
		</Row>
		<Row Tag="LOC_OPTIONS_HOTKEY_UNIT_DELETE">
			<Text>Birimi Sil</Text>
		</Row>
		<Row Tag="LOC_OPTIONS_HOTKEY_UNIT_ATTACK">
			<Text>Saldırı</Text>
		</Row>
		<Row Tag="LOC_OPTIONS_HOTKEY_UNIT_RANGED">
			<Text>Menzilli Saldırı</Text>
		</Row>
		<Row Tag="LOC_OPTIONS_HOTKEY_UNIT_AUTOEXP">
			<Text>Otomatik Keşif</Text>
		</Row>
		<Row Tag="LOC_OPTIONS_HOTKEY_UNIT_SKIPTURN">
			<Text>Turu Geç</Text>
		</Row>
		<Row Tag="LOC_OPTIONS_HOTKEY_UNIT_SLEEP">
			<Text>Uyku</Text>
		</Row>
		<Row Tag="LOC_OPTIONS_HOTKEY_UNIT_ALERT">
			<Text>Uyarı</Text>
		</Row>
		<Row Tag="LOC_OPTIONS_ALL_AUTOSAVES">
			<Text>Tümü</Text>
		</Row>
		<Row Tag="LOC_OPTIONS_HOTKEY_UNIT_FOUNDCITY_HELP">
			<Text>Seçili birim bir göçmen ise, bulunduğu yere Şehir kurar.</Text>
		</Row>
		<Row Tag="LOC_OPTIONS_HOTKEY_UNIT_MOVETO_HELP">
			<Text>Seçilen birim Hareket işlemini gerçekleştirir.</Text>
		</Row>
		<Row Tag="LOC_OPTIONS_HOTKEY_UNIT_FORTIFY_HELP">
			<Text>Seçilen birimi güçlendirir.</Text>
		</Row>
		<Row Tag="LOC_OPTIONS_HOTKEY_UNIT_FORTIFY_HEAL_HELP">
			<Text>Seçilen birimi tamamen iyileşene kadar güçlendirir.</Text>
		</Row>
		<Row Tag="LOC_OPTIONS_HOTKEY_UNIT_DELETE_HELP">
			<Text>Seçilen birimi siler.</Text>
		</Row>
		<Row Tag="LOC_OPTIONS_HOTKEY_UNIT_ATTACK_HELP">
			<Text>Seçilen birimle Saldırı gerçekleştirir.</Text>
		</Row>
		<Row Tag="LOC_OPTIONS_HOTKEY_UNIT_RANGED_HELP">
			<Text>Seçilen birim ile Menzilli Saldırı gerçekleştirir.</Text>
		</Row>
		<Row Tag="LOC_OPTIONS_HOTKEY_UNIT_AUTOEXP_HELP">
			<Text>Seçili birimde otomatik keşfetmeyi etkinleştirir.</Text>
		</Row>
		<Row Tag="LOC_OPTIONS_HOTKEY_UNIT_SKIPTURN_HELP">
			<Text>Seçilen birim geçerli turu atlar.</Text>
		</Row>
		<Row Tag="LOC_OPTIONS_HOTKEY_UNIT_SLEEP_HELP">
			<Text>Seçilen birimi Uyku moduna alır.</Text>
		</Row>
		<Row Tag="LOC_OPTIONS_HOTKEY_UNIT_ALERT_HELP">
			<Text>Seçilen birimle Uyarı eylemini gerçekleştirir.</Text>
		</Row>
		<Row Tag="LOC_OPTIONS_HOTKEY_CATEGORY_GLOBAL">
			<Text>Küresel Eylemler:</Text>
		</Row>
		<Row Tag="LOC_OPTIONS_HOTKEY_GLOBAL_ENDTURN">
			<Text>Sonraki Eylem</Text>
		</Row>
		<Row Tag="LOC_OPTIONS_HOTKEY_GLOBAL_TOGGLEGRID">
			<Text>Izgarayı Aç / Kapat</Text>
		</Row>
		<Row Tag="LOC_OPTIONS_HOTKEY_GLOBAL_PAUSEMENU">
			<Text>Oyun İçi Menü</Text>
		</Row>
		<Row Tag="LOC_OPTIONS_HOTKEY_GLOBAL_QUICKSAVE">
			<Text>Hızlı Kaydet</Text>
		</Row>
		<Row Tag="LOC_OPTIONS_HOTKEY_GLOBAL_QUICKLOAD">
			<Text>Hızlı Yükleme</Text>
		</Row>
		<Row Tag="LOC_OPTIONS_HOTKEY_GLOBAL_NEXTUNIT">
			<Text>Sonraki Hazır Birim</Text>
		</Row>
		<Row Tag="LOC_OPTIONS_HOTKEY_GLOBAL_PREVUNIT">
			<Text>Önceki Hazır Birim</Text>
		</Row>
		<Row Tag="LOC_OPTIONS_HOTKEY_GLOBAL_TOGGLEYIELD">
			<Text>Verim Simgelerini Aç / Kapat</Text>
		</Row>
		<Row Tag="LOC_OPTIONS_HOTKEY_GLOBAL_PANUP">
			<Text>Yukarı kaydır</Text>
		</Row>
		<Row Tag="LOC_OPTIONS_HOTKEY_GLOBAL_PANDOWN">
			<Text>Aşağı kaydır</Text>
		</Row>
		<Row Tag="LOC_OPTIONS_HOTKEY_GLOBAL_PANLEFT">
			<Text>Sola kaydır</Text>
		</Row>
		<Row Tag="LOC_OPTIONS_HOTKEY_GLOBAL_PANRIGHT">
			<Text>Sağa kaydır</Text>
		</Row>
		<Row Tag="LOC_OPTIONS_HOTKEY_GLOBAL_ZOOMIN">
			<Text>Yakınlaştır</Text>
		</Row>
		<Row Tag="LOC_OPTIONS_HOTKEY_GLOBAL_ZOOMOUT">
			<Text>Uzaklaştır</Text>
		</Row>
		<Row Tag="LOC_OPTIONS_HOTKEY_GLOBAL_NEXTCITY">
			<Text>Sonraki Şehir</Text>
		</Row>
		<Row Tag="LOC_OPTIONS_HOTKEY_GLOBAL_PREVCITY">
			<Text>Önceki Şehir</Text>
		</Row>
		<Row Tag="LOC_OPTIONS_HOTKEY_GLOBAL_TOGGLERESOURCES">
			<Text>Kaynak Simgelerini Aç / Kapat</Text>
		</Row>
		<Row Tag="LOC_OPTIONS_HOTKEY_GLOBAL_TOGGLE2DVIEW">
			<Text>Stratejik Görünümü Değiştir</Text>
		</Row>
		<Row Tag="LOC_OPTIONS_HOTKEY_GLOBAL_ENDTURN_HELP">
			<Text>Mümkünse oyuncunun dönüşünü bitirir.</Text>
		</Row>
		<Row Tag="LOC_OPTIONS_HOTKEY_GLOBAL_TOGGLEGRID_HELP">
			<Text>Arazinin üzerinde bir klavuz kaplaması açar ve kapatır.</Text>
		</Row>
		<Row Tag="LOC_OPTIONS_HOTKEY_GLOBAL_PAUSEMENU_HELP">
			<Text>Oyun içi menüyü getirir.</Text>
		</Row>
		<Row Tag="LOC_OPTIONS_HOTKEY_GLOBAL_QUICKSAVE_HELP">
			<Text>Hızlı kaydetmeyi gerçekleştirir.</Text>
		</Row>
		<Row Tag="LOC_OPTIONS_HOTKEY_GLOBAL_QUICKLOAD_HELP">
			<Text>Varsa en son hızlı kaydetmeyi yükler.</Text>
		</Row>
		<Row Tag="LOC_OPTIONS_HOTKEY_GLOBAL_NEXTUNIT_HELP">
			<Text>Sonraki hazır birime geçer.</Text>
		</Row>
		<Row Tag="LOC_OPTIONS_HOTKEY_GLOBAL_PREVUNIT_HELP">
			<Text>Bir önceki hazır birime geçer.</Text>
		</Row>
		<Row Tag="LOC_OPTIONS_HOTKEY_GLOBAL_TOGGLEYIELD_HELP">
			<Text>Verim ikonlarının görünürlüğünü değiştirir.</Text>
		</Row>
		<Row Tag="LOC_OPTIONS_HOTKEY_GLOBAL_PANUP_HELP">
			<Text>Haritanın görünümünü yukarı kaldırır</Text>
		</Row>
		<Row Tag="LOC_OPTIONS_HOTKEY_GLOBAL_PANDOWN_HELP">
			<Text>Haritanın görünümünü aşağıya indirin</Text>
		</Row>
		<Row Tag="LOC_OPTIONS_HOTKEY_GLOBAL_PANLEFT_HELP">
			<Text>Haritanın görünümünü sola götürür</Text>
		</Row>
		<Row Tag="LOC_OPTIONS_HOTKEY_GLOBAL_PANRIGHT_HELP">
			<Text>Haritanın görünümünü sağa götürür</Text>
		</Row>
		<Row Tag="LOC_OPTIONS_HOTKEY_GLOBAL_NEXTCITY_HELP">
			<Text>Bir sonraki şehre geçer.</Text>
		</Row>
		<Row Tag="LOC_OPTIONS_HOTKEY_GLOBAL_PREVCITY_HELP">
			<Text>Önceki şehre geçer.</Text>
		</Row>
		<Row Tag="LOC_OPTIONS_HOTKEY_GLOBAL_TOGGLERESOURCES_HELP">
			<Text>Kaynak simgelerinin görünürlüğünü değiştirir.</Text>
		</Row>
		<Row Tag="LOC_OPTIONS_HOTKEY_GLOBAL_TOGGLE2DVIEW_HELP">
			<Text>Oyunu standart ve stratejik (2B) görünümler arasında değiştirir.</Text>
		</Row>
		<Row Tag="LOC_OPTIONS_HOTKEY_CATEGORY_ONLINE">
			<Text>Çevrimiçi İşlemler:</Text>
		</Row>
		<Row Tag="LOC_OPTIONS_HOTKEY_ONLINE_PAUSE">
			<Text>Çevrimiçi Duraklat</Text>
		</Row>
		<Row Tag="LOC_OPTIONS_HOTKEY_ONLINE_PAUSE_HELP">
			<Text>Online oyunu duraklatır.</Text>
		</Row>
		<Row Tag="LOC_OPTIONS_HOTKEY_CATEGORY_LENSES">
			<Text>Lensler:</Text>
		</Row>
		<Row Tag="LOC_OPTIONS_HOTKEY_LENSES_RELIGION">
			<Text>Din</Text>
		</Row>
		<Row Tag="LOC_OPTIONS_HOTKEY_LENSES_CONTINENT">
			<Text>Kıta</Text>
		</Row>
		<Row Tag="LOC_OPTIONS_HOTKEY_LENSES_APPEAL">
			<Text>Caziplik</Text>
		</Row>
		<Row Tag="LOC_OPTIONS_HOTKEY_LENSES_SETTLER">
			<Text>Göçmen</Text>
		</Row>
		<Row Tag="LOC_OPTIONS_HOTKEY_LENSES_GOVERNMENT">
			<Text>Hükümet</Text>
		</Row>
		<Row Tag="LOC_OPTIONS_HOTKEY_LENSES_POLITICAL">
			<Text>Siyasi</Text>
		</Row>
		<Row Tag="LOC_OPTIONS_HOTKEY_LENSES_TOURISM">
			<Text>Turizm</Text>
		</Row>
		<Row Tag="LOC_OPTIONS_HOTKEY_LENSES_LOYALTY">
			<Text>Sadakat</Text>
		</Row>
		<Row Tag="LOC_OPTIONS_HOTKEY_LENSES_EMPIRE">
			<Text>imparatorluk</Text>
		</Row>
		<Row Tag="LOC_OPTIONS_HOTKEY_LENSES_RELIGION_HELP">
			<Text>Din görünümünü açar.</Text>
		</Row>
		<Row Tag="LOC_OPTIONS_HOTKEY_LENSES_CONTINENT_HELP">
			<Text>Kıta görünümünü açar.</Text>
		</Row>
		<Row Tag="LOC_OPTIONS_HOTKEY_LENSES_APPEAL_HELP">
			<Text>Caziplik görünümünü açar.</Text>
		</Row>
		<Row Tag="LOC_OPTIONS_HOTKEY_LENSES_SETTLER_HELP">
			<Text>Göçmen görünümünü açar.</Text>
		</Row>
		<Row Tag="LOC_OPTIONS_HOTKEY_LENSES_GOVERNMENT_HELP">
			<Text>Hükümet görünümünü açar.</Text>
		</Row>
		<Row Tag="LOC_OPTIONS_HOTKEY_LENSES_POLITICAL_HELP">
			<Text>Politik görünümü açar.</Text>
		</Row>
		<Row Tag="LOC_OPTIONS_HOTKEY_LENSES_TOURISM_HELP">
			<Text>Turizm görünümünü açar.</Text>
		</Row>
		<Row Tag="LOC_OPTIONS_HOTKEY_LENSES_LOYALTY_HELP">
			<Text>Sadakat lensini değiştirir.</Text>
		</Row>
		<Row Tag="LOC_OPTIONS_HOTKEY_LENSES_EMPIRE_HELP">
			<Text>İmparatorluk lensini değiştirir.</Text>
		</Row>
		<Row Tag="LOC_OPTIONS_KEY_UNDERSCORE">
			<Text>_</Text>
		</Row>
		<Row Tag="LOC_OPTIONS_KEY_A">
			<Text>A</Text>
		</Row>
		<Row Tag="LOC_OPTIONS_KEY_B">
			<Text>B</Text>
		</Row>
		<Row Tag="LOC_OPTIONS_KEY_C">
			<Text>C</Text>
		</Row>
		<Row Tag="LOC_OPTIONS_KEY_D">
			<Text>D</Text>
		</Row>
		<Row Tag="LOC_OPTIONS_KEY_E">
			<Text>E</Text>
		</Row>
		<Row Tag="LOC_OPTIONS_KEY_F">
			<Text>F</Text>
		</Row>
		<Row Tag="LOC_OPTIONS_KEY_G">
			<Text>G</Text>
		</Row>
		<Row Tag="LOC_OPTIONS_KEY_H">
			<Text>H</Text>
		</Row>
		<Row Tag="LOC_OPTIONS_KEY_I">
			<Text>I</Text>
		</Row>
		<Row Tag="LOC_OPTIONS_KEY_J">
			<Text>J</Text>
		</Row>
		<Row Tag="LOC_OPTIONS_KEY_K">
			<Text>K</Text>
		</Row>
		<Row Tag="LOC_OPTIONS_KEY_L">
			<Text>L</Text>
		</Row>
		<Row Tag="LOC_OPTIONS_KEY_M">
			<Text>M</Text>
		</Row>
		<Row Tag="LOC_OPTIONS_KEY_N">
			<Text>N</Text>
		</Row>
		<Row Tag="LOC_OPTIONS_KEY_O">
			<Text>O</Text>
		</Row>
		<Row Tag="LOC_OPTIONS_KEY_P">
			<Text>P</Text>
		</Row>
		<Row Tag="LOC_OPTIONS_KEY_Q">
			<Text>Q</Text>
		</Row>
		<Row Tag="LOC_OPTIONS_KEY_R">
			<Text>R</Text>
		</Row>
		<Row Tag="LOC_OPTIONS_KEY_S">
			<Text>S</Text>
		</Row>
		<Row Tag="LOC_OPTIONS_KEY_T">
			<Text>T</Text>
		</Row>
		<Row Tag="LOC_OPTIONS_KEY_U">
			<Text>U</Text>
		</Row>
		<Row Tag="LOC_OPTIONS_KEY_V">
			<Text>V</Text>
		</Row>
		<Row Tag="LOC_OPTIONS_KEY_W">
			<Text>W</Text>
		</Row>
		<Row Tag="LOC_OPTIONS_KEY_X">
			<Text>X</Text>
		</Row>
		<Row Tag="LOC_OPTIONS_KEY_Y">
			<Text>Y</Text>
		</Row>
		<Row Tag="LOC_OPTIONS_KEY_Z">
			<Text>Z</Text>
		</Row>
		<Row Tag="LOC_OPTIONS_KEY_0">
			<Text>0</Text>
		</Row>
		<Row Tag="LOC_OPTIONS_KEY_1">
			<Text>1</Text>
		</Row>
		<Row Tag="LOC_OPTIONS_KEY_2">
			<Text>2</Text>
		</Row>
		<Row Tag="LOC_OPTIONS_KEY_3">
			<Text>3</Text>
		</Row>
		<Row Tag="LOC_OPTIONS_KEY_4">
			<Text>4</Text>
		</Row>
		<Row Tag="LOC_OPTIONS_KEY_5">
			<Text>5</Text>
		</Row>
		<Row Tag="LOC_OPTIONS_KEY_6">
			<Text>6</Text>
		</Row>
		<Row Tag="LOC_OPTIONS_KEY_7">
			<Text>7</Text>
		</Row>
		<Row Tag="LOC_OPTIONS_KEY_8">
			<Text>8</Text>
		</Row>
		<Row Tag="LOC_OPTIONS_KEY_9">
			<Text>9</Text>
		</Row>
		<Row Tag="LOC_OPTIONS_KEY_NP_0">
			<Text>0 (Sayısal tuş takımı)</Text>
		</Row>
		<Row Tag="LOC_OPTIONS_KEY_NP_1">
			<Text>1 (Sayısal tuş takımı)</Text>
		</Row>
		<Row Tag="LOC_OPTIONS_KEY_NP_2">
			<Text>2 (Sayısal tuş takımı)</Text>
		</Row>
		<Row Tag="LOC_OPTIONS_KEY_NP_3">
			<Text>3 (Sayısal tuş takımı)</Text>
		</Row>
		<Row Tag="LOC_OPTIONS_KEY_NP_4">
			<Text>4 (Sayısal tuş takımı)</Text>
		</Row>
		<Row Tag="LOC_OPTIONS_KEY_NP_5">
			<Text>5 (Sayısal tuş takımı)</Text>
		</Row>
		<Row Tag="LOC_OPTIONS_KEY_NP_6">
			<Text>6 (Sayısal tuş takımı)</Text>
		</Row>
		<Row Tag="LOC_OPTIONS_KEY_NP_7">
			<Text>7 (Sayısal tuş takımı)</Text>
		</Row>
		<Row Tag="LOC_OPTIONS_KEY_NP_8">
			<Text>8 (Sayısal tuş takımı)</Text>
		</Row>
		<Row Tag="LOC_OPTIONS_KEY_NP_9">
			<Text>9 (Sayısal tuş takımı)</Text>
		</Row>
		<Row Tag="LOC_OPTIONS_KEY_NP_MULTIPLY">
			<Text>* (Sayısal tuş takımı)</Text>
		</Row>
		<Row Tag="LOC_OPTIONS_KEY_NP_PLUS">
			<Text>+ (Sayısal tuş takımı)</Text>
		</Row>
		<Row Tag="LOC_OPTIONS_KEY_NP_MINUS">
			<Text>- (Sayısal tuş takımı)</Text>
		</Row>
		<Row Tag="LOC_OPTIONS_KEY_NP_DECIMAL">
			<Text>. (Sayısal tuş takımı)</Text>
		</Row>
		<Row Tag="LOC_OPTIONS_KEY_NP_DIVIDE">
			<Text>/ (Sayısal tuş takımı)</Text>
		</Row>
		<Row Tag="LOC_OPTIONS_KEY_NP_CENTER">
			<Text>Merkez (Sayısal tuş takımı)</Text>
		</Row>
		<Row Tag="LOC_OPTIONS_KEY_F1">
			<Text>F1</Text>
		</Row>
		<Row Tag="LOC_OPTIONS_KEY_F2">
			<Text>F2</Text>
		</Row>
		<Row Tag="LOC_OPTIONS_KEY_F3">
			<Text>F3</Text>
		</Row>
		<Row Tag="LOC_OPTIONS_KEY_F4">
			<Text>F4</Text>
		</Row>
		<Row Tag="LOC_OPTIONS_KEY_F5">
			<Text>F5</Text>
		</Row>
		<Row Tag="LOC_OPTIONS_KEY_F6">
			<Text>F6</Text>
		</Row>
		<Row Tag="LOC_OPTIONS_KEY_F7">
			<Text>F7</Text>
		</Row>
		<Row Tag="LOC_OPTIONS_KEY_F8">
			<Text>F8</Text>
		</Row>
		<Row Tag="LOC_OPTIONS_KEY_F9">
			<Text>F9</Text>
		</Row>
		<Row Tag="LOC_OPTIONS_KEY_F10">
			<Text>F10</Text>
		</Row>
		<Row Tag="LOC_OPTIONS_KEY_F11">
			<Text>F11</Text>
		</Row>
		<Row Tag="LOC_OPTIONS_KEY_F12">
			<Text>F12</Text>
		</Row>
		<Row Tag="LOC_OPTIONS_KEY_F13">
			<Text>F13</Text>
		</Row>
		<Row Tag="LOC_OPTIONS_KEY_F14">
			<Text>F14</Text>
		</Row>
		<Row Tag="LOC_OPTIONS_KEY_F15">
			<Text>F15</Text>
		</Row>
		<Row Tag="LOC_OPTIONS_KEY_F16">
			<Text>F16</Text>
		</Row>
		<Row Tag="LOC_OPTIONS_KEY_F17">
			<Text>F17</Text>
		</Row>
		<Row Tag="LOC_OPTIONS_KEY_F18">
			<Text>F18</Text>
		</Row>
		<Row Tag="LOC_OPTIONS_KEY_F19">
			<Text>F19</Text>
		</Row>
		<Row Tag="LOC_OPTIONS_KEY_F20">
			<Text>F20</Text>
		</Row>
		<Row Tag="LOC_OPTIONS_KEY_F21">
			<Text>F21</Text>
		</Row>
		<Row Tag="LOC_OPTIONS_KEY_F22">
			<Text>F22</Text>
		</Row>
		<Row Tag="LOC_OPTIONS_KEY_F23">
			<Text>F23</Text>
		</Row>
		<Row Tag="LOC_OPTIONS_KEY_F24">
			<Text>F24</Text>
		</Row>
		<Row Tag="LOC_OPTIONS_KEY_INSERT">
			<Text>Ekle</Text>
		</Row>
		<Row Tag="LOC_OPTIONS_KEY_HOME">
			<Text>Ev</Text>
		</Row>
		<Row Tag="LOC_OPTIONS_KEY_PAGEUP">
			<Text>Sayfa Yukarı</Text>
		</Row>
		<Row Tag="LOC_OPTIONS_KEY_DELETE">
			<Text>Sil</Text>
		</Row>
		<Row Tag="LOC_OPTIONS_KEY_END">
			<Text>Son</Text>
		</Row>
		<Row Tag="LOC_OPTIONS_KEY_PAGEDOWN">
			<Text>Sayfa Aşasğı</Text>
		</Row>
		<Row Tag="LOC_OPTIONS_KEY_LEFT">
			<Text>Sol Ok</Text>
		</Row>
		<Row Tag="LOC_OPTIONS_KEY_UP">
			<Text>Yukarı Ok</Text>
		</Row>
		<Row Tag="LOC_OPTIONS_KEY_RIGHT">
			<Text>Sağ Ok</Text>
		</Row>
		<Row Tag="LOC_OPTIONS_KEY_DOWN">
			<Text>Aşağı Ok</Text>
		</Row>
		<Row Tag="LOC_OPTIONS_KEY_SEMICOLON">
			<Text>;</Text>
		</Row>
		<Row Tag="LOC_OPTIONS_KEY_PLUS">
			<Text>=</Text>
		</Row>
		<Row Tag="LOC_OPTIONS_KEY_COMMA">
			<Text>,</Text>
		</Row>
		<Row Tag="LOC_OPTIONS_KEY_MINUS">
			<Text>-</Text>
		</Row>
		<Row Tag="LOC_OPTIONS_KEY_PERIOD">
			<Text>.</Text>
		</Row>
		<Row Tag="LOC_OPTIONS_KEY_SLASH">
			<Text>/</Text>
		</Row>
		<Row Tag="LOC_OPTIONS_KEY_TILDE">
			<Text>~</Text>
		</Row>
		<Row Tag="LOC_OPTIONS_KEY_LBRACKET">
			<Text>[</Text>
		</Row>
		<Row Tag="LOC_OPTIONS_KEY_BACKSLASH">
			<Text>\</Text>
		</Row>
		<Row Tag="LOC_OPTIONS_KEY_RBRACKET">
			<Text>]</Text>
		</Row>
		<Row Tag="LOC_OPTIONS_KEY_QUOTE">
			<Text>"</Text>
		</Row>
		<Row Tag="LOC_OPTIONS_KEY_PRINTSCREEN">
			<Text>Print Scrn</Text>
		</Row>
		<Row Tag="LOC_OPTIONS_KEY_PAUSE">
			<Text>Duraklat</Text>
		</Row>
		<Row Tag="LOC_OPTIONS_KEY_SPACE">
			<Text>Boşluk</Text>
		</Row>
		<Row Tag="LOC_OPTIONS_KEY_TAB">
			<Text>Tab</Text>
		</Row>
		<Row Tag="LOC_OPTIONS_KEY_RETURN">
			<Text>Dönüş</Text>
		</Row>
		<Row Tag="LOC_OPTIONS_KEY_ESCAPE">
			<Text>Esc</Text>
		</Row>
		<Row Tag="LOC_OPTIONS_KEY_BACKSPACE">
			<Text>Geri Tuşu</Text>
		</Row>
		<Row Tag="LOC_OPTIONS_KEY_CANCEL">
			<Text>İptal</Text>
		</Row>
		<Row Tag="LOC_OPTIONS_KEY_SHIFT">
			<Text>Shift</Text>
		</Row>
		<Row Tag="LOC_OPTIONS_KEY_CONTROL">
			<Text>Kontrol</Text>
		</Row>
		<Row Tag="LOC_OPTIONS_KEY_ALT">
			<Text>Alt</Text>
		</Row>
		<Row Tag="LOC_OPTIONS_KEY_LSHIFT">
			<Text>Sol Shift</Text>
		</Row>
		<Row Tag="LOC_OPTIONS_KEY_LCONTROL">
			<Text>Sol Control</Text>
		</Row>
		<Row Tag="LOC_OPTIONS_KEY_LALT">
			<Text>Sol Alt</Text>
		</Row>
		<Row Tag="LOC_OPTIONS_KEY_RSHIFT">
			<Text>Sağ Shift</Text>
		</Row>
		<Row Tag="LOC_OPTIONS_KEY_RCONTROL">
			<Text>Sağ Kontrol</Text>
		</Row>
		<Row Tag="LOC_OPTIONS_KEY_RALT">
			<Text>Sağ Alt</Text>
		</Row>
		<Row Tag="LOC_OPTIONS_KEY_LBUTTON">
			<Text>Sol Fare Tuşu</Text>
		</Row>
		<Row Tag="LOC_OPTIONS_KEY_RBUTTON">
			<Text>Sağ Fare Tuşu</Text>
		</Row>
		<Row Tag="LOC_OPTIONS_KEY_MBUTTON">
			<Text>Orta Fare Tuşu</Text>
		</Row>
		<Row Tag="LOC_OPTIONS_KEY_CAPSLOCK">
			<Text>Caps Lock</Text>
		</Row>
		<Row Tag="LOC_OPTIONS_KEY_NUMLOCK">
			<Text>Num Lock</Text>
		</Row>
		<Row Tag="LOC_OPTIONS_KEY_SCROLLLOCK">
			<Text>Scroll Lock</Text>
		</Row>
		<Row Tag="LOC_OPTIONS_KEY_LWIN">
			<Text>Sol Win</Text>
		</Row>
		<Row Tag="LOC_OPTIONS_KEY_RWIN">
			<Text>Sağ Win</Text>
		</Row>
		<Row Tag="LOC_OPTIONS_KEY_APPS">
			<Text>Uygulamalar</Text>
		</Row>
		<Row Tag="LOC_OPTIONS_PAD_A">
			<Text>Pad A</Text>
		</Row>
		<Row Tag="LOC_OPTIONS_PAD_B">
			<Text>Pad B</Text>
		</Row>
		<Row Tag="LOC_OPTIONS_PAD_X">
			<Text>Pad X</Text>
		</Row>
		<Row Tag="LOC_OPTIONS_PAD_Y">
			<Text>Pad Y</Text>
		</Row>
		<Row Tag="LOC_OPTIONS_PAD_RSHOULDER">
			<Text>Pad RB</Text>
		</Row>
		<Row Tag="LOC_OPTIONS_PAD_LSHOULDER">
			<Text>Pad LB</Text>
		</Row>
		<Row Tag="LOC_OPTIONS_PAD_LTRIGGER">
			<Text>Pad LT</Text>
		</Row>
		<Row Tag="LOC_OPTIONS_PAD_RTRIGGER">
			<Text>Pad RT</Text>
		</Row>
		<Row Tag="LOC_OPTIONS_PAD_DPAD_UP">
			<Text>Pad Dpad Up</Text>
		</Row>
		<Row Tag="LOC_OPTIONS_PAD_DPAD_DOWN">
			<Text>Pad Dpad Down</Text>
		</Row>
		<Row Tag="LOC_OPTIONS_PAD_DPAD_LEFT">
			<Text>Pad Dpad Left</Text>
		</Row>
		<Row Tag="LOC_OPTIONS_PAD_DPAD_RIGHT">
			<Text>Pad Dpad Right</Text>
		</Row>
		<Row Tag="LOC_OPTIONS_PAD_START">
			<Text>Pad Start</Text>
		</Row>
		<Row Tag="LOC_OPTIONS_PAD_BACK">
			<Text>Pad Back</Text>
		</Row>
		<Row Tag="LOC_OPTIONS_PAD_LTHUMB_PRESS">
			<Text>Pad LStick</Text>
		</Row>
		<Row Tag="LOC_OPTIONS_PAD_RTHUMB_PRESS">
			<Text>Pad RStick</Text>
		</Row>
		<Row Tag="LOC_OPTIONS_KEY_VOLUME_MUTE">
			<Text>Sessiz</Text>
		</Row>
		<Row Tag="LOC_OPTIONS_KEY_VOLUME_DOWN">
			<Text>Vol. Down</Text>
		</Row>
		<Row Tag="LOC_OPTIONS_KEY_VOLUME_UP">
			<Text>Vol. Up</Text>
		</Row>
		<Row Tag="LOC_OPTIONS_KEY_MEDIA_NEXT_TRACK">
			<Text>Sonraki Parça</Text>
		</Row>
		<Row Tag="LOC_OPTIONS_KEY_MEDIA_PREV_TRACK">
			<Text>Önceki Parça</Text>
		</Row>
		<Row Tag="LOC_OPTIONS_KEY_MEDIA_STOP">
			<Text>Durdur</Text>
		</Row>
		<Row Tag="LOC_OPTIONS_KEY_MEDIA_PLAY_PAUSE">
			<Text>Oynat / Duraklat</Text>
		</Row>
		<Row Tag="LOC_OPTIONS_KEY_NUM_KEYS">
			<Text>Num Tuşları</Text>
		</Row>
		<Row Tag="LOC_OPTIONS_SUBTITLES">
			<Text>Sinematik Altyazılar:</Text>
		</Row>
	</FrontEndText>
</GameData>