﻿<?xml version="1.0" encoding="utf-8"?>
<!-- edited with XMLSPY v2004 rel. 2 U (http://www.xmlspy.com) by Ed Beach (Firaxis Games) -->
<GameData>
	<BaseGameText>
		<Row Tag="LOC_UI_TECHNOLOGY_RESEARCH_COMPLETE">
			<Text>ARASTIRMA TAMAMLANDI</Text>
		</Row>
		<Row Tag="LOC_UI_TECHNOLOGY_RESEARCH_COMPLETE_BLURB">
			<Text>TEBRiKLER! {1_TechnologyName} teknolojisi arastırıldı!</Text>
		</Row>
		<Row Tag="LOC_UI_CIVIC_PROGRESS_COMPLETE">
			<Text>iLKE TAMAMLANDI</Text>
		</Row>
		<Row Tag="LOC_UI_CIVIC_PROGRESS_COMPLETE_BLURB">
			<Text>Vatandaslarınız {1_CivicName} adlı ilkeyi denemekten mutluluk duydukları icin, bu turda devlet ve sosyal politika degisiklikleri UCRETSiZDiR.</Text>
		</Row>
	</BaseGameText>
</GameData>
