<?xml version="1.0" encoding="utf-8"?>
<!-- edited with XMLSPY v2004 rel. 2 U (http://www.xmlspy.com) by Anton Strenger (Firaxis Games) -->
<GameData>
	<BaseGameText>
		<!-- Names -->
		<Row Tag="LOC_ABILITY_ANTI_CAVALRY_NAME">
			<Text>Anti-Süvari</Text>
		</Row>
		<Row Tag="LOC_ABILITY_HEAVY_CHARIOT_NAME">
			<Text>Agır Savas Arabası</Text>
		</Row>
		<Row Tag="LOC_ABILITY_IGNORE_TERRAIN_COST_NAME">
			<Text>Arazi Masrafı Yok</Text>
		</Row>
		<Row Tag="LOC_ABILITY_IGNORE_CROSSING_RIVERS_COST_NAME">
			<Text>Nehir Geçis Maliyeti Yok</Text>
		</Row>
		<Row Tag="LOC_ABILITY_IGNORE_ZOC_NAME">
			<Text>Kontrol Bölgesini Yoksay</Text>
		</Row>
		<Row Tag="LOC_ABILITY_LIGHT_CHARIOT_NAME">
			<Text>Hafif Savas Arabası</Text>
		</Row>
		<Row Tag="LOC_ABILITY_NO_MOVE_AND_SHOOT_NAME">
			<Text>Saldırı ve Hareket Yok</Text>
		</Row>
		<Row Tag="LOC_ABILITY_NO_OCEAN_NAME">
			<Text>Sadece Sahiller</Text>
		</Row>
		<Row Tag="LOC_ABILITY_CANNOT_ATTACK">
			<Text>Saldıramaz</Text>
		</Row>
		<Row Tag="LOC_ABILITY_FRIENDLY_TERRITORY_COMBAT">
			<Text>Dost Bölgesi Bonusu</Text>
		</Row>
		<Row Tag="LOC_ABILITY_ENABLE_WALL_ATTACK_NAME">
			<Text>Duvar Saldırısı Etkin</Text>
		</Row>
		<Row Tag="LOC_ABILITY_BYPASS_WALLS_NAME">
			<Text>Duvarları Geçme</Text>
		</Row>
		<Row Tag="LOC_ABILITY_ANTI_SPEAR_NAME">
			<Text>Anti-Mızrak</Text>
		</Row>
		<Row Tag="LOC_ABILITY_GRANT_RANGE_BONUS_NAME">
			<Text>Hedef Tanıma</Text>
		</Row>
		<Row Tag="LOC_ABILITY_UNOBSTRUCTED_VIEW_NAME">
			<Text>Engelsiz Bakıs</Text>
		</Row>
		<Row Tag="LOC_ABILITY_OLIGARCHY_MELEE_BUFF_NAME">
			<Text>Oligarsik Saldırı</Text>
		</Row>
		<Row Tag="LOC_ABILITY_THEOCRACY_RELIGIOUS_BUFF_NAME">
			<Text>Teokrasi</Text>
		</Row>
		<Row Tag="LOC_ABILITY_RELIGIOUS_ORDERS_BUFF_NAME">
			<Text>Dini Emirler</Text>
		</Row>
		<Row Tag="LOC_ABILITY_FASCISM_ATTACK_BUFF_NAME">
			<Text>Fasizm Saldırısı</Text>
		</Row>
		<Row Tag="LOC_ABILITY_COMMUNISM_DEFENSE_BUFF_NAME">
			<Text>Komünist Kara Savunması</Text>
		</Row>
		<Row Tag="LOC_ABILITY_MEDIC_HEAL_NAME">
			<Text>sifalı İlaç</Text>
		</Row>
		<Row Tag="LOC_ABILITY_STEALTH_NAME">
			<Text>Gizlilik</Text>
		</Row>
		<Row Tag="LOC_ABILITY_SEE_HIDDEN_NAME">
			<Text>Gizlilik İfsası</Text>
		</Row>
		<Row Tag="LOC_ABILITY_COASTAL_RAID_NAME">
			<Text>Kıyı Baskını</Text>
		</Row>
		<Row Tag="LOC_ABILITY_MELEE_COASTAL_RAID_NAME">
			<Text>Ani Kıyı Baskını</Text>
		</Row>
		<Row Tag="LOC_ABILITY_BYPASS_COMBAT_UNIT_NAME">
			<Text>Hedeflenen Saldırı</Text>
		</Row>
		<Row Tag="LOC_ABILITY_HEAL_NEUTRAL_TERRITORY_NAME">
			<Text>Tarafsız Bölgede İyilesme</Text>
		</Row>
		<Row Tag="LOC_ABILITY_TRADE_ROUTE_PLUNDER_IMMUNITY_SEA_NAME">
			<Text>Denizde yagma koruması</Text>
		</Row>
		<Row Tag="LOC_ABILITY_BERSERKER_RAGE_NAME">
			<Text>Berserker Hiddeti</Text>
		</Row>
		<Row Tag="LOC_ABILITY_BERSERKER_MOVEMENT_NAME">
			<Text>Berserker Manevrası</Text>
		</Row>
		<Row Tag="LOC_ABILITY_LONGSHIP_MOVEMENT_NAME">
			<Text>Uzun Gemi Manevrası</Text>
		</Row>
		<Row Tag="LOC_ABILITY_PRIZE_SHIPS_NAME">
			<Text>Gemi Ödülleri</Text>
		</Row>
		<Row Tag="LOC_ABILITY_CAPTIVE_WORKERS_NAME">
			<Text>Esir İsçiler</Text>
		</Row>
		<Row Tag="LOC_ABILITY_BALKAN_CAVALRY_NAME">
			<Text>Balkan Süvarisi</Text>
		</Row>
		<Row Tag="LOC_ABILITY_ALTITUDE_TRAINING_NAME">
			<Text>Rakım Egitimi</Text>
		</Row>
		<Row Tag="LOC_ABILITY_COSSACK_NAME">
			<Text>Don Nehrinin Sessizligi</Text>
		</Row>
		<Row Tag="LOC_ABILITY_REDCOAT_NAME">
			<Text>Küresel Ordu</Text>
		</Row>
		<Row Tag="LOC_ABILITY_VARU_NAME">
			<Text>Korku</Text>
		</Row>
		<Row Tag="LOC_ABILITY_NAGAO_NAME">
			<Text>Orman Savasçısı</Text>
		</Row>
		<Row Tag="LOC_ABILITY_CONQUISTADOR_NAME">
			<Text>Zorunlu Dönüsüm</Text>
		</Row>
		<Row Tag="LOC_ABILITY_GARDE_NAME">
			<Text>Napolyon'un Eliti</Text>
		</Row>
		<Row Tag="LOC_ABILITY_HOPLITE_NAME">
			<Text>Falanks</Text>
		</Row>
		<Row Tag="LOC_ABILITY_UBOAT_NAME">
			<Text>Kurt Sürüsü</Text>
		</Row>
		<Row Tag="LOC_ABILITY_ROUGH_RIDER_NAME">
			<Text>Teddy'nin Kahraman Süvarileri</Text>
		</Row>
		<Row Tag="LOC_ABILITY_MUSTANG_NAME">
			<Text>YabaniAt</Text>
		</Row>
		<Row Tag="LOC_ABILITY_MAMLUK_NAME">
			<Text>Furusiyya</Text>
		</Row>
		<Row Tag="LOC_ABILITY_SAMURAI_NAME">
			<Text>Samuray</Text>
		</Row>
		<Row Tag="LOC_ABILITY_NO_FOREIGN_SPREAD_NAME">
			<Text>Yerli Yayılma</Text>
		</Row>
		<Row Tag="LOC_ABILITY_ARCHAEOLOGIST_ENTER_FOREIGN_LANDS_NAME">
			<Text>Yabancı Topraklara Giris</Text>
		</Row>
		<Row Tag="LOC_ABILITY_RELIGIOUS_CANNOT_ATTACK_NAME">
			<Text>Barısçıl</Text>
		</Row>
		<Row Tag="LOC_ABILITY_FRIENDLY_TERRITORY_RELIGIOUS_NAME">
			<Text>Dost Bölgesi Avantajı</Text>
		</Row>
		<Row Tag="LOC_ABILITY_RELIGIOUS_ENTER_FOREIGN_LANDS_NAME">
			<Text>Sınırları Yoksay</Text>
		</Row>
		<Row Tag="LOC_ABILITY_RELIGIOUS_IGNORE_TERRAIN_COST_NAME">
			<Text>Havada Yürüyüs</Text>
		</Row>
		<!-- Full description -->
		<Row Tag="LOC_ABILITY_ANTI_CAVALRY_DESCRIPTION">
			<Text>Hafif Süvari ve Agır Süvari Birliklerine Karsı +14 [ICON_Strength] Savas Gücü.</Text>
		</Row>
		<Row Tag="LOC_ABILITY_ANTI_SPEAR_DESCRIPTION">
			<Text>Anti-Süvari Birliklerine Karsı +10 [ICON_Strength] Savas Gücü.</Text>
		</Row>
		<Row Tag="LOC_ABILITY_HEAVY_CHARIOT_DESCRIPTION">
			<Text>Çöl, Ova, Otlak veya Tundra Bölgesinde baslıyorsanız, +1 [ICON_Movement] Hareket.</Text>
		</Row>
		<Row Tag="LOC_ABILITY_RELIGIOUS_IGNORE_TERRAIN_COST_DESCRIPTION">
			<Text>Orman, Sık Orman, Tepeler ve Bataklıklar sadece tek [ICON_Movement] Hareket harcar. Misyoner Gayreti inancının kilidini açar.</Text>
		</Row>
		<Row Tag="LOC_ABILITY_IGNORE_ZOC_DESCRIPTION">
			<Text>Düsmanın kontrolündeki bölgeden etkilenilmez.</Text>
		</Row>
		<Row Tag="LOC_ABILITY_LIGHT_CHARIOT_DESCRIPTION">
			<Text>Çöl, Ova, Otlak veya Tundra Bölgesinde baslıyorsanız, +2 [ICON_Movement] Hareket.</Text>
		</Row>
		<Row Tag="LOC_ABILITY_NO_MOVE_AND_SHOOT_DESCRIPTION">
			<Text>Aynı turda, hareket edemez ve saldıramaz.</Text>
		</Row>
		<Row Tag="LOC_ABILITY_NO_OCEAN_DESCRIPTION">
			<Text>Okyanus peteklerine girilmez.</Text>
		</Row>
		<Row Tag="LOC_ABILITY_CANNOT_ATTACK_DESCRIPTION">
			<Text>Düsmanlara saldırı yapılamayabilir; Sadece savunma yapılır.</Text>
		</Row>
		<Row Tag="LOC_ABILITY_FRIENDLY_TERRITORY_COMBAT_DESCRIPTION">
			<Text>Dost topraklarda, Savas bonusu.</Text>
		</Row>
		<Row Tag="LOC_ABILITY_ENABLE_WALL_ATTACK_DESCRIPTION">
			<Text>Yakın saldırı birimleri bir düsman sehre bitisik olundugunda, sehrin Duvarlarına tam zarar verir.</Text>
		</Row>
		<Row Tag="LOC_ABILITY_BYPASS_WALLS_DESCRIPTION">
			<Text>Dost Yakın saldırı birimleri bir düsman sehre bitisik olundugunda, sehrin Duvarlarını es geçip, sehre direk saldırabilirler.</Text>
		</Row>
		<Row Tag="LOC_ABILITY_ANIT_SPEAR_DESCRIPTION">
			<Text>Mızraklı Asker ve Kargılı Asker'e karsı +5 [ICON_Strength] Savas Gücü.</Text>
		</Row>
		<Row Tag="LOC_ABILITY_GRANT_RANGE_BONUS_DESCRIPTION">
			<Text>Yakınlardaki menzilli kusatma birimlerine +1 [ICON_Range] Menzil.</Text>
		</Row>
		<Row Tag="LOC_ABILITY_UNOBSTRUCTED_VIEW_DESCRIPTION">
			<Text>Araziler menzilli engelleyemez.</Text>
		</Row>
		<Row Tag="LOC_ABILITY_OBSERVATION_STRENGTH_BONUS_DESCRIPTION">
			<Text>1 petek içindeki Kusatma sınıfı birimlerine +1 [ICON_Range] Aralıgı verir.</Text>
		</Row>
		<Row Tag="LOC_ABILITY_OLIGARCHY_MELEE_BUFF_DESCRIPTION">
			<Text>Oligarsi Hükümetinden +4 [ICON_Strength] Savas Gücü.</Text>
		</Row>
		<Row Tag="LOC_ABILITY_THEOCRACY_RELIGIOUS_BUFF_DESCRIPTION">
			<Text>Teokrasi Hükümetinden +5 [ICON_Religion] Dini Güç.</Text>
		</Row>
		<Row Tag="LOC_ABILITY_RELIGIOUS_ORDERS_BUFF_DESCRIPTION">
			<Text>Dini Emirler politikasından +5 [ICON_Religion] Dini Güç.</Text>
		</Row>
		<Row Tag="LOC_ABILITY_FASCISM_ATTACK_BUFF_DESCRIPTION">
			<Text>Fasizm Hükümetinden, saldırı yaparken +4 [ICON_Strength] Savas Gücü.</Text>
		</Row>
		<Row Tag="LOC_ABILITY_COMMUNISM_DEFENSE_BUFF_DESCRIPTION">
			<Text>Komünizm Hükümetinden, savunma yaparken +6 [ICON_Strength] Savas Gücü.</Text>
		</Row>
		<Row Tag="LOC_ABILITY_MEDIC_HEAL_DESCRIPTION">
			<Text>1 Petek içindeki oyuncu birimlerine +20 HP iyilesme bonusu.</Text>
		</Row>
		<Row Tag="LOC_ABILITY_STEALTH_DESCRIPTION">
			<Text>1 petek fazla uzakta olan birimlere karsı gizlenir.</Text>
		</Row>
		<Row Tag="LOC_ABILITY_SEE_HIDDEN_DESCRIPTION">
			<Text>Haritada ki Gizli birimleri, bitisik bir petek üzerinde oldugunda ortaya çıkarır.</Text>
		</Row>
		<Row Tag="LOC_ABILITY_COASTAL_RAID_DESCRIPTION">
			<Text>Harald Hardrada'nın yakın saldırı yapan deniz birimleri, binaları ve gelistirmeleri yagmalayabilir ve kıyı bölgelerindeki sivil birimleri yakalayabilir.</Text>
		</Row>
		<Row Tag="LOC_ABILITY_MELEE_COASTAL_RAID_NAME_DESCRIPTION">
			<Text>Binaları ve iyilestirmeleri yagmalayabilir ve kıyı bölgelerindeki sivil birimleri ele geçirebilir. (Hardrada)</Text>
		</Row>
		<Row Tag="LOC_ABILITY_BYPASS_COMBAT_UNIT_DESCRIPTION">
			<Text>Bir saldırı birimi ile birlikte bir olusumun içindeyse, dogrudan destek birimlerine saldırabilir.</Text>
		</Row>
		<Row Tag="LOC_ABILITY_HEAL_NEUTRAL_TERRITORY_DESCRIPTION">
			<Text>Tarafsız Bölgede İyilesebilir.</Text>
		</Row>
		<Row Tag="LOC_ABILITY_TRADE_ROUTE_PLUNDER_IMMUNITY_SEA_DESCRIPTION">
			<Text>Su peteklerinde ki [ICON_TradeRoute] Ticaret yolları, düsman birimler tarafından yagmalanamaz. Lizbon sehir Devleti'nin Hükümdarıyken elde edilir.</Text>
		</Row>
		<Row Tag="LOC_ABILITY_BERSERKER_RAGE_DESCRIPTION">
			<Text>Saldırı yaparken +7 [ICON_Strength] Savas Gücü ve savunma yaparken -7 [ICON_Strength] Savas gücü.</Text>
		</Row>
		<Row Tag="LOC_ABILITY_BERSERKER_MOVEMENT_DESCRIPTION">
			<Text>Bu birim tur'a düsman topraklarında baslarsa, +2 [ICON_Movement] Hareket.</Text>
		</Row>
		<Row Tag="LOC_ABILITY_LONGSHIP_MOVEMENT_DESCRIPTION">
			<Text>Kıyı sularında +1 [ICON_Movement] Hareket.</Text>
		</Row>
		<Row Tag="LOC_ABILITY_PRIZE_SHIPS_DESCRIPTION">
			<Text>Maglup olan düsman deniz birimlerini yakalayabilir.</Text>
		</Row>
		<Row Tag="LOC_ABILITY_CAPTIVE_WORKERS_DESCRIPTION">
			<Text>Maglup edilen düsman uygarlıkların savas birimlerini yakalayabilir ve onları İsçi'ye dönüstürebilir.</Text>
		</Row>
		<Row Tag="LOC_ABILITY_BALKAN_CAVALRY_DESCRIPTION">
			<Text>Preslav sehir Devleti'nin Hükümdarıyken, tepelerde agır ve hafif süvari birliklerine +5 [ICON_Strength] Savas Gücü.</Text>
		</Row>
		<Row Tag="LOC_ABILITY_ALTITUDE_TRAINING_DESCRIPTION">
			<Text>Misyonerler, Engizisyon mahkemesi üyeleri ve Havariler, Everest Dagına bitisik tepelerde daha hızlı hareket edebilirler.</Text>
		</Row>
		<Row Tag="LOC_ABILITY_COSSACK_DESCRIPTION">
			<Text>Saldırı yaptıktan sonra hareket edebilir. Kendi topraklarında veya bitisiginde +5 [ICON_Strength] Savas Gücü.</Text>
		</Row>
		<Row Tag="LOC_ABILITY_REDCOAT_DESCRIPTION">
			<Text>[ICON_Capital] Baskent'in bulundugu kıta dısında bir kıtada savasırken +10 [ICON_Strength] Savas Gücü. Denizden karaya çıkıs maliyeti yok.</Text>
		</Row>
		<Row Tag="LOC_ABILITY_VARU_DESCRIPTION">
			<Text>Bitisikte düsman birimleri varsa, -5 [ICON_Strength] Savas Gücü.</Text>
		</Row>
		<Row Tag="LOC_ABILITY_NAGAO_DESCRIPTION">
			<Text>Menzilli birimlere karsı savunma yaparken, +10 [ICON_Strength] Savas Gücü. [ICON_Movement] Hareket cezası olmadan Ormanlar ve Yagmur Ormanı'ndan geçebilir ve özellikleri görebilir.</Text>
		</Row>
		<Row Tag="LOC_ABILITY_CONQUISTADOR_DESCRIPTION">
			<Text>Aynı petekte bir dini birim varsa +10 [ICON_Strength] Savas Gücü. Eger bu birim bir sehir ele geçirir ya da fethedilen sehre bitisik olursa, sehir otomatik olarak fetheden oyuncunun Dinini egemen Din olarak kabul eder.</Text>
		</Row>
		<Row Tag="LOC_ABILITY_GARDE_DESCRIPTION">
			<Text>Baskent'inizin bulundugu kıtada savasırken, +10 [ICON_Strength] Savas Gücü. Öldürdügü her birim için +10 [ICON_GreatGeneral] Büyük General puanı.</Text>
		</Row>
		<Row Tag="LOC_ABILITY_HOPLITE_DESCRIPTION">
			<Text>Bitisikte en az bir Hoplit birimi varsa, +10 [ICON_Strength] Savas Gücü.</Text>
		</Row>
		<Row Tag="LOC_ABILITY_UBOAT_DESCRIPTION">
			<Text>Okyanus'ta savasırken, +10 [ICON_Strength]Savas Gücü.</Text>
		</Row>
		<Row Tag="LOC_ABILITY_ROUGH_RIDER_DESCRIPTION">
			<Text>[ICON_Capital] Baskent'in bulundugu kıtada savasan bir düsman birimini yok ettiginde, [ICON_Culture] Kültür miktarının %50'sine esit [ICON_Strength] Savas Gücü. Tepelerde savasırken +10 [ICON_Strength] Savas Gücü.</Text>
		</Row>
		<Row Tag="LOC_ABILITY_MUSTANG_DESCRIPTION">
			<Text>Avcı Uçagı'na karsı savasırken Savas Gücü kazanır, genis bir saldırı menzili vardır ve daha fazla savas tecrübesi kazanır.</Text>
		</Row>
		<Row Tag="LOC_ABILITY_MAMLUK_DESCRIPTION">
			<Text> Her tur sonunda iyilesebilir ve saldırı yaptıktan sonra hareket edebilir.</Text>
		</Row>
		<Row Tag="LOC_ABILITY_SAMURAI_DESCRIPTION">
			<Text>Yaralıyken tam güçte savasır.</Text>
		</Row>
		<Row Tag="LOC_ABILITY_BARRACKS_TRAINED_UNIT_XP_DESCRIPTION">
			<Text>+%25 Kısladan kazanılan deneyim</Text>
		</Row>
		<Row Tag="LOC_ABILITY_STABLE_TRAINED_UNIT_XP_DESCRIPTION">
			<Text>+%25 Kararlılıktan kazanılan deneyim</Text>
		</Row>
		<Row Tag="LOC_ABILITY_ARMORY_TRAINED_UNIT_XP_DESCRIPTION">
			<Text>+%25 Cephanelik'ten kazanılan deneyim</Text>
		</Row>
		<Row Tag="LOC_ABILITY_MILITARY_ACADEMY_TRAINED_UNIT_XP_DESCRIPTION">
			<Text>+%25 Harp Okulu'ndan kazanılan deneyim</Text>
		</Row>
		<Row Tag="LOC_ABILITY_LIGHTHOUSE_TRAINED_UNIT_XP_DESCRIPTION">
			<Text>+%25 Deniz Feneri'nden kazanılan deneyim</Text>
		</Row>
		<Row Tag="LOC_ABILITY_SHIPYARD_TRAINED_UNIT_XP_DESCRIPTION">
			<Text>+%25 Tersaneden kazanılan deneyim</Text>
		</Row>
		<Row Tag="LOC_ABILITY_SEAPORT_TRAINED_UNIT_XP_DESCRIPTION">
			<Text>+%25 Liman'dan kazanılan deneyim</Text>
		</Row>
		<Row Tag="LOC_ABILITY_HANGAR_TRAINED_AIRCRAFT_XP_DESCRIPTION">
			<Text>+%25 Hangardan kazanılan deneyim</Text>
		</Row>
		<Row Tag="LOC_ABILITY_AIRPORT_TRAINED_AIRCRAFT_XP_DESCRIPTION">
			<Text>+%50 Havaalanından kazanılan deneyim</Text>
		</Row>
		<Row Tag="LOC_ABILITY_ROYAL_NAVY_DOCKYARD_MOVEMENT_BONUS_DESCRIPTION">
			<Text>+1 [ICON_Movement] Kraliyet Donanması Tersane hareket.</Text>
		</Row>
		<Row Tag="LOC_ABILITY_ROMAN_LEGION_BUILD_DESCRIPTION">
			<Text>Roman Fort'u benzersiz bir gelisme haline getirebilir.</Text>
		</Row>
		<Row Tag="LOC_ABILITY_GREAT_LIGHTHOUSE_MOVEMENT_DESCRIPTION">
			<Text>+1 [ICON_Movement] Büyük deniz feneri hareket.</Text>
		</Row>
		<Row Tag="LOC_ABILITY_GREAT_LIGHTHOUSE_EMBARKED_MOVEMENT_DESCRIPTION">
			<Text>+1 Büyük Deniz Fenerinden [ICON_Movement] Hareketi Açıldı.</Text>
		</Row>
		<Row Tag="LOC_ABILITY_RANGED_ATTACK_DISTRICT_DEBUFF_DESCRIPTION">
			<Text>[COLOR_RED]-17 [ICON_Ranged][ENDCOLOR]Menzilli Kuvvetler, İlçeler ve Deniz Birimleri.</Text>
		</Row>
		<Row Tag="LOC_ABILITY_BOMBARD_ATTACK_UNIT_DEBUFF_DESCRIPTION">
			<Text>[COLOR_RED]-17 [ICON_Bombard][ENDCOLOR]Bombardıman Gücü ve birimler.</Text>
		</Row>
		<Row Tag="LOC_ABILITY_AIR_FIGHTER_ATTACK_DISTRICT_DEBUFF_DESCRIPTION">
			<Text>[COLOR_RED]-17 [ICON_Ranged][ENDCOLOR]Mesafeli Güç ve İlçeler.</Text>
		</Row>
		<Row Tag="LOC_ABILITY_AIR_BOMBER_ATTACK_UNIT_DEBUFF_DESCRIPTION">
			<Text>[COLOR_RED]-17 [ICON_Bombard][ENDCOLOR]Bombardıman Gücü ve birimler.</Text>
		</Row>
		<Row Tag="LOC_ABILITY_ANTI_AIR_COVER_DESCRIPTION">
			<Text>1 petek'e kadar hava saldırılarına karsı savunma saglar.</Text>
		</Row>
		<Row Tag="LOC_PREVIEW_MONTEZUMA_COMBAT_BONUS_PER_LUXURY_DESCRIPTION">
			<Text>+{1_Amount} [ICON_Strength] Lükslerden Savas Gücü. (Montezuma)</Text>
		</Row>
		<Row Tag="LOC_ABILITY_PHILIP_II_COMBAT_BONUS_OTHER_RELIGION_DESCRIPTION">
			<Text>+4 [ICON_Strength] Mücadele Gücü ile diger bir dinin birimleri. (Philip II)</Text>
		</Row>
		<Row Tag="LOC_ABILITY_BARBAROSSA_COMBAT_BONUS_VS_CITY_STATES_DESCRIPTION">
			<Text>+7 [ICON_Strength] Savas Gücü ve sehir Eyaletleri. (Barbarossa)</Text>
		</Row>
		<Row Tag="LOC_ABILITY_ROOSEVELT_COMBAT_BONUS_HOME_CONTINENT_DESCRIPTION">
			<Text>+5 [ICON_Strength] Ev kıtasında savas gücü. (Roosevelt)</Text>
		</Row>
		<Row Tag="LOC_ABILITY_TOMYRIS_BONUS_VS_WOUNDED_UNITS_DESCRIPTION">
			<Text>+5 [ICON_Strength] Yaralanma birimlerine karsı mukavemet. (Tomris)</Text>
		</Row>
		<Row Tag="LOC_ABILITY_TOMYRIS_HEAL_AFTER_DEFEATING_UNIT_DESCRIPTION">
			<Text>+30 [ICON_Damaged] Bir düsman birimini yendikten sonra saglık. (Tomris)</Text>
		</Row>
		<Row Tag="LOC_ABILITY_KNARR_IGNORE_EMBARK_DISEMBARK_COST_DESCRIPTION">
			<Text>Binis ve inisten kaynaklanan ek hareket maliyetini yok sayar. (Knarr)</Text>
		</Row>
		<!--Great People Assigned-->
		<Row Tag="LOC_ABILITY_RAJENDRA_CHOLA_PLUNDER_BONUS_DESCRIPTION">
			<Text>+%40 Ticaret yollarını yagmalamak için ödüller. (Rajendra Chola)</Text>
		</Row>
		<Row Tag="LOC_ABILITY_FRANCIS_DRAKE_PLUNDER_BONUS_DESCRIPTION">
			<Text>+%50 Ticaret yollarını yagmalamak için ödüller. (Francis Drake)</Text>
		</Row>
		<Row Tag="LOC_ABILITY_CHING_SHIH_PLUNDER_BONUS_DESCRIPTION">
			<Text>+%60 Ticaret yollarını yagmalamak için ödüller. (Ching Shih)</Text>
		</Row>
		<Row Tag="LOC_ABILITY_CLANCY_FERNANDO_BONUS_EXPERIENCE_DESCRIPTION">
			<Text>+%200 Savastan kazanılan deneyim. (Clancy Fernando)</Text>
		</Row>
		<Row Tag="LOC_ABILITY_HORATIO_NELSON_FLANKING_BONUS_DESCRIPTION">
			<Text>+%50 Kusatma bonusu. (Horatio Nelson)</Text>
		</Row>
		<Row Tag="LOC_ABILITY_LASKARINA_BOUBOULINA_BONUS_EXPERIENCE_DESCRIPTION">
			<Text>+%50 Earned experience from combat. (Laskarina Bouboulina)</Text>
		</Row>
		<Row Tag="LOC_ABILITY_SERGEY_GORSHKOV_BONUS_EXPERIENCE_DESCRIPTION">
			<Text>+%100 Savastan kazanılan deneyim (Sergey Gorshkov)</Text>
		</Row>
		<Row Tag="LOC_ABILITY_GEORGY_ZHUKOV_FLANKING_BONUS_DESCRIPTION">
			<Text>+%50 Kusatma bonusu. (Georgy Zhukov)</Text>
		</Row>
		<Row Tag="LOC_ABILITY_JOHN_MONASH_BONUS_EXPERIENCE_DESCRIPTION">
			<Text>+75 Savastan kazanılan deneyim. (John Monash)</Text>
		</Row>
		<Row Tag="LOC_ABILITY_VIJAYA_WIMALARATNE_BONUS_EXPERIENCE_DESCRIPTION">
			<Text>+100 Savastan kazanılan deneyim. (Vijaya Wimalaratne)</Text>
		</Row>
		<Row Tag="LOC_ABILITY_HOJO_TOKIMUNE_COASTAL_COMBAT_BONUS_DESCRIPTION">
			<Text>+5 [ICON_Strength] Kıyı topraklarında savasırken savas gücü. (Hojo Tokimune)</Text>
		</Row>
		<Row Tag="LOC_ABILITY_HOJO_TOKIMUNE_SHALLOW_WATER_COMBAT_BONUS_DESCRIPTION">
			<Text>+5 [ICON_Strength] Sıg sularda savasırken savas gücü. (Hojo Tokimune)</Text>
		</Row>
		<Row Tag="LOC_ABILITY_MONTEZUMA_COMBAT_BONUS_PER_LUXURY_DESCRIPTION">
			<Text>+1 [ICON_Strength] Sahip olunan her benzersiz lüks için Savas Gücü.</Text>
		</Row>
		<!-- Combat preview description -->
		<Row Tag="LOC_COMBAT_DIFFICULTY_SCALING">
			<Text>Oyun zorlugundan, +{Amount} bonus.</Text>
		</Row>
		<Row Tag="LOC_ABILITY_ANTI_CAVALRY_MODIFIER_DESCRIPTION">
			<Text>Süvari'lere karsı +10</Text>
		</Row>
		<Row Tag="LOC_ABILITY_ANTI_FIGHTER_AIRCRAFT_MODIFIER_DESCRIPTION">
			<Text>Savas uçaklarına karsı +5</Text>
		</Row>
		<Row Tag="LOC_ABILITY_HEAVY_CHARIOT_MODIFIER_DESCRIPTION">
			<Text>Açık arazide baslarken +1 MP.</Text>
		</Row>
		<Row Tag="LOC_ABILITY_IGNORE_TERRAIN_COST_MODIFIER_DESCRIPTION">
			<Text>Tüm arazilerde 1 [ICON_Movement] Hareket maliyeti.</Text>
		</Row>
		<Row Tag="LOC_ABILITY_IGNORE_ZOC_MODIFIER_DESCRIPTION">
			<Text>Kitlesel İmha Silahlarından (KİS) etkilenmez</Text>
		</Row>
		<Row Tag="LOC_ABILITY_LIGHT_CHARIOT_MODIFIER_DESCRIPTION">
			<Text>Açık arazide baslarken +2 MP.</Text>
		</Row>
		<Row Tag="LOC_ABILITY_NO_MOVE_AND_SHOOT_MODIFIER_DESCRIPTION">
			<Text>Saldırı sonrası hareket edilemez.</Text>
		</Row>
		<Row Tag="LOC_ABILITY_NO_OCEAN_MODIFIER_DESCRIPTION">
			<Text>Okyanus peteklerine girilemez.</Text>
		</Row>
		<Row Tag="LOC_ABILITY_CANNOT_ATTACK_MODIFIER_DESCRIPTION">
			<Text>Birimi saldırı yaparken engeller.</Text>
		</Row>
		<Row Tag="LOC_ABILITY_FRIENDLY_TERRITORY_COMBAT_MODIFIER_DESCRIPTION">
			<Text>Dost bölgede savasırken bonus.</Text>
		</Row>
		<Row Tag="LOC_ABILITY_ENABLE_WALL_ATTACK_MODIFIER_DESCRIPTION">
			<Text>Yakın saldırı birimlerinin duvarlara saldırmasına izin verir.</Text>
		</Row>
		<Row Tag="LOC_ABILITY_BYPASS_WALLS_MODIFIER_DESCRIPTION">
			<Text>Yakın saldırı birimleri duvarları geçebilir.</Text>
		</Row>
		<Row Tag="LOC_ABILITY_ANIT_SPEAR_MODIFIER_DESCRIPTION">
			<Text>Anti-Süvari birimlerine karsı +10 Savas Gücü.</Text>
		</Row>
		<Row Tag="LOC_ABILITY_GRANT_RANGE_BONUS_MODIFIER_DESCRIPTION">
			<Text>Yakındaki kusatma topçularına +1 Menzilli Saldırı.</Text>
		</Row>
		<Row Tag="LOC_ABILITY_UNOBSTRUCTED_VIEW_MODIFIER_DESCRIPTION">
			<Text>Engellenmemis Görüs</Text>
		</Row>
		<Row Tag="LOC_ABILITY_OLIGARCHY_MELEE_BUFF_MODIFIER_DESCRIPTION">
			<Text>Oligarsi'den +4 Savas Gücü</Text>
		</Row>
		<Row Tag="LOC_ABILITY_THEOCRACY_RELIGIOUS_BUFF_MODIFIER_DESCRIPTION">
			<Text>Teokrasi'den +5 Savas Gücü</Text>
		</Row>
		<Row Tag="LOC_ABILITY_RELIGIOUS_ORDERS_BUFF_MODIFIER_DESCRIPTION">
			<Text>Dini Emirler'den +5 Savas Gücü</Text>
		</Row>
		<Row Tag="LOC_ABILITY_FASCISM_ATTACK_BUFF_MODIFIER_DESCRIPTION">
			<Text>Fasizm'den +4 Saldırı Gücü</Text>
		</Row>
		<Row Tag="LOC_ABILITY_COMMUNISM_DEFENSE_BUFF_MODIFIER_DESCRIPTION">
			<Text>Komünizm'den +4 Savunma Gücü</Text>
		</Row>
		<Row Tag="LOC_PROMOTION_COMBAT_OTHER_RELIGION_DESCRIPTION">
			<Text>Baska bir Dini takip eden medeniyetlere karsı +4.</Text>
		</Row>
		<Row Tag="LOC_PROMOTION_COMBAT_WARS_OF_RELIGION">
			<Text>Din Savasları: Baska bir Dini takip eden medeniyetlere karsı +4.</Text>
		</Row>
		<Row Tag="LOC_PROMOTION_COMBAT_HOME_CONTINENT_DESCRIPTION">
			<Text>Ana Kıta'da +5 Savas Gücü.</Text>
		</Row>
		<Row Tag="LOC_PROMOTION_COMBAT_VS_CITY_STATES_DESCRIPTION">
			<Text>sehir Devlet'lerine karsı +7 Savas Gücü.</Text>
		</Row>
		<Row Tag="LOC_PROMOTION_COMBAT_LAND_ON_COAST_DESCRIPTION">
			<Text>Kıyı kenarlarında +5 Savas Gücü</Text>
		</Row>
		<Row Tag="LOC_PROMOTION_COMBAT_SHALLOW_WATER_DESCRIPTION">
			<Text>Sıg sular'da +5 Savas Gücü</Text>
		</Row>
		<Row Tag="LOC_ABILITY_MEDIC_HEAL_MODIFIER_DESCRIPTION">
			<Text>1 petek içindeki birimlere +{1_Amount} HP iyilesme</Text>
		</Row>
		<Row Tag="LOC_ABILITY_STRONG_WHEN_ATTACKING_DESCRIPTION">
			<Text>Saldırı yaparken +{1_Amount} Dayanıklılık</Text>
		</Row>
		<Row Tag="LOC_ABILITY_WEAK_WHEN_DEFENDING_DESCRIPTION">
			<Text>Savunma yaparken {1_Amount} Savas Gücü</Text>
		</Row>
		<Row Tag="LOC_ABILITY_PRIZE_SHIPS_MODIFIER_DESCRIPTION">
			<Text>%{1_Amount} Düsmanı yakalama sansı.</Text>
		</Row>
		<Row Tag="LOC_ABILITY_CAPTIVE_WORKERS_MODIFIER_DESCRIPTION">
			<Text>%{1_Amount} Düsmanı yakalama sansı</Text>
		</Row>
		<Row Tag="LOC_ABILITY_BALKAN_CAVALRY_COMBAT_HILLS_MODIFIER_DESCRIPTION">
			<Text>Tepelerde savasırken +{1_Amount} Savas Gücü</Text>
		</Row>
		<Row Tag="LOC_ABILITY_COSSACK_LOCAL_COMBAT_MODIFIER_DESCRIPTION">
			<Text>Kendi topraklarında veya bitisiginde, +{1_Amount} Savas Gücü</Text>
		</Row>
		<Row Tag="LOC_ABILITY_REDCOAT_FOREIGN_COMBAT_MODIFIER_DESCRIPTION">
			<Text>Baskent'in bulundugu kıta dısında savasırken, +{1_Amount} Savas Gücü</Text>
		</Row>
		<Row Tag="LOC_ABILITY_VARU_NEGATIVE_COMBAT_MODIFIER_DESCRIPTION">
			<Text>Bir düsman Varu'ya bitisik oldugunda {1_Amount} Savas Gücü</Text>
		</Row>
		<Row Tag="LOC_ABILITY_NAGAO_RANGED_DEFENSE_MODIFIER_DESCRIPTION">
			<Text>Menzilli savunma yaparken +{1_Amount} Savas Gücü</Text>
		</Row>
		<Row Tag="LOC_ABILITY_CONQUISTADOR_SPECIFIC_UNIT_COMBAT_MODIFIER_DESCRIPTION">
			<Text>Aynı petekte bir dini birim varsa +{1_Amount} Savas Gücü</Text>
		</Row>
		<Row Tag="LOC_ABILITY_GARDE_CONTINENT_COMBAT_MODIFIER_DESCRIPTION">
			<Text>Baskent'inizin bulundugu kıtada savasırken, +{1_Amount} Savas Gücü</Text>
		</Row>
		<Row Tag="LOC_ABILITY_HOPLITE_NEIGHBOR_COMBAT_MODIFIER_DESCRIPTION">
			<Text>Bitisikte baska Hoplit birimi varsa, +{1_Amount} Savas Gücü</Text>
		</Row>
		<Row Tag="LOC_ABILITY_UBOAT_OCEAN_COMBAT_MODIFIER_DESCRIPTION">
			<Text>Okyanus'ta savasırken, +{1_Amount} Savas Gücü</Text>
		</Row>
		<Row Tag="LOC_ABILITY_ROUGH_RIDER_BONUS_IN_HILLS_DESCRIPTION">
			<Text>Tepe arazileri üstündeki savaslara +{1_Amount}</Text>
		</Row>
		<Row Tag="LOC_ABILITY_NO_FOREIGN_SPREAD_DESCRIPTION">
			<Text>Sadece kendi imparatorluklarının içindeki sehirlere kendi dinlerini yayarlar.</Text>
		</Row>
		<Row Tag="LOC_ABILITY_RELIGIOUS_CANNOT_ATTACK_DESCRIPTION">
			<Text>Teolojik Savas baslatamaz.</Text>
		</Row>
		<Row Tag="LOC_ABILITY_FRIENDLY_TERRITORY_RELIGIOUS_DESCRIPTION">
			<Text>İmparatorluklarındaki Teolojik Savaslarda önemli avantaj.</Text>
		</Row>
		<Row Tag="LOC_ABILITY_RELIGIOUS_ENTER_FOREIGN_LANDS_DESCRIPTION">
			<Text>Sınırlar açık olmasa bile, bu birim yabancı topraklara girebilir.</Text>
		</Row>
		<Row Tag="LOC_ABILITY_IGNORE_TERRAIN_COST_DESCRIPTION">
			<Text>Orman, Sık Orman, Tepeler ve Bataklıklar sadece tek [ICON_Movement] Hareket harcar.</Text>
		</Row>
		<Row Tag="LOC_ABILITY_IGNORE_CROSSING_RIVERS_COST_DESCRIPTION">
			<Text>Nehir geçisleri için hareket maliyeti yok.</Text>
		</Row>
		<Row Tag="LOC_ABILITY_ARCHAEOLOGIST_ENTER_FOREIGN_LANDS_DESCRIPTION">
			<Text>Sınırlar açık olmasa bile, bu birim yabancı topraklara girebilir.</Text>
		</Row>
	</BaseGameText>
</GameData>