<?xml version="1.0" encoding="UTF-8" standalone="yes"?>
<GameData>
  <BaseGameText>
    <Row Tag="LOC_UNITNAME_BASE_TEMPLATE">
      <Text>{1_Prefix} {2_Suffix}</Text>
    </Row>
    <Row Tag="LOC_UNITNAME_RANDOMIZE_BUTTON_TEXT">
      <Text>Rastgele</Text>
    </Row>
    <Row Tag="LOC_UNITNAME_CHOOSE_NAME">
      <Text>Bu birim için bir baslık seçin:</Text>
    </Row>
    <Row Tag="LOC_UNITNAME_CONFIRM">
      <Text>Adı Onayla</Text>
    </Row>
    <Row Tag="LOC_UNITNAME_RANDOM_FIRST">
      <Text>Rastgele İsim</Text>
    </Row>
    <Row Tag="LOC_UNITNAME_RANDOM_SECOND">
      <Text>Rastgele Soyisim</Text>
    </Row>
    <Row Tag="LOC_UNITNAME_PREFIX_1ST">
      <Text>1.</Text>
    </Row>
    <Row Tag="LOC_UNITNAME_PREFIX_2ND">
      <Text>2.</Text>
    </Row>
    <Row Tag="LOC_UNITNAME_PREFIX_3RD">
      <Text>3.</Text>
    </Row>
    <Row Tag="LOC_UNITNAME_PREFIX_4TH">
      <Text>4.</Text>
    </Row>
    <Row Tag="LOC_UNITNAME_PREFIX_AIMED">
      <Text>Kararlı</Text>
    </Row>
    <Row Tag="LOC_UNITNAME_PREFIX_ALPHA">
      <Text>Alfa</Text>
    </Row>
    <Row Tag="LOC_UNITNAME_PREFIX_ALPINE">
      <Text>Alpler</Text>
    </Row>
    <Row Tag="LOC_UNITNAME_PREFIX_ANGEL">
      <Text>Melek</Text>
    </Row>
    <Row Tag="LOC_UNITNAME_PREFIX_ARMORED">
      <Text>Zırhlı</Text>
    </Row>
    <Row Tag="LOC_UNITNAME_PREFIX_BIG_RED">
      <Text>Kızıl</Text>
    </Row>
    <Row Tag="LOC_UNITNAME_PREFIX_BLACK">
      <Text>Siyah</Text>
    </Row>
    <Row Tag="LOC_UNITNAME_PREFIX_BLOOD">
      <Text>Kan</Text>
    </Row>
    <Row Tag="LOC_UNITNAME_PREFIX_BLOODY">
      <Text>Kanlı</Text>
    </Row>
    <Row Tag="LOC_UNITNAME_PREFIX_BRAVE">
      <Text>Cesur</Text>
    </Row>
    <Row Tag="LOC_UNITNAME_PREFIX_BULL">
      <Text>Boga</Text>
    </Row>
    <Row Tag="LOC_UNITNAME_PREFIX_CELESTIAL">
      <Text>Essiz</Text>
    </Row>
    <Row Tag="LOC_UNITNAME_PREFIX_COLONIAL">
      <Text>Sömürgeci</Text>
    </Row>
    <Row Tag="LOC_UNITNAME_PREFIX_CRAZY">
      <Text>Çılgın</Text>
    </Row>
    <Row Tag="LOC_UNITNAME_PREFIX_DEAD_CENTER">
      <Text>Merkez</Text>
    </Row>
    <Row Tag="LOC_UNITNAME_PREFIX_DEADLY">
      <Text>Ölümcül</Text>
    </Row>
    <Row Tag="LOC_UNITNAME_PREFIX_DEATHS">
      <Text>Ölüm</Text>
    </Row>
    <Row Tag="LOC_UNITNAME_PREFIX_DELTA">
      <Text>Delta</Text>
    </Row>
    <Row Tag="LOC_UNITNAME_PREFIX_DESERT">
      <Text>Çöl</Text>
    </Row>
    <Row Tag="LOC_UNITNAME_PREFIX_DIRTY">
      <Text>Kirli</Text>
    </Row>
    <Row Tag="LOC_UNITNAME_PREFIX_DRAGON">
      <Text>Ejderha</Text>
    </Row>
    <Row Tag="LOC_UNITNAME_PREFIX_DRAWN">
      <Text>Bitkin</Text>
    </Row>
    <Row Tag="LOC_UNITNAME_PREFIX_ELITE">
      <Text>Elit</Text>
    </Row>
    <Row Tag="LOC_UNITNAME_PREFIX_FIGHTING">
      <Text>Askeri</Text>
    </Row>
    <Row Tag="LOC_UNITNAME_PREFIX_FLYING">
      <Text>Uçan</Text>
    </Row>
    <Row Tag="LOC_UNITNAME_PREFIX_GALLOPING">
      <Text>Dörtnala</Text>
    </Row>
    <Row Tag="LOC_UNITNAME_PREFIX_GHOST">
      <Text>Hayalet</Text>
    </Row>
    <Row Tag="LOC_UNITNAME_PREFIX_GLORY">
      <Text>Zafer</Text>
    </Row>
    <Row Tag="LOC_UNITNAME_PREFIX_GOLDEN">
      <Text>Altın</Text>
    </Row>
    <Row Tag="LOC_UNITNAME_PREFIX_GREAT">
      <Text>Büyük</Text>
    </Row>
    <Row Tag="LOC_UNITNAME_PREFIX_GREEN">
      <Text>Yesil</Text>
    </Row>
    <Row Tag="LOC_UNITNAME_PREFIX_GRIM">
      <Text>Canavar</Text>
    </Row>
    <Row Tag="LOC_UNITNAME_PREFIX_HADES">
      <Text>Hades</Text>
    </Row>
    <Row Tag="LOC_UNITNAME_PREFIX_HELLISH">
      <Text>Cehennem</Text>
    </Row>
    <Row Tag="LOC_UNITNAME_PREFIX_HELLS">
      <Text>Cehennemler</Text>
    </Row>
    <Row Tag="LOC_UNITNAME_PREFIX_HOLY">
      <Text>Kutsal</Text>
    </Row>
    <Row Tag="LOC_UNITNAME_PREFIX_INVINCIBLE">
      <Text>Yenilmez</Text>
    </Row>
    <Row Tag="LOC_UNITNAME_PREFIX_IRON">
      <Text>Demir</Text>
    </Row>
    <Row Tag="LOC_UNITNAME_PREFIX_JUNGLE">
      <Text>Orman</Text>
    </Row>
    <Row Tag="LOC_UNITNAME_PREFIX_KINGS">
      <Text>Krallar</Text>
    </Row>
    <Row Tag="LOC_UNITNAME_PREFIX_LAVA">
      <Text>Lavlar</Text>
    </Row>
    <Row Tag="LOC_UNITNAME_PREFIX_LIGHT">
      <Text>Isık</Text>
    </Row>
    <Row Tag="LOC_UNITNAME_PREFIX_LIGHTNING">
      <Text>Yıldırım</Text>
    </Row>
    <Row Tag="LOC_UNITNAME_PREFIX_LION">
      <Text>Aslan</Text>
    </Row>
    <Row Tag="LOC_UNITNAME_PREFIX_LONG">
      <Text>Uzun</Text>
    </Row>
    <Row Tag="LOC_UNITNAME_PREFIX_MAGNIFICENT">
      <Text>Görkemli</Text>
    </Row>
    <Row Tag="LOC_UNITNAME_PREFIX_MOUNTAIN">
      <Text>Dag</Text>
    </Row>
    <Row Tag="LOC_UNITNAME_PREFIX_MOUNTED">
      <Text>Daglık</Text>
    </Row>
    <Row Tag="LOC_UNITNAME_PREFIX_NOMADIC">
      <Text>Göçebe</Text>
    </Row>
    <Row Tag="LOC_UNITNAME_PREFIX_OLD">
      <Text>Yaslı</Text>
    </Row>
    <Row Tag="LOC_UNITNAME_PREFIX_ORPHAN">
      <Text>Yetim</Text>
    </Row>
    <Row Tag="LOC_UNITNAME_PREFIX_PARTISAN">
      <Text>Partizan</Text>
    </Row>
    <Row Tag="LOC_UNITNAME_PREFIX_PRESIDENTS">
      <Text>Baskan</Text>
    </Row>
    <Row Tag="LOC_UNITNAME_PREFIX_QUEENS">
      <Text>Kraliçe</Text>
    </Row>
    <Row Tag="LOC_UNITNAME_PREFIX_RAGGED">
      <Text>Düzensiz</Text>
    </Row>
    <Row Tag="LOC_UNITNAME_PREFIX_RAINING">
      <Text>Yagmurlu</Text>
    </Row>
    <Row Tag="LOC_UNITNAME_PREFIX_REVOLUTIONARY">
      <Text>Devrimci</Text>
    </Row>
    <Row Tag="LOC_UNITNAME_PREFIX_RIVER">
      <Text>Nehir</Text>
    </Row>
    <Row Tag="LOC_UNITNAME_PREFIX_ROCK">
      <Text>Kaya</Text>
    </Row>
    <Row Tag="LOC_UNITNAME_PREFIX_ROYAL">
      <Text>Kraliyet</Text>
    </Row>
    <Row Tag="LOC_UNITNAME_PREFIX_SACRED">
      <Text>Kutsal</Text>
    </Row>
    <Row Tag="LOC_UNITNAME_PREFIX_SALTY">
      <Text>Tuzlu</Text>
    </Row>
    <Row Tag="LOC_UNITNAME_PREFIX_SCREAMING">
      <Text>Çıglık Atan</Text>
    </Row>
    <Row Tag="LOC_UNITNAME_PREFIX_SEA">
      <Text>Deniz</Text>
    </Row>
    <Row Tag="LOC_UNITNAME_PREFIX_SHARP">
      <Text>Keskin</Text>
    </Row>
    <Row Tag="LOC_UNITNAME_PREFIX_SILENT">
      <Text>Sessiz</Text>
    </Row>
    <Row Tag="LOC_UNITNAME_PREFIX_SOARING">
      <Text>Yükselen</Text>
    </Row>
    <Row Tag="LOC_UNITNAME_PREFIX_STONE">
      <Text>Tas</Text>
    </Row>
    <Row Tag="LOC_UNITNAME_PREFIX_STONEWALL">
      <Text>Tas Duvar</Text>
    </Row>
    <Row Tag="LOC_UNITNAME_PREFIX_STORM">
      <Text>Fırtına</Text>
    </Row>
    <Row Tag="LOC_UNITNAME_PREFIX_TALL">
      <Text>Uzun</Text>
    </Row>
    <Row Tag="LOC_UNITNAME_PREFIX_TEN">
      <Text>On</Text>
    </Row>
    <Row Tag="LOC_UNITNAME_PREFIX_TERRIBLE">
      <Text>Korkunç</Text>
    </Row>
    <Row Tag="LOC_UNITNAME_PREFIX_THUNDERING">
      <Text>Gürleyen</Text>
    </Row>
    <Row Tag="LOC_UNITNAME_PREFIX_TIMBER">
      <Text>Ahsap</Text>
    </Row>
    <Row Tag="LOC_UNITNAME_PREFIX_TROPIC">
      <Text>Tropik</Text>
    </Row>
    <Row Tag="LOC_UNITNAME_PREFIX_TUNDRA">
      <Text>Tundra</Text>
    </Row>
    <Row Tag="LOC_UNITNAME_PREFIX_WALKING">
      <Text>Yürüyüs</Text>
    </Row>
    <Row Tag="LOC_UNITNAME_PREFIX_WAR">
      <Text>Savas</Text>
    </Row>
    <Row Tag="LOC_UNITNAME_PREFIX_WHITE">
      <Text>Beyaz</Text>
    </Row>
    <Row Tag="LOC_UNITNAME_PREFIX_WILD">
      <Text>Vahsi</Text>
    </Row>
    <Row Tag="LOC_UNITNAME_PREFIX_WINDING">
      <Text>Dönemeç</Text>
    </Row>
    <Row Tag="LOC_UNITNAME_SUFFIX_ARTISTS">
      <Text>Sanatçılar</Text>
    </Row>
    <Row Tag="LOC_UNITNAME_SUFFIX_BANNER">
      <Text>Pankart</Text>
    </Row>
    <Row Tag="LOC_UNITNAME_SUFFIX_BASTARDS">
      <Text>Piçler</Text>
    </Row>
    <Row Tag="LOC_UNITNAME_SUFFIX_BATTALION">
      <Text>Tabur</Text>
    </Row>
    <Row Tag="LOC_UNITNAME_SUFFIX_BERETS">
      <Text>Bereler</Text>
    </Row>
    <Row Tag="LOC_UNITNAME_SUFFIX_BODYGUARDS">
      <Text>Korumalar</Text>
    </Row>
    <Row Tag="LOC_UNITNAME_SUFFIX_BOOTS">
      <Text>Çizmeler</Text>
    </Row>
    <Row Tag="LOC_UNITNAME_SUFFIX_BOYS">
      <Text>Çocuklar</Text>
    </Row>
    <Row Tag="LOC_UNITNAME_SUFFIX_BRAVES">
      <Text>Cesurlar</Text>
    </Row>
    <Row Tag="LOC_UNITNAME_SUFFIX_BRIGADE">
      <Text>Tugay</Text>
    </Row>
    <Row Tag="LOC_UNITNAME_SUFFIX_BROTHERS">
      <Text>Kardesler</Text>
    </Row>
    <Row Tag="LOC_UNITNAME_SUFFIX_BUTCHERS">
      <Text>Kasaplar</Text>
    </Row>
    <Row Tag="LOC_UNITNAME_SUFFIX_CAPS">
      <Text>Kapaklar</Text>
    </Row>
    <Row Tag="LOC_UNITNAME_SUFFIX_CHAMPIONS">
      <Text>sampiyonlar</Text>
    </Row>
    <Row Tag="LOC_UNITNAME_SUFFIX_CIRCUS">
      <Text>Sirk</Text>
    </Row>
    <Row Tag="LOC_UNITNAME_SUFFIX_COMPANY">
      <Text>sirket</Text>
    </Row>
    <Row Tag="LOC_UNITNAME_SUFFIX_COMRADES">
      <Text>Yoldaslar</Text>
    </Row>
    <Row Tag="LOC_UNITNAME_SUFFIX_CROSSES">
      <Text>Haçlar</Text>
    </Row>
    <Row Tag="LOC_UNITNAME_SUFFIX_CROWS">
      <Text>Kargalar</Text>
    </Row>
    <Row Tag="LOC_UNITNAME_SUFFIX_DEAD">
      <Text>Ölü</Text>
    </Row>
    <Row Tag="LOC_UNITNAME_SUFFIX_DEMONS">
      <Text>İblisler</Text>
    </Row>
    <Row Tag="LOC_UNITNAME_SUFFIX_DEVILS">
      <Text>seytanlar</Text>
    </Row>
    <Row Tag="LOC_UNITNAME_SUFFIX_DOGS">
      <Text>Köpekler</Text>
    </Row>
    <Row Tag="LOC_UNITNAME_SUFFIX_DOZEN">
      <Text>Düzine</Text>
    </Row>
    <Row Tag="LOC_UNITNAME_SUFFIX_DRAGONS">
      <Text>Ejderhalar</Text>
    </Row>
    <Row Tag="LOC_UNITNAME_SUFFIX_EAGLES">
      <Text>Kartallar</Text>
    </Row>
    <Row Tag="LOC_UNITNAME_SUFFIX_EXCELLERS">
      <Text>Üstünler</Text>
    </Row>
    <Row Tag="LOC_UNITNAME_SUFFIX_FORCE">
      <Text>Kuvvet</Text>
    </Row>
    <Row Tag="LOC_UNITNAME_SUFFIX_FUSILIERS">
      <Text>Piyadeler</Text>
    </Row>
    <Row Tag="LOC_UNITNAME_SUFFIX_GAMBLERS">
      <Text>Kumarbazlar</Text>
    </Row>
    <Row Tag="LOC_UNITNAME_SUFFIX_GANG">
      <Text>Çete</Text>
    </Row>
    <Row Tag="LOC_UNITNAME_SUFFIX_GARDE">
      <Text>Gözetim</Text>
    </Row>
    <Row Tag="LOC_UNITNAME_SUFFIX_GIANTS">
      <Text>Devler</Text>
    </Row>
    <Row Tag="LOC_UNITNAME_SUFFIX_GOONS">
      <Text>Goriller</Text>
    </Row>
    <Row Tag="LOC_UNITNAME_SUFFIX_GRENADIERS">
      <Text>Humbaracılar</Text>
    </Row>
    <Row Tag="LOC_UNITNAME_SUFFIX_GUARD">
      <Text>Bekçi</Text>
    </Row>
    <Row Tag="LOC_UNITNAME_SUFFIX_GUARDIANS">
      <Text>Koruyucular</Text>
    </Row>
    <Row Tag="LOC_UNITNAME_SUFFIX_HATS">
      <Text>sapkalar</Text>
    </Row>
    <Row Tag="LOC_UNITNAME_SUFFIX_HELMETS">
      <Text>Kasklar</Text>
    </Row>
    <Row Tag="LOC_UNITNAME_SUFFIX_HORDE">
      <Text>Klan</Text>
    </Row>
    <Row Tag="LOC_UNITNAME_SUFFIX_HOUNDS">
      <Text>Av köpekleri</Text>
    </Row>
    <Row Tag="LOC_UNITNAME_SUFFIX_HUNTERS">
      <Text>Avcılar</Text>
    </Row>
    <Row Tag="LOC_UNITNAME_SUFFIX_IMMORTALS">
      <Text>Ölümsüzler</Text>
    </Row>
    <Row Tag="LOC_UNITNAME_SUFFIX_INFANTRY">
      <Text>Piyade</Text>
    </Row>
    <Row Tag="LOC_UNITNAME_SUFFIX_IRONS">
      <Text>Demir</Text>
    </Row>
    <Row Tag="LOC_UNITNAME_SUFFIX_KILLERS">
      <Text>Katiller</Text>
    </Row>
    <Row Tag="LOC_UNITNAME_SUFFIX_KINGS">
      <Text>Kral</Text>
    </Row>
    <Row Tag="LOC_UNITNAME_SUFFIX_LADS">
      <Text>Çocuklar</Text>
    </Row>
    <Row Tag="LOC_UNITNAME_SUFFIX_LAMBS">
      <Text>Kuzular</Text>
    </Row>
    <Row Tag="LOC_UNITNAME_SUFFIX_LEGION">
      <Text>Lejyoner</Text>
    </Row>
    <Row Tag="LOC_UNITNAME_SUFFIX_LIBERATORS">
      <Text>Kurtarıcı</Text>
    </Row>
    <Row Tag="LOC_UNITNAME_SUFFIX_LINE">
      <Text>Sınır</Text>
    </Row>
    <Row Tag="LOC_UNITNAME_SUFFIX_LIONS">
      <Text>Aslanlar</Text>
    </Row>
    <Row Tag="LOC_UNITNAME_SUFFIX_MARTYRS">
      <Text>sehit</Text>
    </Row>
    <Row Tag="LOC_UNITNAME_SUFFIX_ONE">
      <Text>Halklar</Text>
    </Row>
    <Row Tag="LOC_UNITNAME_SUFFIX_OWN">
      <Text>Sahip</Text>
    </Row>
    <Row Tag="LOC_UNITNAME_SUFFIX_PANTHERS">
      <Text>Panterler</Text>
    </Row>
    <Row Tag="LOC_UNITNAME_SUFFIX_PEACEMAKERS">
      <Text>Barısçılar</Text>
    </Row>
    <Row Tag="LOC_UNITNAME_SUFFIX_PHANTOMS">
      <Text>Hayaletler</Text>
    </Row>
    <Row Tag="LOC_UNITNAME_SUFFIX_PROFESSIONALS">
      <Text>Profesyoneller</Text>
    </Row>
    <Row Tag="LOC_UNITNAME_SUFFIX_RAIDERS">
      <Text>Akıncı</Text>
    </Row>
    <Row Tag="LOC_UNITNAME_SUFFIX_RAMPAGERS">
      <Text>Vahsiler</Text>
    </Row>
    <Row Tag="LOC_UNITNAME_SUFFIX_REDS">
      <Text>Kızıllar</Text>
    </Row>
    <Row Tag="LOC_UNITNAME_SUFFIX_REGIMENT">
      <Text>Alayı</Text>
    </Row>
    <Row Tag="LOC_UNITNAME_SUFFIX_RELIABLES">
      <Text>Dürüst</Text>
    </Row>
    <Row Tag="LOC_UNITNAME_SUFFIX_SAINTS">
      <Text>Azizler</Text>
    </Row>
    <Row Tag="LOC_UNITNAME_SUFFIX_SAVAGES">
      <Text>Yabaniler</Text>
    </Row>
    <Row Tag="LOC_UNITNAME_SUFFIX_SEEKERS">
      <Text>Arayanlar</Text>
    </Row>
    <Row Tag="LOC_UNITNAME_SUFFIX_SHIELDS">
      <Text>Kalkanlar</Text>
    </Row>
    <Row Tag="LOC_UNITNAME_SUFFIX_SHIRTS">
      <Text>Gömlekler</Text>
    </Row>
    <Row Tag="LOC_UNITNAME_SUFFIX_SONS">
      <Text>Ogulları</Text>
    </Row>
    <Row Tag="LOC_UNITNAME_SUFFIX_TIGERS">
      <Text>Kaplanlar</Text>
    </Row>
    <Row Tag="LOC_UNITNAME_SUFFIX_TIMBERWOLVES">
      <Text>Bozkurtlar</Text>
    </Row>
    <Row Tag="LOC_UNITNAME_SUFFIX_TOUGHS">
      <Text>Kabadayı</Text>
    </Row>
    <Row Tag="LOC_UNITNAME_SUFFIX_TROOP">
      <Text>Asker</Text>
    </Row>
    <Row Tag="LOC_UNITNAME_SUFFIX_VOLUNTEERS">
      <Text>Gönüllüler</Text>
    </Row>
    <Row Tag="LOC_UNITNAME_SUFFIX_WARLORDS">
      <Text>Savas Lordları</Text>
    </Row>
    <Row Tag="LOC_UNITNAME_SUFFIX_WATCH">
      <Text>Gözlemciler</Text>
    </Row>
    <Row Tag="LOC_UNITNAME_SUFFIX_WIDOWMAKERS">
      <Text>Dul Bırakanlar</Text>
    </Row>
    <Row Tag="LOC_UNITNAME_SUFFIX_WOLFHOUNDS">
      <Text>Köpekleri</Text>
    </Row>
    <Row Tag="LOC_UNITNAME_SUFFIX_WOLVES">
      <Text>Kurtlar</Text>
    </Row>
    <Row Tag="LOC_UNITNAME_SUFFIX_APES">
      <Text>Maymunlar</Text>
    </Row>
    <Row Tag="LOC_UNITNAME_SUFFIX_BLADES">
      <Text>Bıçaklar</Text>
    </Row>
    <Row Tag="LOC_UNITNAME_SUFFIX_COMMANDOS">
      <Text>Komando</Text>
    </Row>
    <Row Tag="LOC_UNITNAME_SUFFIX_EYES">
      <Text>Gözler</Text>
    </Row>
    <Row Tag="LOC_UNITNAME_SUFFIX_JACKETS">
      <Text>Ceketler</Text>
    </Row>
    <Row Tag="LOC_UNITNAME_SUFFIX_KNIVES">
      <Text>Bıçaklar</Text>
    </Row>
    <Row Tag="LOC_UNITNAME_SUFFIX_MARAUDERS">
      <Text>Yagmacıları</Text>
    </Row>
    <Row Tag="LOC_UNITNAME_SUFFIX_NOMADS">
      <Text>Göçebeler</Text>
    </Row>
    <Row Tag="LOC_UNITNAME_SUFFIX_OUTLAWS">
      <Text>Kaçakları</Text>
    </Row>
    <Row Tag="LOC_UNITNAME_SUFFIX_PATHFINDERS">
      <Text>Yol Bulucular</Text>
    </Row>
    <Row Tag="LOC_UNITNAME_SUFFIX_RANGERS">
      <Text>Korucuları</Text>
    </Row>
    <Row Tag="LOC_UNITNAME_SUFFIX_RECON">
      <Text>Dirilen</Text>
    </Row>
    <Row Tag="LOC_UNITNAME_SUFFIX_RUNNERS">
      <Text>Kosucular</Text>
    </Row>
    <Row Tag="LOC_UNITNAME_SUFFIX_SCOUTS">
      <Text>Kesifçiler</Text>
    </Row>
    <Row Tag="LOC_UNITNAME_SUFFIX_SNAKES">
      <Text>Yılanlar</Text>
    </Row>
    <Row Tag="LOC_UNITNAME_SUFFIX_WANDERERS">
      <Text>Gezginler</Text>
    </Row>
    <Row Tag="LOC_UNITNAME_SUFFIX_ARROWS">
      <Text>Okçular</Text>
    </Row>
    <Row Tag="LOC_UNITNAME_SUFFIX_ARTILLERY">
      <Text>Topçu</Text>
    </Row>
    <Row Tag="LOC_UNITNAME_SUFFIX_BATTERY">
      <Text>Koçbası</Text>
    </Row>
    <Row Tag="LOC_UNITNAME_SUFFIX_BLAZERS">
      <Text>Üniformalar</Text>
    </Row>
    <Row Tag="LOC_UNITNAME_SUFFIX_BOMBARDIERS">
      <Text>Bombardımancılar</Text>
    </Row>
    <Row Tag="LOC_UNITNAME_SUFFIX_BOWS">
      <Text>Yaylar</Text>
    </Row>
    <Row Tag="LOC_UNITNAME_SUFFIX_DEATH">
      <Text>Ölüm</Text>
    </Row>
    <Row Tag="LOC_UNITNAME_SUFFIX_FIRE_BREATHERS">
      <Text>İtfaiyeciler</Text>
    </Row>
    <Row Tag="LOC_UNITNAME_SUFFIX_GUNNERS">
      <Text>Avcılar</Text>
    </Row>
    <Row Tag="LOC_UNITNAME_SUFFIX_KNOCKERS">
      <Text>Tokmaklar</Text>
    </Row>
    <Row Tag="LOC_UNITNAME_SUFFIX_MARKSMEN">
      <Text>Nisancılar</Text>
    </Row>
    <Row Tag="LOC_UNITNAME_SUFFIX_RAIN">
      <Text>Yagmur</Text>
    </Row>
    <Row Tag="LOC_UNITNAME_SUFFIX_SHARPS">
      <Text>Kurnaz</Text>
    </Row>
    <Row Tag="LOC_UNITNAME_SUFFIX_SHARPSHOOTERS">
      <Text>Kurnaz Atıcılar</Text>
    </Row>
    <Row Tag="LOC_UNITNAME_SUFFIX_SLINGERS">
      <Text>Sapancı</Text>
    </Row>
    <Row Tag="LOC_UNITNAME_SUFFIX_SNIPERS">
      <Text>Keskin nisancılar</Text>
    </Row>
    <Row Tag="LOC_UNITNAME_SUFFIX_STRIKERS">
      <Text>Atısçılar</Text>
    </Row>
    <Row Tag="LOC_UNITNAME_SUFFIX_DRAGOONS">
      <Text>Silahlı Kuvvetler</Text>
    </Row>
    <Row Tag="LOC_UNITNAME_SUFFIX_FEATHERS">
      <Text>Tüyler</Text>
    </Row>
    <Row Tag="LOC_UNITNAME_SUFFIX_FOXES">
      <Text>Tilkiler</Text>
    </Row>
    <Row Tag="LOC_UNITNAME_SUFFIX_HAMMER">
      <Text>Çekiç</Text>
    </Row>
    <Row Tag="LOC_UNITNAME_SUFFIX_HORSE">
      <Text>At</Text>
    </Row>
    <Row Tag="LOC_UNITNAME_SUFFIX_HORSEMEN">
      <Text>Atlı</Text>
    </Row>
    <Row Tag="LOC_UNITNAME_SUFFIX_HUSSARS">
      <Text>Hüssarlar</Text>
    </Row>
    <Row Tag="LOC_UNITNAME_SUFFIX_KNIGHTS">
      <Text>sövalyeler</Text>
    </Row>
    <Row Tag="LOC_UNITNAME_SUFFIX_KORPS">
      <Text>Kolordusu</Text>
    </Row>
    <Row Tag="LOC_UNITNAME_SUFFIX_LANCERS">
      <Text>Mızraklı Süvariler</Text>
    </Row>
    <Row Tag="LOC_UNITNAME_SUFFIX_PONIES">
      <Text>Midilliler</Text>
    </Row>
    <Row Tag="LOC_UNITNAME_SUFFIX_RIDERS">
      <Text>Biniciler</Text>
    </Row>
    <Row Tag="LOC_UNITNAME_SUFFIX_STEEDS">
      <Text>Atları</Text>
    </Row>
    <Row Tag="LOC_UNITNAME_SUFFIX_VANGUARD">
      <Text>Öncü</Text>
    </Row>
    <Row Tag="LOC_UNITNAME_SUFFIX_WARHORSES">
      <Text>Savas Atları</Text>
    </Row>
    <Row Tag="LOC_UNITNAME_SUFFIX_ARMADA">
      <Text>Donanma</Text>
    </Row>
    <Row Tag="LOC_UNITNAME_SUFFIX_BOUNTY">
      <Text>Ödüller</Text>
    </Row>
    <Row Tag="LOC_UNITNAME_SUFFIX_BUCCANEERS">
      <Text>Korsanlar</Text>
    </Row>
    <Row Tag="LOC_UNITNAME_SUFFIX_CONQUEROR">
      <Text>Fatih</Text>
    </Row>
    <Row Tag="LOC_UNITNAME_SUFFIX_DREADNOUGHT">
      <Text>Korkusuz Gemi</Text>
    </Row>
    <Row Tag="LOC_UNITNAME_SUFFIX_EEL">
      <Text>Yılanbalıgı</Text>
    </Row>
    <Row Tag="LOC_UNITNAME_SUFFIX_ENDEAVOR">
      <Text>Çaba</Text>
    </Row>
    <Row Tag="LOC_UNITNAME_SUFFIX_FLAGSHIP">
      <Text>Sancak Gemisi</Text>
    </Row>
    <Row Tag="LOC_UNITNAME_SUFFIX_FLOTILLA">
      <Text>Küçük Filo</Text>
    </Row>
    <Row Tag="LOC_UNITNAME_SUFFIX_INTREPID">
      <Text>Korkusuz</Text>
    </Row>
    <Row Tag="LOC_UNITNAME_SUFFIX_INVINCIBLE">
      <Text>Yenilmez</Text>
    </Row>
    <Row Tag="LOC_UNITNAME_SUFFIX_IRONSIDES">
      <Text>Acımasız</Text>
    </Row>
    <Row Tag="LOC_UNITNAME_SUFFIX_NARWHAL">
      <Text>Geniz Gergedanları</Text>
    </Row>
    <Row Tag="LOC_UNITNAME_SUFFIX_ORCA">
      <Text>Katil Balina</Text>
    </Row>
    <Row Tag="LOC_UNITNAME_SUFFIX_REDOUBTABLE">
      <Text>Heybetli</Text>
    </Row>
    <Row Tag="LOC_UNITNAME_SUFFIX_RESOLUTION">
      <Text>Çözünürlük</Text>
    </Row>
    <Row Tag="LOC_UNITNAME_SUFFIX_REVENGE">
      <Text>İntikam</Text>
    </Row>
    <Row Tag="LOC_UNITNAME_SUFFIX_SEAWOLVES">
      <Text>Deniz Yosunları</Text>
    </Row>
    <Row Tag="LOC_UNITNAME_SUFFIX_SHARK">
      <Text>Köpekbalıgı</Text>
    </Row>
    <Row Tag="LOC_UNITNAME_SUFFIX_STRIKE_GROUP">
      <Text>Grup</Text>
    </Row>
    <Row Tag="LOC_UNITNAME_SUFFIX_TRIDENT">
      <Text>Çatal Zıpkın</Text>
    </Row>
    <Row Tag="LOC_UNITNAME_SUFFIX_VICTORY">
      <Text>Zafer</Text>
    </Row>
    <Row Tag="LOC_UNITNAME_SUFFIX_WHALE">
      <Text>Balina</Text>
    </Row>
    <Row Tag="LOC_UNITNAME_SUFFIX_ACES">
      <Text>Aslar</Text>
    </Row>
    <Row Tag="LOC_UNITNAME_SUFFIX_AIRMEN">
      <Text>Havacı</Text>
    </Row>
    <Row Tag="LOC_UNITNAME_SUFFIX_ANGELS">
      <Text>Melekler</Text>
    </Row>
    <Row Tag="LOC_UNITNAME_SUFFIX_BIRDS">
      <Text>Kuslar</Text>
    </Row>
    <Row Tag="LOC_UNITNAME_SUFFIX_FALCONS">
      <Text>sahinler</Text>
    </Row>
    <Row Tag="LOC_UNITNAME_SUFFIX_FLYERS">
      <Text>Pilotlar</Text>
    </Row>
    <Row Tag="LOC_UNITNAME_SUFFIX_GUNFIGHTERS">
      <Text>Silah Savasçıları</Text>
    </Row>
    <Row Tag="LOC_UNITNAME_SUFFIX_GUNS">
      <Text>Silahlar</Text>
    </Row>
    <Row Tag="LOC_UNITNAME_SUFFIX_HAWKS">
      <Text>Atmacalar</Text>
    </Row>
    <Row Tag="LOC_UNITNAME_SUFFIX_HORNETS">
      <Text>Yaban Arısı</Text>
    </Row>
    <Row Tag="LOC_UNITNAME_SUFFIX_INTERCEPTORS">
      <Text>Avcı Uçakları</Text>
    </Row>
    <Row Tag="LOC_UNITNAME_SUFFIX_INTRUDERS">
      <Text>İsgalciler</Text>
    </Row>
    <Row Tag="LOC_UNITNAME_SUFFIX_NIGHTSTALKERS">
      <Text>Gece Avcıları</Text>
    </Row>
    <Row Tag="LOC_UNITNAME_SUFFIX_SQUADRON">
      <Text>Uçak Filosu</Text>
    </Row>
    <Row Tag="LOC_UNITNAME_SUFFIX_THUNDERBOLTS">
      <Text>Yıldırım</Text>
    </Row>
    <Row Tag="LOC_UNITNAME_SUFFIX_VAMPIRES">
      <Text>Vampirler</Text>
    </Row>
    <Row Tag="LOC_UNITNAME_SUFFIX_WARHAWKS">
      <Text>Savas Atmacaları</Text>
    </Row>
    <Row Tag="LOC_UNITNAME_SUFFIX_WING">
      <Text>Kanat</Text>
    </Row>
	  <Row Tag="LOC_UNITNAME_PREFIX_HEAVENLY">
		  <Text>Göksel</Text>
	  </Row>
	  <Row Tag="LOC_UNITNAME_PREFIX_BRIGHT">
		  <Text>Parlaklık</Text>
	  </Row>
	  <Row Tag="LOC_UNITNAME_PREFIX_HIDDEN">
		  <Text>Saklı</Text>
	  </Row>
	  <Row Tag="LOC_UNITNAME_PREFIX_JADE">
		  <Text>Yesim</Text>
	  </Row>
	  <Row Tag="LOC_UNITNAME_PREFIX_CRIMSON">
		  <Text>Kızıl</Text>
	  </Row>
	  <Row Tag="LOC_UNITNAME_PREFIX_SPIRIT">
		  <Text>Ruh</Text>
	  </Row>
	  <Row Tag="LOC_UNITNAME_PREFIX_ETERNAL">
		  <Text>Sonsuz</Text>
	  </Row>
	  <Row Tag="LOC_UNITNAME_PREFIX_NORTHERN">
		  <Text>Kuzeyli</Text>
	  </Row>
	  <Row Tag="LOC_UNITNAME_PREFIX_SOUTHERN">
		  <Text>TGüneyli</Text>
	  </Row>
	  <Row Tag="LOC_UNITNAME_PREFIX_EASTERN">
		  <Text>Dogulu</Text>
	  </Row>
	  <Row Tag="LOC_UNITNAME_PREFIX_WESTERN">
		  <Text>Batılı</Text>
	  </Row>
	  <Row Tag="LOC_UNITNAME_PREFIX_EARTHEN">
		  <Text>Toprak</Text>
	  </Row>
	  <Row Tag="LOC_UNITNAME_PREFIX_GALE">
		  <Text>Gale</Text>
	  </Row>
	  <Row Tag="LOC_UNITNAME_PREFIX_FIRE">
		  <Text>Ates</Text>
	  </Row>
	  <Row Tag="LOC_UNITNAME_PREFIX_METAL">
		  <Text>Metal</Text>
	  </Row>
	  <Row Tag="LOC_UNITNAME_PREFIX_WATER">
		  <Text>Su</Text>
	  </Row>
	  <Row Tag="LOC_UNITNAME_PREFIX_BOXING">
		  <Text>Kutulu</Text>
	  </Row>
	  <Row Tag="LOC_UNITNAME_PREFIX_OPEN">
		  <Text>Açık</Text>
	  </Row>
	  <Row Tag="LOC_UNITNAME_PREFIX_RAGING">
		  <Text>Azgın</Text>
	  </Row>
	  <Row Tag="LOC_UNITNAME_PREFIX_CALM">
		  <Text>Sakin</Text>
	  </Row>
	  <Row Tag="LOC_UNITNAME_PREFIX_SLEEPING">
		  <Text>Uyuyor</Text>
	  </Row>
	  <Row Tag="LOC_UNITNAME_SUFFIX_FLAMES">
		  <Text>Alevler</Text>
	  </Row>
	  <Row Tag="LOC_UNITNAME_SUFFIX_WINDS">
		  <Text>Rüzgarlar</Text>
	  </Row>
	  <Row Tag="LOC_UNITNAME_SUFFIX_FLOODS">
		  <Text>Taskınlar</Text>
	  </Row>
	  <Row Tag="LOC_UNITNAME_SUFFIX_MONKEYS">
		  <Text>Maymunlar</Text>
	  </Row>
	  <Row Tag="LOC_UNITNAME_SUFFIX_CRANES">
		  <Text>Vinçler</Text>
	  </Row>
	  <Row Tag="LOC_UNITNAME_SUFFIX_MANTIS">
		  <Text>Peygamber Devesi</Text>
	  </Row>
	  <Row Tag="LOC_UNITNAME_SUFFIX_PANDAS">
		  <Text>Pandalar</Text>
	  </Row>
	  <Row Tag="LOC_UNITNAME_SUFFIX_ORDER">
		  <Text>Siparis</Text>
	  </Row>
	  <Row Tag="LOC_UNITNAME_SUFFIX_HAND">
		  <Text>El</Text>
	  </Row>
	  <Row Tag="LOC_UNITNAME_SUFFIX_FIST">
		  <Text>Yumruk</Text>
	  </Row>
	  <Row Tag="LOC_UNITNAME_SUFFIX_CLAW">
		  <Text>Pençe</Text>
	  </Row>
	  <Row Tag="LOC_UNITNAME_SUFFIX_STARS">
		  <Text>Yıldızlar</Text>
	  </Row>
	  <Row Tag="LOC_UNITNAME_SUFFIX_PALM">
		  <Text>Avuç içi</Text>
	  </Row>
	  <Row Tag="LOC_UNITNAME_SUFFIX_MENDICANTS">
		  <Text>Dilenci</Text>
	  </Row>
	  <Row Tag="LOC_UNITNAME_SUFFIX_PILGRIMS">
		  <Text>Hacılar</Text>
	  </Row>
	  <Row Tag="LOC_UNITNAME_SUFFIX_TEACHERS">
		  <Text>Ögretmenler</Text>
	  </Row>
	  <Row Tag="LOC_UNITNAME_SUFFIX_MASTERS">
		  <Text>Ustalar</Text>
	  </Row>
	  <Row Tag="LOC_UNITNAME_SUFFIX_SWEEPERS">
		  <Text>Süpürücüler</Text>
	  </Row>
	  <Row Tag="LOC_UNITNAME_SUFFIX_FOOT">
		  <Text>Ayak</Text>
	  </Row>
	  <Row Tag="LOC_UNITNAME_SUFFIX_GRASSHOPPERS">
		  <Text>Çekirgeler</Text>
	  </Row>
  </BaseGameText>
</GameData>