<?xml version="1.0" encoding="utf-8"?>
<!-- edited with XMLSPY v2004 rel. 2 U (http://www.xmlspy.com) by Ed Beach (Firaxis Games) -->
<GameData>
	<BaseGameText>
		<!-- Promotion Class Names -->
		<Row Tag="LOC_PROMOTION_CLASS_RECON_NAME">
			<Text>Kesif</Text>
		</Row>
		<Row Tag="LOC_PROMOTION_CLASS_MELEE_NAME">
			<Text>Yakın Saldırı</Text>
		</Row>
		<Row Tag="LOC_PROMOTION_CLASS_RANGED_NAME">
			<Text>Menzilli Saldırı</Text>
		</Row>
		<Row Tag="LOC_PROMOTION_CLASS_SIEGE_NAME">
			<Text>Kusatma</Text>
		</Row>
		<Row Tag="LOC_PROMOTION_CLASS_ANTI_CAVALRY_NAME">
			<Text>Anti-Süvari</Text>
		</Row>
		<Row Tag="LOC_PROMOTION_CLASS_LIGHT_CAVALRY_NAME">
			<Text>Hafif Süvari</Text>
		</Row>
		<Row Tag="LOC_PROMOTION_CLASS_HEAVY_CAVALRY_NAME">
			<Text>Agır Süvari</Text>
		</Row>
		<Row Tag="LOC_PROMOTION_CLASS_AIR_FIGHTER_NAME">
			<Text>Hava Savasçı</Text>
		</Row>
		<Row Tag="LOC_PROMOTION_CLASS_AIR_BOMBER_NAME">
			<Text>Hava Bombalama</Text>
		</Row>
		<Row Tag="LOC_PROMOTION_CLASS_NAVAL_MELEE_NAME">
			<Text>Yakın Deniz Birimi</Text>
		</Row>
		<Row Tag="LOC_PROMOTION_CLASS_NAVAL_RANGED_NAME">
			<Text>Menzilli Deniz Birimi</Text>
		</Row>
		<Row Tag="LOC_PROMOTION_CLASS_NAVAL_CARRIER_NAME">
			<Text>Deniz Tasıyıcısı</Text>
		</Row>
		<Row Tag="LOC_PROMOTION_CLASS_NAVAL_RAIDER_NAME">
			<Text>Deniz Akıncısı</Text>
		</Row>
		<Row Tag="LOC_PROMOTION_CLASS_APOSTLE_NAME">
			<Text>Dini Havari</Text>
		</Row>
		<Row Tag="LOC_PROMOTION_CLASS_INQUISITOR_NAME">
			<Text>Dini İncil</Text>
		</Row>
		<Row Tag="LOC_PROMOTION_CLASS_SUPPORT_NAME">
			<Text>Destek</Text>
		</Row>
		<Row Tag="LOC_PROMOTION_CLASS_SPY_NAME">
			<Text>Casusluk</Text>
		</Row>
		<Row Tag="LOC_PROMOTION_CLASS_MONK_NAME">
			<Text>Savasçı Kesis</Text>
		</Row>
		<!-- Formation Class Names -->
		<Row Tag="LOC_FORMATION_CLASS_AIR_NAME">
			<Text>Hava Savası</Text>
		</Row>
		<Row Tag="LOC_FORMATION_CLASS_CIVILIAN_NAME">
			<Text>Sivil</Text>
		</Row>
		<Row Tag="LOC_FORMATION_CLASS_LAND_COMBAT_NAME">
			<Text>Kara Savası</Text>
		</Row>
		<Row Tag="LOC_FORMATION_CLASS_NAVAL_NAME">
			<Text>Deniz Savası</Text>
		</Row>
		<Row Tag="LOC_FORMATION_CLASS_SUPPORT_NAME">
			<Text>Destek</Text>
		</Row>
		<!-- Damage Message -->
		<Row Tag="LOC_WORLD_FAITH_INCREASE_FLOATER">
			<Text>+{1_Num} [ICON_Faith]</Text>
		</Row>
		<Row Tag="LOC_WORLD_FAITH_DECREASE_FLOATER">
			<Text>{1_Num} [ICON_Faith] [COLOR_RED]KAYIP[ENDCOLOR]</Text>
		</Row>
		<!-- Damage Message -->
		<Row Tag="LOC_WORLD_UNIT_DAMAGE_DECREASE_FLOATER">
			<Text>[COLOR_GREEN]+{1_Num}[ENDCOLOR]</Text>
		</Row>
		<Row Tag="LOC_WORLD_UNIT_DAMAGE_INCREASE_FLOATER">
			<Text>[COLOR_RED]{1_Num}[ENDCOLOR]</Text>
		</Row>
		<!-- Experience Message -->
		<Row Tag="LOC_WORLD_UNIT_EXPERIENCE_INCREASE_FLOATER">
			<Text>[COLOR_LIGHTBLUE]+{1_Num}XP[ENDCOLOR]</Text>
		</Row>
		<Row Tag="LOC_WORLD_UNIT_EXPERIENCE_INCREASE_LEVEL_FLOATER">
			<Text>[COLOR_LIGHTBLUE]+{1_Num}XP[NEWLINE]*PROMOSYON MEVCUT*[ENDCOLOR]</Text>
		</Row>
		<!-- Production Yield Message -->
		<Row Tag="LOC_WORLD_PRODUCTION_INCREASE_FLOATER">
			<Text>[COLOR_FLOAT_PRODUCTION]+{1_Num} [ICON_Production][ENDCOLOR]</Text>
		</Row>
		<Row Tag="LOC_WORLD_PRODUCTION_DECREASE_FLOATER">
			<Text>[COLOR_RED]{1_Num}[ENDCOLOR]</Text>
		</Row>
		<!-- Food Yield Message -->
		<Row Tag="LOC_WORLD_FOOD_INCREASE_FLOATER">
			<Text>[COLOR_FLOAT_FOOD]+{1_Num} [ICON_Food][ENDCOLOR]</Text>
		</Row>
		<Row Tag="LOC_WORLD_FOOD_DECREASE_FLOATER">
			<Text>[COLOR_RED]{1_Num}[ENDCOLOR]</Text>
		</Row>
		<!-- Gold Yield Message -->
		<Row Tag="LOC_WORLD_GOLD_INCREASE_FLOATER">
			<Text>[COLOR_FLOAT_GOLD]+{1_Num} [ICON_Gold][ENDCOLOR]</Text>
		</Row>
		<Row Tag="LOC_WORLD_GOLD_DECREASE_FLOATER">
			<Text>[COLOR_FLOAT_GOLD]{1_Num} [ICON_Gold][ENDCOLOR] [COLOR_RED]KAYIP[ENDCOLOR]</Text>
		</Row>
		<!-- Science Yield Message -->
		<Row Tag="LOC_WORLD_SCIENCE_INCREASE_FLOATER">
			<Text>[COLOR_FLOAT_SCIENCE]+{1_Num} [ICON_Science][ENDCOLOR]</Text>
		</Row>
		<Row Tag="LOC_WORLD_SCIENCE_DECREASE_FLOATER">
			<Text>[COLOR_FLOAT_SCIENCE]{1_Num} [ICON_Science][ENDCOLOR] [COLOR_RED]KAYIP[ENDCOLOR]</Text>
		</Row>
		<!-- Gold Yield Message -->
		<Row Tag="LOC_WORLD_CULTURE_INCREASE_FLOATER">
			<Text>[COLOR_FLOAT_CULTURE]+{1_Num} [ICON_Culture][ENDCOLOR]</Text>
		</Row>
		<Row Tag="LOC_WORLD_CULTURE_DECREASE_FLOATER">
			<Text>[COLOR_FLOAT_CULTURE]{1_Num} [ICON_Culture][ENDCOLOR] [COLOR_RED]KAYIP[ENDCOLOR]</Text>
		</Row>
		<!-- Civilian-->
		<Row Tag="LOC_UNIT_SETTLER_DESCRIPTION">
			<Text>Yeni sehirler kurabilir. sehir kurdugunda, [ICON_Citizen] Nüfus 1 azalır.</Text>
		</Row>
		<Row Tag="LOC_UNIT_BUILDER_DESCRIPTION">
			<Text>Bazı gelistirmeler yapabilir, Bazı kaynakları toplayabilir veya Ormanlar veya Yagmur Ormanlarının özelliklerini kaldırabilir. İnsaatçılar 3 kez kullanılabilir. Bu, Politikalar veya Piramitler gibi harikalar vasıtasıyla artırılabilir.</Text>
		</Row>
		<Row Tag="LOC_UNIT_TRADER_DESCRIPTION">
			<Text>Tek bir [ICON_TradeRoute] Ticaret Rotası olusturabilir ve sürdürebilirsiniz. Yollarda dolasırken otomatik olarak olusturulur.</Text>
		</Row>
		<Row Tag="LOC_UNIT_MISSIONARY_DESCRIPTION">
			<Text>[ICON_Citizen] Vatandasları Dinlerinden çıkarabilir. Diger Dinlerin birimleriyle teolojik mücadele baslatamaz (ancak savunabilir).</Text>
		</Row>
		<Row Tag="LOC_UNIT_APOSTLE_DESCRIPTION">
			<Text>[ICON_Citizen] Vatandasları Dinlerinden çıkarabilir. Diger Dinlerin birimleriyle teolojik mücadele baslatabilir.</Text>
		</Row>
		<Row Tag="LOC_UNIT_INQUISITOR_DESCRIPTION">
			<Text>Kendi topraklarından, diger Dinlerin varlıgını ortadan kaldırabilir ve diger Dinlerin birimleriyle teolojik mücadele baslatabilir.</Text>
		</Row>
		<Row Tag="LOC_UNIT_GURU_DESCRIPTION">
			<Text>Kendisini ve tüm bitisik dostu dini birimleri iyilestirmek için ücret kullanabilir. Diger dinlerin birimleri ile teolojik mücadele baslatamaz (ama savunabilir).</Text>
		</Row>
		<Row Tag="LOC_UNIT_WARRIOR_MONK_DESCRIPTION">
			<Text>Essiz bir tanıtım agacı olan hızlı hareket eden ortaçag kara savas birimi.</Text>
		</Row>
		<Row Tag="LOC_UNIT_ARCHAEOLOGIST_DESCRIPTION">
			<Text>sehir Müzesinde sergilemek için [ICON_RESOURCE_ANTIQUITY_SITE] Antik Siteler'den [ICON_GreatWork_Artifact] Kalıntılar bulur.</Text>
		</Row>
		<Row Tag="LOC_UNIT_SPY_DESCRIPTION">
			<Text>Yabancı sehirlerde gizli görevler gerçeklestirebilir ve sehirlerinizi düsman casuslarından korur.</Text>
		</Row>
		<Row Tag="LOC_UNIT_NATURALIST_DESCRIPTION">
			<Text>[ICON_Tourism] Turistleri çekmek için, bir Ulusal Park olusturabilen oyunun ilk sivil birimidir. [ICON_Faith] İnanç ile satın alınması gerekir.</Text>
		</Row>
		<!-- Great People-->
		<Row Tag="LOC_UNIT_GREAT_GENERAL_DESCRIPTION">
			<Text>Her [ICON_GreatGeneral] Büyük General, pasif bir etki ve geri çeklime etkisi de dahil olmak üzere essiz yeteneklere sahiptir. Daha fazla bilgi edinmek için Büyük Kisiler panelini ziyaret edin ve ilerleyisinize devam edin.</Text>
		</Row>
		<Row Tag="LOC_UNIT_GREAT_ADMIRAL_DESCRIPTION">
			<Text>Her [ICON_GreatAdmiral] Büyük Amiral, pasif bir etki ve geri çeklime etkisi de dahil olmak üzere essiz yeteneklere sahiptir. Daha fazla bilgi edinmek için Büyük Kisiler panelini ziyaret edin ve ilerleyisinize devam edin.</Text>
		</Row>
		<Row Tag="LOC_UNIT_GREAT_ENGINEER_DESCRIPTION">
			<Text>Her [ICON_GreatEngineer] Ünlü Mühendis aktiflestirildiginde, essiz yeteneklere sahip olur. Daha fazla bilgi edinmek için Büyük Kisiler panelini ziyaret edin ve ilerleyisinize devam edin.</Text>
		</Row>
		<Row Tag="LOC_UNIT_GREAT_MERCHANT_DESCRIPTION">
			<Text>Her [ICON_GreatMerchant] Ünlü Tüccar aktiflestirildiginde, essiz yeteneklere sahip olur. Daha fazla bilgi edinmek için Büyük Kisiler panelini ziyaret edin ve ilerleyisinize devam edin.</Text>
		</Row>
		<Row Tag="LOC_UNIT_GREAT_PROPHET_DESCRIPTION">
			<Text>Büyük [ICON_GreatProphet] Pergamber aktiflestirildiginde, Din kurar. Daha fazla bilgi edinmek için Büyük Kisiler panelini ziyaret edin ve ilerleyisinize devam edin.</Text>
		</Row>
		<Row Tag="LOC_UNIT_GREAT_SCIENTIST_DESCRIPTION">
			<Text>Her [ICON_GreatScientist] Ünlü Bilim Adamı aktiflestirildiginde, essiz yeteneklere sahip olur. Daha fazla bilgi edinmek için Büyük Kisiler panelini ziyaret edin ve ilerleyisinize devam edin.</Text>
		</Row>
		<Row Tag="LOC_UNIT_GREAT_WRITER_DESCRIPTION">
			<Text>Her [ICON_GreatWriter] Ünlü Yazar aktiflestirildiginde bir tane [ICON_GreatWork_Writing] Yazıksal Basyapıt üretir. Daha fazla bilgi edinmek için Büyük Kisiler panelini ziyaret edin ve ilerleyisinize devam edin.</Text>
		</Row>
		<Row Tag="LOC_UNIT_GREAT_ARTIST_DESCRIPTION">
			<Text>Her [ICON_GreatArtist] Ünlü Sanatçı aktiflestirildiginde bir [ICON_GreatWork_Landscape] Sanatsal Basyapıt üretir. Daha fazla bilgi edinmek için Büyük Kisiler panelini ziyaret edin ve ilerleyisinize devam edin.</Text>
		</Row>
		<Row Tag="LOC_UNIT_GREAT_MUSICIAN_DESCRIPTION">
			<Text>Her [ICON_GreatMusician] Ünlü Müzisyen aktiflestirildiginde bir [ICON_GreatWork_Music] Müzikal Basyapıt üretir. Daha fazla bilgi edinmek için Büyük Kisiler panelini ziyaret edin ve ilerleyisinize devam edin.</Text>
		</Row>
		<!-- Recon-->
		<Row Tag="LOC_UNIT_SCOUT_DESCRIPTION">
			<Text>Hızlı hareket eden Antik Çag kesif birimi.</Text>
		</Row>
		<Row Tag="LOC_UNIT_RANGER_DESCRIPTION">
			<Text>Hızlı hareket eden Endüstriyel Çag kesif birimi.</Text>
		</Row>
		<!-- Melee-->
		<Row Tag="LOC_UNIT_WARRIOR_DESCRIPTION">
			<Text>Antik çagın zayıf yakın saldırı birimi.</Text>
		</Row>
		<Row Tag="LOC_UNIT_SPEARMAN_DESCRIPTION">
			<Text>Monte edilebilen birimlere karsı etkili Antik çagın yakın saldırı birimi.</Text>
		</Row>
		<Row Tag="LOC_UNIT_SWORDSMAN_DESCRIPTION">
			<Text>Klasik çagın güçlü yakın saldırı birimi.</Text>
		</Row>
		<Row Tag="LOC_UNIT_PIKEMAN_DESCRIPTION">
			<Text>Monte edilebilen birimlere karsı etkili Ortaçagın güçlü yakın saldırı birimi.</Text>
		</Row>
		<Row Tag="LOC_UNIT_MUSKETMAN_DESCRIPTION">
			<Text>Rönesans döneminin yakın saldırı birimi.</Text>
		</Row>
		<Row Tag="LOC_UNIT_INFANTRY_DESCRIPTION">
			<Text>Modern çagın yakın saldırı birimi.</Text>
		</Row>
		<Row Tag="LOC_UNIT_MECHANIZED_INFANTRY_DESCRIPTION">
			<Text>Bilgi çagının yakın saldırı birimi.</Text>
		</Row>
		<Row Tag="LOC_UNIT_AT_CREW_DESCRIPTION">
			<Text>Süvari sınıfı birimlere karsı Modern çag birimi.</Text>
		</Row>
		<Row Tag="LOC_UNIT_MODERN_AT_DESCRIPTION">
			<Text>Süvari sınıfı birimlere karsı Bilgi çagı birimi.</Text>
		</Row>
		<!-- Ranged-->
		<Row Tag="LOC_UNIT_SLINGER_DESCRIPTION">
			<Text>Antik çagın zayıf menzilli saldırı birimi. Saldırı yapmakta, savunmadan daha iyi.</Text>
		</Row>
		<Row Tag="LOC_UNIT_ARCHER_DESCRIPTION">
			<Text>Antik çagın iki [ICON_Range] menzilli saldırı birimi.</Text>
		</Row>
		<Row Tag="LOC_UNIT_CROSSBOWMAN_DESCRIPTION">
			<Text>Ortaçagın Menzilli Birimi.</Text>
		</Row>
		<Row Tag="LOC_UNIT_FIELD_CANNON_DESCRIPTION">
			<Text>Endüstriyel çagın Menzilli Birimi.</Text>
		</Row>
		<Row Tag="LOC_UNIT_MACHINE_GUN_DESCRIPTION">
			<Text>Atom çagının Menzilli Birimi.</Text>
		</Row>
		<!-- Light Cavalry-->
		<Row Tag="LOC_UNIT_HORSEMAN_DESCRIPTION">
			<Text>Hızlı hareket eden Klasik çagın hafif süvari birimi.</Text>
		</Row>
		<Row Tag="LOC_UNIT_CAVALRY_DESCRIPTION">
			<Text>Hızlı hareket eden Endüstriyel çagın hafif süvari birimi.</Text>
		</Row>
		<Row Tag="LOC_UNIT_HELICOPTER_DESCRIPTION">
			<Text>Hızlı hareket eden Atom çagının hafif süvari birimi.</Text>
		</Row>
		<!-- Siege-->
		<Row Tag="LOC_UNIT_CATAPULT_DESCRIPTION">
			<Text>Klasik çagın bombardıman birimidir, sehirlere saldırıda idealdir. Uzman Ekip promosyonunu kazanmadıkça, aynı turda hem hareket edip hem de saldırı yapamaz.</Text>
		</Row>
		<Row Tag="LOC_UNIT_BOMBARD_DESCRIPTION">
			<Text>Rönesans döneminin bombardıman birimidir, sehirlere saldırıda idealdir. Uzman Ekip promosyonunu kazanmadıkça, aynı turda hem hareket edip hem de saldırı yapamaz.</Text>
		</Row>
		<Row Tag="LOC_UNIT_ARTILLERY_DESCRIPTION">
			<Text>Modern çagın bombardıman birimidir, sehirlere saldırıda idealdir. Uzman Ekip promosyonunu kazanmadıkça, aynı turda hem hareket edip hem de saldırı yapamaz.</Text>
		</Row>
		<Row Tag="LOC_UNIT_ROCKET_ARTILLERY_DESCRIPTION">
			<Text>Bilgi çagının  bombardıman birimidir, sehirlere saldırıda idealdir. Uzman Ekip promosyonunu kazanmadıkça, aynı turda hem hareket edip hem de saldırı yapamaz.</Text>
		</Row>
		<!-- Support-->
		<Row Tag="LOC_UNIT_BATTERING_RAM_DESCRIPTION">
			<Text>Antik çagın destek birimidir. Bir sehre bitisik oldugunda, saldıran yakın saldırı birimleri sehrin duvarlarına tamamen zarar verir.</Text>
		</Row>
		<Row Tag="LOC_UNIT_SIEGE_TOWER_DESCRIPTION">
			<Text>Klasik çagın destek birimidir. Bir sehre bitisik oldugunda, saldıran yakın saldırı birimleri Duvarları görmezden gelir ve sehre direk saldırır.</Text>
		</Row>
		<Row Tag="LOC_UNIT_MEDIC_DESCRIPTION">
			<Text>Endüstriyel çagın destek birimidir. Bitisik birimleri iyilestirebilir.</Text>
		</Row>
		<Row Tag="LOC_UNIT_OBSERVATION_BALLOON_DESCRIPTION">
			<Text>Modern çagın destek birimidir. Bitisik bombardıman birimlerine +1 [ICON_Range] menzil saglar.</Text>
		</Row>
		<Row Tag="LOC_UNIT_MILITARY_ENGINEER_DESCRIPTION">
			<Text>Ortaçag'ın destek birimidir. Cephanelik üretilmesi gerekir. Yollar, Hisarlar ve İnis Pisti gelistirmeleri yapabilir.</Text>
		</Row>
		<Row Tag="LOC_UNIT_ANTIAIR_GUN_DESCRIPTION">
			<Text>Atom çagının hava savunma birimidir. Silahtan 1 petek mesafedeye kadar olan hava saldırılarına karsı koruma saglar.</Text>
		</Row>
		<Row Tag="LOC_UNIT_MOBILE_SAM_DESCRIPTION">
			<Text>Bilgi çagının hava savunma birimidir. Silahtan 1 petek mesafedeye kadar olan hava ve nükleer saldırılara karsı koruma saglar.</Text>
		</Row>
		<!-- Heavy Cavalry -->
		<Row Tag="LOC_UNIT_HEAVY_CHARIOT_DESCRIPTION">
			<Text>Antik çagın yüksek isabetli agır süvari birimidir. Orman, Yagmur ormanı veya Tepeler üzerinde Tur'a baslamıyorsa, 1 [ICON_Movement] Hareket bonusu alır.</Text>
		</Row>
		<Row Tag="LOC_UNIT_KNIGHT_DESCRIPTION">
			<Text>Ortaçagın yüksek isabetli agır süvari birimidir.</Text>
		</Row>
		<Row Tag="LOC_UNIT_MODERN_ARMOR_DESCRIPTION">
			<Text>Bilgi çagının, Hızlı ve güçlü süvari birimidir.</Text>
		</Row>
		<Row Tag="LOC_UNIT_TANK_DESCRIPTION">
			<Text>Hızlı hareket eden Modern çagın agır süvari birimidir ve kontrol bölgelerini görmezden gelir.</Text>
		</Row>
		<!--Naval-->
		<Row Tag="LOC_UNIT_GALLEY_DESCRIPTION">
			<Text>Antik çagın, denizlerde yakın saldırı yapan birimidir. Haritacılık arastırılıncaya kadar sadece Kıyı suları üzerinde gezebilir.</Text>
		</Row>
		<Row Tag="LOC_UNIT_QUADRIREME_DESCRIPTION">
			<Text>Klasik çagın, denizlerde yakın saldırı yapan birimidir. Haritacılık arastırılıncaya kadar sadece Kıyı suları üzerinde gezebilir.</Text>
		</Row>
		<Row Tag="LOC_UNIT_CARAVEL_DESCRIPTION">
			<Text>Rönesans döneminin denizlerde yakın saldırı yapan hızlı kesif birimidir.</Text>
		</Row>
		<Row Tag="LOC_UNIT_IRONCLAD_DESCRIPTION">
			<Text>Endüstriyel çagın güçlü sekilde denizlerde yakın saldırı yapan zırhlı birimidir.</Text>
		</Row>
		<Row Tag="LOC_UNIT_NUCLEAR_SUBMARINE_DESCRIPTION">
			<Text>Nükleer silah tasıyabilen Bilgi çagının menzilli hücum yapan gelismis deniz birimidir. Düsmana bitisik olmadıgı sürece görülemez.</Text>
		</Row>
		<Row Tag="LOC_UNIT_SUBMARINE_DESCRIPTION">
			<Text>Modern çagın menzilli hücum yapan deniz birimidir. Düsmana bitisik olmadıgı sürece görülemez.</Text>
		</Row>
		<Row Tag="LOC_UNIT_PRIVATEER_DESCRIPTION">
			<Text>Rönesans çagının, Kıyı Baskını kabiliyetine sahip menzilli deniz birimidir. Düsmana bitisik olmadıgı sürece görülemez.</Text>
		</Row>
		<Row Tag="LOC_UNIT_FRIGATE_DESCRIPTION">
			<Text>Rönesans çagının menzilli deniz birimidir.</Text>
		</Row>
		<Row Tag="LOC_UNIT_AIRCRAFT_CARRIER_DESCRIPTION">
			<Text>Atom çagının, Hava birlikleri tasıyabilen ve yakın saldırı yapan deniz birimidir.</Text>
		</Row>
		<Row Tag="LOC_UNIT_BATTLESHIP_DESCRIPTION">
			<Text>Modern çagın menzilli deniz birimidir. Hava ve nükleer saldırılara karsı, 1 petek kadar koruma saglar.</Text>
		</Row>
		<Row Tag="LOC_UNIT_MISSILE_CRUISER_DESCRIPTION">
			<Text>En güçlü menzilli deniz birimidir, Bilgi çagında kullanılabilir.</Text>
		</Row>
		<Row Tag="LOC_UNIT_DESTROYER_DESCRIPTION">
			<Text>En güçlü yakın saldırı yapan deniz birimidir. Görüs alanı içindeki Deniz Akıncılarını açıga çıkarır.</Text>
		</Row>
		<!--Air Units-->
		<Row Tag="LOC_UNIT_BIPLANE_DESCRIPTION">
			<Text>Modern çagda kullanılabilen ilk hava saldırı birimi.</Text>
		</Row>
		<Row Tag="LOC_UNIT_FIGHTER_DESCRIPTION">
			<Text>İki Kanatlı'nın Atom çagındaki versiyonu.</Text>
		</Row>
		<Row Tag="LOC_UNIT_BOMBER_DESCRIPTION">
			<Text>İlk Bombardıman birimi, Atom çagında kullanılabilir.</Text>
		</Row>
		<Row Tag="LOC_UNIT_JET_FIGHTER_DESCRIPTION">
			<Text>Avcı Uçagı'nın, Bilgi çagındaki versiyonu.</Text>
		</Row>
		<Row Tag="LOC_UNIT_JET_BOMBER_DESCRIPTION">
			<Text>Bombardıman Uçagı'nın, Bilgi çagındaki versiyonu.</Text>
		</Row>
		<!-- Unique Units-->
		<Row Tag="LOC_UNIT_BARBARIAN_HORSEMAN_DESCRIPTION">
			<Text>Antik çagın, ilkel Atlı savasçısı.</Text>
		</Row>
		<Row Tag="LOC_UNIT_BARBARIAN_HORSE_ARCHER_DESCRIPTION">
			<Text>Antik çagın, ilkel Atlı Okçusu.</Text>
		</Row>
		<Row Tag="LOC_UNIT_BARBARIAN_GALLEY_DESCRIPTION">
			<Text>Antik çagın, ilkel Yakın saldırı yapan deniz birimi.</Text>
		</Row>
		<Row Tag="LOC_UNIT_EGYPTIAN_CHARIOT_ARCHER_DESCRIPTION">
			<Text>Agır Savas Arabası yerine geçen Mısır'ın benzersiz Antik Çag menzilli birimidir. Açık arazilerde 4 [ICON_Movement] Hareket.</Text>
		</Row>
		<Row Tag="LOC_UNIT_GREEK_HOPLITE_DESCRIPTION">
			<Text>Mızraklı Asker yerine geçen Yunan benzersiz Antik çag birimi. Bitisikte en az bir Hoplit birimi varsa, +10 [ICON_Strength] Savas Gücü.</Text>
		</Row>
		<Row Tag="LOC_UNIT_SCYTHIAN_HORSE_ARCHER_DESCRIPTION">
			<Text>İskitlerin benzersiz Klasik çag birimi. 4 [ICON_Movement] Hareket ile birlikte, bir [ICON_Range] Menzilli saldırı yapabilir.</Text>
		</Row>
		<Row Tag="LOC_UNIT_SUMERIAN_WAR_CART_DESCRIPTION">
			<Text>Sümerlerin benzersiz Antik çag birimi. Diger tüm baslangıç birimlerinden daha güçlüdür. Anti-Süvari birliklerine karsı ceza almaz. Açık arazilerde baslıyorsa, 4 petek [ICON_Movement] Hareket edebilir.</Text>
		</Row>
		<Row Tag="LOC_UNIT_ENGLISH_REDCOAT_DESCRIPTION">
			<Text>Victoria liderliginde, İngilizlerin benzersiz Endüstriyel çag birimi. Ana Kıta'nız dısında ki bir kıta üzerinde savasma durumunda +10 [ICON_Strength] Savas Gücü. Denizden, Karaya çıkıs maliyeti yoktur.</Text>
		</Row>
		<Row Tag="LOC_UNIT_AMERICAN_ROUGH_RIDER_DESCRIPTION">
			<Text>Teddy Roosevelt liderliginde, Amerikalıların benzersiz Modern çag birimi. Onların [ICON_Capital] Baskent'inin bulundugu kıtada, öldürdüklerinden [ICON_Culture] Kültür saglar. Tepelerde savastıgında +10 [ICON_Strength] Savas Gücü. Düsük bakım maliyeti.</Text>
		</Row>
		<Row Tag="LOC_UNIT_ROMAN_LEGION_DESCRIPTION">
			<Text>Kılıçlı Asker yerine geçen Roma'lıların benzersiz Modern çag yakın saldırı birimi. Roma Kalesi insa edilebilir.</Text>
		</Row>
		<Row Tag="LOC_UNIT_JAPANESE_SAMURAI_DESCRIPTION">
			<Text>Japonların benzersiz Ortaçag yakın saldırı birimi. Yaralıyken tam güçte savasır.</Text>
		</Row>
		<Row Tag="LOC_UNIT_NORWEGIAN_BERSERKER_DESCRIPTION">
			<Text>Norveçlilerin benzersiz Ortaçag birimi. Düsman topraklarında 4 petek [ICON_Movement] Hareket edebilir. Saldırı yaparken +7 [ICON_Strength] Savas Gücü ve Savunma yaparken -7 [ICON_Strength] Savas Gücü.</Text>
		</Row>
		<Row Tag="LOC_UNIT_NORWEGIAN_LONGSHIP_DESCRIPTION">
			<Text>Kadırga yerine geçen Norveçlilerin benzersiz Antik çag yakın saldırı birimi. Düsman kıyı bölgelerini yagmalayıp, Kıyı Baskını yetenegini kullanarak bitisikse sivilleri yakalarlar. Kıyı sularında 4 [ICON_Movement] Hareket.</Text>
		</Row>
		<Row Tag="LOC_UNIT_CHINESE_CROUCHING_TIGER_DESCRIPTION">
			<Text>Benzersiz Ortaçag Çin birimi. 1 [ICON_Range] Menzil ve Yüksek Savas Gücü.</Text>
		</Row>
		<Row Tag="LOC_UNIT_SPANISH_CONQUISTADOR_DESCRIPTION">
			<Text>Arkebüzcü yerine geçen İspanyolların benzersiz Rönesans dönemi birimi. Aynı petekte bir Misyoner, Engizisyon mahkemesi üyesi veya Havari oldugunda +10 [ICON_Strength] Savas Gücü. Eger bu birim bir sehir ele geçirir ya da fethedilen sehre bitisik olursa, sehir otomatik olarak fetheden oyuncunun Dinini egemen Din olarak kabul eder.</Text>
		</Row>
		<Row Tag="LOC_UNIT_RUSSIAN_COSSACK_DESCRIPTION">
			<Text>Süvari yerine geçen Rusların benzersiz Endüstriyel çag birimi. Süvari'den daha güçlüdür ve kendi topraklarında ya da bitisiginde savasırken +5 [ICON_Strength] Savas Gücü kazanır. Saldırı yaptıktan sonra, hareket hakkı varsa [ICON_Movement] Hareket edebilir.</Text>
		</Row>
		<Row Tag="LOC_UNIT_INDIAN_VARU_DESCRIPTION">
			<Text>Atlı yerine geçen Hintlilerin benzersiz Klasik çag birimi.  Bitisik düsman birimleri -5 [ICON_STRENGTH] Savas Gücü kaybeder.</Text>
		</Row>
		<Row Tag="LOC_UNIT_KONGO_SHIELD_BEARER_DESCRIPTION">
			<Text>Kılıçlı Asker yerine geçen Kongoluların benzersiz Klasik çag birimi. Menzilli saldırılara karsı savunma yaparken +10 [ICON_Strength] Savas Gücü alır. Orman ve Yagmur Ormanlarında hareket edebilir ve görebilir.</Text>
		</Row>
		<Row Tag="LOC_UNIT_ARABIAN_MAMLUK_DESCRIPTION">
			<Text>sövalye yerine geçen Arapların benzersiz Ortaçag birimi. Her tur sonunda iyilesebilir ve saldırı yaptıktan sonra hareket edebilir.</Text>
		</Row>
		<Row Tag="LOC_UNIT_ENGLISH_SEADOG_DESCRIPTION">
			<Text>Korsan Gemisi yerine geçen İngilizlerin benzersiz Rönesans dönemi deniz birimi. Düsman gemilerini ele geçirebilir. Bitisik olmadıgı sürece görülemez.</Text>
		</Row>
		<Row Tag="LOC_UNIT_FRENCH_GARDE_IMPERIALE_DESCRIPTION">
			<Text>Fransızların benzersiz Endüstriyel çag yakın saldırı birimi. Baskent'inizin bulundugu kıtada savasırken, +10 [ICON_Strength] Savas Gücü. Öldürülen her birim için [ICON_GreatGeneral] Büyük General puanı.</Text>
		</Row>
		<Row Tag="LOC_UNIT_GERMAN_UBOAT_DESCRIPTION">
			<Text>Nükleer Denizaltı yerine geçen Almanların Modern çag deniz birimi. Üretimi ucuzdur, Okyanus peteklerinde savasırken +1 Görüs ve +10 [ICON_Strength]Savas Gücü kazanır. Diger Gizlilik birimlerini ortaya çıkarabilir.</Text>
		</Row>
		<Row Tag="LOC_UNIT_AMERICAN_P51_DESCRIPTION">
			<Text>Avcı Uçagı yerine geçen Amerikalıların Modern çag hava birimi. Savas uçaklarına karsı +5 saldırı, +2 uçus menzili ve + %50 tecrübe saglar.</Text>
		</Row>
		<Row Tag="LOC_UNIT_BRAZILIAN_MINAS_GERAES_DESCRIPTION">
			<Text>Krüvazör yerine geçen Brezilyalıların Modern çag birimi. Krüvazör'den daha güçlüdür. Milliyetçilik ilkesi ile açılır.</Text>
		</Row>
		<Row Tag="LOC_UNIT_UNIT_TYPE_NAME_SUFFIX">
			<Text> ({1_UnitTypeName})</Text>
		</Row>
	</BaseGameText>
</GameData>