<?xml version="1.0" encoding="utf-8"?>
<GameData>
	<FrontEndText>
		<Row Tag="LOC_KNOWN_GRAPHICS_CARD_ISSUES">
			<Text>Civilization VI'nın DirectX 12 sürümünü geçerli donanım yapılandırmanızla çalıştırırken oluşabilecek bilinen sorunlar vardır. DirectX 12 sürümü ile şu anda uyumlu bir grafik kartı, AMD veya NVidia gerektirir (Maxwell serisi veya başkası).</Text>
		</Row>
		<Row Tag="LOC_USER_WARNING_PROCEED_ANYWAY">
			<Text>Yine de devam et</Text>
		</Row>
		<Row Tag="LOC_USER_WARNING_QUIT">
			<Text>Çık</Text>
		</Row>

	</FrontEndText>
</GameData>
