﻿<?xml version="1.0" encoding="utf-8"?>
<GameData>
	<BaseGameText>
		<Row Tag="LOC_SURPRISE_WAR_NAME">
			<Text>Sürpriz Savas</Text>
		</Row>
		<Row Tag="LOC_FORMAL_WAR_NAME">
			<Text>Geleneksel Savas</Text>
		</Row>
		<Row Tag="LOC_HOLY_WAR_NAME">
			<Text>Kutsal Savas</Text>
		</Row>
		<Row Tag="LOC_RECONQUEST_WAR_NAME">
			<Text>Fetih Savası</Text>
		</Row>
		<Row Tag="LOC_LIBERATION_WAR_NAME">
			<Text>Kurtulus Savası</Text>
		</Row>
		<Row Tag="LOC_DEFENSIVE_PACT_NAME">
			<Text>Savunma Paktı</Text>
		</Row>
		<Row Tag="LOC_JOINT_WAR_NAME">
			<Text>Ortak Savas</Text>
		</Row>
		<Row Tag="LOC_SUZERAIN_WAR_NAME">
			<Text>Hüküm Savası</Text>
		</Row>
		<Row Tag="LOC_PROTECTORATE_WAR_NAME">
			<Text>Koruyucu Savas</Text>
		</Row>
		<Row Tag="LOC_COLONIAL_WAR_NAME">
			<Text>Sömürge Savası</Text>
		</Row>
		<Row Tag="LOC_TERRITORIAL_WAR_NAME">
			<Text>Bölgesel Savas</Text>
		</Row>
	</BaseGameText>
</GameData>