<?xml version="1.0" encoding="utf-8"?>
<GameData>
	<EnglishText>
		<Row Tag="LOC_WORLDBUILDER_TAB_TECHS">
			<Text>Teknolojiler</Text>
		</Row>
		<Row Tag="LOC_WORLDBUILDER_TAB_CIVICS">
			<Text>İlkeler</Text>
		</Row>
		<Row Tag="LOC_WORLDBUILDER_TAB_CITIES">
			<Text>Sehirler</Text>
		</Row>
		<Row Tag="LOC_WORLDBUILDER_TAB_UNITS">
			<Text>Birimler</Text>
		</Row>
		<Row Tag="LOC_WORLDBUILDER_TAB_GENERAL">
			<Text>Genel</Text>
		</Row>
		<Row Tag="LOC_WORLDBUILDER_TAB_DISTRICTS">
			<Text>Bölgeler</Text>
		</Row>
		<Row Tag="LOC_WORLDBUILDER_TAB_BUILDINGS">
			<Text>Binalar</Text>
		</Row>
		<Row Tag="LOC_WORLDBUILDER_TAB_MOD">
			<Text>Sömürgeler</Text>
		</Row>
		<Row Tag="LOC_WORLDBUILDER_TAB_TEXT">
			<Text>Metin</Text>
		</Row>
		<Row Tag="LOC_WORLDBUILDER_BUTTON_ADD_PLAYER">
			<Text>Oyuncu Ekle</Text>
		</Row>
		<Row Tag="LOC_WORLDBUILDER_BUTTON_ADD_AI_PLAYER">
			<Text>Bot Oyuncu Ekle</Text>
		</Row>
		<Row Tag="LOC_WORLDBUILDER_BUTTON_REMOVE_PLAYER">
			<Text>Oyuncu Kaldır</Text>
		</Row>
		<Row Tag="LOC_WORLDBUILDER_BUTTON_ADD_CITY">
			<Text>Şehir Ekle</Text>
		</Row>
		<Row Tag="LOC_WORLDBUILDER_BUTTON_REMOVE_CITY">
			<Text>Şehri Kaldır</Text>
		</Row>
		<Row Tag="LOC_WORLDBUILDER_ATTRIBUTE_PILLAGED">
			<Text>Yağmalama</Text>
		</Row>
		<Row Tag="LOC_WORLDBUILDER_ATTRIBUTE_GOLD">
			<Text>Altın</Text>
		</Row>
		<Row Tag="LOC_WORLDBUILDER_ATTRIBUTE_FAITH">
			<Text>İnanç</Text>
		</Row>		
		<Row Tag="LOC_WORLDBUILDER_ATTRIBUTE_GARRISON_DAMAGE">
			<Text>Garnizon Hasarları</Text>
		</Row>
		<Row Tag="LOC_WORLDBUILDER_ATTRIBUTE_OUTER_DAMAGE">
			<Text>Dış Hasar</Text>
		</Row>
		<Row Tag="LOC_WORLDBUILDER_ATTRIBUTE_POPULATION">
			<Text>Nüfus</Text>
		</Row>
		<Row Tag="LOC_WORLDBUILDER_ATTRIBUTE_TERRAIN">
			<Text>Arazi</Text>
		</Row>
		<Row Tag="LOC_WORLDBUILDER_ATTRIBUTE_FEATURE">
			<Text>Özellik</Text>
		</Row>
		<Row Tag="LOC_WORLDBUILDER_ATTRIBUTE_FEATURE_DIRECTION">
			<Text>Özellik Yönü</Text>
		</Row>
		<Row Tag="LOC_WORLDBUILDER_ATTRIBUTE_RESOURCE">
			<Text>Kaynak</Text>
		</Row>		
		<Row Tag="LOC_WORLDBUILDER_ATTRIBUTE_RESOURCE_AMOUNT">
			<Text>Kaynak Miktarı</Text>
		</Row>
		<Row Tag="LOC_WORLDBUILDER_ATTRIBUTE_IMPROVEMENT">
			<Text>Geliştirme</Text>
		</Row>
		<Row Tag="LOC_WORLDBUILDER_ATTRIBUTE_IMPROVEMENT_PILLAGED">
			<Text>Geliştirme Yağmalama</Text>
		</Row>
		<Row Tag="LOC_WORLDBUILDER_ATTRIBUTE_DISTRICT">
			<Text>Bölge</Text>
		</Row>
		<Row Tag="LOC_WORLDBUILDER_ATTRIBUTE_DISTRICT_PILLAGED">
			<Text>Bölge Yağmalandı</Text>
		</Row>
		<Row Tag="LOC_WORLDBUILDER_ATTRIBUTE_ROUTE">
			<Text>Yol</Text>
		</Row>
		<Row Tag="LOC_WORLDBUILDER_ATTRIBUTE_ROUTE_PILLAGED">
			<Text>Yol Yağmalama</Text>
		</Row>
		<Row Tag="LOC_WORLDBUILDER_ATTRIBUTE_OWNER">
			<Text>Sahip</Text>
		</Row>
		<Row Tag="LOC_WORLDBUILDER_ATTRIBUTE_LOWLAND_TYPE">
			<Text>Ova Tipi</Text>
		</Row>
		<Row Tag="LOC_WORLDBUILDER_PLACEMENT_MODE_TERRAIN">
			<Text>Arazi</Text>
		</Row>
		<Row Tag="LOC_WORLDBUILDER_PLACEMENT_MODE_FEATURES">
			<Text>Özellikler</Text>
		</Row>
		<Row Tag="LOC_WORLDBUILDER_PLACEMENT_MODE_CONTINENT">
			<Text>Kıta</Text>
		</Row>
		<Row Tag="LOC_WORLDBUILDER_PLACEMENT_MODE_RIVERS">
			<Text>Nehirler</Text>
		</Row>
		<Row Tag="LOC_WORLDBUILDER_PLACEMENT_MODE_CLIFFS">
			<Text>Kayalıklar</Text>
		</Row>
		<Row Tag="LOC_WORLDBUILDER_PLACEMENT_MODE_RESOURCES">
			<Text>Kaynaklar</Text>
		</Row>
		<Row Tag="LOC_WORLDBUILDER_PLACEMENT_MODE_CITIES">
			<Text>Şehirler</Text>
		</Row>
		<Row Tag="LOC_WORLDBUILDER_PLACEMENT_MODE_DISTRICTS">
			<Text>Bölgeler</Text>
		</Row>
		<Row Tag="LOC_WORLDBUILDER_PLACEMENT_MODE_BUILDINGS">
			<Text>Binalar</Text>
		</Row>
		<Row Tag="LOC_WORLDBUILDER_PLACEMENT_MODE_UNITS">
			<Text>Birimler</Text>
		</Row>
		<Row Tag="LOC_WORLDBUILDER_PLACEMENT_MODE_IMPROVEMENTS">
			<Text>Geliştirmeler</Text>
		</Row>
		<Row Tag="LOC_WORLDBUILDER_PLACEMENT_MODE_ROUTES">
			<Text>Yollar</Text>
		</Row>
		<Row Tag="LOC_WORLDBUILDER_PLACEMENT_MODE_START_POSITIONS">
			<Text>Başlangıç Noktası</Text>
		</Row>
		<Row Tag="LOC_WORLDBUILDER_PLACEMENT_MODE_OWNER">
			<Text>Sahip</Text>
		</Row>
		<Row Tag="LOC_WORLDBUILDER_PLACEMENT_MODE_SET_VISIBILITY">
			<Text>Arazi Görünürlüğü</Text>
		</Row>
		<Row Tag="LOC_WORLDBUILDER_PLACEMENT_MODE_GOODY_HUTS">
			<Text>Aşiret Köyleri</Text>
		</Row>
		<Row Tag="LOC_WORLD_BUILDER_MAP_EDITOR_TT">
			<Text>Harita Editörü</Text>
		</Row>
		<Row Tag="LOC_WORLD_BUILDER_PLAYER_EDITOR_TT">
			<Text>Oyuncu Editörü</Text>
		</Row>
		<Row Tag="LOC_WORLD_BUILDER_PLACEMENT_HELP">
			<Text>Yerleştirmek için sol tıklayın. Kaldırmak İçin Sağ Tıklayın.</Text>
		</Row>
		<Row Tag="LOC_WORLD_BUILDER_NO_PLOT_SELECTED_HELP">
			<Text>Arsa seçilmedi</Text>
		</Row>
		<Row Tag="LOC_WORLD_BUILDER_PLACEMENT_TT">
			<Text>Haritayı boyamanızı sağlar</Text>
		</Row>
		<Row Tag="LOC_WORLD_BUILDER_PLOT_TT">
			<Text>Her arsa üzerinde daha ince taneli kontrol sağlar</Text>
		</Row>
		<Row Tag="LOC_WORLDBUILDER_ATTRIBUTE_ID">
			<Text>ID</Text>
		</Row>
		<Row Tag="LOC_WORLDBUILDER_GENERATE_NEW_ID">
			<Text>Yeni ID Oluştur...</Text>
		</Row>
		<Row Tag="LOC_WORLDBUILDER_ATTRIBUTE_WIDTH">
			<Text>Genişlik</Text>
		</Row>
		<Row Tag="LOC_WORLDBUILDER_ATTRIBUTE_HEIGHT">
			<Text>Yükseklik</Text>
		</Row>
		<Row Tag="LOC_WORLDBUILDER_ATTRIBUTE_RULESET">
			<Text>Kurallar</Text>
		</Row>
		<Row Tag="LOC_WORLDBUILDER_ATTRIBUTE_MAP_SCRIPT">
			<Text>Harita Senaryosu</Text>
		</Row>
		<Row Tag="LOC_WORLDBUILDER_ATTRIBUTE_IS_MOD">
			<Text>Mod şeklinde Harita</Text>
		</Row>
		<Row Tag="LOC_WORLDBUILDER_ATTRIBUTE_IS_MOD_TT">
			<Text>İşaretlendiğinde, Dünya Oluşturucu haritası kendine yeten bir Mod sayılır ve oyunu başlatırken bir Harita Türü olarak kullanılabilir. İşaretlenmezse, haritanın daha büyük bir Mod'un parçası olarak kullanılacağı varsayılır.</Text>
		</Row>
		<Row Tag="LOC_WORLDBUILDER_DEFAULT_MAP_NAME">
			<Text>İsimsiz Harita</Text>
		</Row>
		<Row Tag="LOC_WORLDBUILDER_DEFAULT_MAP_DESCRIPTION">
			<Text>Dünya Oluşturucu tarafından yapılan Adsız Bir Harita</Text>
		</Row>
		<Row Tag="LOC_WORLDBUILDER_DEFAULT_MOD_TITLE">
			<Text>İsimsiz Harita Modu</Text>
		</Row>
		<Row Tag="LOC_WORLDBUILDER_DEFAULT_MOD_DESCRIPTION">
			<Text>Dünya Oluşturucu tarafından yapılmış bir Harita Modu</Text>
		</Row>
		<Row Tag="LOC_WORLDBUILDER_ADD_BUTTON">
			<Text>Ekle</Text>
		</Row>
		<Row Tag="LOC_WORLDBUILDER_REMOVE_BUTTON">
			<Text>Kaldır</Text>
		</Row>
		<Row Tag="LOC_WORLDBUILDER_NO_FEATURE">
			<Text>Özellik Yok</Text>
		</Row>
		<Row Tag="LOC_WORLDBUILDER_NO_LOWLAND">
			<Text>Kıyı Ovası Değil</Text>
		</Row>
		<Row Tag="LOC_WORLDBUILDER_NO_CITY">
			<Text>Şehir Yok</Text>
		</Row>
		<Row Tag="LOC_WORLDBUILDER_NO_DIRECTION">
			<Text>Yön Yok</Text>
		</Row>
		<Row Tag="LOC_WORLDBUILDER_DIRECTION_NORTHEAST">
			<Text>Kuzeydoğu</Text>
		</Row>
		<Row Tag="LOC_WORLDBUILDER_DIRECTION_EAST">
			<Text>Doğu</Text>
		</Row>
		<Row Tag="LOC_WORLDBUILDER_DIRECTION_SOUTHEAST">
			<Text>Southeast</Text>
		</Row>
		<Row Tag="LOC_WORLDBUILDER_DIRECTION_SOUTHWEST">
			<Text>Güneybatı</Text>
		</Row>
		<Row Tag="LOC_WORLDBUILDER_DIRECTION_WEST">
			<Text>Batı</Text>
		</Row>
		<Row Tag="LOC_WORLDBUILDER_DIRECTION_NORTHWEST">
			<Text>Kuzeybatı</Text>
		</Row>
		<Row Tag="LOC_WORLDBUILDER_NO_RESOURCE">
			<Text>Kaynak Yok</Text>
		</Row>
		<Row Tag="LOC_WORLDBUILDER_NO_IMPROVEMENT">
			<Text>İlerleme yok</Text>
		</Row>
		<Row Tag="LOC_WORLDBUILDER_NO_DISTRICT">
			<Text>Bölge Yok</Text>
		</Row>
		<Row Tag="LOC_WORLDBUILDER_NO_ROUTE">
			<Text>Rota Yok</Text>
		</Row>
		<Row Tag="LOC_WORLDBUILDER_REVEAL_ALL">
			<Text>Tümünü Göster</Text>
		</Row>
		<Row Tag="LOC_WORLDBUILDER_NONE">
			<Text>Yok</Text>
		</Row>
		<Row Tag="LOC_WORLDBUILDER_PLAYER">
			<Text>Oyuncu</Text>
		</Row>
		<Row Tag="LOC_WORLDBUILDER_LEADER">
			<Text>Lider</Text>
		</Row>
		<Row Tag="LOC_WORLDBUILDER_CIVILIZATION">
			<Text>Medeniyet</Text>
		</Row>
		<Row Tag="LOC_WORLDBUILDER_RANDOM_PLAYER">
			<Text>Rastgele Oyuncu</Text>
		</Row>
		<Row Tag="LOC_WORLDBUILDER_RANDOM_CITY_STATE">
			<Text>Rastgele Şehir Devleti</Text>
		</Row>
		<Row Tag="LOC_WORLDBUILDER_RANDOM">
			<Text>Rasgele</Text>
		</Row>
		<Row Tag="LOC_WORLDBUILDER_ANY">
			<Text>Herhangi</Text>
		</Row>
		<Row Tag="LOC_WORLDBUILDER_DEFAULT">
			<Text>Varsayılan</Text>
		</Row>
		<Row Tag="LOC_WORLDBUILDER_ADVANCED">
			<Text>İleri</Text>
		</Row>
		<Row Tag="LOC_WORLDBUILDER_BASIC">
			<Text>Temel</Text>
		</Row>
		<Row Tag="LOC_WORLDBUILDER_SWITCH_ADV">
			<Text>Gelismis Moda Geç</Text>
		</Row>
		<Row Tag="LOC_WORLDBUILDER_SWITCH_BASIC">
			<Text>Temel Moda Geç</Text>
		</Row>
		<Row Tag="LOC_WORLDBUILDER_SWITCH_ADV_POPUP_TITLE">
			<Text>Dünya Oluşturucu Gelişmiş Moduna geçilsin mi?</Text>
		</Row>
		<Row Tag="LOC_WORLDBUILDER_SWITCH_ADV_POPUP_TEXT">
			<Text>Gelişmiş Mod hala geliştirilme aşamasındadır ve tamamen desteklenmemektedir. Bunu, gelişmiş senaryo özellikleriyle denemek isteyen gelişmiş moderler için kullanılabilir hale getirdik. Bu modda oluşturulan ve oyuna yüklenen modlar Civilization VI'nın kararsız hale gelmesine neden olabilir.</Text>
		</Row>
		<Row Tag="LOC_WORLDBUILDER_IMPORT_UNSUPPORTED_TEXT">
			<Text>Uyarı! Harici bir düzenleyicide oluşturulan haritayı içe aktarma resmi olarak desteklenmez ve Dünya Oluşturucu içinde sorunlara neden olabilir.</Text>
		</Row>
		<Row Tag="LOC_WORLDBUILDER_SWITCH_BASIC_TOOLTIP">
			<Text>Dünya Oluşturucu'yu tekrar Temel Moda geçirir. Bu harita yine de Gelişmiş Mod olarak kaydedilecek ve Gelişmiş Modda yapılan düzenlemeler olduğu gibi kalacaktır.</Text>
		</Row>
		<Row Tag="LOC_WORLDBUILDER_CIVILIZATION_LEVEL">
			<Text>Seviye</Text>
		</Row>
		<Row Tag="LOC_WORLDBUILDER_CIVILIZATION_LEVEL_TRIBE">
			<Text>Kabile</Text>
		</Row>
		<Row Tag="LOC_WORLDBUILDER_CIVILIZATION_LEVEL_FULL_CIV">
			<Text>Medeniyet</Text>
		</Row>
		<Row Tag="LOC_WORLDBUILDER_CIVILIZATION_LEVEL_CITY_STATE">
			<Text>Şehir-Devleti</Text>
		</Row>
		<Row Tag="LOC_WORLDBUILDER_CIVILIZATION_LEVEL_FREE_CITIES">
			<Text>Özgür Şehir</Text>
		</Row>
		<Row Tag="LOC_WORLDBUILDER_PLACEMENT_OK">
			<Text>Yerleşim başarılı</Text>
		</Row>
		<Row Tag="LOC_WORLDBUILDER_BLANK_PLACEMENT_OK">
			<Text>{1_Name} yerleşim başarılı</Text>
		</Row>
		<Row Tag="LOC_WORLDBUILDER_BLANK_PLACEMENT_ERROR">
			<Text>{1_Name} yerleşim başarısız oldu</Text>
		</Row>
		<Row Tag="LOC_WORLDBUILDER_VIS_SET_OK">
			<Text>Bu konumu {1_CivName} olarak görünecek şekilde ayarlayın</Text>
		</Row>
		<Row Tag="LOC_WORLDBUILDER_VIS_CLEAR_OK">
			<Text>Bu konumu {1_CivName} olarak görünmeyecek şekilde ayarlayın</Text>
		</Row>
		<Row Tag="LOC_WORLDBUILDER_VIS_ERROR">
			<Text>Bu konumun {1_CivName} için görünürlüğü ayarlanamadı</Text>
		</Row>
		<Row Tag="LOC_WORLDBUILDER_PLACEMENT_NEEDED">
			<Text>Bu bir {1_Name} bölgesinde olmalıdır</Text>
		</Row>
		<Row Tag="LOC_WORLDBUILDER_CREATE_DISTRICT">
			<Text>Bunu yerleştirmek için bir {1_Name} bölgesi oluşturmalısınız</Text>
		</Row>
		<Row Tag="LOC_WORLDBUILDER_CITY_NEEDED">
			<Text>Bu bir şehre yerleştirilmelidir</Text>
		</Row>
		<Row Tag="LOC_WORLDBUILDER_IN_PROGRESS">
			<Text>Bunlardan biri zaten devam ediyor</Text>
		</Row>
		<Row Tag="LOC_WORLDBUILDER_ALREADY_EXISTS">
			<Text>Bunlardan biri zaten var</Text>
		</Row>
		<Row Tag="LOC_WORLDBUILDER_OCCUPIED_BY_ENEMY">
			<Text>Bölge bir rakip tarafından işgal edildi</Text>
		</Row>
		<Row Tag="LOC_WORLDBUILDER_IS_PILLAGED">
			<Text>İlçe yağmalanıyor</Text>
		</Row>
		<Row Tag="LOC_WORLDBUILDER_DISTRICT_REQUIRES">
			<Text>Bölge gerektirir</Text>
		</Row>
		<Row Tag="LOC_WORLDBUILDER_POPULATION">
			<Text>nüfus</Text>
		</Row>
		<Row Tag="LOC_WORLDBUILDER_IS_CONTAMINATED">
			<Text>Bölge kirlenmiş</Text>
		</Row>
		<Row Tag="LOC_WORLDBUILDER_HIGHER_TECH">
			<Text>Sivil bunu yerleştirmek için Teknoloji {1_Name} 'e ihtiyaç duyar.</Text>
		</Row>
		<Row Tag="LOC_WORLDBUILDER_HIGHER_CIVIC">
			<Text>Sivil bunu yerleştirmek için Yurtdaş {1_Name} gerekir.</Text>
		</Row>
		<Row Tag="LOC_WORLDBUILDER_FAILURE_UNKNOWN">
			<Text>Bu yerleştirilemedi ve nedenini belirleyemedi</Text>
		</Row>
		<Row Tag="LOC_WORLDBUILDER_FAILURE_FEATURE">
			<Text>Buraya bir özellik yerleştirilemedi</Text>
		</Row>
		<Row Tag="LOC_WORLDBUILDER_STATUS_STARTUP">
			<Text>Dünya Oluşturucu'ya hoş geldiniz!</Text>
		</Row>
		<Row Tag="LOC_WORLDBUILDER_UNIT_PLACED">
			<Text>Birim başarıyla yerleştirildi</Text>
		</Row>
		<Row Tag="LOC_WORLDBUILDER_UNIT_ERROR">
			<Text>Bu konuma bir {1_Name} yerleştirilemedi</Text>
		</Row>
		<Row Tag="LOC_WORLDBUILDER_UNIT_ERROR_DISTRICT">
			<Text>{1_Name} bir Bölgeye yerleştirilmelidir</Text>
		</Row>
		<Row Tag="LOC_WORLDBUILDER_RIVER_PLACED">
			<Text>Nehir başarıyla yerleştirildi</Text>
		</Row>
		<Row Tag="LOC_WORLDBUILDER_RIVER_REMOVED">
			<Text>Nehir başarıyla kaldırıldı</Text>
		</Row>
		<Row Tag="LOC_WORLDBUILDER_RIVER_ERROR">
			<Text>Bu konuma bir nehir yerleştirilemedi</Text>
		</Row>
		<Row Tag="LOC_WORLDBUILDER_RIVER_INVALID_LOCATION">
			<Text>Nehir segmenti için geçersiz konum</Text>
		</Row>
		<Row Tag="LOC_WORLDBUILDER_RIVER_JOINING_RIVERS">
			<Text>İki farklı nehre katılamaz</Text>
		</Row>
		<Row Tag="LOC_WORLDBUILDER_RIVER_NOT_NEAR_RIVER_OR_WATER">
			<Text>Bu konumda nehir ya da su yok</Text>
		</Row>
		<Row Tag="LOC_WORLDBUILDER_RIVER_SPLITTING_RIVER">
			<Text>Bir nehri ağzından ayıramıyorum</Text>
		</Row>
		<Row Tag="LOC_WORLDBUILDER_RIVER_REMOVED_ERROR">
			<Text>Bir nehir bu konumdan kaldırılamadı</Text>
		</Row>
		<Row Tag="LOC_WORLDBUILDER_CLIFF_PLACED">
			<Text>Cliff başarıyla yerleştirildi</Text>
		</Row>
		<Row Tag="LOC_WORLDBUILDER_CLIFF_REMOVED">
			<Text>Cliff başarıyla kaldırıldı</Text>
		</Row>
		<Row Tag="LOC_WORLDBUILDER_CLIFF_ERROR">
			<Text>Bu yere bir uçurum yerleştirilemedi</Text>
		</Row>
		<Row Tag="LOC_WORLDBUILDER_CLIFF_REMOVED_ERROR">
			<Text>Bu konumdan bir uçurum kaldırılamadı</Text>
		</Row>
		<Row Tag="LOC_WORLDBUILDER_FEATURE_REMOVED">
			<Text>Özellik başarıyla kaldırıldı</Text>
		</Row>
		<Row Tag="LOC_WORLDBUILDER_NO_FEATURE_TO_REMOVE">
			<Text>Kaldırılacak Özellik Bulunamadı</Text>
		</Row>
		<Row Tag="LOC_WORLDBUILDER_WONDER_REMOVED">
			<Text>Harika başarıyla kaldırıldı</Text>
		</Row>
		<Row Tag="LOC_WORLDBUILDER_NO_WONDER_TO_REMOVE">
			<Text>Kaldırılacak Harika bulunamadı</Text>
		</Row>
		<Row Tag="LOC_WORLDBUILDER_WONDER_DISTANCE">
			<Text>Bu konum başka bir Harika yakın</Text>
		</Row>
		<Row Tag="LOC_WORLDBUILDER_RESOURCE_REMOVED">
			<Text>Kaynaklar başarıyla kaldırıldı</Text>
		</Row>
		<Row Tag="LOC_WORLDBUILDER_NO_RESOURCE_TO_REMOVE">
			<Text>Kaldırılacak Kaynak bulunamadı</Text>
		</Row>
		<Row Tag="LOC_WORLDBUILDER_CITY_REMOVED">
			<Text>Şehir başarıyla kaldırıldı</Text>
		</Row>
		<Row Tag="LOC_WORLDBUILDER_CITY_REMOVED_NONE">
			<Text>Kaldırılacak Şehir bulunamadı</Text>
		</Row>
		<Row Tag="LOC_WORLDBUILDER_DISTRICT_REMOVED">
			<Text>Bölge başarıyla kaldırıldı</Text>
		</Row>
		<Row Tag="LOC_WORLDBUILDER_NO_DISTRICT_TO_REMOVE">
			<Text>Kaldırılacak Bölge bulunamadı</Text>
		</Row>
		<Row Tag="LOC_WORLDBUILDER_BUILDING_REMOVED">
			<Text>Bina başarıyla kaldırıldı</Text>
		</Row>
		<Row Tag="LOC_WORLDBUILDER_NO_BUILDING_TO_REMOVE">
			<Text>Kaldırılacak bina bulunamadı</Text>
		</Row>
		<Row Tag="LOC_WORLDBUILDER_NO_BUILDING_TO_REMOVE_CITY">
			<Text>Döşeme şehir içermediğinden bina mümkün değildir</Text>
		</Row>
		<Row Tag="LOC_WORLDBUILDER_NO_BUILDING_TO_REMOVE_DISTRICT">
			<Text>Döşeme hiçbir bölge içermediğinden bina mümkün değildir</Text>
		</Row>
		<Row Tag="LOC_WORLDBUILDER_IMPROVEMENT_REMOVED">
			<Text>Geliştirme başarıyla kaldırıldı</Text>
		</Row>
		<Row Tag="LOC_WORLDBUILDER_NO_IMPROVEMENT_TO_REMOVE">
			<Text>Kaldırılacak İyileşme bulunamadı</Text>
		</Row>
		<Row Tag="LOC_WORLDBUILDER_GHIMPROVEMENT_REMOVED">
			<Text>Goody Hut başarıyla kaldırıldı</Text>
		</Row>
		<Row Tag="LOC_WORLDBUILDER_NO_GHIMPROVEMENT_TO_REMOVE">
			<Text>Kaldırılacak Goody Hut bulunamadı</Text>
		</Row>
		<Row Tag="LOC_WORLDBUILDER_ROUTE_REMOVED">
			<Text>Rota başarıyla kaldırıldı</Text>
		</Row>
		<Row Tag="LOC_WORLDBUILDER_SPAWN_REMOVED">
			<Text>Başlangıç Konumu başarıyla kaldırıldı</Text>
		</Row>
		<Row Tag="LOC_WORLDBUILDER_NO_SPAWN_TO_REMOVE">
			<Text>Kaldırılacak Başlangıç Konumu bulunamadı</Text>
		</Row>
		<Row Tag="LOC_WORLDBUILDER_UNIT_REMOVED">
			<Text>Birim başarıyla kaldırıldı</Text>
		</Row>
		<Row Tag="LOC_WORLDBUILDER_CONTINENT_PLACED">
			<Text>Bu çizim başarıyla {1_Name} 'in bir parçası oldu</Text>
		</Row>
		<Row Tag="LOC_WORLDBUILDER_CONTINENT_ERROR">
			<Text>Bu grafik {1_Name} alan adının bir parçası olarak değiştirilemedi</Text>
		</Row>
		<Row Tag="LOC_WORLDBUILDER_OWNERSHIP_SET">
			<Text>Arsa sahibini başarıyla ayarla</Text>
		</Row>
		<Row Tag="LOC_WORLDBUILDER_OWNERSHIP_REMOVED">
			<Text>Sahiplik başarıyla kaldırıldı</Text>
		</Row>
		<Row Tag="LOC_WORLDBUILDER_START_POS_SET">
			<Text>Başlangıç pozisyonu başarıyla ayarlandı</Text>
		</Row>
		<Row Tag="LOC_WORLDBUILDER_CLEAR_RESOURCES">
			<Text>Açık Kaynaklar</Text>
		</Row>
		<Row Tag="LOC_WORLDBUILDER_CLEAR_RESOURCES_HELP">
			<Text>Tüm kaynakları haritadan kaldırır</Text>
		</Row>
		<Row Tag="LOC_WORLDBUILDER_ADVANCED_TOOLS">
			<Text>Gelişmiş:</Text>
		</Row>
		<Row Tag="LOC_WORLDBUILDER_SCATTER_RESOURCES">
			<Text>Dağılım Kaynakları</Text>
		</Row>
		<Row Tag="LOC_WORLDBUILDER_SCATTER_RESOURCES_HELP">
			<Text>Haritadaki tüm kaynakları temizler ve yenilerini oluşturur (bu işlem birkaç saniye sürecektir)</Text>
		</Row>
		<Row Tag="LOC_WORLDBUILDER_STATUS_RESOURCES_CLEARED">
			<Text>Tüm kaynaklar temizlendi</Text>
		</Row>
		<Row Tag="LOC_WORLDBUILDER_STATUS_RESOURCES_SCATTERED">
			<Text>Tüm kaynaklar temizlendi ve yeniden oluşturuldu</Text>
		</Row>
		<Row Tag="LOC_WORLDBUILDER_STATUS_CANT_REDO">
			<Text>Yeniden yapılacak bir şey yok</Text>
		</Row>
		<Row Tag="LOC_WORLDBUILDER_STATUS_CANT_UNDO">
			<Text>Geri alınacak bir şey yok</Text>
		</Row>
		<Row Tag="LOC_WORLDBUILDER_STATUS_REDO">
			<Text>Yeniden yap başarılı</Text>
		</Row>
		<Row Tag="LOC_WORLDBUILDER_STATUS_UNDO">
			<Text>Geri alma başarılı</Text>
		</Row>
		<Row Tag="LOC_WORLDBUILDER_BRUSH_LABEL">
			<Text>Fırça boyutu</Text>
		</Row>
		<Row Tag="LOC_WORLDBUILDER_BRUSH_SMALL">
			<Text>Küçük fırça</Text>
		</Row>
		<Row Tag="LOC_WORLDBUILDER_BRUSH_SMALL_HELP">
			<Text>Küçük (1 altıgen) fırçayı seçer</Text>
		</Row>
		<Row Tag="LOC_WORLDBUILDER_BRUSH_MEDIUM">
			<Text>Orta fırça</Text>
		</Row>
		<Row Tag="LOC_WORLDBUILDER_BRUSH_MEDIUM_HELP">
			<Text>Orta (7 altıgen) fırçayı seçer</Text>
		</Row>
		<Row Tag="LOC_WORLDBUILDER_BRUSH_LARGE">
			<Text>Büyük fırça</Text>
		</Row>
		<Row Tag="LOC_WORLDBUILDER_BRUSH_LARGE_HELP">
			<Text>Büyük (19 altıgen) fırçayı seçer</Text>
		</Row>
		<Row Tag="LOC_WORLDBUILDER_UNDO">
			<Text>Geri alma</Text>
		</Row>
		<Row Tag="LOC_WORLDBUILDER_UNDO_TOOLTIP">
			<Text>Son işlemi geri almak için tıklayın</Text>
		</Row>
		<Row Tag="LOC_WORLDBUILDER_REDO">
			<Text>Yeniden</Text>
		</Row>
		<Row Tag="LOC_WORLDBUILDER_REDO_TOOLTIP">
			<Text>Geri alınan son işlemi yeniden yapmak için tıklayın</Text>
		</Row>
		<Row Tag="LOC_WORLDBUILDER_PLACEMENT_PLACE_PLOT">
			<Text>Arsa</Text>
		</Row>
		<Row Tag="LOC_WORLDBUILDER_SELECTED_PLOT">
			<Text>Seçilen grafik:</Text>
		</Row>
		<Row Tag="LOC_WORLDBUILDER_START_POSITION">
			<Text>Başlangıç konumu:</Text>
		</Row>
		<Row Tag="LOC_WORLDBUILDER_PLACE">
			<Text>Yer</Text>
		</Row>
		<Row Tag="LOC_WORLDBUILDER_PLOT">
			<Text>Arsa</Text>
		</Row>
		<Row Tag="LOC_WORLDBUILDER_MAP_EDITOR">
			<Text>Harita Editörü</Text>
		</Row>
		<Row Tag="LOC_WORLDBUILDER_MAPEDIT_MODTITLE">
			<Text>Mod adı (gerekli)</Text>
		</Row>
		<Row Tag="LOC_WORLDBUILDER_MAPEDIT_MODDESC">
			<Text>Mod açıklaması (gerekli)</Text>
		</Row>
		<Row Tag="LOC_WORLDBUILDER_MAPEDIT_MAPTITLE">
			<Text>Harita adı (gerekli)</Text>
		</Row>
		<Row Tag="LOC_WORLDBUILDER_MAPEDIT_MAPDESC">
			<Text>Harita açıklaması (gerekli)</Text>
		</Row>
		<Row Tag="LOC_WORLDBUILDER_MAPEDIT_ADDLDATA">
			<Text>Mod oluşturucunun kullanımı için (isteğe bağlı)</Text>
		</Row>
		<Row Tag="LOC_WORLDBUILDER_MAPEDIT_DUMMYID">
			<Text>DUMMY_ID</Text>
		</Row>
		<Row Tag="LOC_WORLDBUILDER_MAPEDIT_DUMMYTEXT">
			<Text>Sahte metni</Text>
		</Row>
		<!-- Front End Text -->
		<Row Tag="LOC_SETUP_CREATE_MAP">
			<Text>Harita Oluştur</Text>
		</Row>
		<Row Tag="LOC_SETUP_WORLDBUILDER_START">
			<Text>Üretmek</Text>
		</Row>
		<Row Tag="LOC_WORLDBUILDER_MAP_NAME">
			<Text>Harita Adı</Text>
		</Row>
		<Row Tag="LOC_SETUP_WORLDBUILDER_WORLDWRAP">
			<Text>World Wrap</Text>
		</Row>		
		<Row Tag="LOC_WORLDBUILDER_MAP_NAME_DESC">
			<Text>Haritanın adı. Bu daha sonra değiştirilebilir.</Text>
		</Row>
		<Row Tag="LOC_WORLDBUILDER_MAP_MOD_TEMPLATE">
			<Text>Harita: {1_MapName}</Text>
		</Row>
		<Row Tag="LOC_GAME_MENU_RETURN_TO_WORLDBUILDER">
			<Text>Haritaya Dön</Text>
		</Row>
		<Row Tag="LOC_WORLDBUILDER_MENU_NAME">
			<Text>Menu</Text>
		</Row>
		<!-- World Builder Maps -->
		<Row Tag="LOC_MAP_WORLDBUILDER_EMPTY">
			<Text>Boş Harita</Text>
		</Row>
		<Row Tag="LOC_MAP_WORLDBUILDER_EMPTY_DESCRIPTION">
			<Text>Boş bir tuval.</Text>
		</Row>
		<!-- Misc strings -->
		<Row Tag="LOC_LEADER_FREE_CITIES_NAME">
			<Text>Özgür Şehirler Lideri</Text>
		</Row>
		<Row Tag="LOC_WORLDBUILDER_AI">
			<Text>CPU</Text>
		</Row>
		<Row Tag="LOC_WORLDBUILDER_HUMAN">
			<Text>İnsan</Text>
		</Row>
		<Row Tag="LOC_WORLDBUILDER_UNDEFINED">
			<Text>TANIMSIZ</Text>
		</Row>
		<Row Tag="LOC_WORLDBUILDER_TITLE">
			<Text>Dünya Oluşturucu</Text>
		</Row>
		<Row Tag="LOC_WORLDBUILDER_ERA">
			<Text>Era</Text>
		</Row>
		<Row Tag="LOC_WORLDBUILDER_TOOL_ITEM_TIP">
			<Text>Kısayol: {1_KeyName}</Text>
		</Row>
	</EnglishText>
</GameData>