﻿<?xml version="1.0" encoding="UTF-8" standalone="yes"?>
<!-- edited with XMLSPY v2004 rel. 2 U (http://www.xmlspy.com) by Ed Beach (Firaxis Games) -->
<GameData>
	<EnglishText>
		<!-- Civ Info-->
		<Row Tag="LOC_CIVILIZATION_MACEDON_NAME">
			<Text>Makedon</Text>
		</Row>
		<Row Tag="LOC_TRAIT_LEADER_HELLENISTIC_FUSION_NAME">
			<Text>Helenistik Füzyon</Text>
		</Row>
		<Row Tag="LOC_TRAIT_LEADER_HELLENISTIC_FUSION_DESCRIPTION">
			<Text>Fethedilen şehirlerden Teknoloji ve İlkeler için ilerleme sağlar: Fethedilen şehirdeki Ordugah ve Kampüs için, bir [ICON_TechBoosted] Aydınlanma ve Kutsal Site veya Tiyatro Meydanı için bir [ICON_CivicBoosted] İlham.</Text>
		</Row>
		<Row Tag="LOC_CIVILIZATION_PERSIA_NAME">
			<Text>Pers</Text>
		</Row>
		<Row Tag="LOC_TRAIT_CIVILIZATION_SATRAPIES_NAME">
			<Text>İdari Teşkilatlanma</Text>
		</Row>
		<Row Tag="LOC_TRAIT_CIVILIZATION_SATRAPIES_DESCRIPTION">
			<Text>Siyaset Felsefesi ile +1 [ICON_TradeRoute] Ticaret yolu kapasitesi. Şehirleriniz arasındaki yollardan, +2 [ICON_Gold] Altın ve +1 [ICON_Culture] Kültür. Sınırlarınız içinde yapılan yollar her zamanki yollardan daha üstündür.</Text>
		</Row>
		<!-- Leader Info-->
		<Row Tag="LOC_LEADER_ALEXANDER_NAME">
			<Text>İskender</Text>
		</Row>
		<Row Tag="LOC_TRAIT_LEADER_TO_WORLDS_END_NAME">
			<Text>Dünyanın Sonuna Kadar</Text>
		</Row>
		<Row Tag="LOC_TRAIT_LEADER_TO_WORLDS_END_DESCRIPTION">
			<Text>Şehirler savaş yorgunluğuna maruz kalmazlar. Bu oyuncu Dünya Harikası inşa edilmiş bir şehirde yakalandığında, tüm birimler iyileşir.</Text>
		</Row>
		<Row Tag="LOC_LEADER_CYRUS_NAME">
			<Text>Kiros</Text>
		</Row>
		<Row Tag="LOC_TRAIT_LEADER_FALL_BABYLON_NAME">
			<Text>Babil'in Düşüşü</Text>
		</Row>
		<Row Tag="LOC_TRAIT_LEADER_FALL_BABYLON_DESCRIPTION">
			<Text>Büyük bir medeniyete Sürpiz Savaş ilan edildikten sonraki ilk 10 tur boyunca +2 [ICON_Movement] Hareket. Ele geçirilen şehirlerin verimine ceza uygulanmaz. Sürpiz savaş ilan etmek, savaş yorgunluğu ve savaş tutumu cezası için resmi savaş cezalarını dikkate alır.</Text>
		</Row>
		<!-- Building Info-->
		<Row Tag="LOC_BUILDING_BASILIKOI_PAIDES_NAME">
			<Text>Kraliyet Okulu</Text>
		</Row>
		<Row Tag="LOC_BUILDING_BASILIKOI_PAIDES_DESCRIPTION">
			<Text>Makedonlar'a özgü bir bina. Tüm yakın ve menzilli kara birimleri ile bu şehirde eğitilen Hetairoi birimlerine +%25 Saldırı tecrübesi. Bu şehirde üretilen sivil olmayan birimlerin maliyetinin %25 oranında [ICON_SCIENCE] Bilim kazanırsınız.[NEWLINE][NEWLINE]Varolan Ordugah bölgesinde inşa edilemez.</Text>
		</Row>
		<!-- Improvement Info-->
		<Row Tag="LOC_IMPROVEMENT_PAIRIDAEZA_NAME">
			<Text>Cennet Bahçesi</Text>
		</Row>
		<Row Tag="LOC_IMPROVEMENT_PAIRIDAEZA_DESCRIPTION">
			<Text>Perslerin Cennet Bahçesi inşa etme yeteneğinin kilidini açar.[NEWLINE][NEWLINE]+1 [ICON_CULTURE] Kültür ve +2 [ICON_GOLD] Altın. +2 Cazibe. Tüm Kutsal Site ve Tiyatro Meydanları için +1 [ICON_CULTURE] Kültür. +1 [ICON_CULTURE] Kültür. Tüm Ticaret Merkezi ve Şehir Merkezleri için +1 [ICON_GOLD] Altın. Teknoloji ve Toplumsal İlkeler ağacında ilerlediğinizde ek olarak [ICON_Culture] Kültür ve [ICON_Tourism] Turizm sağlar. Kar, Tundra, Karlı Tepeler ve Tundra Tepeler'de veya başka bir Cennet Bahçesi'nin bitişiğine kurulamaz.</Text>
		</Row>
		<!-- Unit Info-->
		<Row Tag="LOC_UNIT_MACEDONIAN_HYPASPIST_NAME">
			<Text>Hypaspist</Text>
		</Row>
		<Row Tag="LOC_UNIT_MACEDONIAN_HETAIROI_NAME">
			<Text>Hetairoi</Text>
		</Row>
		<Row Tag="LOC_UNIT_PERSIAN_IMMORTAL_NAME">
			<Text>Ölümsüz</Text>
		</Row>
		<Row Tag="LOC_UNIT_MACEDONIAN_HYPASPIST_DESCRIPTION">
			<Text>Kılıçlı Asker yerine geçen Makedonların benzersiz yakın saldırı birimi. Kuşatma altındaki bölgelerde +5 [ICON_Strength] Savaş Gücü. Ek olarak %50 Destek bonusu.</Text>
		</Row>
		<Row Tag="LOC_UNIT_MACEDONIAN_HETAIROI_DESCRIPTION">
			<Text>Atlı yerine geçen, Makedonlara özgü ağır süvari birliği. Büyük General'e bitişik olduğunda, ek olarak +5 [ICON_Strength] Savaş Gücü. Bir düşman birim öldürüldüğünde, +5 Büyük General puanı. Bedava 1 promosyon ile oyuna başlar.</Text>
		</Row>
		<Row Tag="LOC_UNIT_PERSIAN_IMMORTAL_DESCRIPTION">
			<Text>Kılıçlı Asker yerini alan Pers benzersiz yakın saldırı birimi. İkinci güçlü savunma olarak [ICON_Range] Menzilli saldırıya sahiptir.</Text>
		</Row>
		<Row Tag="LOC_ABILITY_HYPASPIST_SIEGE_BONUS_DESCRIPTION">
			<Text>Bir bölge kuşatıldığında +5</Text>
		</Row>
		<Row Tag="LOC_HETAIROI_GREAT_GENERAL_COMBAT_BONUS_DESCRIPTION">
			<Text>Bitişikteki Büyük General'den +5 Savaş bonusu</Text>
		</Row>
		<!-- Expansion 1 -->
		<Row Tag="LOC_TRAIT_LEADER_FALL_BABYLON_EXPANSION1_DESCRIPTION">
			<Text>+2 [ICON_Movement] Büyük bir medeniyete Sürpriz Savaşı ilan ettikten sonraki ilk 10 dönüş hareketi. Garnitürlü bir birim ile işgal şehirlerde tur başına +5 Sadakat. Sürpriz Savaş ilan etmek, yalnızca ısınma ve savaş yorgunluğu için Örgün Savaş olarak sayılır.</Text>
		</Row>
		<Row Tag="LOC_TRAIT_LEADER_HELLENISTIC_FUSION_EXPANSION1_DESCRIPTION">
			<Text>Özgür Şehir olmayan bir şehri fethettiğiniz zaman, fethedilen şehirdeki her bir Kampanya veya Kampüs için bir [ICON_TechBoosted] Eureka ve her Kutsal Alan veya Tiyatro Meydanı için bir [ICON_CivicBoosted] İlham alırsınız.</Text>
		</Row>
		<Row Tag="LOC_ABILITY_HYPASPIST_DESCRIPTION">
			<Text>+5 [ICON_Strength] Bölgeleri kuşatırken savaş gücü.[NEWLINE][ICON_Bullet] +%50 Destek Bonusu.</Text>
		</Row>
		<Row Tag="LOC_ABILITY_HETAIROI_DESCRIPTION">
			<Text>+5 [ICON_Strength] Bir Büyük Generale yakın olduğunda Savaş Gücü.[NEWLINE][ICON_Bullet] Bir düşman birimini öldürürken +5 Büyük General puan.</Text>
		</Row>
		<Row Tag="LOC_ABILITY_BASILIKOI_TRAINED_UNIT_XP_DESCRIPTION">
			<Text>Basilikoi Paides'ten Çatışma'da +%25 deneyim.</Text>
		</Row>
		<!-- Expansion 2 -->
		<Row Tag="LOC_TRAIT_LEADER_FALL_BABYLON_EXPANSION2_DESCRIPTION">
			<Text>+2 [ICON_Movement] Büyük bir medeniyete Sürpriz Savaşı ilan ettikten sonraki ilk 10 dönüş hareketi. Garnitürlü bir birim ile işgal şehirlerde tur başına +5 Sadakat. Sürpriz Savaş ilan etmek, yalnızca [ICON_STAT_GRIEVANCE] Şikayet ve sıcaklığın amaçları için Resmi Savaş olarak sayılır.</Text>
		</Row>
		<Row Tag="LOC_BUILDING_BASILIKOI_PAIDES_EXPANSION2_DESCRIPTION">
			<Text>Makedonyalılara özgü bir bina, tüm yakın dövüşçülerin, değişen arazi birimlerinin ve Hetairoi'nin bu şehirde eğitim görmesi için %+25'lik bir mücadele deneyimi. [ICON_SCIENCE] Bu şehirde sivil olmayan bir birim oluşturulduğunda birim ücretin %25'ine eşit bilim kazanın.[NEWLINE][NEWLINE]Strategic Resource Stockpiles increased +10.[NEWLINE][NEWLINE]Zaten istikrarlı olan bir kamp bölgesinde inşa edilemez.</Text>
		</Row>
	</EnglishText>
</GameData>
