<?xml version="1.0" encoding="utf-8"?>
<GameData>
	<EnglishText>
		<!--City-States-->
		<Row Tag="LOC_MINOR_CIV_SCIENTIFIC_TRAIT_MEDIUM_INFLUENCE_BONUS">
			<Text>+2 [ICON_Science] Her Kütüphane binasında bilim.</Text>
		</Row>
		<Row Tag="LOC_MINOR_CIV_SCIENTIFIC_TRAIT_LARGE_INFLUENCE_BONUS">
			<Text>+2 [ICON_Science] Her üniversite binasında bilim.</Text>
		</Row>
		<Row Tag="LOC_MINOR_CIV_RELIGIOUS_TRAIT_MEDIUM_INFLUENCE_BONUS">
			<Text>+2 [ICON_Faith] Her Tapınak binasında inanç.</Text>
		</Row>
		<Row Tag="LOC_MINOR_CIV_RELIGIOUS_TRAIT_LARGE_INFLUENCE_BONUS">
			<Text>+2 [ICON_Faith] Her Tapınak binasında inanç.</Text>
		</Row>
		<Row Tag="LOC_MINOR_CIV_TRADE_TRAIT_MEDIUM_INFLUENCE_BONUS">
			<Text>+2 [ICON_Gold] Her Market ve Deniz Feneri binasında altın.</Text>
		</Row>
		<Row Tag="LOC_MINOR_CIV_TRADE_TRAIT_LARGE_INFLUENCE_BONUS">
			<Text>+2 [ICON_Gold] Her Banka ve Tersane binasında altın.</Text>
		</Row>
		<Row Tag="LOC_MINOR_CIV_CULTURAL_TRAIT_MEDIUM_INFLUENCE_BONUS">
			<Text>+2 [ICON_Culture] Her Amfitiyatro binasında kültür.</Text>
		</Row>
		<Row Tag="LOC_MINOR_CIV_CULTURAL_TRAIT_LARGE_INFLUENCE_BONUS">
			<Text>+2 [ICON_Culture] Her Sanat Müzesi ve Arkeoloji Müzesi binasında kültür.</Text>
		</Row>
		<Row Tag="LOC_MINOR_CIV_MILITARISTIC_TRAIT_MEDIUM_INFLUENCE_BONUS">
			<Text>+2 [ICON_Production] Birimler üretilirken Kışla veya Ahır binası ile her şehirde üretim.</Text>
		</Row>
		<Row Tag="LOC_MINOR_CIV_MILITARISTIC_TRAIT_LARGE_INFLUENCE_BONUS">
			<Text>+2 [ICON_Production] Birimler üretilirken Tophane binası ile her şehirde üretim.</Text>
		</Row>
		<Row Tag="LOC_MINOR_CIV_INDUSTRIAL_TRAIT_MEDIUM_INFLUENCE_BONUS">
			<Text>+2 [ICON_Production] Harikalar, binalar ve semtler üretilirken her şehirde bir Atölye binası ile üretim.</Text>
		</Row>
		<Row Tag="LOC_MINOR_CIV_INDUSTRIAL_TRAIT_LARGE_INFLUENCE_BONUS">
			<Text>+2 [ICON_Production] Harikalar, binalar ve semtler üretirken her şehirde bir Fabrika binasında üretim.</Text>
		</Row>
		<Row Tag="LOC_CIVILIZATION_ANTIOCH_NAME">
			<Text>Antakya</Text>
		</Row>
		<Row Tag="LOC_CIVILIZATION_ANTIOCH_DESCRIPTION">
			<Text>Antakya Sehir-Devleti</Text>
		</Row>
		<Row Tag="LOC_LEADER_TRAIT_ANTIOCH_NAME">
			<Text>Antakya Hükümdar Bonusu</Text>
		</Row>
		<Row Tag="LOC_LEADER_TRAIT_ANTIOCH_DESCRIPTION">
			<Text>[ICON_TradeRoute] Ticari Yollarınız yabancı şehirlere varış noktasında her Lüks kaynak için +1 [ICON_Gold] Altın kazandırır.</Text>
		</Row>
		<Row Tag="LOC_CIVILIZATION_ANTIOCH_ADJECTIVE">
			<Text>Antakya'dan</Text>
		</Row>
		<Row Tag="LOC_CIVILIZATION_BABYLON_NAME">
			<Text>Babil</Text>
		</Row>
		<Row Tag="LOC_CIVILIZATION_BABYLON_DESCRIPTION">
			<Text>Babil Sehir-Devleti</Text>
		</Row>
		<Row Tag="LOC_LEADER_TRAIT_BABYLON_NAME">
			<Text>Babil Hükümdar Bonusu</Text>
		</Row>
		<Row Tag="LOC_LEADER_TRAIT_BABYLON_DESCRIPTION">
			<Text>+2 [ICON_SCIENCE] Her birinden bilim [ICON_GreatWork_WRITING] Harika Yazma Çalışması. +1 [ICON_SCIENCE] Her birinden bilim [ICON_GreatWork_RELIC] Relic ve [ICON_GreatWork_Artifact] Eser.</Text>
		</Row>
		<Row Tag="LOC_CIVILIZATION_BABYLON_ADJECTIVE">
			<Text>Babilli</Text>
		</Row>
		<Row Tag="LOC_LEADER_TRAIT_CARTHAGE_DESCRIPTION">
			<Text>Kara savaş birimleri, o şehirdeki her Encampment bölge binası için [ICON_GOLD] Gold ile satın almak için %20 daha ucuzdur.</Text>
		</Row>
		<Row Tag="LOC_LEADER_TRAIT_PRESLAV_DESCRIPTION">
			<Text>Her Ordugâh bölge binası için şehirlerde tur başına +2 Sadakat alırsınız.</Text>
		</Row>
		<Row Tag="LOC_LEADER_TRAIT_STOCKHOLM_DESCRIPTION">
			<Text>Bir binaya sahip bölgeleriniz, +1 [ICON_GreatPerson] Türlerinin Muhteşem Kişi noktası ([ICON_GreatWriter] Büyük Yazar, [ICON_GreatArtist] Büyük Sanatçı ve [ICON_GreatMusician] Büyük Bina ile Tiyatro Meydanı için Büyük Müzisyen) sağlar.</Text>
		</Row>
		<Row Tag="LOC_LEADER_TRAIT_VILNIUS_DESCRIPTION">
			<Text>En yüksek aktif İttifak Seviyesi için, tüm Tiyatro Meydanı bölgeleriniz +%50 komşu bonusu alır.</Text>
		</Row>
		<Row Tag="LOC_LEADER_CAVALRY_COMBAT_BONUS_PREVIEW_TEXT">
			<Text>+{1_Amount} MOGOL ORDUSU</Text>
		</Row>
		<!-- Free Cities -->
		<Row Tag="LOC_CIVILIZATION_FREE_CITIES_NAME">
			<Text>Ozgür Sehirler</Text>
			<Gender>Masculine:the</Gender>
		</Row>
		<Row Tag="LOC_CIVILIZATION_FREE_CITIES_DESCRIPTION">
			<Text>Ozgür Sehirler</Text>
		</Row>
	</EnglishText>
</GameData>
