<?xml version="1.0" encoding="utf-8"?>
<!-- edited with XMLSPY v2004 rel. 2 U (http://www.xmlspy.com) by Ed Beach (Firaxis Games) -->
<GameData>
	<BaseGameText>
		<Row Tag="LOC_DISTRICT_GOVERNMENT_NAME">
			<Text>Hükümet Meydanı</Text>
		</Row>
		<Row Tag="LOC_DISTRICT_WATER_ENTERTAINMENT_COMPLEX_NAME">
			<Text>Su Parkı</Text>
		</Row>
		<Row Tag="LOC_DISTRICT_GOVERNMENT_DESCRIPTION">
			<Text>Hükümet seçimlerinizi anmak için bir kez imparatorluğunuza yerleştirilen bir bölge. Bu şehre dönüş başına +8 Sadakat ve herhangi bir komşu bölge tarafından kazanılan komşu bonuslarına +1 artış sağlar. Ödüller +1 [Icon_Governor] Vali Ünvanı.</Text>
		</Row>
		<Row Tag="LOC_DISTRICT_WATER_ENTERTAINMENT_COMPLEX_DESCRIPTION">
			<Text>[ICON_Amenities] Aktiviteleri artırarak, halkınızı mutlu etmeye adanmış bir kıyı şeridine yerleştirilmiş bir bölge. Eğlence Kompleksi olan bir şehirde inşa edilemez. Resif üzerine inşa edilemez.</Text>
		</Row>
		<Row Tag="LOC_DISTRICT_COMMERCIAL_HUB_EXPANSION1_DESCRIPTION">
			<Text>Şehrinizde finans ve ticaret konusunda uzmanlaşmış bir bölge.</Text>
		</Row>
		<Row Tag="LOC_DISTRICT_HARBOR_EXPANSION1_DESCRIPTION">
			<Text>Şehrinizde deniz etkinliği için bir bölge. Ayrıca, [ICON_Movement] Hareketi bu karoya bindirmek ve inmek için harcanan cezayı kaldırır. Karaya bitişik Sahil veya Arazi Gölü üzerine inşa edilmelidir. Resif üzerine inşa edilemez.</Text>
		</Row>
		<Row Tag="LOC_DISTRICT_ENTERTAINMENT_COMPLEX_EXPANSION1_DESCRIPTION">
			<Text>Şehrinizde [ICON_Amenities] Aktiviteleri artırarak çalışanlarınızı mutlu etmeye adanmış bir bölge. Su Parkı olan bir şehirde yapılamaz.</Text>
		</Row>
		<Row Tag="LOC_DISTRICT_RIVER_CULTURE">
			<Text>+{1_num} [ICON_Culture] Bitişik Nehirden gelen kültür.</Text>
		</Row>
		<Row Tag="LOC_DISTRICT_RIVER_PRODUCTION">
			<Text>+{1_num} [ICON_Production] Bitişik Nehirden Üretim.</Text>
		</Row>
		<Row Tag="LOC_DISTRICT_RIVER_SCIENCE">
			<Text>+{1_num} [ICON_Science] Yanındaki Nehirden Bilim.</Text>
		</Row>
		<Row Tag="LOC_DISTRICT_BASE_DISTRICT_SCIENCE">
			<Text>+{1_num} [ICON_Science] Bilim.</Text>
		</Row>
		<Row Tag="LOC_DISTRICT_NEGATIVE_DISTRICT_SCIENCE">
			<Text>{1_num: number +#,###;-#,###} [ICON_Science] Bitişik bölgelerden gelen bilim.</Text>
		</Row>
		<Row Tag="LOC_DISTRICT_GOVERNMENT_CULTURE">
			<Text>+{1_num} [ICON_Culture] Komşu Hükümet Plaza'dan Kültür.</Text>
		</Row>
		<Row Tag="LOC_DISTRICT_GOVERNMENT_FAITH">
			<Text>+{1_num} [ICON_Faith] Bitişik Hükümet Plaza'dan İnanç.</Text>
		</Row>
		<Row Tag="LOC_DISTRICT_GOVERNMENT_GOLD">
			<Text>+{1_num} [ICON_Gold] Bitişik Hükümet Plaza'dan Altın.</Text>
		</Row>
		<Row Tag="LOC_DISTRICT_GOVERNMENT_PRODUCTION">
			<Text>+{1_num} [ICON_Production] Bitişik Hükümet Plazasından üretim.</Text>
		</Row>
		<Row Tag="LOC_DISTRICT_GOVERNMENT_SCIENCE">
			<Text>+{1_num} [ICON_Science] Bitişik Hükümet Plaza'dan Bilim.</Text>
		</Row>
		<!-- Projects -->
		<Row Tag="LOC_PROJECT_WATER_CARNIVAL_NAME">
			<Text>Karnaval</Text>
		</Row>
		<Row Tag="LOC_PROJECT_WATER_CARNIVAL_SHORT_NAME">
			<Text>Karnaval (Kıyı)</Text>
		</Row>
		<Row Tag="LOC_PROJECT_WATER_CARNIVAL_DESCRIPTION">
			<Text>+1 [ICON_Amenities] Etkinken Mükemmellik ve [ICON_GreatPerson] [ICON_GreatEngineer] Büyük Mühendisler, [ICON_GreatMerchant] Büyük Mağazalar, [ICON_GreatWriter] Büyük Yazarlar, [ICON_GreatArtist] Müzisyenler bir kez bitti.</Text>
		</Row>
		<Row Tag="LOC_PROJECT_BREAD_AND_CIRCUSES_NAME">
			<Text>Ekmek ve Sirkler</Text>
		</Row>
		<Row Tag="LOC_PROJECT_BREAD_AND_CIRCUSES_SHORT_NAME">
			<Text>Ekmek ve Sirkler</Text>
		</Row>
		<Row Tag="LOC_PROJECT_WATER_BREAD_AND_CIRCUSES_SHORT_NAME">
			<Text>Ekmek ve Sirkler (Kıyı)</Text>
		</Row>
		<Row Tag="LOC_PROJECT_BREAD_AND_CIRCUSES_DESCRIPTION">
			<Text>Bu kentin kendisine ve yakındaki diğer şehirlere verdiği Sadakat baskısını artıran şehir projesi.[NEWLINE][NEWLINE]Aktif iken, [ICON_Citizen] Vatandaşlarınızdan her biri, bu şehre +0.5 Sadakat baskısı uygular. Bu baskı aynı zamanda 9 fayans içindeki diğer şehirleri de etkiliyor, ancak fayans başına% 10 daha az etkili. Tamamlandığında, anında bu şehirde +20 Sadakat kazan.[NEWLINE][NEWLINE]Gerekenler: Eğlence Kompleksi bölgesi.</Text>
		</Row>
		<Row Tag="LOC_PROJECT_BREAD_AND_CIRCUSES_DESCRIPTION_ALT">
			<Text>Bu kentin kendisine ve yakındaki diğer şehirlere verdiği Sadakat baskısını artıran şehir projesi.[NEWLINE][NEWLINE]Aktif iken, [ICON_Citizen] Vatandaşlarınızdan her biri, bu şehre +1 Sadakat baskısı uygular. Bu baskı aynı zamanda 9 fayans içindeki diğer şehirleri de etkiliyor, ancak fayans başına% 10 daha az etkili. Tamamlandığında, anında bu şehirde +20 Sadakat kazan.[NEWLINE][NEWLINE]Gerekenler: Su Parkı bölgesi.</Text>
		</Row>
		<!-- Updates to base game Districts -->
		<Row Tag="LOC_DISTRICT_ENTERTAINMENT_COMPLEX_DESCRIPTION">
			<Text>Şehrinizde [ICON_Amenities] Aktiviteleri artırarak çalışanlarınızı mutlu etmeye adanmış bir bölge. Su Parkı olan bir şehirde yapılamaz.</Text>
		</Row>
		<Row Tag="LOC_DISTRICT_STREET_CARNIVAL_DESCRIPTION">
			<Text>Brezilya'ya özgü bir bölge. Eğlence Kompleksi bölgesinin yerini alır ve +2 [ICON_Amenities] Özellikleri sunar ve inşaatı daha ucuzdur. Copacabana ile bir şehirde inşa edilemez. Ayrıca, yoldayken ilave bir +1 [ICON_Amenities] Kolaylık ve tamamlandıktan sonra çeşitli [ICON_GreatPerson] Büyük İnsanlar puanları veren Karnaval projesinin kilidini açar.</Text>
		</Row>
	</BaseGameText>
</GameData>
