<?xml version="1.0" encoding="utf-8"?>
<GameData>
	<EnglishText>
		<Row Tag="LOC_BELIEF_PAPAL_PRIMACY_DESCRIPTION">
			<Text>Bir Sehir Devletine [ICON_ENVOY] Elcisi gönderdiginizde, bu Şehir Devletine 200 Dini baskı ekler.</Text>
		</Row>
		<Row Tag="LOC_BELIEF_GODDESS_OF_FESTIVALS_DESCRIPTION">
			<Text>+1 [ICON_Food] [ICON_RESOURCE_WINE] sarabından yemekler, [ICON_RESOURCE_INCENSE] Tütsü, [ICON_RESOURCE_COCOA] Kakao,  [ICON_RESOURCE_TOBACCO] Tütün, [ICON_RESOURCE_OLIVES] Zeytin, [ICON_RESOURCE_COFFEE] Kahve, ve [ICON_RESOURCE_TEA] Cay Tarlaları.</Text>
		</Row>
	</EnglishText>
</GameData>
