﻿<?xml version="1.0" encoding="utf-8"?>
<GameData>
	<EnglishText>
		<Row Tag="LOC_UNIT_SPEC_OPS_NAME">
			<Text>Özel Harekat</Text>
		</Row>
		<Row Tag="LOC_UNIT_SPEC_OPS_DESCRIPTION">
			<Text>Atomik Cag keşif birimi. Paradrop yeteneği, kolay döşemeden 7 döşemeden uzak konuma (Aerodrome veya Airstrip'ten başlıyorsanız 12) harekete izin verir. Önce savaş birimini ortadan kaldırmak zorunda kalmadan doğrudan destek birimlerine saldırabilir.</Text>
		</Row>
		<Row Tag="LOC_UNIT_DRONE_NAME">
			<Text>Dron</Text>
		</Row>
		<Row Tag="LOC_UNIT_DRONE_DESCRIPTION">
			<Text>Atom dönemi destek birimi. +1 [ICON_Range] Menzil ve +5 [ICON_Bombard] Bombard Gücü'nü bitişik Modern çağa veya daha sonra değişen kuşatma sınıfı birimlere ekler.</Text>8
		</Row>
		<Row Tag="LOC_UNIT_PIKE_AND_SHOT_NAME">
			<Text>Mızrak ve Atıs</Text>
		</Row>
		<Row Tag="LOC_UNIT_PIKE_AND_SHOT_DESCRIPTION">
			<Text>Gec Rönesans döneminde anti-süvari birimi.</Text>
		</Row>
		<Row Tag="LOC_UNIT_SUPPLY_CONVOY_NAME">
			<Text>Tedarik Konvoyu</Text>
		</Row>
		<Row Tag="LOC_UNIT_SUPPLY_CONVOY_DESCRIPTION">
			<Text>Modern dönem destek birimi. Bitişik birimler için iyileşmeyi artırır. Konvoya bitişik hareket başlatılırsa, birimlere 1 bonus [ICON_Movement] Hareketi verir.</Text>
		</Row>
	</EnglishText>
</GameData>