﻿<?xml version="1.0" encoding="utf-8"?>
<GameData>
	<EnglishText>
		<!--Moments-->
		<Row Tag="LOC_MOMENT_ARTIFACT_EXTRACTED">
			<Text>CIKARILAN ESER</Text>
		</Row>
		<Row Tag="LOC_MOMENT_ARTIFACT_EXTRACTED_DESCRIPTION">
			<Text>Gecmise dair icgoru kazandiran bir eser ortaya cikarildi.</Text>
		</Row>
		<Row Tag="LOC_MOMENT_ARTIFACT_EXTRACTED_INSTANCE_DESCRIPTION">
			<Text>Kirler uzaklastirildiginda, {GreatWorkName}, yaslardan sonra gunes isigini gorur. Gelecek yillar boyunca {LOC_GRAMMAR_CIVNAME &lt;&lt; {ActingPlayerCivName}} muzelerini sereflendirecek.</Text>
		</Row>
		<Row Tag="LOC_MOMENT_ARTIFACT_EXTRACTED_SHIPWRECK_FIRST">
			<Text>Ilk Batigi Kazisi</Text>
		</Row>
		<Row Tag="LOC_MOMENT_ARTIFACT_EXTRACTED_SHIPWRECK_FIRST_DESCRIPTION">
			<Text>Arkeologlariniz ilk enkazlarini kazdilar.</Text>
		</Row>
		<Row Tag="LOC_MOMENT_ARTIFACT_EXTRACTED_SHIPWRECK_FIRST_INSTANCE_DESCRIPTION">
			<Text>Kiskaclarla kapli, ancak yine de taninabilir, {GreatWorkName} deniz arkeolojisinin bizi gecmisle baglayabildigini kanitliyor.</Text>
		</Row>
		<Row Tag="LOC_MOMENT_ARTIFACT_EXTRACTED_SHIPWRECK_FIRST_IN_WORLD">
			<Text>Dunyanin Ilk Batigi Kazildi</Text>
		</Row>
		<Row Tag="LOC_MOMENT_ARTIFACT_EXTRACTED_SHIPWRECK_FIRST_IN_WORLD_DESCRIPTION">
			<Text>Arkeologlariniz dunyanin ilk gemi kazisini kazi islemini tamamladilar.</Text>
		</Row>
		<Row Tag="LOC_MOMENT_ARTIFACT_EXTRACTED_SHIPWRECK_FIRST_IN_WORLD_INSTANCE_DESCRIPTION">
			<Text>Dunyanin ilk deniz arkeolojisi seferinde {GreatWorkName} adi verilir ve denizin artik tarihin sirlarini gizleyemedigini gosterir!</Text>
		</Row>
		<Row Tag="LOC_MOMENT_BARBARIAN_CAMP_DESTROYED">
			<Text>Barbar Kampi Yok Edildi</Text>
		</Row>
		<Row Tag="LOC_MOMENT_BARBARIAN_CAMP_DESTROYED_DESCRIPTION">
			<Text>Dusman bir barbar kampi, bolgeye baris yayan bir birim tarafindan karaya oturtuldu.</Text>
		</Row>
		<Row Tag="LOC_MOMENT_BARBARIAN_CAMP_DESTROYED_INSTANCE_DESCRIPTION">
			<Text>Guclerimiz bir barbar kampi temizledi ve buyuyen medeniyetimize yonelik bir tehdit ortadan kalkti.</Text>
		</Row>
		<Row Tag="LOC_MOMENT_BARBARIAN_CAMP_DESTROYED_NEAR_YOUR_CITY">
			<Text>Tehdit Kampi Yok Edildi</Text>
		</Row>
		<Row Tag="LOC_MOMENT_BARBARIAN_CAMP_DESTROYED_NEAR_YOUR_CITY_DESCRIPTION">
			<Text>Sizin sehirlerinizden birinin 6 kutucugundaki dusmanca bir barbar kampi bir birim tarafindan imha edildi.</Text>
		</Row>
		<Row Tag="LOC_MOMENT_BARBARIAN_CAMP_DESTROYED_NEAR_YOUR_CITY_INSTANCE_DESCRIPTION">
			<Text>{CityName} 'in kapisindaki tehlike yenildi! Barbarlar kacti.</Text>
		</Row>
		<Row Tag="LOC_MOMENT_BATTLE_FOUGHT">
			<Text>Savas Savasan</Text>
		</Row>
		<Row Tag="LOC_MOMENT_BATTLE_FOUGHT_DESCRIPTION">
			<Text>Dusmanlar arasinda bir savas yapildi. Arkeoloji sistemi tarafindan potansiyel olarak [ICON_RESOURCE_ANTIQUITY_SITE] Antik Sitesi kaynaklarini uretmek icin kullanilir.</Text>
		</Row>
		<Row Tag="LOC_MOMENT_BELIEF_ADDED_MAX_BELIEFS_REACHED">
			<Text>Din butun inanclari benimser</Text>
		</Row>
		<Row Tag="LOC_MOMENT_BELIEF_ADDED_MAX_BELIEFS_REACHED_DESCRIPTION">
			<Text>Dininiz nihai Inancini ekledi ve simdi tamamlandi.</Text>
		</Row>
		<Row Tag="LOC_MOMENT_BELIEF_ADDED_MAX_BELIEFS_REACHED_INSTANCE_DESCRIPTION">
			<Text>Ilahiyatcilar, {ReligionName} ve Inanclarinin ilkelerini aciklar.</Text>
		</Row>
		<Row Tag="LOC_MOMENT_BELIEF_ADDED_MAX_BELIEFS_REACHED_FIRST_IN_WORLD">
			<Text>Tum Inanclari Benimseyen Dunyanin Ilk Dini</Text>
		</Row>
		<Row Tag="LOC_MOMENT_BELIEF_ADDED_MAX_BELIEFS_REACHED_FIRST_IN_WORLD_DESCRIPTION">
			<Text>Dininiz, dunyaya nihai Inancini ekleyen ve tamamlanan ilk kisidir.</Text>
		</Row>
		<Row Tag="LOC_MOMENT_BELIEF_ADDED_MAX_BELIEFS_REACHED_FIRST_IN_WORLD_INSTANCE_DESCRIPTION">
			<Text>{ReligionName} ilahiyatcilarinin argumanlari harika kitaplar dolduruyor ve inanclarini netlestiren ilk din oluyor.</Text>
		</Row>
		<Row Tag="LOC_MOMENT_BUILDING_CONSTRUCTED_FIRST_UNIQUE">
			<Text>Benzersiz bina insa</Text>
		</Row>
		<Row Tag="LOC_MOMENT_BUILDING_CONSTRUCTED_FIRST_UNIQUE_DESCRIPTION">
			<Text>Bu essiz binayi ilk kez tamamladiniz.</Text>
		</Row>
		<Row Tag="LOC_MOMENT_BUILDING_CONSTRUCTED_FIRST_UNIQUE_INSTANCE_DESCRIPTION">
			<Text>calisanlarimiz, degerlerimizi ve onceliklerimizi yansitan {BuildingType} ile gurur duyuyorlar.</Text>
		</Row>
		<Row Tag="LOC_MOMENT_BUILDING_CONSTRUCTED_FULL_AERODROME_FIRST">
			<Text>Tamamen Gelistirilmis Ilk Havaalani</Text>
		</Row>
		<Row Tag="LOC_MOMENT_BUILDING_CONSTRUCTED_FULL_AERODROME_FIRST_DESCRIPTION">
			<Text>Bir Havaalani bolgesindeki her binayi ilk defa tamamladiniz.</Text>
		</Row>
		<Row Tag="LOC_MOMENT_BUILDING_CONSTRUCTED_FULL_AERODROME_FIRST_INSTANCE_DESCRIPTION">
			<Text>Pilotlar, {CityName} havaalaninda havaalanina inis yapmayi bir gecit toreni olarak goruyorlar. En eskileri, sadece bir tarla alani ve birkac gecici hangar oldugu zamanlari hatirlar.</Text>
		</Row>
		<Row Tag="LOC_MOMENT_BUILDING_CONSTRUCTED_FULL_ENCAMPMENT_FIRST">
			<Text>Tamamen Gelistirilmis Ilk Kampanya</Text>
		</Row>
		<Row Tag="LOC_MOMENT_BUILDING_CONSTRUCTED_FULL_ENCAMPMENT_FIRST_DESCRIPTION">
			<Text>Bir yerlesim bolgesindeki her binayi ilk defa tamamladiniz.</Text>
		</Row>
		<Row Tag="LOC_MOMENT_BUILDING_CONSTRUCTED_FULL_ENCAMPMENT_FIRST_INSTANCE_DESCRIPTION">
			<Text>Askerler formasyona dogru yuruyor, kadans cagiriyor: Bilmiyorum ama bana soylendi / hayatim {CityName} de yaslaniyor.</Text>
		</Row>
		<Row Tag="LOC_MOMENT_BUILDING_CONSTRUCTED_FULL_ENTERTAINMENT_COMPLEX_FIRST">
			<Text>Tamamen Gelistirilmis Ilk Eglence Kompleksi</Text>
		</Row>
		<Row Tag="LOC_MOMENT_BUILDING_CONSTRUCTED_FULL_ENTERTAINMENT_COMPLEX_FIRST_DESCRIPTION">
			<Text>Bir Eglence Kompleksi bolgesindeki her binayi ilk defa tamamladiniz.</Text>
		</Row>
		<Row Tag="LOC_MOMENT_BUILDING_CONSTRUCTED_FULL_ENTERTAINMENT_COMPLEX_FIRST_INSTANCE_DESCRIPTION">
			<Text>{LOC_GRAMMAR_CIVNAME &lt;&lt; {LOC_GRAMMAR_CIVNAME &lt;&lt; {ActingPlayerCivName}}}'de, ogleden sonrayi {CityName} de gecirin "ifadesi“ harika bir zaman gecirmek icin ”anlamina gelir.</Text>
		</Row>
		<Row Tag="LOC_MOMENT_BUILDING_CONSTRUCTED_FULL_WATER_ENTERTAINMENT_COMPLEX_FIRST">
			<Text>Tamamen Gelistirilmis Ilk Su Parki</Text>
		</Row>
		<Row Tag="LOC_MOMENT_BUILDING_CONSTRUCTED_FULL_WATER_ENTERTAINMENT_COMPLEX_FIRST_DESCRIPTION">
			<Text>Bir su parki bolgesindeki her binayi ilk defa tamamladiniz.</Text>
		</Row>
		<Row Tag="LOC_MOMENT_BUILDING_CONSTRUCTED_FULL_WATER_ENTERTAINMENT_COMPLEX_FIRST_INSTANCE_DESCRIPTION">
			<Text>{CityName} 'i ziyaret etmenin en iyi yolunun, gunes battikca ve Su Parki'nin isiklari yanarken, tahtadaki kalabaligi izlerken, bir yaz gunu oldugunu soyluyorlar.</Text>
		</Row>
		<Row Tag="LOC_MOMENT_BUILDING_CONSTRUCTED_GAME_ERA_WONDER">
			<Text>Dunya Harikasi Tamamlandi</Text>
		</Row>
		<Row Tag="LOC_MOMENT_BUILDING_CONSTRUCTED_GAME_ERA_WONDER_DESCRIPTION">
			<Text>Diger medeniyetler uzerindeki ihtisamimizi gosteren bir dunya harikasi tamamlandi.</Text>
		</Row>
		<Row Tag="LOC_MOMENT_BUILDING_CONSTRUCTED_GAME_ERA_WONDER_INSTANCE_DESCRIPTION">
			<Text>{BuildingType} 'da duran {CityName} vatandaslari husu ile doludur.</Text>
		</Row>
		<Row Tag="LOC_MOMENT_BUILDING_CONSTRUCTED_PAST_ERA_WONDER">
			<Text>Eski Dunya Harikalari Tamamlandi</Text>
		</Row>
		<Row Tag="LOC_MOMENT_BUILDING_CONSTRUCTED_PAST_ERA_WONDER_DESCRIPTION">
			<Text>Bir dunya harikasi tamamlandi. Gecmis bir doneme ait olmasina ragmen, diger medeniyetler uzerindeki ihtisamimizi gostermeye devam edecek.</Text>
		</Row>
		<Row Tag="LOC_MOMENT_BUILDING_CONSTRUCTED_PAST_ERA_WONDER_INSTANCE_DESCRIPTION">
			<Text>{BuildingType} 'da dururken, {CityName} vatandaslari sanli gecmislerini hatirlarlar.</Text>
		</Row>
		<Row Tag="LOC_MOMENT_CITY_BUILT_BECAME_LARGEST_CIV_BY_MARGIN">
			<Text>Dunyanin En Buyuk Uygarligi</Text>
		</Row>
		<Row Tag="LOC_MOMENT_CITY_BUILT_BECAME_LARGEST_CIV_BY_MARGIN_DESCRIPTION">
			<Text>Uygarliginiz, bir sonraki en buyuk rakibinden en az 3 sehir daha olan dunyanin en buyugu oldu.</Text>
		</Row>
		<Row Tag="LOC_MOMENT_CITY_BUILT_BECAME_LARGEST_CIV_BY_MARGIN_INSTANCE_DESCRIPTION">
			<Text>{CityName} yayilan imparatorlugumuzun son sehri ve diger medeniyetler husu icinde bakiyorlar.</Text>
		</Row>
		<Row Tag="LOC_MOMENT_CITY_BUILT_NEAR_NATURAL_WONDER">
			<Text>Awe Sehri</Text>
		</Row>
		<Row Tag="LOC_MOMENT_CITY_BUILT_NEAR_NATURAL_WONDER_DESCRIPTION">
			<Text>Bir doga harikasinin 2 karosu icine yerlestirilmis bir sehir.</Text>
		</Row>
		<Row Tag="LOC_MOMENT_CITY_BUILT_NEAR_NATURAL_WONDER_INSTANCE_DESCRIPTION">
			<Text>{FeatureType} 'in ilham verici manzarasi, yeni sehirimiz {CityName} vatandaslarini neseyle dolduruyor.</Text>
		</Row>
		<Row Tag="LOC_MOMENT_CITY_BUILT_NEAR_OTHER_CIV_CITY">
			<Text>Agresif sehir Yerlesimi</Text>
		</Row>
		<Row Tag="LOC_MOMENT_CITY_BUILT_NEAR_OTHER_CIV_CITY_DESCRIPTION">
			<Text>Bir sehir, baska bir medeniyetin kentine ait 5 tasa yerlestirilir.</Text>
		</Row>
		<Row Tag="LOC_MOMENT_CITY_BUILT_NEAR_OTHER_CIV_CITY_INSTANCE_DESCRIPTION">
			<Text>{TargetPlayerCivName} burokratlari, {CityName} yerlesimlerindeki cesaretle, kendi sehirleri olan {OtherCityName} kentine cok yakin.</Text>
		</Row>
		<Row Tag="LOC_MOMENT_CITY_BUILT_NEW_CONTINENT">
			<Text>Yeni Kitada Sehri</Text>
		</Row>
		<Row Tag="LOC_MOMENT_CITY_BUILT_NEW_CONTINENT_DESCRIPTION">
			<Text>Henuz yerlesmemis bir kitaya bir sehir yerlestirilir.</Text>
		</Row>
		<Row Tag="LOC_MOMENT_CITY_BUILT_NEW_CONTINENT_INSTANCE_DESCRIPTION">
			<Text>{CityName}, {ContinentName} uzerindeki ilk yerlesim olur!</Text>
		</Row>
		<Row Tag="LOC_MOMENT_CITY_BUILT_ON_DESERT">
			<Text>col sehri</Text>
		</Row>
		<Row Tag="LOC_MOMENT_CITY_BUILT_ON_DESERT_DESCRIPTION">
			<Text>Zor col arazisinde bir sehir kurulur ve erisiminizi Vahsi Doga'ya genisletir.</Text>
		</Row>
		<Row Tag="LOC_MOMENT_CITY_BUILT_ON_DESERT_INSTANCE_DESCRIPTION">
			<Text>Ziyaretciler {CityName} 'in isisindan sikayet ediyorlar, ama en azindan kuru bir isi.</Text>
		</Row>
		<Row Tag="LOC_MOMENT_CITY_BUILT_ON_SNOW">
			<Text>Kar sehir</Text>
		</Row>
		<Row Tag="LOC_MOMENT_CITY_BUILT_ON_SNOW_DESCRIPTION">
			<Text>Zorlu Kar zemininde bir sehir kurulur ve erisiminizi Vahsi Doga'ya genisletir.</Text>
		</Row>
		<Row Tag="LOC_MOMENT_CITY_BUILT_ON_SNOW_INSTANCE_DESCRIPTION">
			<Text>{CityName} vatandaslarinin "kar" icin yuz kelimesi var.</Text>
		</Row>
		<Row Tag="LOC_MOMENT_CITY_BUILT_ON_TUNDRA">
			<Text>Tundra sehri</Text>
		</Row>
		<Row Tag="LOC_MOMENT_CITY_BUILT_ON_TUNDRA_DESCRIPTION">
			<Text>Zor Tundra arazisinde bir sehir kurulur ve erisiminizi Vahsi Doga'a genisletir.</Text>
		</Row>
		<Row Tag="LOC_MOMENT_CITY_BUILT_ON_TUNDRA_INSTANCE_DESCRIPTION">
			<Text>T{CityName} vatandaslari, arazinin saglam guzelliginden ve kendi sertliginden gurur duyuyor.</Text>
		</Row>
		<Row Tag="LOC_MOMENT_CITY_CHANGED_RELIGION_ENEMY_CITY_DURING_WAR">
			<Text>Dusman sehir Dinimizi Kabul Etti</Text>
		</Row>
		<Row Tag="LOC_MOMENT_CITY_CHANGED_RELIGION_ENEMY_CITY_DURING_WAR_DESCRIPTION">
			<Text>Bir dusman sehri, savasta olmasina ragmen, isigi gordu ve Dinimizi kabul etti.</Text>
		</Row>
		<Row Tag="LOC_MOMENT_CITY_CHANGED_RELIGION_ENEMY_CITY_DURING_WAR_INSTANCE_DESCRIPTION">
			<Text>Cennet, {CityName} halkinin gozlerini acar ve {LOC_GRAMMAR_CIVNAME &lt;&lt; {ActingPlayerCivName}} ile savas sirasinda bile, {ReligionName} 'in sadik takipcilerine katilirlar.</Text>
		</Row>
		<Row Tag="LOC_MOMENT_CITY_CHANGED_RELIGION_OTHER_HOLY_CITY">
			<Text>Rakip Kutsal sehir Donusturuldu</Text>
		</Row>
		<Row Tag="LOC_MOMENT_CITY_CHANGED_RELIGION_OTHER_HOLY_CITY_DESCRIPTION">
			<Text>Baska bir Dinin Kutsal sehri, Dinimize Donusturuldu.</Text>
		</Row>
		<Row Tag="LOC_MOMENT_CITY_CHANGED_RELIGION_OTHER_HOLY_CITY_INSTANCE_DESCRIPTION">
			<Text>{CityName}, bir zamanlar {OldReligionName} 'in besigiydi, ama simdi, {ReligionName} tapinaklarina sadik bir suru.</Text>
		</Row>
		<Row Tag="LOC_MOMENT_CITY_SIZE_EXTRA_LARGE_FIRST">
			<Text>Ilk Devasa sehir</Text>
		</Row>
		<Row Tag="LOC_MOMENT_CITY_SIZE_EXTRA_LARGE_FIRST_DESCRIPTION">
			<Text>Bir medeniyetinizde ilk defa bir sehir 25 [ICON_Citizen] Nufusa ulasti.</Text>
		</Row>
		<Row Tag="LOC_MOMENT_CITY_SIZE_EXTRA_LARGE_FIRST_INSTANCE_DESCRIPTION">
			<Text>Kulelerinden gorev surelerine kadar {CityName} vatandaslari, medeniyetimizin en buyuk kentindeki sivil gururlari ile baglantilidir.</Text>
		</Row>
		<Row Tag="LOC_MOMENT_CITY_SIZE_EXTRA_LARGE_FIRST_IN_WORLD">
			<Text>Dunyanin Ilk Dev sehri</Text>
		</Row>
		<Row Tag="LOC_MOMENT_CITY_SIZE_EXTRA_LARGE_FIRST_IN_WORLD_DESCRIPTION">
			<Text>Bir sehir dunyada ilk kez 25 [ICON_Citizen] Nufusa ulasti.</Text>
		</Row>
		<Row Tag="LOC_MOMENT_CITY_SIZE_EXTRA_LARGE_FIRST_IN_WORLD_INSTANCE_DESCRIPTION">
			<Text>Hareketli ve kozmopolit, {CityName} asla uyumaz, ancak vatandaslarinin hikayeleri birlikte muhtesem bir paylasilan uyanma ruyasi olarak orulur.</Text>
		</Row>
		<Row Tag="LOC_MOMENT_CITY_SIZE_LARGE_FIRST">
			<Text>Ilk Buyuk sehir</Text>
		</Row>
		<Row Tag="LOC_MOMENT_CITY_SIZE_LARGE_FIRST_DESCRIPTION">
			<Text>Bir medeniyetinizde ilk defa bir sehir 20 [ICON_Citizen] Nufusa ulasti.</Text>
		</Row>
		<Row Tag="LOC_MOMENT_CITY_SIZE_LARGE_FIRST_INSTANCE_DESCRIPTION">
			<Text>Paradoksal olarak, {CityName} vatandaslari, sehirlerinin boyutuyla inanilmaz derecede gurur duyuyorlar ve ne kadar kalabalik oldugu konusunda sikayet etmekten asla vazgecmiyorlar.</Text>
		</Row>
		<Row Tag="LOC_MOMENT_CITY_SIZE_LARGE_FIRST_IN_WORLD">
			<Text>Dunyanin Ilk Buyuk sehri</Text>
		</Row>
		<Row Tag="LOC_MOMENT_CITY_SIZE_LARGE_FIRST_IN_WORLD_DESCRIPTION">
			<Text>Bir sehir dunyada ilk defa 20 [ICON_Citizen] Nufusa ulasti.</Text>
		</Row>
		<Row Tag="LOC_MOMENT_CITY_SIZE_LARGE_FIRST_IN_WORLD_INSTANCE_DESCRIPTION">
			<Text>{CityName} 'te kalabaliklar ve caddelerde yururken ve insanligin en buyuk kentinin gosterisine girene kadar kalabaligi gormeden yasayamadiginizi soyluyorlar.</Text>
		</Row>
		<Row Tag="LOC_MOMENT_CITY_SIZE_MEDIUM_FIRST">
			<Text>Ilk Buyuk sehir</Text>
		</Row>
		<Row Tag="LOC_MOMENT_CITY_SIZE_MEDIUM_FIRST_DESCRIPTION">
			<Text>Bir sehir, medeniyetinizde ilk defa 15 [ICON_Citizen] Nufusa ulasti.</Text>
		</Row>
		<Row Tag="LOC_MOMENT_CITY_SIZE_MEDIUM_FIRST_INSTANCE_DESCRIPTION">
			<Text>{CityName} daha da genisler ve halkimizin en buyuk sehri haline gelir.</Text>
		</Row>
		<Row Tag="LOC_MOMENT_CITY_SIZE_MEDIUM_FIRST_IN_WORLD">
			<Text>Dunyanin Ilk Buyuk sehri</Text>
		</Row>
		<Row Tag="LOC_MOMENT_CITY_SIZE_MEDIUM_FIRST_IN_WORLD_DESCRIPTION">
			<Text>Bir sehir dunyada ilk defa 15 [ICON_Citizen] Nufusa ulasti.</Text>
		</Row>
		<Row Tag="LOC_MOMENT_CITY_SIZE_MEDIUM_FIRST_IN_WORLD_INSTANCE_DESCRIPTION">
			<Text>{CityName} sakinleri, dunyanin en buyuk, en sofistike kentinde yasamaktan gurur duyuyor.</Text>
		</Row>
		<Row Tag="LOC_MOMENT_CITY_SIZE_SMALL_FIRST">
			<Text>Ilk Hareketli sehir</Text>
		</Row>
		<Row Tag="LOC_MOMENT_CITY_SIZE_SMALL_FIRST_DESCRIPTION">
			<Text>Bir sehir, medeniyetinizde ilk defa 10 [ICON_Citizen] Nufusa ulasti.</Text>
		</Row>
		<Row Tag="LOC_MOMENT_CITY_SIZE_SMALL_FIRST_INSTANCE_DESCRIPTION">
			<Text>{CityName} buyur ve halki gelisen buyuksehir hayatindan gurur duyar.</Text>
		</Row>
		<Row Tag="LOC_MOMENT_CITY_SIZE_SMALL_FIRST_IN_WORLD">
			<Text>Dunyanin Ilk Hareketli sehri</Text>
		</Row>
		<Row Tag="LOC_MOMENT_CITY_SIZE_SMALL_FIRST_IN_WORLD_DESCRIPTION">
			<Text>Bir sehir dunyada ilk kez 10 [ICON_Citizen] Nufusa ulasti.</Text>
		</Row>
		<Row Tag="LOC_MOMENT_CITY_SIZE_SMALL_FIRST_IN_WORLD_INSTANCE_DESCRIPTION">
			<Text>Ziyaretciler, dunyanin en buyuk sehri olan {CityName} hayranliginda konusuyorlar. Bu kadar cok insan birlikte baris icinde nasil yasiyor?</Text>
		</Row>
		<Row Tag="LOC_MOMENT_CITY_TRANSFERRED_DISLOYAL_FOREIGN_CITY">
			<Text>Yabanci sehir Katildi</Text>
		</Row>
		<Row Tag="LOC_MOMENT_CITY_TRANSFERRED_DISLOYAL_FOREIGN_CITY_DESCRIPTION">
			<Text>Yabanci bir sehir imparatorlugumuza katilarak bize olan sadakatini vermeye karar verdi.</Text>
		</Row>
		<Row Tag="LOC_MOMENT_CITY_TRANSFERRED_DISLOYAL_FOREIGN_CITY_INSTANCE_DESCRIPTION">
			<Text>{CityName} halki artik {TargetPlayerCivName} grubunun bir parcasi olarak hissetmiyor ve uygarligimiza katilmayi kabul ediyor.</Text>
		</Row>
		<Row Tag="LOC_MOMENT_CITY_TRANSFERRED_DISLOYAL_FREE_CITY">
			<Text>ucretsiz sehir Katildi</Text>
		</Row>
		<Row Tag="LOC_MOMENT_CITY_TRANSFERRED_DISLOYAL_FREE_CITY_DESCRIPTION">
			<Text>Bir ozgur sehir, bize olan sadakatini, imparatorlugumuza katilarak taahhut etmeye karar verdi.</Text>
		</Row>
		<Row Tag="LOC_MOMENT_CITY_TRANSFERRED_DISLOYAL_FREE_CITY_INSTANCE_DESCRIPTION">
			<Text>{CityName} vatandaslari bizimle bir yakinlik hissediyor ve istekli bir sekilde medeniyetimize giriyor.</Text>
		</Row>
		<Row Tag="LOC_MOMENT_CITY_TRANSFERRED_FOREIGN_CAPITAL">
			<Text>Alinan Yabanci Sermaye</Text>
		</Row>
		<Row Tag="LOC_MOMENT_CITY_TRANSFERRED_FOREIGN_CAPITAL_DESCRIPTION">
			<Text>Yabanci bir gucun orijinal baskentinin kontrolunu ele gecirdiniz.</Text>
		</Row>
		<Row Tag="LOC_MOMENT_CITY_TRANSFERRED_FOREIGN_CAPITAL_INSTANCE_DESCRIPTION">
			<Text>{TargetPlayerCivName} 'in eski baskenti olan {CityName} artik medeniyetimizin bir parcasi!</Text>
		</Row>
		<Row Tag="LOC_MOMENT_CITY_TRANSFERRED_PLAYER_DEFEATED">
			<Text>Alinan Son Yabanci sehir</Text>
		</Row>
		<Row Tag="LOC_MOMENT_CITY_TRANSFERRED_PLAYER_DEFEATED_DESCRIPTION">
			<Text>Bir medeniyetin kalan son sehrini kontrol ettiniz.</Text>
		</Row>
		<Row Tag="LOC_MOMENT_CITY_TRANSFERRED_PLAYER_DEFEATED_INSTANCE_DESCRIPTION">
			<Text>{TargetPlayerCivName} zaman testine dayanmayacak.</Text>
		</Row>
		<Row Tag="LOC_MOMENT_CITY_TRANSFERRED_TO_ORIGINAL_OWNER">
			<Text>sehir Orijinal Sahibine Geri Donuyor</Text>
		</Row>
		<Row Tag="LOC_MOMENT_CITY_TRANSFERRED_TO_ORIGINAL_OWNER_DESCRIPTION">
			<Text>Bir sehir orijinal sahibine dondu.</Text>
		</Row>
		<Row Tag="LOC_MOMENT_CITY_TRANSFERRED_TO_ORIGINAL_OWNER_INSTANCE_DESCRIPTION">
			<Text>{CityName}, {LOC_GRAMMAR_CIVNAME &lt;&lt; {LOC_GRAMMAR_CIVNAME &lt;&lt; {ActingPlayerCivName}}}'a bir kez daha doner!</Text>
		</Row>
		<Row Tag="LOC_MOMENT_CIVIC_CULTURVATED_IN_ERA_FIRST">
			<Text>Yeni Donem Ilk Era</Text>
		</Row>
		<Row Tag="LOC_MOMENT_CIVIC_CULTURVATED_IN_ERA_FIRST_DESCRIPTION">
			<Text>Medeniyetinizin ilk vatandasligini yeni bir kesif doneminden tamamladiniz.</Text>
		</Row>
		<Row Tag="LOC_MOMENT_CIVIC_CULTURVATED_IN_ERA_FIRST_INSTANCE_DESCRIPTION">
			<Text>Baskalarinin ne yapacaklarini soylesinler, ancak {PlayerEraType} kulturunun gercek gelisimi, {LOC_GRAMMAR_CIVNAME &lt;&lt; {LOC_GRAMMAR_CIVNAME &lt;&lt; {ActingPlayerCivName}}} 'de {CivicType}' in yukselisiyle basladi.</Text>
		</Row>
		<Row Tag="LOC_MOMENT_CIVIC_CULTURVATED_IN_ERA_FIRST_IN_WORLD">
			<Text>Dunyanin Ilk Yeni Donemi Era</Text>
		</Row>
		<Row Tag="LOC_MOMENT_CIVIC_CULTURVATED_IN_ERA_FIRST_IN_WORLD_DESCRIPTION">
			<Text>Dunyanin ilk vatandasini yeni bir kesif doneminden tamamladiniz.</Text>
		</Row>
		<Row Tag="LOC_MOMENT_CIVIC_CULTURVATED_IN_ERA_FIRST_IN_WORLD_INSTANCE_DESCRIPTION">
			<Text>{CivicType} ifademiz, insanligin gelecegini {PlayerEraType} da tanimlayacaktir!</Text>
		</Row>
		<Row Tag="LOC_MOMENT_DISTRICT_CONSTRUCTED_FIRST_UNIQUE">
			<Text>Tamamlanan Essiz Bolge</Text>
		</Row>
		<Row Tag="LOC_MOMENT_DISTRICT_CONSTRUCTED_FIRST_UNIQUE_DESCRIPTION">
			<Text>Bu essiz bolgeyi ilk defa tamamladiniz.</Text>
		</Row>
		<Row Tag="LOC_MOMENT_DISTRICT_CONSTRUCTED_FIRST_UNIQUE_INSTANCE_DESCRIPTION">
			<Text>{DistrictType} bir tesaduf degildi, ama halkimizin essiz dehasinin sonucuydu.</Text>
		</Row>
		<Row Tag="LOC_MOMENT_DISTRICT_CONSTRUCTED_HIGH_ADJACENCY_CAMPUS">
			<Text>Muhtesem Kampus Tamamlandi.</Text>
		</Row>
		<Row Tag="LOC_MOMENT_DISTRICT_CONSTRUCTED_HIGH_ADJACENCY_CAMPUS_DESCRIPTION">
			<Text>Medeniyetinizin ilk Kampusu'nu 3 [ICON_Science] Science veya daha yuksek bir bitisiklik bonusu ile tamamladiniz.</Text>
		</Row>
		<Row Tag="LOC_MOMENT_DISTRICT_CONSTRUCTED_HIGH_ADJACENCY_CAMPUS_INSTANCE_DESCRIPTION">
			<Text>Dortlu gezen ve {CityName} yakinindaki Kampusun dis siniflarinda kalan bilim adamlarinin dunyayi degistirecek fikirleri tartistiklarini duyabilirsiniz.</Text>
		</Row>
		<Row Tag="LOC_MOMENT_DISTRICT_CONSTRUCTED_HIGH_ADJACENCY_COMMERCIAL_HUB">
			<Text>Gorkemli Ticaret Merkezi Tamamlandi</Text>
		</Row>
		<Row Tag="LOC_MOMENT_DISTRICT_CONSTRUCTED_HIGH_ADJACENCY_COMMERCIAL_HUB_DESCRIPTION">
			<Text>Medeniyetinizin ilk Ticaret Merkezini 4 [ICON_Gold] Gold veya daha yuksek baslangic bitis bonusu ile tamamladiniz.</Text>
		</Row>
		<Row Tag="LOC_MOMENT_DISTRICT_CONSTRUCTED_HIGH_ADJACENCY_COMMERCIAL_HUB_INSTANCE_DESCRIPTION">
			<Text>Insanlarin piyasadaki alim satim heyecani icin {CityName} Ticaret Merkezine cekildigini soyluyorlar. Ancak para da oldukca iyi.</Text>
		</Row>
		<Row Tag="LOC_MOMENT_DISTRICT_CONSTRUCTED_HIGH_ADJACENCY_HARBOR">
			<Text>Muhtesem Liman Tamamlandi</Text>
		</Row>
		<Row Tag="LOC_MOMENT_DISTRICT_CONSTRUCTED_HIGH_ADJACENCY_HARBOR_DESCRIPTION">
			<Text>Medeniyetinizin ilk limanini 4 [ICON_Gold] Gold veya daha yuksek baslangic bitis bonusu ile tamamladiniz.</Text>
		</Row>
		<Row Tag="LOC_MOMENT_DISTRICT_CONSTRUCTED_HIGH_ADJACENCY_HARBOR_INSTANCE_DESCRIPTION">
			<Text>Denizciler ve haydutlar, {CityName} Limani'ndaki hareketli rihtimlar boyunca bagirip otuyorlar.</Text>
		</Row>
		<Row Tag="LOC_MOMENT_DISTRICT_CONSTRUCTED_HIGH_ADJACENCY_HOLY_SITE">
			<Text>Gorkemli Kutsal Site Tamamlandi</Text>
		</Row>
		<Row Tag="LOC_MOMENT_DISTRICT_CONSTRUCTED_HIGH_ADJACENCY_HOLY_SITE_DESCRIPTION">
			<Text>Medeniyetinizin ilk Kutsal Site'sini 3 [ICON_Faith] Faith veya daha yuksek bir baslangic bitisik bonusu ile tamamladiniz.</Text>
		</Row>
		<Row Tag="LOC_MOMENT_DISTRICT_CONSTRUCTED_HIGH_ADJACENCY_HOLY_SITE_INSTANCE_DESCRIPTION">
			<Text>canlari ve ilahi, tutsu ve simge, {CityName} Kutsal Sitesi, ibadet ve hacilari daha yuksek meselelerin tefekkurine getiriyor.</Text>
		</Row>
		<Row Tag="LOC_MOMENT_DISTRICT_CONSTRUCTED_HIGH_ADJACENCY_INDUSTRIAL_ZONE">
			<Text>Gorkemli Sanayi Bolgesi Tamamlandi</Text>
		</Row>
		<Row Tag="LOC_MOMENT_DISTRICT_CONSTRUCTED_HIGH_ADJACENCY_INDUSTRIAL_ZONE_DESCRIPTION">
			<Text>Medeniyetinizin ilk Sanayi Bolgesini 4 [ICON_Production] uretim ya da daha yuksegi baslangic bitis bonusu ile tamamladiniz.</Text>
		</Row>
		<Row Tag="LOC_MOMENT_DISTRICT_CONSTRUCTED_HIGH_ADJACENCY_INDUSTRIAL_ZONE_INSTANCE_DESCRIPTION">
			<Text>Islik, yeni bir degisimin basladigini ve {CityName} calisanlarinin Sanayi Bolgesi'ne girerek iyi bir gune calismaya hazir oldugunu gosteriyor.</Text>
		</Row>
		<Row Tag="LOC_MOMENT_DISTRICT_CONSTRUCTED_HIGH_ADJACENCY_THEATER_SQUARE">
			<Text>Gorkemli Tiyatro Meydani Tamamlandi</Text>
		</Row>
		<Row Tag="LOC_MOMENT_DISTRICT_CONSTRUCTED_HIGH_ADJACENCY_THEATER_SQUARE_DESCRIPTION">
			<Text>Medeniyetinizin ilk Tiyatro Meydani'ni 3 [ICON_Culture] Culture veya daha yuksek bir bitisiklik bonusu ile tamamladiniz.</Text>
		</Row>
		<Row Tag="LOC_MOMENT_DISTRICT_CONSTRUCTED_HIGH_ADJACENCY_THEATER_SQUARE_INSTANCE_DESCRIPTION">
			<Text>Keyifli sarkilar, ilham verici sozler. {CityName} sanatcilari, sairleri ve oyun yazarlarinin tumu Tiyatro Meydani sokaklarinda dolasiyor.</Text>
		</Row>
		<Row Tag="LOC_MOMENT_DISTRICT_CONSTRUCTED_NEIGHBORHOOD_FIRST">
			<Text>Tamamlanan Ilk Mahalle</Text>
		</Row>
		<Row Tag="LOC_MOMENT_DISTRICT_CONSTRUCTED_NEIGHBORHOOD_FIRST_DESCRIPTION">
			<Text>Medeniyetinizin ilk mahalle bolgesini tamamladiniz.</Text>
		</Row>
		<Row Tag="LOC_MOMENT_DISTRICT_CONSTRUCTED_NEIGHBORHOOD_FIRST_INSTANCE_DESCRIPTION">
			<Text>{CityName} vatandaslari, {CityName} 'da yasamaktan daha iyisinin, bunun disinda biraz daha temiz bir yerde yasamak oldugunu kesfeden ilk kisidir.</Text>
		</Row>
		<Row Tag="LOC_MOMENT_DISTRICT_CONSTRUCTED_NEIGHBORHOOD_FIRST_IN_WORLD">
			<Text>Dunyanin Ilk Mahallesi</Text>
		</Row>
		<Row Tag="LOC_MOMENT_DISTRICT_CONSTRUCTED_NEIGHBORHOOD_FIRST_IN_WORLD_DESCRIPTION">
			<Text>Dunyanin ilk mahalle bolgesini tamamladiniz.</Text>
		</Row>
		<Row Tag="LOC_MOMENT_DISTRICT_CONSTRUCTED_NEIGHBORHOOD_FIRST_IN_WORLD_INSTANCE_DESCRIPTION">
			<Text>{CityName} vatandaslari, {CityName} 'da yasamaktan daha iyi olan tek seyin, bunun disinda biraz daha temiz bir yerde yasamak oldugunu kesfeden dunyadaki ilk kisilerdir.</Text>
		</Row>
		<Row Tag="LOC_MOMENT_EMERGENCY_WON_AS_MEMBER">
			<Text>Acil Durum Tamamlandi</Text>
		</Row>
		<Row Tag="LOC_MOMENT_EMERGENCY_WON_AS_MEMBER_DESCRIPTION">
			<Text>Bir uye olarak, Acil Durumda basarili oldunuz.</Text>
		</Row>
		<Row Tag="LOC_MOMENT_EMERGENCY_WON_AS_MEMBER_INSTANCE_DESCRIPTION">
			<Text>{TargetPlayerCivName} ile {EmergencyType} sona erdi ve muzaffer olduk. Fakat gelecek ne tutacak?</Text>
		</Row>
		<Row Tag="LOC_MOMENT_EMERGENCY_WON_AS_TARGET">
			<Text>Acil Durumda basariyla savunuldu</Text>
		</Row>
		<Row Tag="LOC_MOMENT_EMERGENCY_WON_AS_TARGET_DESCRIPTION">
			<Text>Hedef olarak, size karsi bir Acil Durumla mucadele etmeyi basardiniz.</Text>
		</Row>
		<Row Tag="LOC_MOMENT_EMERGENCY_WON_AS_TARGET_INSTANCE_DESCRIPTION">
			<Text>Kiskanc medeniyetlerin ordulari halkimizi durduramaz! {Acil Tip} suclama ve suclamada cozulur.</Text>
		</Row>
		<Row Tag="LOC_MOMENT_FIND_NATURAL_WONDER">
			<Text>Dogal bir harikanin kesfi</Text>
		</Row>
		<Row Tag="LOC_MOMENT_FIND_NATURAL_WONDER_DESCRIPTION">
			<Text>Medeniyetiniz bu dogal harikayi ilk defa kesfeder.</Text>
		</Row>
		<Row Tag="LOC_MOMENT_FIND_NATURAL_WONDER_INSTANCE_DESCRIPTION">
			<Text>{LOC_GRAMMAR_CIVNAME &lt;&lt; {LOC_GRAMMAR_CIVNAME &lt;&lt; {ActingPlayerCivName}}} kasifleri, {FeatureType} majestelerini kesfetti.</Text>
		</Row>
		<Row Tag="LOC_MOMENT_FIND_NATURAL_WONDER_FIRST_IN_WORLD">
			<Text>Dogal bir harikanin ilk kesfi</Text>
		</Row>
		<Row Tag="LOC_MOMENT_FIND_NATURAL_WONDER_FIRST_IN_WORLD_DESCRIPTION">
			<Text>Uygarligimizin kasifleri, dunyada bu dogal harikayi ilk goren kisilerdir.</Text>
		</Row>
		<Row Tag="LOC_MOMENT_FIND_NATURAL_WONDER_FIRST_IN_WORLD_INSTANCE_DESCRIPTION">
			<Text>{LOC_GRAMMAR_CIVNAME &lt;&lt; {ActingPlayerCivName}} kasifleri, {FeatureType} 'a goz atan ilk buyuk medeniyetten ilk!</Text>
		</Row>
		<Row Tag="LOC_MOMENT_FIND_NEW_CONTINENT_FIRST_IN_WORLD">
			<Text>Yeni Bir Kitanin Ilk Kesfi</Text>
		</Row>
		<Row Tag="LOC_MOMENT_FIND_NEW_CONTINENT_FIRST_IN_WORLD_DESCRIPTION">
			<Text>Uygarligimizin kasifleri dunyada bu kitayi bulan ilk kisi.</Text>
		</Row>
		<Row Tag="LOC_MOMENT_FIND_NEW_CONTINENT_FIRST_IN_WORLD_INSTANCE_DESCRIPTION">
			<Text>{LOC_GRAMMAR_CIVNAME &lt;&lt; {ActingPlayerCivName}} kasifleri, {ContinentName} kitasina ayak basan buyuk bir medeniyetten ilk!</Text>
		</Row>
		<Row Tag="LOC_MOMENT_FORMATION_ARMADA_FIRST">
			<Text>Ilk Armada</Text>
		</Row>
		<Row Tag="LOC_MOMENT_FORMATION_ARMADA_FIRST_DESCRIPTION">
			<Text>Medeniyetinizin ilk Armadasi kuruldu.</Text>
		</Row>
		<Row Tag="LOC_MOMENT_FORMATION_ARMADA_FIRST_INSTANCE_DESCRIPTION">
			<Text>{UnitType} guvertesinden, her biri bizim medeniyetimizin bayragini tasiyan ilk Armada gemilerimizin mesafeye uzandigini gorebiliyoruz.</Text>
		</Row>
		<Row Tag="LOC_MOMENT_FORMATION_ARMADA_FIRST_IN_WORLD">
			<Text>Dunyanin Ilk Armadasi</Text>
		</Row>
		<Row Tag="LOC_MOMENT_FORMATION_ARMADA_FIRST_IN_WORLD_DESCRIPTION">
			<Text>Dunyanin ilk Armadasi senin emrinde kuruldu.</Text>
		</Row>
		<Row Tag="LOC_MOMENT_FORMATION_ARMADA_FIRST_IN_WORLD_INSTANCE_DESCRIPTION">
			<Text>Dunyanin ilk Armadasi'nin muazzam gucu emrimizde acik denizlere cikmaya hazir!</Text>
		</Row>
		<Row Tag="LOC_MOMENT_FORMATION_ARMY_FIRST">
			<Text>Ilk Ordu</Text>
		</Row>
		<Row Tag="LOC_MOMENT_FORMATION_ARMY_FIRST_DESCRIPTION">
			<Text>Medeniyetinizin ilk Ordusu kuruldu.</Text>
		</Row>
		<Row Tag="LOC_MOMENT_FORMATION_ARMY_FIRST_INSTANCE_DESCRIPTION">
			<Text>Ilk Ordumuzun gucleri gorunuste bitmeyen bir alayi icinde yurudu!</Text>
		</Row>
		<Row Tag="LOC_MOMENT_FORMATION_ARMY_FIRST_IN_WORLD">
			<Text>Dunyanin Ilk Ordusu</Text>
		</Row>
		<Row Tag="LOC_MOMENT_FORMATION_ARMY_FIRST_IN_WORLD_DESCRIPTION">
			<Text>Dunyanin ilk Ordusu emrinizde, kuruldu.</Text>
		</Row>
		<Row Tag="LOC_MOMENT_FORMATION_ARMY_FIRST_IN_WORLD_INSTANCE_DESCRIPTION">
			<Text>Dunya bizim {UnitType} 'inki gibi bir ordunun begenilerini hic gormedi! Bizim gucumuz essiz.</Text>
		</Row>
		<Row Tag="LOC_MOMENT_FORMATION_CORPS_FIRST">
			<Text>Ilk Kolordu</Text>
		</Row>
		<Row Tag="LOC_MOMENT_FORMATION_CORPS_FIRST_DESCRIPTION">
			<Text>Medeniyetinizin ilk Kolordu kuruldu.</Text>
		</Row>
		<Row Tag="LOC_MOMENT_FORMATION_CORPS_FIRST_INSTANCE_DESCRIPTION">
			<Text>Tek bir birimden daha guclu olan ilk Kolordu, medeniyeti korumaya hazir.</Text>
		</Row>
		<Row Tag="LOC_MOMENT_FORMATION_CORPS_FIRST_IN_WORLD">
			<Text>Dunyanin Ilk Kolordu</Text>
		</Row>
		<Row Tag="LOC_MOMENT_FORMATION_CORPS_FIRST_IN_WORLD_DESCRIPTION">
			<Text>Dunyanin ilk Kolordu senin emrinde kuruldu.</Text>
		</Row>
		<Row Tag="LOC_MOMENT_FORMATION_CORPS_FIRST_IN_WORLD_INSTANCE_DESCRIPTION">
			<Text>Personel memurlarimiz, dunyanin ilk Kolordu'nun harekete hazir oldugunu bildirdi!</Text>
		</Row>
		<Row Tag="LOC_MOMENT_FORMATION_FLEET_FIRST">
			<Text>Ilk Filo</Text>
		</Row>
		<Row Tag="LOC_MOMENT_FORMATION_FLEET_FIRST_DESCRIPTION">
			<Text>Medeniyetinizin ilk filosu kuruldu.</Text>
		</Row>
		<Row Tag="LOC_MOMENT_FORMATION_FLEET_FIRST_INSTANCE_DESCRIPTION">
			<Text>Tum filolar ilk Filo montajlarimizda bayragini selamliyor!</Text>
		</Row>
		<Row Tag="LOC_MOMENT_FORMATION_FLEET_FIRST_IN_WORLD">
			<Text>Dunyanin Ilk Filosu</Text>
		</Row>
		<Row Tag="LOC_MOMENT_FORMATION_FLEET_FIRST_IN_WORLD_DESCRIPTION">
			<Text>Dunyanin ilk filosu sizin emrinizde, kuruldu.</Text>
		</Row>
		<Row Tag="LOC_MOMENT_FORMATION_FLEET_FIRST_IN_WORLD_INSTANCE_DESCRIPTION">
			<Text>Toplanan kaptanlarin tumu, dunyanin ilk Filosu harekete gecmeye hazir oldugundan, gemilerini capa almaya hazir olduklarini bildirdi!</Text>
		</Row>
		<Row Tag="LOC_MOMENT_GAME_ERA_STARTED_WITH_DARK_AGE">
			<Text>Karanlik cag Basliyor</Text>
		</Row>
		<Row Tag="LOC_MOMENT_GAME_ERA_STARTED_WITH_DARK_AGE_DESCRIPTION">
			<Text>Oyun yeni bir doneme giriyor ve medeniyetiniz karanlik bir cagin ustesinden gelmek icin zorlaniyor.</Text>
		</Row>
		<Row Tag="LOC_MOMENT_GAME_ERA_STARTED_WITH_DARK_AGE_INSTANCE_DESCRIPTION">
			<Text>Oyun {PlayerEraType} 'a giriyor ve medeniyetiniz ustesinden gelmek icin Karanlik cagin zorluklarini yasiyor.</Text>
		</Row>
		<Row Tag="LOC_MOMENT_GAME_ERA_STARTED_WITH_GOLDEN_AGE">
			<Text>Altin cag Basliyor</Text>
		</Row>
		<Row Tag="LOC_MOMENT_GAME_ERA_STARTED_WITH_GOLDEN_AGE_DESCRIPTION">
			<Text>Oyun yeni bir doneme giriyor ve medeniyetiniz Altin cag kazaniyor.</Text>
		</Row>
		<Row Tag="LOC_MOMENT_GAME_ERA_STARTED_WITH_GOLDEN_AGE_INSTANCE_DESCRIPTION">
			<Text>Oyun {PlayerEraType} girer ve medeniyetiniz Altin cag kazanmistir.</Text>
		</Row>
		<Row Tag="LOC_MOMENT_GAME_ERA_STARTED_WITH_HEROIC_AGE">
			<Text>Kahramanlik cagi Basliyor</Text>
		</Row>
		<Row Tag="LOC_MOMENT_GAME_ERA_STARTED_WITH_HEROIC_AGE_DESCRIPTION">
			<Text>Oyun yeni bir doneme giriyor ve medeniyetiniz gecmis zorluklarin ustesinden geldikten sonra Kahramanlik cagi kazandi.</Text>
		</Row>
		<Row Tag="LOC_MOMENT_GAME_ERA_STARTED_WITH_HEROIC_AGE_INSTANCE_DESCRIPTION">
			<Text>Oyun {PlayerEraType} 'a giriyor ve medeniyetiniz gecmis zorluklarin ustesinden geldikten sonra bir Heroic Age kazandi.</Text>
		</Row>
		<Row Tag="LOC_MOMENT_GAME_ERA_STARTED_WITH_NORMAL_AGE">
			<Text>Normal cag Basliyor</Text>
		</Row>
		<Row Tag="LOC_MOMENT_GAME_ERA_STARTED_WITH_NORMAL_AGE_DESCRIPTION">
			<Text>Oyun yeni bir doneme giriyor ve sen bir Karanlik cagdan kaciniyorsun.</Text>
		</Row>
		<Row Tag="LOC_MOMENT_GAME_ERA_STARTED_WITH_NORMAL_AGE_INSTANCE_DESCRIPTION">
			<Text>Oyun {PlayerEraType} girer ve bir Karanlik cagdan kacinirsiniz.</Text>
		</Row>
		<Row Tag="LOC_MOMENT_GOODY_HUT_TRIGGERED">
			<Text>Asiret Koyu Iletisim</Text>
		</Row>
		<Row Tag="LOC_MOMENT_GOODY_HUT_TRIGGERED_DESCRIPTION">
			<Text>Tomurcuklanan sehirlerimize guc veren bir Kabile Koyu ile temasa gecildi.</Text>
		</Row>
		<Row Tag="LOC_MOMENT_GOODY_HUT_TRIGGERED_INSTANCE_DESCRIPTION">
			<Text>Koyluler, uygarligimiza katilirken hediyeler getiriyorlar.</Text>
		</Row>
		<Row Tag="LOC_MOMENT_GOVERNMENT_ENACTED_TIER_1_FIRST">
			<Text>Ilk Asama 1 Hukumeti</Text>
		</Row>
		<Row Tag="LOC_MOMENT_GOVERNMENT_ENACTED_TIER_1_FIRST_DESCRIPTION">
			<Text>Medeniyetiniz ilk Kademe 1 Hukumetini kabul etti.</Text>
		</Row>
		<Row Tag="LOC_MOMENT_GOVERNMENT_ENACTED_TIER_1_FIRST_INSTANCE_DESCRIPTION">
			<Text>{LOC_GRAMMAR_CIVNAME &lt;&lt; {LOC_GRAMMAR_CIVNAME &lt;&lt; {ActingPlayerCivName}}}, hukumeti {GovernmentType} tarafindan kabul ederek vatandaslara yeni bir siyasi cag kazandirdi.</Text>
		</Row>
		<Row Tag="LOC_MOMENT_GOVERNMENT_ENACTED_TIER_1_FIRST_IN_WORLD">
			<Text>Dunyadaki Ilk Asama 1 Hukumeti</Text>
		</Row>
		<Row Tag="LOC_MOMENT_GOVERNMENT_ENACTED_TIER_1_FIRST_IN_WORLD_DESCRIPTION">
			<Text>Medeniyetiniz, dunyada bir numarali 1. Devleti benimseyen ilk kisidir.</Text>
		</Row>
		<Row Tag="LOC_MOMENT_GOVERNMENT_ENACTED_TIER_1_FIRST_IN_WORLD_INSTANCE_DESCRIPTION">
			<Text>{LOC_GRAMMAR_CIVNAME &lt;&lt; {LOC_GRAMMAR_CIVNAME &lt;&lt; {ActingPlayerCivName}}} halki, politik felsefelerinin buyuk bir sentezi olan {GovernmentType} hukumetini kabul eder.</Text>
		</Row>
		<Row Tag="LOC_MOMENT_GOVERNMENT_ENACTED_TIER_2_FIRST">
			<Text>Ilk Asama 2 Hukumeti</Text>
		</Row>
		<Row Tag="LOC_MOMENT_GOVERNMENT_ENACTED_TIER_2_FIRST_DESCRIPTION">
			<Text>Medeniyetiniz ilk Kademe 2 Hukumetini kabul etti.</Text>
		</Row>
		<Row Tag="LOC_MOMENT_GOVERNMENT_ENACTED_TIER_2_FIRST_INSTANCE_DESCRIPTION">
			<Text>Eski yonetisim gelenekleri gelisir ve {ActingPlayerLeaderName}, {GovernmentType}'ni hukmetmenin yeni yolu olarak secer.</Text>
		</Row>
		<Row Tag="LOC_MOMENT_GOVERNMENT_ENACTED_TIER_2_FIRST_IN_WORLD">
			<Text>Dunyadaki Ilk Tier 2 Hukumeti</Text>
		</Row>
		<Row Tag="LOC_MOMENT_GOVERNMENT_ENACTED_TIER_2_FIRST_IN_WORLD_DESCRIPTION">
			<Text>Medeniyetiniz, dunyada Seviye 2 Hukumeti kabul eden ilk kisidir.</Text>
		</Row>
		<Row Tag="LOC_MOMENT_GOVERNMENT_ENACTED_TIER_2_FIRST_IN_WORLD_INSTANCE_DESCRIPTION">
			<Text>Eski yollar iyiydi, ama zaman zayifliklarini gosterdi. {LOC_GRAMMAR_CIVNAME &lt;&lt; {LOC_GRAMMAR_CIVNAME &lt;&lt; {ActingPlayerCivName}}} insanlari, {Government Type}'i benimsemeleriyle yeni guc bulurlar.</Text>
		</Row>
		<Row Tag="LOC_MOMENT_GOVERNMENT_ENACTED_TIER_3_FIRST">
			<Text>Birinci Asama 3 Hukumet</Text>
		</Row>
		<Row Tag="LOC_MOMENT_GOVERNMENT_ENACTED_TIER_3_FIRST_DESCRIPTION">
			<Text>Medeniyetiniz ilk Kademe 3 Hukumetini kabul etti.</Text>
		</Row>
		<Row Tag="LOC_MOMENT_GOVERNMENT_ENACTED_TIER_3_FIRST_INSTANCE_DESCRIPTION">
			<Text>Gecmisin serefli gelenekleri, {LOC_GRAMMAR_CIVNAME &lt;&lt; {ActingPlayerCivName}} 'in sectigi yeni {GovernmentType} hukumetinin bir parcasini olusturacak.</Text>
		</Row>
		<Row Tag="LOC_MOMENT_GOVERNMENT_ENACTED_TIER_3_FIRST_IN_WORLD">
			<Text>Dunyadaki Ilk Kademe 3 Hukumet</Text>
		</Row>
		<Row Tag="LOC_MOMENT_GOVERNMENT_ENACTED_TIER_3_FIRST_IN_WORLD_DESCRIPTION">
			<Text>Medeniyetiniz, dunyada bir Kademe 3 Hukumeti kabul eden ilk kisidir.</Text>
		</Row>
		<Row Tag="LOC_MOMENT_GOVERNMENT_ENACTED_TIER_3_FIRST_IN_WORLD_INSTANCE_DESCRIPTION">
			<Text>{LOC_GRAMMAR_CIVNAME &lt;&lt; {ActingPlayerCivName}}, {GovernmentType} 'i gelecek icin yeni hukumet olarak sectiginden, yuzyillar boyunca politik felsefe nihai ifadesine ulasiyor.</Text>
		</Row>
		<Row Tag="LOC_MOMENT_GOVERNMENT_ENACTED_TIER_1_FIRST_CLASSICAL_REPUBLIC_INSTANCE_DESCRIPTION">
			<Text>{LOC_GRAMMAR_CIVNAME &lt;&lt; {ActingPlayerCivName}}, Klasik Cumhuriyet’i kendi hukumeti olarak kabul ettiginden, kamusal meydanlar vatandas tartismalari ile canli.</Text>
		</Row>
		<Row Tag="LOC_MOMENT_GOVERNMENT_ENACTED_TIER_1_FIRST_CLASSICAL_REPUBLIC_IN_WORLD_INSTANCE_DESCRIPTION">
			<Text>{LOC_GRAMMAR_CIVNAME &lt;&lt; {ActingPlayerCivName}} vatandaslari krallar tarafindan hukum surdugu icin sevinirler ve kendilerini Klasik bir Cumhuriyet ile yonetirler.</Text>
		</Row>
		<Row Tag="LOC_MOMENT_GOVERNMENT_ENACTED_TIER_1_FIRST_AUTOCRACY_INSTANCE_DESCRIPTION">
			<Text>Mahkemeler, {LOC_GRAMMAR_CIVNAME &lt;&lt; {ActingPlayerCivName}} 'in tahtini Autocrat olarak ele gecirirken {ActingPlayerLeaderName}' e boyun egiyor.</Text>
		</Row>
		<Row Tag="LOC_MOMENT_GOVERNMENT_ENACTED_TIER_1_FIRST_AUTOCRACY_IN_WORLD_INSTANCE_DESCRIPTION">
			<Text>{ActingPlayerLeaderName}, dunyaya yalniz basina {LOC_GRAMMAR_CIVNAME &lt;&lt; {ActingPlayerCivName}} icin konustugunu bildirir.</Text>
		</Row>
		<Row Tag="LOC_MOMENT_GOVERNMENT_ENACTED_TIER_1_FIRST_OLIGARCHY_INSTANCE_DESCRIPTION">
			<Text>{LOC_GRAMMAR_CIVNAME &lt;&lt; {ActingPlayerCivName}} karari, bir Oligarsiye yakisan olarak sadece en iyi insanlar tarafindan yapilir.</Text>
		</Row>
		<Row Tag="LOC_MOMENT_GOVERNMENT_ENACTED_TIER_1_FIRST_OLIGARCHY_IN_WORLD_INSTANCE_DESCRIPTION">
			<Text>Bir filozof, Oligarsinin en iyi hukumet sekli oldugunu ve {LOC_GRAMMAR_CIVNAME &lt;&lt; {ActingPlayerCivName}} halkinin katiligini ilan ediyor.</Text>
		</Row>
		<Row Tag="LOC_MOMENT_GOVERNMENT_ENACTED_TIER_2_FIRST_THEOCRACY_INSTANCE_DESCRIPTION">
			<Text>{LOC_GRAMMAR_CIVNAME &lt;&lt; {ActingPlayerCivName}} 'in bir Teokrasi olmasi cennetin istegidir.</Text>
		</Row>
		<Row Tag="LOC_MOMENT_GOVERNMENT_ENACTED_TIER_2_FIRST_THEOCRACY_IN_WORLD_INSTANCE_DESCRIPTION">
			<Text>{LOC_GRAMMAR_CIVNAME &lt;&lt; {ActingPlayerCivName}} Teorisi, {ActingPlayerLeaderName} ilahi rehberliginde cennetin dunyayi yonetme seklini yansitir.</Text>
		</Row>
		<Row Tag="LOC_MOMENT_GOVERNMENT_ENACTED_TIER_2_FIRST_MONARCHY_INSTANCE_DESCRIPTION">
			<Text>can calma ve korolari {LOC_GRAMMAR_CIVNAME &lt;&lt; {ActingPlayerCivName}} 'in taci olarak sarki soyleyerek {ActingPlayerLeaderName}' in basinin uzerine yerlestirilir.</Text>
		</Row>
		<Row Tag="LOC_MOMENT_GOVERNMENT_ENACTED_TIER_2_FIRST_MONARCHY_IN_WORLD_INSTANCE_DESCRIPTION">
			<Text>{ActingPlayerLeaderName}, tum yetkilerin cennetten verilmis kaynagi olan {LOC_GRAMMAR_CIVNAME &lt;&lt; {ActingPlayerCivName}} 'in egemenligidir.</Text>
		</Row>
		<Row Tag="LOC_MOMENT_GOVERNMENT_ENACTED_TIER_2_FIRST_MERCHANT_REPUBLIC_INSTANCE_DESCRIPTION">
			<Text>{LOC_GRAMMAR_CIVNAME &lt;&lt; {ActingPlayerCivName}} 'in muthis ticaret aileleri, servetlerini yaymak ve dunyanin sinirlarini etkilemek icin birlesiyorlar.</Text>
		</Row>
		<Row Tag="LOC_MOMENT_GOVERNMENT_ENACTED_TIER_2_FIRST_MERCHANT_REPUBLIC_IN_WORLD_INSTANCE_DESCRIPTION">
			<Text>{ActingPlayerLeaderName} benzerligine sahip olan paralarin satildigi her yerde, {LOC_GRAMMAR_CIVNAME &lt;&lt; {ActingPlayerCivName}} Tuccar Cumhuriyeti'ni bulacaksiniz.</Text>
		</Row>
		<Row Tag="LOC_MOMENT_GOVERNMENT_ENACTED_TIER_3_FIRST_DEMOCRACY_INSTANCE_DESCRIPTION">
			<Text>{LOC_GRAMMAR_CIVNAME &lt;&lt; {ActingPlayerCivName}} 'de her secim gunu bir tatildir. Bayraklar dalgasi, bantlar caliyor ve {ActingPlayerLeaderName} ayni eski guduk konusmasini yapiyor.</Text>
		</Row>
		<Row Tag="LOC_MOMENT_GOVERNMENT_ENACTED_TIER_3_FIRST_DEMOCRACY_IN_WORLD_INSTANCE_DESCRIPTION">
			<Text>Vatandaslarimiza duyulan guven ve gelecege yonelik iyimserlik, {LOC_GRAMMAR_CIVNAME &lt;&lt; {ActingPlayerCivName}} halkini Demokrasiyi secmeye yoneltmistir.</Text>
		</Row>
		<Row Tag="LOC_MOMENT_GOVERNMENT_ENACTED_TIER_3_FIRST_COMMUNISM_INSTANCE_DESCRIPTION">
			<Text>Yoldaslar! Tarihi ve Komunizmi Birinci Vatandas {ActingPlayerLeaderName} yonetimi altinda ilerletelim!</Text>
		</Row>
		<Row Tag="LOC_MOMENT_GOVERNMENT_ENACTED_TIER_3_FIRST_COMMUNISM_IN_WORLD_INSTANCE_DESCRIPTION">
			<Text>Dunyanin Iscileri! {LOC_GRAMMAR_CIVNAME &lt;&lt; {ActingPlayerCivName}} proletaryasi eski duzeni devirdi! Yeni Komunizmin yukselisine tanik olun!</Text>
		</Row>
		<Row Tag="LOC_MOMENT_GOVERNMENT_ENACTED_TIER_3_FIRST_FASCISM_INSTANCE_DESCRIPTION">
			<Text>Dunyanin Iscileri! {LOC_GRAMMAR_CIVNAME &lt;&lt; {ActingPlayerCivName}} proletaryasi eski duzeni devirdi! Yeni Komunizmin yukselisine tanik olun!...</Text>
		</Row>
		<Row Tag="LOC_MOMENT_GOVERNMENT_ENACTED_TIER_3_FIRST_FASCISM_IN_WORLD_INSTANCE_DESCRIPTION">
			<Text>Hepsi dolu {ActingPlayerLeaderName}! Halkiniz olumsuz bagliliklarini {LOC_GRAMMAR_CIVNAME &lt;&lt; {ActingPlayerCivName}} 'e taahhut ediyor!...</Text>
		</Row>
		<Row Tag="LOC_MOMENT_GOVERNOR_ALL_APPOINTED_FIRST">
			<Text>Tum Yoneticiler Atandi</Text>
		</Row>
		<Row Tag="LOC_MOMENT_GOVERNOR_ALL_APPOINTED_FIRST_DESCRIPTION">
			<Text>Bircok sehrin refahini guvence altina alan mevcut tum [ICON_Governor] Valileri atadiniz.</Text>
		</Row>
		<Row Tag="LOC_MOMENT_GOVERNOR_ALL_APPOINTED_FIRST_INSTANCE_DESCRIPTION">
			<Text>{GovernorSame}, {GovernorShortTitle}, hizmetinize girer ve personelinizi yetenekli danismanlardan tamamlar.</Text>
		</Row>
		<Row Tag="LOC_MOMENT_GOVERNOR_FULLY_PROMOTED_FIRST">
			<Text>Vali Tamamen Terfi Etti</Text>
		</Row>
		<Row Tag="LOC_MOMENT_GOVERNOR_FULLY_PROMOTED_FIRST_DESCRIPTION">
			<Text>Bir sehre yardim etmek icin guclu yeteneklerin kilidini acarak ilk kez bir [ICON_Governor] Valisini tamamen terfi ettirdiniz.</Text>
		</Row>
		<Row Tag="LOC_MOMENT_GOVERNOR_FULLY_PROMOTED_FIRST_INSTANCE_DESCRIPTION">
			<Text>Yonetisim sanati nihai ifadesini {GovernorName}, {GovernorShortTitle} liderliginde bulur.</Text>
		</Row>
		<Row Tag="LOC_MOMENT_GREAT_PERSON_CREATED_GAME_ERA">
			<Text>Ise Alinan Buyuk Kisi</Text>
		</Row>
		<Row Tag="LOC_MOMENT_GREAT_PERSON_CREATED_GAME_ERA_DESCRIPTION">
			<Text>Bir [ICON_GreatPerson] Buyuk Kisi, essiz yetenekleri paylasmak icin topraklarimiza seyahat etti.</Text>
		</Row>
		<Row Tag="LOC_MOMENT_GREAT_PERSON_CREATED_GAME_ERA_INSTANCE_DESCRIPTION">
			<Text>Gorusmeden sonra, {GreatPersonIndividualName} yeteneklerini {LOC_GRAMMAR_CIVNAME &lt;&lt; {ActingPlayerCivName}} 'e getirmeyi secti.</Text>
		</Row>
		<Row Tag="LOC_MOMENT_GREAT_PERSON_CREATED_PAST_ERA">
			<Text>Yasli Buyuk Kisi Ise Alindi</Text>
		</Row>
		<Row Tag="LOC_MOMENT_GREAT_PERSON_CREATED_PAST_ERA_DESCRIPTION">
			<Text>[ICON_GreatPerson] Buyuk Bir Kisi topraklarimiza seyahat etti. Gecmis bir doneme daha iyi uysalar da, uygarligimiza buyuk katkilar saglayacaklar.</Text>
		</Row>
		<Row Tag="LOC_MOMENT_GREAT_PERSON_CREATED_PAST_ERA_INSTANCE_DESCRIPTION">
			<Text>Gorusmeden sonra, {GreatPersonIndividualName} yeteneklerini {LOC_GRAMMAR_CIVNAME &lt;&lt; {ActingPlayerCivName}} 'e getirmeyi secti.</Text>
		</Row>
		<Row Tag="LOC_MOMENT_GREAT_PERSON_CREATED_PATRONAGE_FAITH_OVER_HALF">
			<Text>Inanc Tarafindan Verilen Buyuk Kisi</Text>
		</Row>
		<Row Tag="LOC_MOMENT_GREAT_PERSON_CREATED_PATRONAGE_FAITH_OVER_HALF_DESCRIPTION">
			<Text>[ICON_GreatPerson] Buyuk Bir Kisi, ise alim maliyetlerinin yarisindan fazlasini olusturma inancini kullanmamiz sayesinde, essiz yetenekleri paylasmak icin topraklarimiza seyahat etti.</Text>
		</Row>
		<Row Tag="LOC_MOMENT_GREAT_PERSON_CREATED_PATRONAGE_FAITH_OVER_HALF_INSTANCE_DESCRIPTION">
			<Text>Sadik dualari cevaplanir! {GreatPersonIndividualName}, {LOC_GRAMMAR_CIVNAME &lt;&lt; {ActingPlayerCivName}} 'in kaderini degistiriyor gibi gorunuyor.</Text>
		</Row>
		<Row Tag="LOC_MOMENT_GREAT_PERSON_CREATED_PATRONAGE_GOLD_OVER_HALF">
			<Text>Altin Tarafindan Verilen Buyuk Kisi</Text>
		</Row>
		<Row Tag="LOC_MOMENT_GREAT_PERSON_CREATED_PATRONAGE_GOLD_OVER_HALF_DESCRIPTION">
			<Text>[ICON_GreatPerson] Buyuk Bir Kisi, [ICON_Gold] Gold'un comert harekatimiz sayesinde, essiz yetenekleri paylasmak icin topraklarimiza seyahat etti.</Text>
		</Row>
		<Row Tag="LOC_MOMENT_GREAT_PERSON_CREATED_PATRONAGE_GOLD_OVER_HALF_INSTANCE_DESCRIPTION">
			<Text>{GreatPersonIndividualName} 'i {LOC_GRAMMAR_CIVNAME &lt;&lt; {ActingPlayerCivName}}' e, islerine basladiklari yerlere getirme masrafi yoktu.</Text>
		</Row>
		<Row Tag="LOC_MOMENT_IMPROVEMENT_CONSTRUCTED_FIRST_UNIQUE">
			<Text>Benzersiz cini iyilestirme insa</Text>
		</Row>
		<Row Tag="LOC_MOMENT_IMPROVEMENT_CONSTRUCTED_FIRST_UNIQUE_DESCRIPTION">
			<Text>Bu essiz petek gelisimini ilk kez tamamladiniz.</Text>
		</Row>
		<Row Tag="LOC_MOMENT_IMPROVEMENT_CONSTRUCTED_FIRST_UNIQUE_INSTANCE_DESCRIPTION">
			<Text>Gercekten, bu {ImprovementType} uygarligimizin ruhunu temsil eder ve imparatorlugumuzun manzarasini tanimlar.</Text>
		</Row>
		<Row Tag="LOC_MOMENT_IMPROVEMENT_CONSTRUCTED_SEASIDE_RESORT_FIRST">
			<Text>Ilk Sahil Tesisi</Text>
		</Row>
		<Row Tag="LOC_MOMENT_IMPROVEMENT_CONSTRUCTED_SEASIDE_RESORT_FIRST_DESCRIPTION">
			<Text>Ilk Sahil Tesisi iyilestirmenizi tamamladiniz.</Text>
		</Row>
		<Row Tag="LOC_MOMENT_IMPROVEMENT_CONSTRUCTED_SEASIDE_RESORT_FIRST_INSTANCE_DESCRIPTION">
			<Text>Ilk Sahil Tesisi'miz {CityName} 'da, atistirmasi bir marti tarafindan goturulen kucuk bir cocuk haric, tum halkimizin zevkine aciliyor.</Text>
		</Row>
		<Row Tag="LOC_MOMENT_IMPROVEMENT_CONSTRUCTED_SEASIDE_RESORT_FIRST_IN_WORLD">
			<Text>Dunyanin Ilk Sahil Tesisi</Text>
		</Row>
		<Row Tag="LOC_MOMENT_IMPROVEMENT_CONSTRUCTED_SEASIDE_RESORT_FIRST_IN_WORLD_DESCRIPTION">
			<Text>Dunyanin Ilk Sahil Tesisi iyilestirmesini tamamladiniz.</Text>
		</Row>
		<Row Tag="LOC_MOMENT_IMPROVEMENT_CONSTRUCTED_SEASIDE_RESORT_FIRST_IN_WORLD_INSTANCE_DESCRIPTION">
			<Text>Dunyanin ilk Sahil Tesisi, {LOC_GRAMMAR_CIVNAME &lt;&lt; {ActingPlayerCivName}} adresinin {CityName} adresinde actikca, ailelerin kahkahalari ve sevgili icleri havayi dolduruyor.</Text>
		</Row>
		<Row Tag="LOC_MOMENT_INQUISITION_LAUNCHED">
			<Text>Engizisyon Basliyor</Text>
		</Row>
		<Row Tag="LOC_MOMENT_INQUISITION_LAUNCHED_DESCRIPTION">
			<Text>Dininiz bir sorgulama baslatti.</Text>
		</Row>
		<Row Tag="LOC_MOMENT_INQUISITION_LAUNCHED_INSTANCE_DESCRIPTION">
			<Text>Gokler, dogru bir Engizisyon olarak sevinir, {ReligionName} 'e inanmayanlari duzeltmeye baslar.</Text>
		</Row>
		<Row Tag="LOC_MOMENT_INQUISITION_LAUNCHED_FIRST_IN_WORLD">
			<Text>Dunyanin Ilk Engizisyonu</Text>
		</Row>
		<Row Tag="LOC_MOMENT_INQUISITION_LAUNCHED_FIRST_IN_WORLD_DESCRIPTION">
			<Text>Dininiz, dunyanin ilk merakini baslatiyor.</Text>
		</Row>
		<Row Tag="LOC_MOMENT_INQUISITION_LAUNCHED_FIRST_IN_WORLD_INSTANCE_DESCRIPTION">
			<Text>{ReligionName}, sapkinliklari ortadan kaldiran bir Engizisyon baslatan ilk Din'dir.</Text>
		</Row>
		<Row Tag="LOC_MOMENT_NATIONAL_PARK_CREATED">
			<Text>Milli Park Kuruldu</Text>
		</Row>
		<Row Tag="LOC_MOMENT_NATIONAL_PARK_CREATED_DESCRIPTION">
			<Text>Milli bir park kurdun.</Text>
		</Row>
		<Row Tag="LOC_MOMENT_NATIONAL_PARK_CREATED_INSTANCE_DESCRIPTION">
			<Text>Uygarligimizin vatandaslari en yeni Milli Park'a akin ediyor ve dogal dunyaya yeniden baglaniyor.</Text>
		</Row>
		<Row Tag="LOC_MOMENT_NATIONAL_PARK_CREATED_FIRST_IN_WORLD">
			<Text>Dunyanin Ilk Milli Parki</Text>
		</Row>
		<Row Tag="LOC_MOMENT_NATIONAL_PARK_CREATED_FIRST_IN_WORLD_DESCRIPTION">
			<Text>Dunyanin ilk Milli Parki'ni kurdunuz.</Text>
		</Row>
		<Row Tag="LOC_MOMENT_NATIONAL_PARK_CREATED_FIRST_IN_WORLD_INSTANCE_DESCRIPTION">
			<Text>Dunyanin ilk Ulusal Parki, birkac ileri goruslu korumacinin dogru oldugunu bildiklerini kanitladi: Gelecek nesiller icin {LOC_GRAMMAR_CIVNAME &lt;&lt; {ActingPlayerCivName}} 'in dogal guzelligini korumaliyiz.</Text>
		</Row>
		<Row Tag="LOC_MOMENT_PANTHEON_FOUNDED">
			<Text>Pantheon Kuruldu</Text>
		</Row>
		<Row Tag="LOC_MOMENT_PANTHEON_FOUNDED_DESCRIPTION">
			<Text>Halkiniz bir Pantheon'da Inancini benimsedi.</Text>
		</Row>
		<Row Tag="LOC_MOMENT_PANTHEON_FOUNDED_INSTANCE_DESCRIPTION">
			<Text>Bu akil almaz an, diger peygamberlerin bahsettigi sey olabilir mi?</Text>
		</Row>
		<Row Tag="LOC_MOMENT_PANTHEON_FOUNDED_FIRST_IN_WORLD">
			<Text>Dunyanin Ilk Panteonu</Text>
		</Row>
		<Row Tag="LOC_MOMENT_PANTHEON_FOUNDED_FIRST_IN_WORLD_DESCRIPTION">
			<Text>Halkiniz dunyada bir Pantheon Inancini benimseyen ilk kisilerdir.</Text>
		</Row>
		<Row Tag="LOC_MOMENT_PANTHEON_FOUNDED_FIRST_IN_WORLD_INSTANCE_DESCRIPTION">
			<Text>Ilk peygamberin yildizli bir gokyuzunun altinda bir bakis acisi vardir ve sukran gunu gorunmeyen tanrilara boyun egir.</Text>
		</Row>
		<Row Tag="LOC_MOMENT_PLAYER_GAVE_ENVOY_BECAME_SUZERAIN_FIRST_IN_WORLD">
			<Text>sehir Devleti'nin Ilk Suzerain'i</Text>
		</Row>
		<Row Tag="LOC_MOMENT_PLAYER_GAVE_ENVOY_BECAME_SUZERAIN_FIRST_IN_WORLD_DESCRIPTION">
			<Text>Bu sehir devletinin ilk Suzerain'i oldun.</Text>
		</Row>
		<Row Tag="LOC_MOMENT_PLAYER_GAVE_ENVOY_BECAME_SUZERAIN_FIRST_IN_WORLD_INSTANCE_DESCRIPTION">
			<Text>{CityStatePlayerCivName} yoneticileri, dunyadaki ilk Suzerain'leri olan {LOC_GRAMMAR_CIVNAME &lt;&lt; {ActingPlayerCivName}} 'e boyun egiyorlar.</Text>
		</Row>
		<Row Tag="LOC_MOMENT_PLAYER_GAVE_ENVOY_CANCELED_LEVY">
			<Text>Levied Ordusu Asagi Duruyor</Text>
		</Row>
		<Row Tag="LOC_MOMENT_PLAYER_GAVE_ENVOY_CANCELED_LEVY_DESCRIPTION">
			<Text>[ICON_Envoy] Elcilerin kullaniminiz, bu sehir devletinin toplanmis ordusunu durmaya ikna etti.</Text>
		</Row>
		<Row Tag="LOC_MOMENT_PLAYER_GAVE_ENVOY_CANCELED_LEVY_INSTANCE_DESCRIPTION">
			<Text>{TargetPlayerCivName}, {LOC_GRAMMAR_CIVNAME &lt;&lt; {ActingPlayerCivName}}, {CityStatePlayerCivName} konumundaki Suzerain durumunu bozdugu icin siyasetin de bir savas alani oldugunu ogrenir.</Text>
		</Row>
		<Row Tag="LOC_MOMENT_PLAYER_GAVE_ENVOY_CANCELED_SUZERAIN_DURING_WAR">
			<Text>Dusman sehir Devleti Pasifize</Text>
		</Row>
		<Row Tag="LOC_MOMENT_PLAYER_GAVE_ENVOY_CANCELED_SUZERAIN_DURING_WAR_DESCRIPTION">
			<Text>[ICON_Envoy] Elcilerini kullanmaniz, dusman sehir kenti Suzerain'i devirerek, sizi dusmanliklara son vermeye ikna etti.</Text>
		</Row>
		<Row Tag="LOC_MOMENT_PLAYER_GAVE_ENVOY_CANCELED_SUZERAIN_DURING_WAR_INSTANCE_DESCRIPTION">
			<Text>onceki parali askerlik sozlesmeleri, {LOC_GRAMMAR_CIVNAME &lt;&lt; {ActingPlayerCivName}}, {CityStatePlayerCivName} adli eski Suzerain'i devirdiginde yeniden pazarliga tabi tutulur.</Text>
		</Row>
		<Row Tag="LOC_MOMENT_PLAYER_LEVIED_MILITARY">
			<Text>sehir-Devlet Ordusu Levied</Text>
		</Row>
		<Row Tag="LOC_MOMENT_PLAYER_LEVIED_MILITARY_DESCRIPTION">
			<Text>Bir sehir devletinin askeri kuvvetlerini yukselttiniz.</Text>
		</Row>
		<Row Tag="LOC_MOMENT_PLAYER_LEVIED_MILITARY_INSTANCE_DESCRIPTION">
			<Text>{CityStatePlayerCivName} ordularinin kontrolu etkileyici bir askeri torenle {LOC_GRAMMAR_CIVNAME &lt;&lt; {ActingPlayerCivName}} 'e gecer.</Text>
		</Row>
		<Row Tag="LOC_MOMENT_PLAYER_LEVIED_MILITARY_NEAR_ENEMY_CITY">
			<Text>sehir Devleti Ordusunu Dusmanin Yakinina Koydu</Text>
		</Row>
		<Row Tag="LOC_MOMENT_PLAYER_LEVIED_MILITARY_NEAR_ENEMY_CITY_DESCRIPTION">
			<Text>Bir sehir devletinin askeri kuvvetlerini, bir dusman medeniyetine en yakin mesafeden yukselttiniz.</Text>
		</Row>
		<Row Tag="LOC_MOMENT_PLAYER_LEVIED_MILITARY_NEAR_ENEMY_CITY_INSTANCE_DESCRIPTION">
			<Text>Sinirlarda {CityStatePlayerCivName} kontrolu degistikce, {TargetPlayerCivName} ve {LOC_GRAMMAR_CIVNAME &lt;&lt; {ActingPlayerCivName}} arasindaki savasta yeni bir cephe aciliyor.</Text>
		</Row>
		<Row Tag="LOC_MOMENT_PLAYER_MET_ALL_MAJORS">
			<Text>Tum Uygarliklar Bulustu</Text>
		</Row>
		<Row Tag="LOC_MOMENT_PLAYER_MET_ALL_MAJORS_DESCRIPTION">
			<Text>Dunyadaki tum yasayan medeniyetlerle tanistiniz.</Text>
		</Row>
		<Row Tag="LOC_MOMENT_PLAYER_MET_ALL_MAJORS_INSTANCE_DESCRIPTION">
			<Text>Sonunda {TargetPlayerCivName} insanlariyla tanistiktan sonra, orada kalan medeniyetlerin olmadigini komik bir sekilde hissediyoruz.</Text>
		</Row>
		<Row Tag="LOC_MOMENT_PLAYER_MET_ALL_MAJORS_FIRST_IN_WORLD">
			<Text>Tum Uygarliklarla Bulusan Ilk Dunya</Text>
		</Row>
		<Row Tag="LOC_MOMENT_PLAYER_MET_ALL_MAJORS_FIRST_IN_WORLD_DESCRIPTION">
			<Text>Dunyadaki tum yasayan uygarliklarla tanisan ilk kisisin.</Text>
		</Row>
		<Row Tag="LOC_MOMENT_PLAYER_MET_ALL_MAJORS_FIRST_IN_WORLD_INSTANCE_DESCRIPTION">
			<Text>{TargetPlayerCivName} insanlariyla tanistik ve dunyadaki tum medeniyetlerle tanisan ilk kisi olduk.</Text>
		</Row>
		<Row Tag="LOC_MOMENT_PLAYER_MET_MAJOR">
			<Text>Yeni Medeniyet ile Gorustu</Text>
		</Row>
		<Row Tag="LOC_MOMENT_PLAYER_MET_MAJOR_DESCRIPTION">
			<Text>Yeni bir medeniyetle baglanti kurdun.</Text>
		</Row>
		<Row Tag="LOC_MOMENT_PLAYER_MET_MAJOR_INSTANCE_DESCRIPTION">
			<Text>Dikkatli karsilama ve merakli bakislar {TargetPlayerCivName} insanlariyla tanismamizin anini isaret ediyor.</Text>
		</Row>
		<Row Tag="LOC_MOMENT_PLAYER_OVERCAME_DARK_AGE">
			<Text>Karanlik cagin ustesinden gelmek</Text>
		</Row>
		<Row Tag="LOC_MOMENT_PLAYER_OVERCAME_DARK_AGE_DESCRIPTION">
			<Text>Medeniyetiniz, Karanlik cagini erken asmak ve Normal Yas'a yukselmek icin yeterli Era Puani kazandi! Kazanacaginiz bir sonraki Altin cag cok guclu olacak.</Text>
		</Row>
		<Row Tag="LOC_MOMENT_PLAYER_OVERCAME_DARK_AGE_INSTANCE_DESCRIPTION">
			<Text>Ates altini arindirirken Medeniyetimiz Karanlik cagimizin denemeleriyle arindirildi. simdi hepsi yenilenen serefimize bakin!</Text>
		</Row>
		<Row Tag="LOC_MOMENT_PROJECT_FOUNDED_MANHATTEN">
			<Text>Manhattan Projesi Tamamlandi</Text>
		</Row>
		<Row Tag="LOC_MOMENT_PROJECT_FOUNDED_MANHATTEN_DESCRIPTION">
			<Text>Bilim adamlariniz Manhattan Projesi'ni tamamladi.</Text>
		</Row>
		<Row Tag="LOC_MOMENT_PROJECT_FOUNDED_MANHATTEN_INSTANCE_DESCRIPTION">
			<Text>Atomun korkunc gucu, artik Manhattan Projesi'ni tamamladigimiz icin kontrolumuz altinda.</Text>
		</Row>
		<Row Tag="LOC_MOMENT_PROJECT_FOUNDED_MARS">
			<Text>Mars Bileseni Baslatildi</Text>
		</Row>
		<Row Tag="LOC_MOMENT_PROJECT_FOUNDED_MARS_DESCRIPTION">
			<Text>Medeniyetinizin Mars uzay araci icin ilk bilesenini baslattiniz.</Text>
		</Row>
		<Row Tag="LOC_MOMENT_PROJECT_FOUNDED_MARS_INSTANCE_DESCRIPTION">
			<Text>Elbette, herkes insa edebilir {LOC_GRAMMAR_A_AN &lt;&lt; {ProjectShortName}}. Ama kimse yorungeye sokamaz.</Text>
		</Row>
		<Row Tag="LOC_MOMENT_PROJECT_FOUNDED_MARS_FIRST_IN_WORLD">
			<Text>Dunyanin Ilk Mars Bileseni Acildi</Text>
		</Row>
		<Row Tag="LOC_MOMENT_PROJECT_FOUNDED_MARS_FIRST_IN_WORLD_DESCRIPTION">
			<Text>Dunyada Mars uzay araci icin bir bilesen sunan ilk kisisiniz.</Text>
		</Row>
		<Row Tag="LOC_MOMENT_PROJECT_FOUNDED_MARS_FIRST_IN_WORLD_INSTANCE_DESCRIPTION">
			<Text>Bir muhendis, {ProjectShortName} 'i tasiyan firlatma rampasindan bir roketi izliyor. “Bu gercekten oluyor” diyor. "Mars'a gidiyoruz."</Text>
		</Row>
		<Row Tag="LOC_MOMENT_PROJECT_FOUNDED_MOON_LANDING">
			<Text>Ay'a indi</Text>
		</Row>
		<Row Tag="LOC_MOMENT_PROJECT_FOUNDED_MOON_LANDING_DESCRIPTION">
			<Text>Ay'a inmek icin basarili bir gorev gonderiyorsunuz.</Text>
		</Row>
		<Row Tag="LOC_MOMENT_PROJECT_FOUNDED_MOON_LANDING_INSTANCE_DESCRIPTION">
			<Text>Bilim adamlariniz baskalarinin bildiklerini onayladi: Ay cok tozlu.</Text>
		</Row>
		<Row Tag="LOC_MOMENT_PROJECT_FOUNDED_MOON_LANDING_FIRST_IN_WORLD">
			<Text>Dunyanin Ilk Aya Inisi</Text>
		</Row>
		<Row Tag="LOC_MOMENT_PROJECT_FOUNDED_MOON_LANDING_FIRST_IN_WORLD_DESCRIPTION">
			<Text>Sen dunyada aya inis yapan ilk kisisin.</Text>
		</Row>
		<Row Tag="LOC_MOMENT_PROJECT_FOUNDED_MOON_LANDING_FIRST_IN_WORLD_INSTANCE_DESCRIPTION">
			<Text>Bu, medeniyetimiz sayesinde bir erkek icin kucuk bir adim ve insanlik icin dev bir adim.</Text>
		</Row>
		<Row Tag="LOC_MOMENT_PROJECT_FOUNDED_OPERATION_IVY">
			<Text>Islem Ivy Tamamlandi</Text>
		</Row>
		<Row Tag="LOC_MOMENT_PROJECT_FOUNDED_OPERATION_IVY_DESCRIPTION">
			<Text>Bilim adamlariniz Ivy Operasyonunu tamamladi.</Text>
		</Row>
		<Row Tag="LOC_MOMENT_PROJECT_FOUNDED_OPERATION_IVY_INSTANCE_DESCRIPTION">
			<Text>Siradan olmayan bir klasor Ivy Operasyonunun basarisinin raporunu icerir. Fakat yeni silahlarimizin gucunu ne icerecek?</Text>
		</Row>
		<Row Tag="LOC_MOMENT_PROJECT_FOUNDED_SATELLITE_LAUNCH">
			<Text>Yorungeye Giren Uydu</Text>
		</Row>
		<Row Tag="LOC_MOMENT_PROJECT_FOUNDED_SATELLITE_LAUNCH_DESCRIPTION">
			<Text>Medeniyetinizin ilk uydusunu yorungeye firlattiniz.</Text>
		</Row>
		<Row Tag="LOC_MOMENT_PROJECT_FOUNDED_SATELLITE_LAUNCH_INSTANCE_DESCRIPTION">
			<Text>Geceleri vatandaslarimiz gokyuzunde yeni bir yildiza isaret ederler - ilk Uydumiz!</Text>
		</Row>
		<Row Tag="LOC_MOMENT_PROJECT_FOUNDED_SATELLITE_LAUNCH_FIRST_IN_WORLD">
			<Text>Yorungede Dunyanin Ilk Uydusu</Text>
		</Row>
		<Row Tag="LOC_MOMENT_PROJECT_FOUNDED_SATELLITE_LAUNCH_FIRST_IN_WORLD_DESCRIPTION">
			<Text>Dunyanin ilk uydusunu yorungeye firlattiniz.</Text>
		</Row>
		<Row Tag="LOC_MOMENT_PROJECT_FOUNDED_SATELLITE_LAUNCH_FIRST_IN_WORLD_INSTANCE_DESCRIPTION">
			<Text>Bip... bip... bip... Sinelyin</Text>
		</Row>
		<Row Tag="LOC_MOMENT_RELIGION_FOUNDED">
			<Text>Din Bulundu</Text>
		</Row>
		<Row Tag="LOC_MOMENT_RELIGION_FOUNDED_DESCRIPTION">
			<Text>Buyuk bir peygamber, halkiniza isik getiren bir din buldu.</Text>
		</Row>
		<Row Tag="LOC_MOMENT_RELIGION_FOUNDED_INSTANCE_DESCRIPTION">
			<Text>{ReligionName}, gercek kurtulus yolu! Lutfen digerlerini gormezden gelin!</Text>
		</Row>
		<Row Tag="LOC_MOMENT_RELIGION_FOUNDED_FIRST_IN_WORLD">
			<Text>Dunyanin Ilk Dinleri</Text>
		</Row>
		<Row Tag="LOC_MOMENT_RELIGION_FOUNDED_FIRST_IN_WORLD_DESCRIPTION">
			<Text>Halkiniz, dunyaya isik getiren bir Din olusturan ilk kisilerdir!</Text>
		</Row>
		<Row Tag="LOC_MOMENT_RELIGION_FOUNDED_FIRST_IN_WORLD_INSTANCE_DESCRIPTION">
			<Text>{GreatPersonIndividualName}, {RelidentName} 'i kurdugunda, dunyanin ilk Din'i, gunesin bulutlarin arasindan kirdigi ve tatli bir kokunun havayi doldurdugu soylenir.</Text>
		</Row>
		<Row Tag="LOC_MOMENT_SHIP_SUNK">
			<Text>Gemi Batti</Text>
		</Row>
		<Row Tag="LOC_MOMENT_SHIP_SUNK_DESCRIPTION">
			<Text>Savasta bir deniz birimi batti. Arkeoloji sistemi tarafindan potansiyel olarak [ICON_RESOURCE_SHIPWRECK] Gemi enkazi kaynaklarini uretmek icin kullanilir.</Text>
		</Row>
		<Row Tag="LOC_MOMENT_SPY_MAX_LEVEL">
			<Text>Usta Casus Kazanildi</Text>
		</Row>
		<Row Tag="LOC_MOMENT_SPY_MAX_LEVEL_DESCRIPTION">
			<Text>Casuslarinizdan biri maksimum tanitim seviyesine ulasti.</Text>
		</Row>
		<Row Tag="LOC_MOMENT_SPY_MAX_LEVEL_INSTANCE_DESCRIPTION">
			<Text>{UnitCitizenName} 'in dunyadaki her sehirde temaslari, giyimde kusursuz tadi ve bir motorlu tekneye donusen bir arabasi oldugunu soyluyorlar.</Text>
		</Row>
		<Row Tag="LOC_MOMENT_SPY_MAX_LEVEL_FIRST">
			<Text>Ilk Usta Casus Kazanildi</Text>
		</Row>
		<Row Tag="LOC_MOMENT_SPY_MAX_LEVEL_FIRST_DESCRIPTION">
			<Text>Ilk defa, casuslarinizdan biri maksimum tanitim seviyesine ulasti.</Text>
		</Row>
		<Row Tag="LOC_MOMENT_SPY_MAX_LEVEL_FIRST_INSTANCE_DESCRIPTION">
			<Text>Gizli bir yeralti odasinda, bir sonraki gorev baslamadan once basarili bir hizmet kariyeri icin {UnitCitizenName} 'e tesekkur ederim.</Text>
		</Row>
		<Row Tag="LOC_MOMENT_TECH_RESEARCHED_IN_ERA_FIRST">
			<Text>Yeni Donem Ilk Teknolojisi</Text>
		</Row>
		<Row Tag="LOC_MOMENT_TECH_RESEARCHED_IN_ERA_FIRST_DESCRIPTION">
			<Text>Medeniyetinizin ilk teknolojisini yeni bir kesif doneminden tamamladiniz.</Text>
		</Row>
		<Row Tag="LOC_MOMENT_TECH_RESEARCHED_IN_ERA_FIRST_INSTANCE_DESCRIPTION">
			<Text>Bircogu {PlayerEraType} 'in gercek baslangicina itiraz ediyor, ancak bunun {LOC_GRAMMAR_CIVNAME &lt;&lt; {ActingPlayerCivName}}, {TechnologyType} kesfettiginde oldugunu biliyorsun.</Text>
		</Row>
		<Row Tag="LOC_MOMENT_TECH_RESEARCHED_IN_ERA_FIRST_IN_WORLD">
			<Text>Yeni Donemin Dunyanin Ilk Teknolojisi</Text>
		</Row>
		<Row Tag="LOC_MOMENT_TECH_RESEARCHED_IN_ERA_FIRST_IN_WORLD_DESCRIPTION">
			<Text>Dunyanin ilk teknolojisini yeni bir kesif doneminden tamamladiniz.</Text>
		</Row>
		<Row Tag="LOC_MOMENT_TECH_RESEARCHED_IN_ERA_FIRST_IN_WORLD_INSTANCE_DESCRIPTION">
			<Text>{LOC_GRAMMAR_CIVNAME &lt;&lt; {ActingPlayerCivName}} 'de {TechnologyType}' in kesfi, {PlayerEraType} 'ta gelecekteki kesifler icin dunya sahnesini belirler!</Text>
		</Row>
		<Row Tag="LOC_MOMENT_TRADING_POST_CONSTRUCTED_IN_OTHER_CIV">
			<Text>Yeni Uygarlikta Kurulan Ticaret Merkezi</Text>
		</Row>
		<Row Tag="LOC_MOMENT_TRADING_POST_CONSTRUCTED_IN_OTHER_CIV_DESCRIPTION">
			<Text>Bu medeniyette ilk [ICON_TradingPost] Ticaret Postanizi olusturdunuz ve yeni pazarlara erisim sagladiniz.</Text>
		</Row>
		<Row Tag="LOC_MOMENT_TRADING_POST_CONSTRUCTED_IN_OTHER_CIV_INSTANCE_DESCRIPTION">
			<Text>Tozlu ve yorgun, ancak pazarlik etmeye istekli olan tuccarlar, {TargetPlayerCivName}.</Text>
		</Row>
		<Row Tag="LOC_MOMENT_TRADING_POST_CONSTRUCTED_IN_EVERY_CIV">
			<Text>Tum Uygarliklarda Ticaret Mesajlari</Text>
		</Row>
		<Row Tag="LOC_MOMENT_TRADING_POST_CONSTRUCTED_IN_EVERY_CIV_DESCRIPTION">
			<Text>Tum medeniyetlerde bir [ICON_TradingPost] Ticaret Merkezi kurdunuz.</Text>
		</Row>
		<Row Tag="LOC_MOMENT_TRADING_POST_CONSTRUCTED_IN_EVERY_CIV_INSTANCE_DESCRIPTION">
			<Text>Ticaret agimiz {CityName} 'de Ticaret Postasinin acilmasindan sonra dunyayi kapsiyor.</Text>
		</Row>
		<Row Tag="LOC_MOMENT_TRADING_POST_CONSTRUCTED_IN_EVERY_CIV_FIRST_IN_WORLD">
			<Text>Tum Uygarliklarda Ilk Ticaret Mesajlari</Text>
		</Row>
		<Row Tag="LOC_MOMENT_TRADING_POST_CONSTRUCTED_IN_EVERY_CIV_FIRST_IN_WORLD_DESCRIPTION">
			<Text>Tum Uygarliklarda Ilk Ticaret Mesajlari...</Text>
		</Row>
		<Row Tag="LOC_MOMENT_TRADING_POST_CONSTRUCTED_IN_EVERY_CIV_FIRST_IN_WORLD_INSTANCE_DESCRIPTION">
			<Text>Tuccarlar ve bankacilar Ticaret sehri'ni {CityName} 'de acarken tezahurat yapiyor. Dunyadaki her medeniyette ilk islem yapan biziz!</Text>
		</Row>
		<Row Tag="LOC_MOMENT_UNIT_CREATED_FIRST_DOMAIN_AIR">
			<Text>Ucak Aliniyor</Text>
		</Row>
		<Row Tag="LOC_MOMENT_UNIT_CREATED_FIRST_DOMAIN_AIR_DESCRIPTION">
			<Text>Ilk ucan unitene sahipsin. Insanlar, bunun gerektirdigi yeni olasiliklarda sevinirler.</Text>
		</Row>
		<Row Tag="LOC_MOMENT_UNIT_CREATED_FIRST_DOMAIN_AIR_INSTANCE_DESCRIPTION">
			<Text>{LOC_GRAMMAR_CIVNAME &lt;&lt; {ActingPlayerCivName}} ogesinin {UnitType} degeri yukseldi ve hemen sevinmedi.</Text>
		</Row>
		<Row Tag="LOC_MOMENT_UNIT_CREATED_FIRST_DOMAIN_AIR_IN_WORLD">
			<Text>Dunyanin Ilk Ucusu</Text>
		</Row>
		<Row Tag="LOC_MOMENT_UNIT_CREATED_FIRST_DOMAIN_AIR_IN_WORLD_DESCRIPTION">
			<Text>Dunyanin ilk ucan unitesine sahipsin! Insanlar, bunun gerektirdigi yeni olasiliklarda sevinirler.</Text>
		</Row>
		<Row Tag="LOC_MOMENT_UNIT_CREATED_FIRST_DOMAIN_AIR_IN_WORLD_INSTANCE_DESCRIPTION">
			<Text>Insanlik ilk kez ucus hayalini gerceklestirdi; {LOC_GRAMMAR_CIVNAME &lt;&lt; {ActingPlayerCivName}} 'in {UnitType}' i gokyuzune goturdu.</Text>
		</Row>
		<Row Tag="LOC_MOMENT_UNIT_CREATED_FIRST_DOMAIN_SEA">
			<Text>Dalgalar uzerinde</Text>
		</Row>
		<Row Tag="LOC_MOMENT_UNIT_CREATED_FIRST_DOMAIN_SEA_DESCRIPTION">
			<Text>Ilk denizcilik birimine sahipsin. Ufukta bir olasilik dunyasi bekliyor.</Text>
		</Row>
		<Row Tag="LOC_MOMENT_UNIT_CREATED_FIRST_DOMAIN_SEA_INSTANCE_DESCRIPTION">
			<Text>{LOC_GRAMMAR_CIVNAME &lt;&lt; {ActingPlayerCivName}} 'den {UnitType} ekibi, ilk deniz seyahatinden sonra denizci ipligini icat etti.</Text>
		</Row>
		<Row Tag="LOC_MOMENT_UNIT_CREATED_FIRST_DOMAIN_SEA_IN_WORLD">
			<Text>Dunyanin Ilk Denizciligi</Text>
		</Row>
		<Row Tag="LOC_MOMENT_UNIT_CREATED_FIRST_DOMAIN_SEA_IN_WORLD_DESCRIPTION">
			<Text>Dunyanin ilk denizcilik unitesine sahipsin! Ufukta bir olasilik dunyasi bekliyor.</Text>
		</Row>
		<Row Tag="LOC_MOMENT_UNIT_CREATED_FIRST_DOMAIN_SEA_IN_WORLD_INSTANCE_DESCRIPTION">
			<Text>Yeni maceralar icin duyurulan {LOC_GRAMMAR_CIVNAME &lt;&lt; {ActingPlayerCivName}} adli {UnitType}, dunyada denizleri gezen ilk kisidir.</Text>
		</Row>
		<Row Tag="LOC_MOMENT_UNIT_CREATED_FIRST_REQUIRING_STRATEGIC">
			<Text>Stratejik Kaynak Potansiyeli Acildi</Text>
		</Row>
		<Row Tag="LOC_MOMENT_UNIT_CREATED_FIRST_REQUIRING_STRATEGIC_DESCRIPTION">
			<Text>Bu stratejik kaynagi kullanan ilk birime sahipsin.</Text>
		</Row>
		<Row Tag="LOC_MOMENT_UNIT_CREATED_FIRST_REQUIRING_STRATEGIC_INSTANCE_DESCRIPTION">
			<Text>Kuskucular sorabilir: "Ne iyi {ResourceType : plural 1?is; other?are;} {ResourceType}?" Ama simdi biliyoruz ki {ResourceType : plural 1?it is; other?they are;} {UnitType} icin zorlu bir silah.</Text>
		</Row>
		<Row Tag="LOC_MOMENT_UNIT_CREATED_FIRST_REQUIRING_STRATEGIC_IN_WORLD">
			<Text>Dunyanin Ilk Stratejik Kaynak Potansiyeli Aciga cikti</Text>
		</Row>
		<Row Tag="LOC_MOMENT_UNIT_CREATED_FIRST_REQUIRING_STRATEGIC_IN_WORLD_DESCRIPTION">
			<Text>Bu stratejik kaynagi kullanarak bir birime sahip olan dunyanin ilk uygarligisin.</Text>
		</Row>
		<Row Tag="LOC_MOMENT_UNIT_CREATED_FIRST_REQUIRING_STRATEGIC_IN_WORLD_INSTANCE_DESCRIPTION">
			<Text>once, {ResourceType} {ResourceType : plural 1?was; other?were;} Sadece alimlerin meraki. simdi bizim {UnitType} kalkanlarimiz {ResourceType : plural 1?it; other?them;} dunyada ilk defa bir silah olarak.</Text>
		</Row>
		<Row Tag="LOC_MOMENT_UNIT_CREATED_FIRST_UNIQUE">
			<Text>Essiz Birlik Yuruyusleri</Text>
		</Row>
		<Row Tag="LOC_MOMENT_UNIT_CREATED_FIRST_UNIQUE_DESCRIPTION">
			<Text>Bu essiz uniteyi ilk kez egitdiniz, size savas alaninda avantaj sagladi.</Text>
		</Row>
		<Row Tag="LOC_MOMENT_UNIT_CREATED_FIRST_UNIQUE_INSTANCE_DESCRIPTION">
			<Text>Kime ancak {LOC_GRAMMAR_CIVNAME &lt;&lt; {ActingPlayerCivName}} olusturabilirdi {UnitType}? Ve kim muhtemelen buna karsi koyabilir?</Text>
		</Row>
		<Row Tag="LOC_MOMENT_UNIT_HIGH_LEVEL">
			<Text>Ayrimla Tanitilan Birim</Text>
		</Row>
		<Row Tag="LOC_MOMENT_UNIT_HIGH_LEVEL_DESCRIPTION">
			<Text>Birimlerinizden biri dorduncu terfi seviyesine ulasti.</Text>
		</Row>
		<Row Tag="LOC_MOMENT_UNIT_HIGH_LEVEL_INSTANCE_DESCRIPTION">
			<Text>Vatandaslarimiz {UnitType} 'imizin en yeni zaferini kutlamak icin throngs'a cikiyor!</Text>
		</Row>
		<Row Tag="LOC_MOMENT_UNIT_HIGH_LEVEL_FIRST">
			<Text>Ayrimla Tanitilan Ilk Birim</Text>
		</Row>
		<Row Tag="LOC_MOMENT_UNIT_HIGH_LEVEL_FIRST_DESCRIPTION">
			<Text>Ilk defa, birimlerinizden biri dorduncu terfi seviyesine ulasti.</Text>
		</Row>
		<Row Tag="LOC_MOMENT_UNIT_HIGH_LEVEL_FIRST_INSTANCE_DESCRIPTION">
			<Text>Tum askeri guclerimiz arasinda bu {UnitType} en unlusudur. Henuz hicbiri savasta cok fazla zafer kazanamadi.</Text>
		</Row>
		<Row Tag="LOC_MOMENT_UNIT_KILLED_ASSISTED_BY_ADMIRAL">
			<Text>Amiral Dusmani Yendi</Text>
		</Row>
		<Row Tag="LOC_MOMENT_UNIT_KILLED_ASSISTED_BY_ADMIRAL_DESCRIPTION">
			<Text>[ICON_GreatAdmiral] Buyuk Amirallerinizden biri, ilk muzaffer saldirilarini bir dusman birligine karsi yonetti.</Text>
		</Row>
		<Row Tag="LOC_MOMENT_UNIT_KILLED_ASSISTED_BY_ADMIRAL_INSTANCE_DESCRIPTION">
			<Text>{GreatPersonIndividualName}, dusman gemileri okyanusun derinliklerine battigindan, guverte uzerinde durup durur.</Text>
		</Row>
		<Row Tag="LOC_MOMENT_UNIT_KILLED_ASSISTED_BY_GENERAL">
			<Text>General Dusmani Yendi</Text>
		</Row>
		<Row Tag="LOC_MOMENT_UNIT_KILLED_ASSISTED_BY_GENERAL_DESCRIPTION">
			<Text>[ICON_GreatGeneral] Buyuk Generallerinizden biri, ilk muzaffer saldirilarini dusman birligine karsi yonetti.</Text>
		</Row>
		<Row Tag="LOC_MOMENT_UNIT_KILLED_ASSISTED_BY_GENERAL_INSTANCE_DESCRIPTION">
			<Text>{GreatPersonIndividualName}, askerlerin carpici bir zaferden sonra gecit torenine liderlik etmesini sagliyor.</Text>
		</Row>
		<Row Tag="LOC_MOMENT_UNIT_KILLED_UNDERDOG_MILITARY_FORMATION">
			<Text>Dusman Olusumu Yenildi</Text>
		</Row>
		<Row Tag="LOC_MOMENT_UNIT_KILLED_UNDERDOG_MILITARY_FORMATION_DESCRIPTION">
			<Text>Birimlerinden biri, ustun bir askeri formasyona sahip bir dusman birimini yendi.</Text>
		</Row>
		<Row Tag="LOC_MOMENT_UNIT_KILLED_UNDERDOG_MILITARY_FORMATION_INSTANCE_DESCRIPTION">
			<Text>cok sayida sayica fazla olmasina ragmen, {UnitType} urunumuz gunu kazandi!</Text>
		</Row>
		<Row Tag="LOC_MOMENT_UNIT_KILLED_UNDERDOG_PROMOTIONS">
			<Text>Dusman Emektari Yenildi</Text>
		</Row>
		<Row Tag="LOC_MOMENT_UNIT_KILLED_UNDERDOG_PROMOTIONS_DESCRIPTION">
			<Text>Birimlerinizden biri, en az 2 promosyonu olan bir dusman birimini maglup etti.</Text>
		</Row>
		<Row Tag="LOC_MOMENT_UNIT_KILLED_UNDERDOG_PROMOTIONS_INSTANCE_DESCRIPTION">
			<Text>Bizim {UnitType} usta bir dusmanin savas standartlarini yakaladi!</Text>
		</Row>
		<Row Tag="LOC_MOMENT_WAR_DECLARED_USING_CASUS_BELLI">
			<Text>Savas Nedeni</Text>
		</Row>
		<Row Tag="LOC_MOMENT_WAR_DECLARED_USING_CASUS_BELLI_DESCRIPTION">
			<Text>Baska bir medeniyete savas yapmak icin bir Casus Belli kullandiniz.</Text>
		</Row>
		<Row Tag="LOC_MOMENT_WAR_DECLARED_USING_CASUS_BELLI_INSTANCE_DESCRIPTION">
			<Text>Dunya, {TargetTlayerCivName} 'e karsi {WarType}' imizin hakli oldugunu kabul eder.</Text>
		</Row>
		<Row Tag="LOC_MOMENT_WORLD_CIRCUMNAVIGATED">
			<Text>Dunyanin cevresi Dolasildi</Text>
		</Row>
		<Row Tag="LOC_MOMENT_WORLD_CIRCUMNAVIGATED_DESCRIPTION">
			<Text>Medeniyetiniz haritanin her dikey cizgisinde bir petek ortaya cikardi. Bu, yolun basladigi yerde bitmiyor olsa bile, dunya capinda bir yol olusturur.</Text>
		</Row>
		<Row Tag="LOC_MOMENT_WORLD_CIRCUMNAVIGATED_INSTANCE_DESCRIPTION">
			<Text>Daha once cok az kisinin gittigi noktadan sonra, {LOC_GRAMMAR_CIVNAME &lt;&lt; {ActingPlayerCivName}} dunyayi dolasiyor.</Text>
		</Row>
		<Row Tag="LOC_MOMENT_WORLD_CIRCUMNAVIGATED_FIRST_IN_WORLD">
			<Text>Dunyanin Ilk cevresi</Text>
		</Row>
		<Row Tag="LOC_MOMENT_WORLD_CIRCUMNAVIGATED_FIRST_IN_WORLD_DESCRIPTION">
			<Text>Haritanin her dikey cizgisinde bir kiremit ortaya cikaran ilk medeniyetinizdir. Bu, yolun basladigi yerde bitmiyor olsa bile, dunya capinda bir yol olusturur.</Text>
		</Row>
		<Row Tag="LOC_MOMENT_WORLD_CIRCUMNAVIGATED_FIRST_IN_WORLD_INSTANCE_DESCRIPTION">
			<Text>{LOC_GRAMMAR_CIVNAME &lt;&lt; {ActingPlayerCivName}}, dunyanin ilk cevre incelemesini tamamladi!</Text>
		</Row>
		<!--Moment Data-->
		<Row Tag="LOC_MOMENT_DATA_BELIEF">
			<Text>Inanis</Text>
		</Row>
		<Row Tag="LOC_MOMENT_DATA_BUILDING">
			<Text>Bina</Text>
		</Row>
		<Row Tag="LOC_MOMENT_DATA_CITY_STATE_PLAYER">
			<Text>Sehir-Devleti Oyuncusu</Text>
		</Row>
		<Row Tag="LOC_MOMENT_DATA_CIVIC">
			<Text>Belediye</Text>
		</Row>
		<Row Tag="LOC_MOMENT_DATA_CONTINENT">
			<Text>Avrupa Kitasi</Text>
		</Row>
		<Row Tag="LOC_MOMENT_DATA_DISTRICT">
			<Text>Ilce</Text>
		</Row>
		<Row Tag="LOC_MOMENT_DATA_EMERGENCY">
			<Text>Acil Durum</Text>
		</Row>
		<Row Tag="LOC_MOMENT_DATA_FEATURE">
			<Text>ozellik</Text>
		</Row>
		<Row Tag="LOC_MOMENT_DATA_GOVERNMENT">
			<Text>Hukumet</Text>
		</Row>
		<Row Tag="LOC_MOMENT_DATA_GOVERNOR">
			<Text>Vali</Text>
		</Row>
		<Row Tag="LOC_MOMENT_DATA_GREAT_PERSON_INDIVIDUAL">
			<Text>Buyuk Kisi Bireysel</Text>
		</Row>
		<Row Tag="LOC_MOMENT_DATA_GREAT_WORK">
			<Text>Harika is</Text>
		</Row>
		<Row Tag="LOC_MOMENT_DATA_IMPROVEMENT">
			<Text>Gelisme iyilesme</Text>
		</Row>
		<Row Tag="LOC_MOMENT_DATA_OLD_RELIGION">
			<Text>Eski Din</Text>
		</Row>
		<Row Tag="LOC_MOMENT_DATA_PLAYER_ERA">
			<Text>Oyuncu Era</Text>
		</Row>
		<Row Tag="LOC_MOMENT_DATA_PROJECT">
			<Text>Proje</Text>
		</Row>
		<Row Tag="LOC_MOMENT_DATA_RELIGION">
			<Text>Din</Text>
		</Row>
		<Row Tag="LOC_MOMENT_DATA_RESOURCE">
			<Text>Kaynak</Text>
		</Row>
		<Row Tag="LOC_MOMENT_DATA_TARGET_PLAYER">
			<Text>Hedef Oyuncu</Text>
		</Row>
		<Row Tag="LOC_MOMENT_DATA_TARGET_PLAYER_ERA">
			<Text>Hedef Oyuncu Era</Text>
		</Row>
		<Row Tag="LOC_MOMENT_DATA_TECHNOLOGY">
			<Text>Teknoloji</Text>
		</Row>
		<Row Tag="LOC_MOMENT_DATA_UNIT">
			<Text>Birim</Text>
		</Row>
		<Row Tag="LOC_MOMENT_DATA_WAR">
			<Text>Savas</Text>
		</Row>
		<!-- Types of war (so we can specify in moment text) -->
		<Row Tag="LOC_MOMENT_DATA_WAR_SURPRISE_WAR">
			<Text>Supriz Savas</Text>
		</Row>
		<Row Tag="LOC_MOMENT_DATA_WAR_FORMAL_WAR">
			<Text>Bicimsel Savas</Text>
		</Row>
		<Row Tag="LOC_MOMENT_DATA_WAR_HOLY_WAR">
			<Text>Kutsal Savas</Text>
		</Row>
		<Row Tag="LOC_MOMENT_DATA_WAR_RECONQUEST_WAR">
			<Text>Yeniden Fetih Savasi</Text>
		</Row>
		<Row Tag="LOC_MOMENT_DATA_WAR_LIBERATION_WAR">
			<Text>Kurtulus Savasi</Text>
		</Row>
		<Row Tag="LOC_MOMENT_DATA_WAR_DEFENSIVE_PACT">
			<Text>Savunma Pakti</Text>
		</Row>
		<Row Tag="LOC_MOMENT_DATA_WAR_JOINT_WAR">
			<Text>Ortak Savas</Text>
		</Row>
		<Row Tag="LOC_MOMENT_DATA_WAR_SUZERAIN_WAR">
			<Text>Hukumdar Savasi</Text>
		</Row>
		<Row Tag="LOC_MOMENT_DATA_WAR_PROTECTORATE_WAR">
			<Text>Koruyucu Savasi</Text>
		</Row>
		<Row Tag="LOC_MOMENT_DATA_WAR_COLONIAL_WAR">
			<Text>Somurge Savasi</Text>
		</Row>
		<Row Tag="LOC_MOMENT_DATA_WAR_TERRITORIAL_WAR">
			<Text>Bolgesel Genisleme Savasi</Text>
		</Row>
		<Row Tag="LOC_MOMENT_DATA_WAR_GOLDEN_AGE_WAR">
			<Text>Altin Cag Savasi</Text>
		</Row>
		<Row Tag="LOC_MOMENT_DATA_WAR_EMERGENCY_WAR">
			<Text>Acil Durum Savasi</Text>
		</Row>
		<Row Tag="LOC_MOMENT_DATA_WAR_WAR_OF_RETRIBUTION">
			<Text>intikam Savasi</Text>
		</Row>
		<Row Tag="LOC_MOMENT_DATA_WAR_IDEOLOGICAL_WAR">
			<Text>ideoloji Savasi</Text>
		</Row>
		<!--Moment Categories and Bonuses-->
		<Row Tag="LOC_MOMENT_CATEGORY_AERONAUTICAL">
			<Text>GOKYUZU VE YILDIZLAR</Text>
		</Row>
		<Row Tag="LOC_MOMENT_CATEGORY_AERONAUTICAL_BONUS_GOLDEN_AGE">
			<Text>GOKYUZU VE YILDIZLAR ALTIN CAGI:[NEWLINE]Atom cagindaysa, Gelismis Ucus, Nukleer Fisyon ve Roket icin [ICON_TechBoosted] Eurekas'in kilidini acar. Bilgi caginda, Uydular icin Eurekas, Robotik, Nukleer Fuzyon ve Nanoteknolojinin kilidi acilmissa. Tum Hava Birimleri icin +%100 XP kazandi.</Text>
		</Row>
		<Row Tag="LOC_MOMENT_CATEGORY_AERONAUTICAL_BONUS_NORMAL_AGE">
			<Text>GOKYUZU VE YILDIZLAR ADANMA BONUSU:[NEWLINE]Olusturulan her bir Havaalani binasi icin +1 Era Puani kazanin. [ICON_GreatPerson] Buyuk Bir Kisi Kazanildiginda her seferinde +1 Era Puani kazanin.</Text>
		</Row>
		<Row Tag="LOC_MOMENT_CATEGORY_AERONAUTICAL_BONUS_DARK_AGE">
			<Text>GOKYUZU VE YILDIZLAR ADANMA BONUSU:[NEWLINE]Olusturulan her bir Havaalani binasi icin +1 Era Puani kazanin. [ICON_GreatPerson] Buyuk Bir Kisi Kazanildiginda her seferinde +1 Era Puani kazanin.</Text>
		</Row>
		<Row Tag="LOC_MOMENT_CATEGORY_CULTURAL">
			<Text>KALEM, FIRCA VE SES</Text>
		</Row>
		<Row Tag="LOC_MOMENT_CATEGORY_CULTURAL_BONUS_GOLDEN_AGE">
			<Text>KALEM, FIRCA VE SESLi ALTIN CAG:[NEWLINE][ICON_CivicBoosted] ilhamlar, ek ucretlerin %10'unu da veriyor. Her sehir her uzmanlik bolgesi icin +1 [ICON_Culture] Kultur alir.</Text>
		</Row>
		<Row Tag="LOC_MOMENT_CATEGORY_CULTURAL_BONUS_NORMAL_AGE">
			<Text>KALEM, FIRCA VE SES ADANMA BONUSU: [NEWLINE] ICON_CivicBoosted] ilham almayi her tetiklediginizde +1 Era Puani kazanin. Buyuk calisma Yuvasi olan bir binanin insasi icin +1 Era Skoru.</Text>
		</Row>
		<Row Tag="LOC_MOMENT_CATEGORY_CULTURAL_BONUS_DARK_AGE">
			<Text>KALEM, FIRCA VE SES ADANMA BONUSU:[NEWLINE][ICON_CivicBoosted] ilham almayi her tetiklediginizde +1 Era Puani kazanin. Buyuk calisma Yuvasi olan bir binanin insasi icin +1 Era Skoru.</Text>
		</Row>
		<Row Tag="LOC_MOMENT_CATEGORY_ECONOMIC">
			<Text>PARA BASMA REFORMU</Text>
		</Row>
		<Row Tag="LOC_MOMENT_CATEGORY_ECONOMIC_BONUS_GOLDEN_AGE">
			<Text>PARA BASMA ALTIN CAG REFORMU:[NEWLINE]Yatirimcilariniz yagmalanamaz. Uluslararasi [ICON_TradeRoute] Ticaret Yollari, yabanci sehirdeki uzmanlik bolgesi basina +3 [ICON_Gold] Altin saglar.</Text>
		</Row>
		<Row Tag="LOC_MOMENT_CATEGORY_ECONOMIC_BONUS_NORMAL_AGE">
			<Text>PARA BASMA REFORMU ADANMA BONUSU:[NEWLINE][ICON_TradeRoute] Ticaret Rotasini basariyla tamamladiginizda +1 Era Puani kazanin.</Text>
		</Row>
		<Row Tag="LOC_MOMENT_CATEGORY_ECONOMIC_BONUS_DARK_AGE">
			<Text>PARA BASMA REFORMU ADANMA BONUSU:[NEWLINE][ICON_TradeRoute] Ticaret Rotasini basariyla tamamladiginizda +1 Era Puani kazanin.</Text>
		</Row>
		<Row Tag="LOC_MOMENT_CATEGORY_ESPIONAGE">
			<Text>YALANLARIN KORUNMASI</Text>
		</Row>
		<Row Tag="LOC_MOMENT_CATEGORY_ESPIONAGE_BONUS_GOLDEN_AGE">
			<Text>YALANLARIN KORUNMASI ALTIN CAGI:[NEWLINE]Dusman bir sehirde varligini surdurebilmek icin zaman ayirmaz. Tum saldiri gorevlerini tamamlama zamani %25 azaldi.</Text>
		</Row>
		<Row Tag="LOC_MOMENT_CATEGORY_ESPIONAGE_BONUS_NORMAL_AGE">
			<Text>YALANLARIN KORUNMASI BONUSU:[NEWLINE]Her basarili hucum casus operasyonu icin +1 Era Skoru kazanin.</Text>
		</Row>
		<Row Tag="LOC_MOMENT_CATEGORY_ESPIONAGE_BONUS_DARK_AGE">
			<Text>YALANLARIN KORUNMASI BONUSU:[NEWLINE]Her basarili hucum casus operasyonu icin +1 Era Skoru kazanin.</Text>
		</Row>
		<Row Tag="LOC_MOMENT_CATEGORY_EXPLORATION">
			<Text>ACIMASIZLAR</Text>
		</Row>
		<Row Tag="LOC_MOMENT_CATEGORY_EXPLORATION_BONUS_GOLDEN_AGE">
			<Text>ACIMASIZLARIN ALTIN CAGI:[NEWLINE]+3 baslangic [ICON_Citizen] Ilk sehrinizden farkli bir kitaya yerlesen sehirler icin nufus. +2 [ICON_Movement] Deniz ve birlesmis birimler icin hareket. ozgun [ICON_Capital] Baskent’in kitasinda olmayan sehirler icin tur basina +2 sadakat.</Text>
		</Row>
		<Row Tag="LOC_MOMENT_CATEGORY_EXPLORATION_BONUS_NORMAL_AGE">
			<Text>ACIMASIZLARIN ADANMA BONUSU:[NEWLINE]Yeni bir Kita ya da doga harikasini her kesfettiginizde +3 Era Puani kazanin. Bir Barbar olmayan deniz birligini savasta her oldurdugunuzde +1 Era Skoru kazanin.</Text>
		</Row>
		<Row Tag="LOC_MOMENT_CATEGORY_EXPLORATION_BONUS_DARK_AGE">
			<Text>ACIMASIZLARIN ADANMA BONUSU:[NEWLINE]Yeni bir Kita ya da doga harikasini her kesfettiginizde +3 Era Puani kazanin. Bir Barbar olmayan deniz birligini savasta her oldurdugunuzde +1 Era Skoru kazanin.</Text>
		</Row>
		<Row Tag="LOC_MOMENT_CATEGORY_INDUSTRIAL">
			<Text>BUHAR'IN KALP ATISI</Text>
		</Row>
		<Row Tag="LOC_MOMENT_CATEGORY_INDUSTRIAL_BONUS_GOLDEN_AGE">
			<Text>BUHAR'IN KALP ATISI ALTIN CAGI:[NEWLINE]+%10 [ICON_Production] Endustri cagina dogru uretim ve daha sonra harikalar. Kampus bolgesinin [ICON_SCIENCE] Bilim komsu bonusu [ICON_PRODUCTION] uretim de saglar.</Text>
		</Row>
		<Row Tag="LOC_MOMENT_CATEGORY_INDUSTRIAL_BONUS_NORMAL_AGE">
			<Text>BUHAR'IN KALP ATISI ADANMA BONUSU:[NEWLINE]Insa edilen her bir Endustri veya daha sonraki bina icin +1 Era Skoru kazanin.</Text>
		</Row>
		<Row Tag="LOC_MOMENT_CATEGORY_INDUSTRIAL_BONUS_DARK_AGE">
			<Text>BUHAR'IN KALP ATISI ADANMA BONUSU:[NEWLINE]Insa edilen her bir Endustri veya daha sonraki bina icin +1 Era Skoru kazanin.</Text>
		</Row>
		<Row Tag="LOC_MOMENT_CATEGORY_INFRASTRUCTURE">
			<Text>ANITSALLIK</Text>
		</Row>
		<Row Tag="LOC_MOMENT_CATEGORY_INFRASTRUCTURE_BONUS_GOLDEN_AGE">
			<Text>ANITSALLIK ALTIN CAGI:[NEWLINE]+2 [ICON_Movement] Tum insaatcilar icin hareket. [ICON_Faith] Inanc ile sivil birimler alabilir. Insaatcilar ve Yerlesimciler [ICON_FAITH] Inanc ve [ICON_GOLD] Altin ile satin almak% 30 daha ucuzdur.</Text>
		</Row>
		<Row Tag="LOC_MOMENT_CATEGORY_INFRASTRUCTURE_BONUS_NORMAL_AGE">
			<Text>ANITSALLIK ADANMA BONUSU:[NEWLINE]Yeni bir uzmanlik bolgesi olusturdugunuzda +1 Era Puani kazanin.</Text>
		</Row>
		<Row Tag="LOC_MOMENT_CATEGORY_INFRASTRUCTURE_BONUS_DARK_AGE">
			<Text>ANITSALLIK ADANMA BONUSU:[NEWLINE]Yeni bir uzmanlik bolgesi olusturdugunuzda +1 Era Puani kazanin.</Text>
		</Row>
		<Row Tag="LOC_MOMENT_CATEGORY_MILITARY">
			<Text>SiLAHLARA!</Text>
		</Row>
		<Row Tag="LOC_MOMENT_CATEGORY_MILITARY_BONUS_GOLDEN_AGE">
			<Text>SiLAHLARA! ALTIN CAGI:[NEWLINE]Resmi savastan %75 daha az sicak ceza veren ve hedefi kapattiktan hemen sonra kullanilabilecek ozel bir Casus Belli'nin kilidini acin. +%15 [ICON_Production] Askeri birimlere yonelik uretim.</Text>
		</Row>
		<Row Tag="LOC_MOMENT_CATEGORY_MILITARY_BONUS_NORMAL_AGE">
			<Text>SiLAHLARA! ADANMA BONUSU:[NEWLINE]Savasta bir Barbar olmayan Orduyu her oldurdugunuzde +1 Era Skoru ve Savasta bir Barbar Ordusunu her oldurdugunuzde +2 Era Puani kazanin.</Text>
		</Row>
		<Row Tag="LOC_MOMENT_CATEGORY_MILITARY_BONUS_DARK_AGE">
			<Text>SiLAHLARA! ADANMA BONUSU:[NEWLINE]Savasta bir Barbar olmayan Orduyu her oldurdugunuzde +1 Era Skoru ve Savasta bir Barbar Ordusunu her oldurdugunuzde +2 Era Puani kazanin.</Text>
		</Row>
		<Row Tag="LOC_MOMENT_CATEGORY_RELIGIOUS">
			<Text>BULUSLARIN CIKISI</Text>
		</Row>
		<Row Tag="LOC_MOMENT_CATEGORY_RELIGIOUS_BONUS_GOLDEN_AGE">
			<Text>BULUSLARIN CIKISI ALTIN CAGI:[NEWLINE]+2 [ICON_Movement] Tum Misyonerler, Havariler ve Engelleniciler Icin Hareket. Ek olarak, yeni egitilmisler +2 ucret alir. +4 [ICON_GreatProphet] Tur Basina Buyuk Peygamber Puanlari.</Text>
		</Row>
		<Row Tag="LOC_MOMENT_CATEGORY_RELIGIOUS_BONUS_NORMAL_AGE">
			<Text>BULUSLARIN CIKISI ADANMA BONUSU :[NEWLINE]Bir sehri ilk kez kurdugunuz Din'e donusturdugunuz her seferde +2 Era Puani kazanin.</Text>
		</Row>
		<Row Tag="LOC_MOMENT_CATEGORY_RELIGIOUS_BONUS_DARK_AGE">
			<Text>BULUSLARIN CKISI ADANMA BONUSU:[NEWLINE]Bir sehri ilk kez kurdugunuz Din'e donusturdugunuz her defasinda +2 Era Puani kazanin.</Text>
		</Row>
		<Row Tag="LOC_MOMENT_CATEGORY_SCIENTIFIC">
			<Text>UCRETSIZ SORGULAMA</Text>
		</Row>
		<Row Tag="LOC_MOMENT_CATEGORY_SCIENTIFIC_BONUS_GOLDEN_AGE">
			<Text>UCRETSIZ SORGULAMA ALTIN CAGI:[NEWLINE][ICON_TechBoosted] Bulus, ek bir %10 teknoloji maliyeti sagliyor. Ticaret Merkezi ve Liman bolgesinin [ICON_GOLD] Altin bitisiklik bonusu [ICON_Science] Bilim de saglar.</Text>
		</Row>
		<Row Tag="LOC_MOMENT_CATEGORY_SCIENTIFIC_BONUS_NORMAL_AGE">
			<Text>UCRETSIZ SORGULAMA ADANMA BONUSU:[NEWLINE][ICON_TechBoosted] Bulus'u her tetiklediginizde +1 Era Skoru kazanin. +1 Donemi Bilim, temel verim olarak saglayan bir bina insa icin puan.</Text>
		</Row>
		<Row Tag="LOC_MOMENT_CATEGORY_SCIENTIFIC_BONUS_DARK_AGE">
			<Text>UCRETSIZ SORGULAMA ADANMA BONUSU:[NEWLINE][ICON_TechBoosted] Bulus'u her tetiklediginizde +1 Era Skoru kazanin. +1 Donemi Bilim, temel verim olarak saglayan bir bina insa icin puan.</Text>
		</Row>
		<Row Tag="LOC_MOMENT_CATEGORY_TOURISM">
			<Text>KESKE BURADA OLSAN</Text>
		</Row>
		<Row Tag="LOC_MOMENT_CATEGORY_TOURISM_BONUS_GOLDEN_AGE">
			<Text>KESKE BURADA OLSAN ALTIN CAGI:[NEWLINE][ICON_Governor] Valili bulunan sehirler, Valiler +%50 [ICON_Tourism] Dunya Harikalari'ndan Turizm aldi. +%100 [ICON_Tourism] Butun Milli Parklara Turizm.</Text>
		</Row>
		<Row Tag="LOC_MOMENT_CATEGORY_TOURISM_BONUS_NORMAL_AGE">
			<Text>KESKE BURADA OLSAN ADANMA BONUSU:[NEWLINE]+1 Era Kazanc Alinan her bir urunu puanlayin.</Text>
		</Row>
		<Row Tag="LOC_MOMENT_CATEGORY_TOURISM_BONUS_DARK_AGE">
			<Text>KESKE BURADA OLSAN ADANMA BONUSU:[NEWLINE]+1 Era Kazanc Alinan her bir urunu puanlayin.</Text>
		</Row>
		<Row Tag="LOC_MOMENT_NO_MOMENTS_TO_SHOW">
			<Text>MEDENiYETiNiZ HENUZ TARiHi ANLAR YASAMAMISTIR.</Text>
		</Row>
	</EnglishText>
</GameData>
