﻿<?xml version="1.0" encoding="utf-8"?>
<GameData>
	<EnglishText>
		<!-- Natural Wonders -->
		<Row Tag="LOC_FEATURE_DELICATE_ARCH_NAME">
			<Text>Hassas Kemer</Text>
		</Row>
		<Row Tag="LOC_FEATURE_DELICATE_ARCH_DESCRIPTION">
			<Text>Bir kiremit geçilmez doğal harikası. Bitişik fayanslara +2 [ICON_FAITH] İnanç ve +1 [ICON_GOLD] Altın sağlar.</Text>
		</Row>
		<Row Tag="LOC_FEATURE_DELICATE_ARCH_QUOTE">
			<Text>"Hassas Kemerli'nin yalan söyleyebileceği bir önemi varsa, duyuları şaşırtmak ve alışkanlık alışkanlıklarından zihni şaşırtmak için garip ve beklenmedik bir güçle girişimde bulunacağım."[NEWLINE]–Edward Abbey</Text>
		</Row>
		<Row Tag="LOC_FEATURE_EYE_OF_THE_SAHARA_NAME">
			<Text>Sahara'nın Gözü</Text>
		</Row>
		<Row Tag="LOC_FEATURE_EYE_OF_THE_SAHARA_DESCRIPTION">
			<Text>Üç çini doğal harikası. +1 [ICON_PRODUCTION] Prodüksiyonu sağlar. Oyun Atomik Çağ'a ulaştıktan sonra ilave bir +1 [ICON_PRODUCTION] Üretim ve +3 [ICON_SCIENCE] Bilim sunuyor.</Text>
		</Row>
		<Row Tag="LOC_FEATURE_EYE_OF_THE_SAHARA_QUOTE">
			<Text>“Tuhaf bir şekilde, göktaşı esinlenen bir renk şemasına sahip bir göktaşı izi değil, çok aşınmış bir kubbe gibi görünüyor.”[NEWLINE]–Cris Hadfield</Text>
		</Row>
		<Row Tag="LOC_FEATURE_MATTERHORN_NAME">
			<Text>Matterhorn</Text>
		</Row>
		<Row Tag="LOC_FEATURE_MATTERHORN_DESCRIPTION">
			<Text>Bir kiremit geçilmez doğal harikası. Bir Dağ gibi görünür ve bitişik fayanslara +1 [ICON_CULTURE] Kültür sağlar. Matterhorn'un yanına taşınan kara birlikleri, oyunun geri kalanında Tepeleri görmezden gelir ve tepelerde savaşırken +3 [ICON_Strength] Savaş Gücü kazanır.</Text>
		</Row>
		<Row Tag="LOC_FEATURE_MATTERHORN_QUOTE">
			<Text>“Öyleyse, ayrılmayı istememe izin verin, bir kez istenen Matterhorn'a saygı ve hayranlık anısına, başını yaldızlı ve daha uzak mesafelere giden bir güneşin son ışınlarını kaybetmeden önce."[NEWLINE]–F. Crauford Grove</Text>
		</Row>
		<Row Tag="LOC_FEATURE_RORAIMA_NAME">
			<Text>Roraima Dağı</Text>
		</Row>
		<Row Tag="LOC_FEATURE_RORAIMA_DESCRIPTION">
			<Text>Dört kiremit geçilmez doğal harikası. Bir Dağ gibi görünür ve bitişik çinilere +1 [ICON_FAITH] İnanç ve +1 [ICON_SCIENCE] Bilim sunar.</Text>
		</Row>
		<Row Tag="LOC_FEATURE_RORAIMA_QUOTE">
			<Text>“Muhteşem bir manzaraydı, çünkü etrafındakiler, bazıları imkansız gibi görünen, imkansız pozisyonlarda duran ve bazıları diğerlerine ya da yanına yerleştirilen en ağır biçimlerin her yerçekimi yasasına meydan okuyor gibi görünen kayalarıydı.”[NEWLINE]–Goldthwaite’ın Coğrafya Dergisi</Text>
		</Row>
		<Row Tag="LOC_FEATURE_UBSUNUR_HOLLOW_NAME">
			<Text>Ubsunur Hollow</Text>
		</Row>
		<Row Tag="LOC_FEATURE_UBSUNUR_HOLLOW_DESCRIPTION">
			<Text>Dört kiremit doğal harikası. Marsh olarak görünür ve +2 [ICON_FAITH] İnanç, +1 [ICON_FOOD] Yiyecek ve +1 [ICON_PRODUCTION] Üretim sağlar.</Text>
		</Row>
		<Row Tag="LOC_FEATURE_UBSUNUR_HOLLOW_QUOTE">
			<Text>"Suların karanlık ve derin yükselen dünyası, boşluksuz ve formsuz sonsuzdan kazandı."[NEWLINE]–John Milton</Text>
		</Row>
		<Row Tag="LOC_FEATURE_ZHANGYE_DANXIA_NAME">
			<Text>Zhangye Danxia</Text>
		</Row>
		<Row Tag="LOC_FEATURE_ZHANGYE_DANXIA_DESCRIPTION">
			<Text>Üç kiremit geçilmez doğal harikası. Bir Dağ gibi görünür ve eğer bu döşemelerden en az birine sahipseniz 2 [ICON_GREATGENERAL] Büyük Genel puan ve 2 [ICON_GREATMERCHANT] Büyük Tüccar puanı sunar.</Text>
		</Row>
		<Row Tag="LOC_FEATURE_ZHANGYE_DANXIA_QUOTE">
			<Text>"Güneş parlıyorsa, alacakaranlıkta sisler düşerken, her seferinde manzara sihir gibi değişir."[NEWLINE]–Fan Zhongyan</Text>
		</Row>
		<Row Tag="LOC_FEATURE_LAKE_RETBA_NAME">
			<Text>Retba Gölü</Text>
		</Row>
		<Row Tag="LOC_FEATURE_LAKE_RETBA_DESCRIPTION">
			<Text>İki kiremit doğal harikası. Bir Göl gibi görünür ve +2 [ICON_CULTURE] Kültür, +2 [ICON_GOLD] Altın ve +1 [ICON_PRODUCTION] Prodüksiyonu sağlar. Tatlı Su sağlamaz.</Text>
		</Row>
		<Row Tag="LOC_FEATURE_LAKE_RETBA_QUOTE">
			<Text>"Su, su, her yerde, ne de içmek için herhangi bir damla."[NEWLINE]–Samuel Taylor Coleridge, Eski Denizci</Text>
		</Row>
	</EnglishText>
</GameData>
