﻿<?xml version="1.0" encoding="utf-8"?>
<GameData>
	<EnglishText>
		<!-- Policy Names -->
		<Row Tag="LOC_POLICY_AUTOCRACY_NAME">
			<Text>OTOKRATiK MiRAS</Text>
		</Row>
		<Row Tag="LOC_POLICY_OLIGARCHY_NAME">
			<Text>OLiGARSiK MiRAS</Text>
		</Row>
		<Row Tag="LOC_POLICY_CLASSICAL_REPUBLIC_NAME">
			<Text>CUMHURiYET MiRASI</Text>
		</Row>
		<Row Tag="LOC_POLICY_MONARCHY_NAME">
			<Text>MONARSiK MiRAS</Text>
		</Row>
		<Row Tag="LOC_POLICY_THEOCRACY_NAME">
			<Text>TEOKRATiK MiRAS</Text>
		</Row>
		<Row Tag="LOC_POLICY_MERCHANT_REPUBLIC_NAME">
			<Text>TiCARET MiRASI</Text>
		</Row>
		<Row Tag="LOC_POLICY_FASCISM_NAME">
			<Text>FASiST MiRAS</Text>
		</Row>
		<Row Tag="LOC_POLICY_COMMUNISM_NAME">
			<Text>KOMUiST MiRAS</Text>
		</Row>
		<Row Tag="LOC_POLICY_DEMOCRACY_NAME">
			<Text>DEMOKRATiK MiRAS</Text>
		</Row>
		<!-- Policies -->
		<Row Tag="LOC_POLICY_AFTER_ACTION_REPORTS_NAME">
			<Text>Aksiyon Raporlarından Sonra</Text>
		</Row>
		<Row Tag="LOC_POLICY_AFTER_ACTION_REPORTS_DESCRIPTION">
			<Text>Bütün birimler +%25 savaş deneyimi kazanır.</Text>
		</Row>
		<Row Tag="LOC_POLICY_ARSENAL_OF_DEMOCRACY_DESCRIPTION">
			<Text>[ICON_TradeRoute] Bir Müttefik'in şehre olan Ticari Yollarınız, her iki şehir için de +4 [ICON_Food] Yiyecek ve +4 [ICON_Production] Üretimi sunar. Tüm müttefikleri olan İttifak Puanları, tur başına %25 oranında artar.</Text>
		</Row>
		<Row Tag="LOC_POLICY_CIVIL_PRESTIGE_NAME">
			<Text>Sivil Prestij</Text>
		</Row>
		<Row Tag="LOC_POLICY_CIVIL_PRESTIGE_DESCRIPTION">
			<Text>Kurulan [ICON_GOVERNOR] En az 2 Promosyonu olan Valiler +1 [ICON_Amenities] Fırsat ve +2 [ICON_Housing] Barınma imkânı sunar.</Text>
		</Row>
		<Row Tag="LOC_POLICY_COLONIAL_OFFICES_DESCRIPTION">
			<Text>Özgün [ICON_Capital] Başkent’inizin kıtasında olmayan şehirler için +%15 daha hızlı büyüme ve tur başına 3 Sadakat.</Text>
		</Row>
		<Row Tag="LOC_POLICY_COLONIAL_TAXES_DESCRIPTION">
			<Text>+%25 [ICON_Gold] Altın ve +%10 [ICON_PRODUCTION] Orijinal [ICON_Capital] Capital'ın kıtasında olmayan şehirlerde üretim.</Text>
		</Row>
		<Row Tag="LOC_POLICY_COMMUNICATIONS_OFFICE_NAME">
			<Text>İletişim Ofisi</Text>
		</Row>
		<Row Tag="LOC_POLICY_COMMUNICATIONS_OFFICE_DESCRIPTION">
			<Text>[ICON_Governor] Valiler [ICON_Governor] Valisinin sahip olduğu Terfi başına şehir başına, +1 Sadakat sağlıyorlar.</Text>
		</Row>
		<Row Tag="LOC_POLICY_FREE_MARKET_DESCRIPTION">
			<Text>Ekstra [ICON_Gold] Ticari Merkezlerdeki binalardan gelen altın: Şehir [ICON_CITIZEN] nüfusu %10 veya daha yüksek ise +%50, ilçe en az +4 komşu bonusu varsa +%50.</Text>
		</Row>
		<Row Tag="LOC_POLICY_GRAND_OPERA_DESCRIPTION">
			<Text>Ekstra [ICON_Culture] Tiyatro Meydanlarındaki binalardan kültür: Şehir [ICON_CITIZEN] nüfusu %10 veya daha yüksek ise, +%50, bölge en az +3 komşu bonusa sahipse +%50</Text>
		</Row>
		<Row Tag="LOC_POLICY_LIMITANEI_NAME">
			<Text>SINIRLAMALAR</Text>
		</Row>
		<Row Tag="LOC_POLICY_LIMITANEI_DESCRIPTION">
			<Text>Garnizon ünitesine sahip şehirler için tur başına +2 sadakat.</Text>
		</Row>
		<Row Tag="LOC_POLICY_MARTIAL_LAW_DESCRIPTION">
			<Text>Her zamankinden daha %25 daha az savaş yorgunluğu biriktirin. Garnitürlü birime sahip şehirler için tur başına +2 sadakat.</Text>
		</Row>
		<Row Tag="LOC_POLICY_POLICE_STATE_DESCRIPTION">
			<Text>Düşman casuslarının seviyesi topraklarında 2 azaldı. Ancak tüm şehirler tur başına -2 Sadakat çekiyor.</Text>
		</Row>
		<Row Tag="LOC_POLICY_PRAETORIUM_NAME">
			<Text>Praetorium</Text>
		</Row>
		<Row Tag="LOC_POLICY_PRAETORIUM_DESCRIPTION">
			<Text>[ICON_Governor] Valiler, şehirlerine tur başına +2 Sadakat sağlamaktadır.</Text>
		</Row>
		<Row Tag="LOC_POLICY_RATIONALISM_DESCRIPTION">
			<Text>Ekstra [ICON_Science] Kampüslerdeki binalardan bilim: Şehir [ICON_CITIZEN] nüfusu %10 ya da daha yüksek ise +%50, ilçenin en az +3 komşu bonusu varsa +%50</Text>
		</Row>
		<Row Tag="LOC_POLICY_SECOND_STRIKE_CAPABILITY_NAME">
			<Text>İkinci Grev Yeteneği</Text>
		</Row>
		<Row Tag="LOC_POLICY_SECOND_STRIKE_CAPABILITY_DESCRIPTION">
			<Text>Nükleer Cihaz bakımı %50 azaldı [ICON_Gold] Tur başına Altın.</Text>
		</Row>
		<Row Tag="LOC_POLICY_SIMULTANEUM_DESCRIPTION">
			<Text>Ekstra [ICON_Faith] Kutsal Alanlardaki binalardan gelen inanç: Eğer şehir en az +3 komşu bonusa sahipse, şehir [ICON_CITIZEN] nüfusu %10 ya da daha yüksekse, +%50</Text>
		</Row>
		<Row Tag="LOC_POLICY_WISSELBANKEN_NAME">
			<Text>Wisselbanken</Text>
		</Row>
		<Row Tag="LOC_POLICY_WISSELBANKEN_DESCRIPTION">
			<Text>[ICON_TradeRoute] Ticaret Müttefiklerinizin bir şehir merkezine olan Rotaları, her iki şehir için de +2 [ICON_Food] Yiyecek ve +2 [ICON_Production] Üretimini sağlar. Tüm müttefikleri olan İttifak Puanları, tur başına %25 oranında artar.</Text>
		</Row>
		<Row Tag="LOC_POLICY_MONASTICISM_NAME">
			<Text>Manastır Sistemi</Text>
		</Row>
		<Row Tag="LOC_POLICY_TWILIGHT_VALOR_NAME">
			<Text>Alacakaranlık Valor</Text>
		</Row>
		<Row Tag="LOC_POLICY_INQUISITION_NAME">
			<Text>Engizisyon Mahkemesi</Text>
		</Row>
		<Row Tag="LOC_POLICY_ISOLATIONISM_NAME">
			<Text>Soyutlanma Politikası</Text>
		</Row>
		<Row Tag="LOC_POLICY_LETTERS_OF_MARQUE_NAME">
			<Text>Korsanlık Fermanı</Text>
		</Row>
		<Row Tag="LOC_POLICY_ROBBER_BARONS_NAME">
			<Text>Soyguncu Baronları</Text>
		</Row>
		<Row Tag="LOC_POLICY_ELITE_FORCES_NAME">
			<Text>Elit Kuvvetler</Text>
		</Row>
		<Row Tag="LOC_POLICY_COLLECTIVISM_NAME">
			<Text>Ortaklaşacılık</Text>
		</Row>
		<Row Tag="LOC_POLICY_ROGUE_STATE_NAME">
			<Text>Haydut Devlet</Text>
		</Row>
		<Row Tag="LOC_POLICY_MONASTICISM_DESCRIPTION">
			<Text>+%75 [ICON_Science] Kutsal Yerli Şehirlerde Bilim.[NEWLINE]AMA: -%25 [ICON_Culture] Bütün şehirlerde kültür.</Text>
		</Row>
		<Row Tag="LOC_POLICY_TWILIGHT_VALOR_DESCRIPTION">
			<Text>+5 [ICON_Strength] Tüm yakın muharebe saldırısı birimleri için Savaş Gücü[NEWLINE]ANCAK: Kendi bölgen dışında iyileşemez.</Text>
		</Row>
		<Row Tag="LOC_POLICY_INQUISITION_DESCRIPTION">
			<Text>1 Havari ücreti ile Engizisyonu başlat. Bütün Dini Birimler +15 [ICON_Din] Dinsel Mücadele Dost topraklarda güç[NEWLINE]AMA: -%25 [ICON_Science] Tüm şehirlerde bilim.</Text>
		</Row>
		<Row Tag="LOC_POLICY_ISOLATIONISM_DESCRIPTION">
			<Text>Yurtiçi güzergahlar +2 [ICON_Food] Yiyecek, +2 [ICON_Production] Üretim sağlıyor.</Text>
		</Row>
		<Row Tag="LOC_POLICY_LETTERS_OF_MARQUE_DESCRIPTION">
			<Text>Deniz Akıncıları: +%100 [ICON_Production] Üretim, +2 [ICON_Movement] Hareket. Ticaret Yolları yağma ile elde edilen verim iki katına çıktı.[NEWLINE]AMA: [ICON_TradeRoute] Ticaret Rotası -%50 verim.</Text>
		</Row>
		<Row Tag="LOC_POLICY_ROBBER_BARONS_DESCRIPTION">
			<Text>+%50 [ICON_Gold] Borsa sahibi şehirlerde altın. +%25 [ICON_Production] Fabrikası olan şehirlerde üretim.[NEWLINE]AMA: -2 [ICON_Amenities] Tüm şehirlerdeki imkanlar.</Text>
		</Row>
		<Row Tag="LOC_POLICY_ELITE_FORCES_DESCRIPTION">
			<Text>Bütün birimler için +%100 savaş deneyimi[NEWLINE]FAKAT: +2 [ICON_Gold] Her bir dövüş ve casus birimini elinde tutan altın.</Text>
		</Row>
		<Row Tag="LOC_POLICY_COLLECTIVISM_DESCRIPTION">
			<Text>Çiftlik +1 [ICON_Food] Yiyecek. Bütün şehirler +2 [ICON_Housing] Konut. +%100 Organize Sanayi Bölgesi komşu bonusları[NEWLINE]AMA: [ICON_GreatPerson] Mükemmel İnsan Puanı %50 daha yavaş kazandı.</Text>
		</Row>
		<Row Tag="LOC_POLICY_ROGUE_STATE_DESCRIPTION">
			<Text>+%50 [ICON_Production] Nükleer program projelerine ve Nükleer Cihazlara Üretim.[NEWLINE]FAKAT: Yeni [ICON_Envoy] Elçilerine etki etme.</Text>
		</Row>
		<Row Tag="LOC_POLICY_RAID_EXPANSION1_DESCRIPTION">
			<Text>Yağma ve kıyı akınlarından elde edilen verim +%100'dür.</Text>
		</Row>
		<Row Tag="LOC_POLICY_RAID_EXPANSION1_ALT_DESCRIPTION">
			<Text>Yağma ve kıyı baskınlarından elde edilen verim +%50'dir.</Text>
		</Row>
		<Row Tag="LOC_POLICY_MILITARY_RESEARCH_EXPANSION1_DESCRIPTION">
			<Text>Askeri Akademiler, Limanlar ve Rönesans Duvarları +2 [ICON_Science] Bilim üretiyor.</Text>
		</Row>
		<Row Tag="LOC_POLICY_PUBLIC_TRANSPORT_EXPANSION1_DESCRIPTION">
			<Text>Mahalle semtine sahip bir Çiftliği değiştirirken, Çini başına 100 [ICON_Gold] Gold kazanın.</Text>
		</Row>
		<Row Tag="LOC_POLICY_ECOMMERCE_EXPANSION1_DESCRIPTION">
			<Text>+2 [ICON_Production] Üretim ve +5 [ICON_Gold] Tüm [ICON_TradeRoute] Ticari Yollardan Altın.</Text>
		</Row>
		<Row Tag="LOC_POLICY_TOTAL_WAR_EXPANSION1_DESCRIPTION">
			<Text>Yağma ve kıyı akınlarından elde edilen verim +%100'dür. [ICON_TradeRoute] Ticaret Yolları yağmalamanın +%50'si.</Text>
		</Row>
		<Row Tag="LOC_POLICY_TOTAL_WAR_EXPANSION1_ALT_DESCRIPTION">
			<Text>Yağmalama, kıyı baskınları ve yağmalamadan elde edilen kazançlar [ICON_TradeRoute] Ticaret Rotaları +%50'dir.</Text>
		</Row>
		<!-- Updated from base game -->
		<Row Tag="LOC_CIVIC_MOBILIZATION_DESCRIPTION">
			<Text>Bir Ordu veya Armada'da üç özdeş birim kurulmasına izin verir. Savaşları haklı çıkarmak için kullanılabilecek yeni bir Casus Belli'ye izin verir: Bölgesel Genişleme Savaşı.</Text>
		</Row>
	</EnglishText>
</GameData>