﻿<?xml version="1.0" encoding="utf-8"?>
<GameData>
	<EnglishText>
		<Row Tag="LOC_DIPLO_CHOICE_DECLARE_GOLDEN_AGE_WAR">
			<Text>[SIZE_16]Altın Çağ Savaşı İlan Et[NEWLINE][SIZE_12]</Text>
		</Row>
		<Row Tag="LOC_DIPLO_CHOICE_DECLARE_WAR_OF_RETRIBUTION">
			<Text>[SIZE_16]İntikam Savaşı İlan Et[NEWLINE][SIZE_12]</Text>
		</Row>
		<Row Tag="LOC_DIPLO_CHOICE_DECLARE_IDEOLOGICAL_WAR">
			<Text>[SIZE_16]İdeolojik Savaş İlan Et[NEWLINE][SIZE_12]</Text>
		</Row>
		<Row Tag="LOC_CASUS_BELLI_WAR_OF_RETRIBUTION_DESCRIPTION">
			<Text>Hedef güç son zamanlarda sana bir söz vermiş olmalı.</Text>
		</Row>
		<Row Tag="LOC_CASUS_BELLI_IDEOLOGICAL_WAR_DESCRIPTION">
			<Text>Hedef gücün sizden farklı bir Kademe 3 hükümeti olması gerekir.</Text>
		</Row>
		<Row Tag="LOC_CASUS_BELLI_GOLDEN_AGE_WAR_DESCRIPTION">
			<Text>"Silahlara!" İle Altın Çağ'da olmalısınız. Bir Adanma olarak.</Text>
		</Row>
		<Row Tag="LOC_DIPLOMACY_RENEW_ALLIANCE_NOTIFICATION_MESSAGE_INITIAL">
			<Text>İttifak Yenileme Talebi</Text>
		</Row>
		<Row Tag="LOC_DIPLOMACY_RENEW_ALLIANCE_NOTIFICATION_SUMMARY_INITIAL">
			<Text>{1_name} İttifak'ı medeniyetleriniz arasında genişletmek istedi.</Text>
		</Row>
		<Row Tag="LOC_DIPLOMACY_RENEW_ALLIANCE_NOTIFICATION_MESSAGE_POSITIVE">
			<Text>İttifakın Yenilenmesi Kabul Edildi</Text>
		</Row>
		<Row Tag="LOC_DIPLOMACY_RENEW_ALLIANCE_NOTIFICATION_SUMMARY_POSITIVE">
			<Text>{1_name} İttifak yenilemenizi kabul etti.</Text>
		</Row>
		<Row Tag="LOC_DIPLOMACY_RENEW_ALLIANCE_NOTIFICATION_MESSAGE_NEGATIVE">
			<Text>İttifak Yenileme Reddedildi</Text>
		</Row>
		<Row Tag="LOC_DIPLOMACY_RENEW_ALLIANCE_NOTIFICATION_SUMMARY_NEGATIVE">
			<Text>{1_name} İttifak'ın yenilenmesini reddetti.</Text>
		</Row>
		<Row Tag="LOC_DIPLO_RENEW_ALLIANCE_FROM_AI_ANY_ANY">
			<Text>İttifakımız her iki halkımız için da büyük yarar sağladı. Yenilemeyi öneriyorum.</Text>
		</Row>
		<Row Tag="LOC_DIPLO_ACCEPT_RENEW_ALLIANCE_FROM_AI_ANY_ANY">
			<Text>Katıldığına sevindim.</Text>
		</Row>
		<Row Tag="LOC_DIPLO_REJECT_RENEW_ALLIANCE_FROM_AI_ANY_ANY">
			<Text>Kahretsin, sonsuza dek müttefik olacağımızı düşündüm.</Text>
		</Row>
		<Row Tag="LOC_DIPLO_ACCEPT_RENEW_ALLIANCE_FROM_HUMAN_ANY_ANY">
			<Text>Bu harika bir fikir gibi geliyor. Kabul ediyoruz.</Text>
		</Row>
		<Row Tag="LOC_DIPLO_REJECT_RENEW_ALLIANCE_FROM_HUMAN_ANY_ANY">
			<Text>Şu an sizinle birlikte bu hareket kursuna devam etmek istemiyoruz.</Text>
		</Row>
		<Row Tag="LOC_DIPLO_RENEW_ALLIANCE_CHOICE_POSITIVE">
			<Text>İttifakımızı genişletmekten memnuniyet duyarız.</Text>
		</Row>
		<Row Tag="LOC_DIPLO_RENEW_ALLIANCE_CHOICE_NEGATIVE">
			<Text>Bu İttifakı uzatmak istemiyoruz.</Text>
		</Row>
		<Row Tag="LOC_DIPLO_RENEW_ALLIANCE_AI_AGREE_TO_PLAYER_1">
			<Text>Evet, gelecekteki refahımız adına.</Text>
		</Row>
		<Row Tag="LOC_DIPLO_RENEW_ALLIANCE_AI_AGREE_TO_PLAYER_2">
			<Text>Evet, bu her iki medeniyetimize de fayda sağladı.</Text>
		</Row>
		<Row Tag="LOC_DIPLO_RENEW_ALLIANCE_AI_AGREE_TO_PLAYER_3">
			<Text>Evet, bu ittifakı yenileyelim.</Text>
		</Row>
		<Row Tag="LOC_DIPLO_RENEW_ALLIANCE_AI_AGREE_TO_PLAYER_GILGAMESH">
			<Text>Tabii ki! Birlikte uzun süredir mücadele etmedik mi? Düşmanlarımız isimlerimizi korku ile konuşur!</Text>
		</Row>
		<Row Tag="LOC_DIPLO_RENEW_ALLIANCE_AI_AGREE_TO_PLAYER_ALEXANDER">
			<Text>Tabii ki! Birlikte uzun süredir mücadele etmedik mi? Düşmanlarımız isimlerimizi korku ile konuşur!</Text>
		</Row>
		<Row Tag="LOC_DIPLO_RENEW_ALLIANCE_AI_AGREE_TO_PLAYER_TEDDY">
			<Text>İttifak'a devam etmemiz gereken tek şey bu.</Text>
		</Row>
		<Row Tag="LOC_DIPLO_RENEW_ALLIANCE_AI_AGREE_TO_PLAYER_CATHERINE">
			<Text>Evet, şirketinizin yararından vazgeçmekten nefret ediyorum.</Text>
		</Row>
		<Row Tag="LOC_DIPLO_RENEW_ALLIANCE_AI_AGREE_TO_PLAYER_CLEOPATRA">
			<Text>Evet. Yakın ilişkimizi sürdürmek için her türlü fırsatı benimsiyorum.</Text>
		</Row>
		<Row Tag="LOC_DIPLO_RENEW_ALLIANCE_AI_REFUSE_TO_PLAYER_1">
			<Text>İşler şimdi öncekinden farklı. İttifak'ı yenileyemeyiz.</Text>
		</Row>
		<Row Tag="LOC_DIPLO_RENEW_ALLIANCE_AI_REFUSE_TO_PLAYER_2">
			<Text>Hayır. Bu İttifak artık çıkarlarımızda değil.</Text>
		</Row>
		<Row Tag="LOC_DIPLO_RENEW_ALLIANCE_AI_REFUSE_TO_PLAYER_3">
			<Text>Hayır. Bu İttifak'ı yenilemeye gerek yok.</Text>
		</Row>
		<Row Tag="LOC_DIPLO_RENEW_ALLIANCE_AI_REFUSE_TO_PLAYER_GILGAMESH">
			<Text>Hayır. Olduğu gibi olamaz.</Text>
		</Row>
		<Row Tag="LOC_DIPLO_RENEW_ALLIANCE_AI_REFUSE_TO_PLAYER_ALEXANDER">
			<Text>Hayır. Olduğu gibi olamaz.</Text>
		</Row>
		<Row Tag="LOC_DIPLO_RENEW_ALLIANCE_AI_REFUSE_TO_PLAYER_TEDDY">
			<Text>Amerika birinci sınıf bir güce yakışan olarak kendi yoluna gidecek.</Text>
		</Row>
		<Row Tag="LOC_DIPLO_RENEW_ALLIANCE_AI_REFUSE_TO_PLAYER_CATHERINE">
			<Text>Yakın şirketinizi reddetmeliyim. Şimdilik.</Text>
		</Row>
		<Row Tag="LOC_DIPLO_RENEW_ALLIANCE_AI_REFUSE_TO_PLAYER_CLEOPATRA">
			<Text>Hayır. Bu İttifak'a olan aşkım kayboldu.</Text>
		</Row>
		<Row Tag="LOC_DIPLO_PROPOSE_ALLIANCE_AI_TO_PLAYER_1">
			<Text>İttifakımız medeniyetlerimize barış ve refah getirmiştir. Yenileyelim.</Text>
		</Row>
		<Row Tag="LOC_DIPLO_PROPOSE_ALLIANCE_AI_TO_PLAYER_2">
			<Text>Her iki medeniyetimize de çok faydalı olan İttifak’ı yenilemeliyiz.</Text>
		</Row>
		<Row Tag="LOC_DIPLO_PROPOSE_ALLIANCE_AI_TO_PLAYER_3">
			<Text>İttifakımızı yenileyelim mi? Bu anlaşmadan ikimiz de faydalanıyoruz.</Text>
		</Row>
		<Row Tag="LOC_DIPLO_PROPOSE_ALLIANCE_AI_TO_PLAYER_GILGAMESH">
			<Text>İttifakımızı yenile dostum! Düşmanlarımızı yok ederken birlikte neşe bulacağız!</Text>
		</Row>
		<Row Tag="LOC_DIPLO_PROPOSE_ALLIANCE_AI_TO_PLAYER_ALEXANDER">
			<Text>İttifakımızı yenile dostum! Düşmanlarımızı yok ederken birlikte neşe bulacağız!</Text>
		</Row>
		<Row Tag="LOC_DIPLO_PROPOSE_ALLIANCE_AI_TO_PLAYER_TEDDY">
			<Text>İttifakımızı yenileyelim! Öyleyse bu olayı güçlü bir güreş maçı ile kutlayalım!</Text>
		</Row>
		<Row Tag="LOC_DIPLO_PROPOSE_ALLIANCE_AI_TO_PLAYER_CATHERINE">
			<Text>İttifakımıza devam edelim mi? Partilerimi özlemiş olsaydın üzülürdün.</Text>
		</Row>
		<Row Tag="LOC_DIPLO_PROPOSE_ALLIANCE_AI_TO_PLAYER_CLEOPATRA">
			<Text>Bu İttifak’ta çok yaklaştık. Kesinlikle benden uzaklaşmayacak mısın?</Text>
		</Row>
		<Row Tag="LOC_DIPLO_RENEW_ALLIANCE_PLAYER_AGREE_TO_AI_1">
			<Text>Mükemmel. Her iki medeniyetimiz de bu şekilde güçlenecek.</Text>
		</Row>
		<Row Tag="LOC_DIPLO_RENEW_ALLIANCE_PLAYER_AGREE_TO_AI_2">
			<Text>Çok iyi. Barış ve refah devam edecek.</Text>
		</Row>
		<Row Tag="LOC_DIPLO_RENEW_ALLIANCE_PLAYER_AGREE_TO_AI_3">
			<Text>Bu İttifak'ın bize getirdiği faydaları görmenize sevindim.</Text>
		</Row>
		<Row Tag="LOC_DIPLO_RENEW_ALLIANCE_PLAYER_AGREE_TO_AI_GILGAMESH">
			<Text>Birleşik gücümüzle sevinelim! Düşmanlarımızın dişlerinin korku ile gevşediğini duyuyorum!</Text>
		</Row>
		<Row Tag="LOC_DIPLO_RENEW_ALLIANCE_PLAYER_AGREE_TO_AI_ALEXANDER">
			<Text>Birleşik gücümüzle sevinelim! Düşmanlarımızın dişlerinin korku ile gevşediğini duyuyorum!</Text>
		</Row>
		<Row Tag="LOC_DIPLO_RENEW_ALLIANCE_PLAYER_AGREE_TO_AI_TEDDY">
			<Text>Zorba!</Text>
		</Row>
		<Row Tag="LOC_DIPLO_RENEW_ALLIANCE_PLAYER_AGREE_TO_AI_CATHERINE">
			<Text>Oh iyi. Önemli bir şeyi kaçırmamandan nefret ediyorum.</Text>
		</Row>
		<Row Tag="LOC_DIPLO_RENEW_ALLIANCE_PLAYER_AGREE_TO_AI_CLEOPATRA">
			<Text>Memnun oldum.</Text>
		</Row>
		<Row Tag="LOC_DIPLO_RENEW_ALLIANCE_PLAYER_REFUSE_TO_AI_1">
			<Text>Hayal kırıklığı yaratan bir karar, elbette.</Text>
		</Row>
		<Row Tag="LOC_DIPLO_RENEW_ALLIANCE_PLAYER_REFUSE_TO_AI_2">
			<Text>Umarım bu karardan pişmanlık duymazsın.</Text>
		</Row>
		<Row Tag="LOC_DIPLO_RENEW_ALLIANCE_PLAYER_REFUSE_TO_AI_3">
			<Text>Böyle hissetmene üzülmen.</Text>
		</Row>
		<Row Tag="LOC_DIPLO_RENEW_ALLIANCE_PLAYER_REFUSE_TO_AI_GILGAMESH">
			<Text>Önemli değil. Sensiz yeteri kadar gücüm var.</Text>
		</Row>
		<Row Tag="LOC_DIPLO_RENEW_ALLIANCE_PLAYER_REFUSE_TO_AI_ALEXANDER">
			<Text>Önemli değil. Sensiz yeteri kadar gücüm var.</Text>
		</Row>
		<Row Tag="LOC_DIPLO_RENEW_ALLIANCE_PLAYER_REFUSE_TO_AI_TEDDY">
			<Text>Amerika'nın gücü sadece artıyor. Teklifimi kabul etmek akıllıca olurdu.</Text>
		</Row>
		<Row Tag="LOC_DIPLO_RENEW_ALLIANCE_PLAYER_REFUSE_TO_AI_CATHERINE">
			<Text>Ne kadar hayal kırıklığı ve kısa görüşlü senden.</Text>
		</Row>
		<Row Tag="LOC_DIPLO_RENEW_ALLIANCE_PLAYER_REFUSE_TO_AI_CLEOPATRA">
			<Text>Kuşkusuz başka bir medeniyet de gözünüze çarptı O zaman onlarla rahatınızı bulun.</Text>
		</Row>
		<Row Tag="LOC_DIPLO_RENEW_ALLIANCE_BUTTON_ACCEPT">
			<Text>İttifak'ı Yenile</Text>
		</Row>
		<Row Tag="LOC_DIPLO_RENEW_ALLIANCE_BUTTON_REJECT">
			<Text>İttifakın Sonu</Text>
		</Row>
		<Row Tag="LOC_DIPLO_DECLARE_WAR_FROM_AI_LEADER_ANY_GOLDEN_AGE_WAR">
			<Text>(Size karşı bir Altın Çağ Savaşı ilan etti)</Text>
		</Row>
		<Row Tag="LOC_DIPLO_DECLARE_WAR_FROM_AI_LEADER_ANY_EMERGENCY_WAR">
			<Text>(Size karşı bir Acil Durum'a katıldı)</Text>
		</Row>
		<Row Tag="LOC_DIPLO_DECLARE_WAR_FROM_AI_LEADER_ANY_WAR_OF_RETRIBUTION">
			<Text>(Size karşı bir İntikam Savaşı ilan etti)</Text>
		</Row>
		<Row Tag="LOC_DIPLO_DECLARE_WAR_FROM_AI_LEADER_ANY_IDEOLOGICAL_WAR">
			<Text>(Size karşı bir İdeolojik Savaş ilan etti)</Text>
		</Row>
		<Row Tag="LOC_DIPLO_DECLARE_WAR_FROM_AI_LEADER_ANY_JOINT_GOLDEN_AGE_WAR">
			<Text>(Sana karşı ortak bir Altın Çağ Savaşı ilan etti)</Text>
		</Row>
		<Row Tag="LOC_DIPLO_DECLARE_WAR_FROM_AI_LEADER_ANY_JOINT_WAR_OF_RETRIBUTION">
			<Text>(Size karşı ortak bir İntikam Savaşı ilan etti)</Text>
		</Row>
		<Row Tag="LOC_DIPLO_DECLARE_WAR_FROM_AI_LEADER_ANY_JOINT_IDEOLOGICAL_WAR">
			<Text>(Size karşı ortak bir İdeolojik Savaş ilan etti)</Text>
		</Row>
		<Row Tag="LOC_DIPLO_KUDO_LEADER_ANY_REASON_AGENDA_GOSSIP_POSITIVE">
			<Text>İlişkimizin, başkalarının sırlarını bilmenin gücüne dayanması iyidir.</Text>
		</Row>
		<Row Tag="LOC_DIPLO_KUDO_LEADER_PERICLES_REASON_AGENDA_GOSSIP_POSITIVE">
			<Text>Elçilerinizin ve casuslarınızın raporlarını da benim kadar zevk almalısınız!</Text>
		</Row>
		<Row Tag="LOC_DIPLO_KUDO_LEADER_VICTORIA_REASON_AGENDA_GOSSIP_POSITIVE">
			<Text>Bir dahaki sefere size bir delegasyon gönderdiğimde, lider iyi sırlarla dolu büyük ve şişman bir dosyaya sahip olacak. Açarken etrafta kimsenin bulunmadığından emin olun.</Text>
		</Row>
		<Row Tag="LOC_DIPLO_KUDO_LEADER_CATHERINE_DE_MEDICI_REASON_AGENDA_GOSSIP_POSITIVE">
			<Text>Belki de seni en iyi kaynaklardan biri olarak gördüğümü fısıldadığını duymuşsundur. Ama kim insanların söylediklerini dinler? Tabii ki sen ve ben dışında.</Text>
		</Row>
		<Row Tag="LOC_DIPLO_WARNING_LEADER_ANY_REASON_AGENDA_GOSSIP_NEGATIVE">
			<Text>Sık sık neden bu kadar az söylediğini merak ediyorum. Söyleyecek ilginç bir şey olmadığına inanıyorum.</Text>
		</Row>
		<Row Tag="LOC_DIPLO_KUDO_LEADER_ANY_REASON_AGENDA_SYCOPHANT_GOLDEN_AGE">
			<Text>Şairlerimiz ve filozoflarımız medeniyetinizi dünyanın ışığı olarak kabul ediyorlar ve ben de onlara katılıyorum.</Text>
		</Row>
		<Row Tag="LOC_DIPLO_KUDO_LEADER_QIN_REASON_AGENDA_SYCOPHANT_GOLDEN_AGE">
			<Text>Kişisel ihtişamınız, medeniyetinizin ihtişamına yansır!</Text>
		</Row>
		<Row Tag="LOC_DIPLO_KUDO_LEADER_T_ROOSEVELT_REASON_AGENDA_SYCOPHANT_GOLDEN_AGE">
			<Text>Her medeniyetin insanı size merakla bakıyor. Sen dünyaya ilham veriyorsun!</Text>
		</Row>
		<Row Tag="LOC_DIPLO_KUDO_LEADER_PEDRO_REASON_AGENDA_SYCOPHANT_GOLDEN_AGE">
			<Text>Medeniyetinize ve eserlerine bakıyorum ve insanlarınızın neden dünyadaki şarkı ve hikayelerde övüldüğünü anlıyorum.</Text>
		</Row>
		<Row Tag="LOC_DIPLO_KUDO_LEADER_PETER_GREAT_REASON_AGENDA_SYCOPHANT_GOLDEN_AGE">
			<Text>Medeniyetiniz, yeni Rusya'yı inşa edeceğim model!</Text>
		</Row>
		<Row Tag="LOC_DIPLO_KUDO_LEADER_PHILIP_II_REASON_AGENDA_SYCOPHANT_GOLDEN_AGE">
			<Text>Kendini bu tür şairler ve oyun yazarları, azizler ve bilim insanları ile kuşatmaktan daha iyi ne olabilir? Her zaman büyük bir ulusun Yüce Olan'ın kutsamalarının bir tezahürü olduğunu düşündüm.</Text>
		</Row>
		<Row Tag="LOC_DIPLO_KUDO_LEADER_GORGO_REASON_AGENDA_SYCOPHANT_GOLDEN_AGE">
			<Text>Evet! Mükemmelliğiniz - Arete'niz - gerçekten öykünmeye değer!</Text>
		</Row>
		<Row Tag="LOC_DIPLO_WARNING_LEADER_ANY_REASON_AGENDA_SYCOPHANT_DARK_AGE">
			<Text>Dünyanın geri kalanına daha değerli bir örnek olmayı arzulayın! Onları şerefine götürürseniz, halkınız sizi sevecektir.</Text>
		</Row>
		<Row Tag="LOC_DIPLO_KUDO_LEADER_ANY_REASON_AGENDA_SYMPATHIZER_DARK_AGE">
			<Text>Uygarlığımız, şu anki sorununuzu sertlik ve çözme ile karşılama şeklinize hayran.</Text>
		</Row>
		<Row Tag="LOC_DIPLO_KUDO_LEADER_VICTORIA_REASON_AGENDA_SYMPATHIZER_DARK_AGE">
			<Text>Karanlık Çağınızın acısını bu asaletle taşıyorsunuz! Keşke benim konularım da senin kadar çekici olsaydı!</Text>
		</Row>
		<Row Tag="LOC_DIPLO_KUDO_LEADER_CATHERINE_DE_MEDICI_REASON_AGENDA_SYMPATHIZER_DARK_AGE">
			<Text>Size bir hediye gönderiyorum: “Bu yoldanda geçecek” yazısıyla yazılmış bir yüzük.</Text>
		</Row>
		<Row Tag="LOC_DIPLO_KUDO_LEADER_PETER_GREAT_REASON_AGENDA_SYMPATHIZER_DARK_AGE">
			<Text>Daha küçük bir lider ne yapıyorsan onu yapamaz: Kriz zamanında medeniyetini sıkı kontrol et.</Text>
		</Row>
		<Row Tag="LOC_DIPLO_KUDO_LEADER_GENGHIS_KHAN_REASON_AGENDA_SYMPATHIZER_DARK_AGE">
			<Text>Yönetme şeklinize hayranım. Uygarlığınızı fethetmek için karmaşık bir strateji geliştirmek zorunda olmadığınız için teşekkür ederim.</Text>
		</Row>
		<Row Tag="LOC_DIPLO_KUDO_LEADER_JADWIGA_REASON_AGENDA_SYMPATHIZER_DARK_AGE">
			<Text>Kalbiniz, halkınızın çektiği acı için ağrıyor olmalı. Polonya, durumunuzu anlıyor ve biz sizin için dua ediyoruz.</Text>
		</Row>
		<Row Tag="LOC_DIPLO_KUDO_LEADER_LAUTARO_REASON_AGENDA_SYMPATHIZER_DARK_AGE">
			<Text>Siz de güçlülerin zulmüne direnmenin ne demek olduğunu biliyorsunuz. Mapuche ne yaptığınıza saygı duyuyor.</Text>
		</Row>
		<Row Tag="LOC_DIPLO_KUDO_LEADER_JAYAVARMAN_REASON_AGENDA_SYMPATHIZER_DARK_AGE">
			<Text>Şimdi samsara döngüsüne bağlısın. Yakında özgürleşmek ve huzur içinde olmak için durmadan dua ediyorum.</Text>
		</Row>
		<Row Tag="LOC_DIPLO_WARNING_LEADER_ANY_REASON_AGENDA_SYMPATHIZER_GOLDEN_AGE">
			<Text>Halkının "görkemli yaşı" bana karşı gelmeye çok benziyor. Düşüşünüzü dört gözle bekliyorum.</Text>
		</Row>
		<Row Tag="LOC_DIPLO_DENOUNCE_REASON_FROM_AI_LEADER_ANY_REASON_AGENDA_GOSSIP_NEGATIVE">
			<Text>(Yeterince dedikodu yapmıyorsun.)</Text>
		</Row>
		<Row Tag="LOC_DIPLO_DENOUNCE_REASON_FROM_AI_LEADER_ANY_REASON_AGENDA_SYCOPHANT_DARK_AGE">
			<Text>(Karanlık bir çağdasın.)</Text>
		</Row>
		<Row Tag="LOC_DIPLO_DENOUNCE_REASON_FROM_AI_LEADER_ANY_REASON_AGENDA_SYMPATHIZER_DARK_AGE">
			<Text>(Altın bir çağdasın.)</Text>
		</Row>
	</EnglishText>
</GameData>
