﻿<?xml version="1.0" encoding="utf-8"?>
<GameData>
	<EnglishText>
		<Row Tag="LOC_DIPLO_RENEW_ALLIANCE_AI_AGREE_TO_PLAYER_POUNDMAKER">
			<Text>Evet! İnsanlarımızın yan yana seyahat etmeleri, yalnız gitmelerinden daha iyidir.</Text>
		</Row>
		<Row Tag="LOC_DIPLO_RENEW_ALLIANCE_AI_REFUSE_TO_PLAYER_POUNDMAKER">
			<Text>Daha önce yakınken, Cree şimdi kendi izini sürmeli.</Text>
		</Row>
		<Row Tag="LOC_DIPLO_PROPOSE_ALLIANCE_AI_TO_PLAYER_POUNDMAKER">
			<Text>Hayatım boyunca halklar arasında barış aradım. İttifakımızın başkalarına daha iyi bir yol göstermesine izin verin.</Text>
		</Row>
		<Row Tag="LOC_DIPLO_RENEW_ALLIANCE_PLAYER_AGREE_TO_AI_POUNDMAKER">
			<Text>Bu çok iyi!</Text>
		</Row>
		<Row Tag="LOC_DIPLO_RENEW_ALLIANCE_PLAYER_REFUSE_TO_AI_POUNDMAKER">
			<Text>Belki bir gün, birliğimizde her iki insanımızın daha güçlü olduğunu fark edeceksiniz.</Text>
		</Row>

		<!-- Chandragupta Diplo Text -->
		<Row Tag="LOC_DIPLO_ACCEPT_DECLARE_FRIEND_FROM_HUMAN_LEADER_CHANDRAGUPTA_ANY">
			<Text>Gerçekten, Hindistan uzun zamandır halkınızla aynı olduğunu düşünmüştür. Kamuya açıklamak bir ayrıcalıktır..</Text>
		</Row>
		<Row Tag="LOC_DIPLO_REJECT_DECLARE_FRIEND_FROM_HUMAN_LEADER_CHANDRAGUPTA_ANY">
			<Text>İnsanlarım dostluğumuz için coşkumu paylaşmıyor. Ama bir gün seni sıcak tutabilirler.</Text>
		</Row>
		<Row Tag="LOC_DIPLO_DECLARE_FRIEND_FROM_AI_LEADER_CHANDRAGUPTA_ANY">
			<Text>Hindistan insanlarınızı çok düşünüyor. İzninizle, ortak dostluğumuzu herkese ilan edeceğim.</Text>
		</Row>
		<Row Tag="LOC_DIPLO_ACCEPT_DECLARE_FRIEND_FROM_AI_LEADER_CHANDRAGUPTA_ANY">
			<Text>Buna saygı duyabilirim.</Text>
		</Row>
		<Row Tag="LOC_DIPLO_REJECT_DECLARE_FRIEND_FROM_AI_LEADER_CHANDRAGUPTA_ANY">
			<Text>Hata benimdi. Beni affet.</Text>
		</Row>
		<Row Tag="LOC_DIPLO_ACCEPT_DELEGATION_FROM_HUMAN_LEADER_CHANDRAGUPTA_ANY">
			<Text>Heyetinizi ağırlamaktan oldukça memnun oldum. Karşılıklı geleceğimizi düşünmem için bana çok şey verdiler.</Text>
		</Row>
		<Row Tag="LOC_DIPLO_REJECT_DELEGATION_FROM_HUMAN_LEADER_CHANDRAGUPTA_ANY">
			<Text>Heyetinizi selamlamaktan mutluluk duyacağım halde, başka bir yerde meşgulüm. Başka zaman!</Text>
		</Row>
		<Row Tag="LOC_DIPLO_DELEGATION_FROM_AI_LEADER_CHANDRAGUPTA_ANY">
			<Text>Heyetimiz birçok hediye getiriyor. Arzu ettiğiniz bütün baharatlı ayranı alın! Her zaman daha fazlasını gönderebiliriz.</Text>
		</Row>
		<Row Tag="LOC_DIPLO_DENOUNCE_FROM_HUMAN_LEADER_CHANDRAGUPTA_ANY">
			<Text>Zalim sözlerini görmezden gelmeme rağmen, Hindistan uzun zamandır onları hatırlayacak.</Text>
		</Row>
		<Row Tag="LOC_DIPLO_DENOUNCE_FROM_AI_LEADER_CHANDRAGUPTA_ANY">
			<Text>İnsanlarının utancısın! İki ağızla konuşuyorsun, ikisi de hoş değil.</Text>
		</Row>
		<Row Tag="LOC_DIPLO_GREETING_LEADER_CHANDRAGUPTA_ANY">
			<Text>Konuşmaya açığız.</Text>
		</Row>
		<Row Tag="LOC_DIPLO_MAKE_ALLIANCE_FROM_AI_LEADER_CHANDRAGUPTA_ANY">
			<Text>Hindistan, geleceğinizi ne rakip ne de gelecekteki vassal olarak görmüyor, bunun yerine gerçek bir ortak olarak görüyor. Ne diyorsun?</Text>
		</Row>
		<Row Tag="LOC_DIPLO_MAKE_PEACE_AI_ACCEPT_DEAL_LEADER_CHANDRAGUPTA_ANY">
			<Text>Halkımız yeterince kan döktü - senin ve benim. Onların uğruna bu savaşı sonlandıralım.</Text>
		</Row>
		<Row Tag="LOC_DIPLO_MAKE_PEACE_AI_REFUSE_DEAL_LEADER_CHANDRAGUPTA_ANY">
			<Text>Bu bir jest mi? Yok hayır.</Text>
		</Row>
		<Row Tag="LOC_DIPLO_MAKE_PEACE_FROM_AI_LEADER_CHANDRAGUPTA_ANY">
			<Text>Güçlerimizi savaş alanından emekli etmek için zaman geçti. Bu bilgeliği görmelisin.</Text>
		</Row>
		<Row Tag="LOC_DIPLO_ACCEPT_OPEN_BORDERS_FROM_HUMAN_LEADER_CHANDRAGUPTA_ANY">
			<Text>İsteğinizi alçakgönüllülükle kabul ediyorum. Hindistan'ın böyle bir düzenlemeden kazanacağı çok şey var.</Text>
		</Row>
		<Row Tag="LOC_DIPLO_REJECT_OPEN_BORDERS_FROM_HUMAN_LEADER_CHANDRAGUPTA_ANY">
			<Text>Yapamam. Şimdilik, Hindistan'ın sınırları size kapalı kalmalıdır.</Text>
		</Row>
		<Row Tag="LOC_DIPLO_OPEN_BORDERS_FROM_AI_LEADER_CHANDRAGUPTA_ANY">
			<Text>Sınırlarınızı açmak, çalışanlarınızı benimkine yaklaştırır. Tabii ki karşılık verirdim.</Text>
		</Row>
		<Row Tag="LOC_DIPLO_WARNING_TOO_MANY_TROOPS_NEAR_ME_LEADER_CHANDRAGUPTA_ANY">
			<Text>Ordunun Hindistan'ı tehdit etmek istediğine inanmıyorum. Yine de, çekilmeleri en iyisidir. Hemen.</Text>
		</Row>
		<Row Tag="LOC_DIPLO_DEFEAT_FROM_AI_LEADER_CHANDRAGUPTA_ANY">
			<Text>Kendi derslerimi çok iyi öğrendin. Sana kendi ölümümde talimat verdim.</Text>
		</Row>
		<Row Tag="LOC_DIPLO_REJECT_MAKE_DEAL_FROM_AI_LEADER_CHANDRAGUPTA_ANY">
			<Text>Hayır. Hindistan bundan faydalanamaz.</Text>
		</Row>
		<Row Tag="LOC_DIPLO_ACCEPT_MAKE_DEAL_FROM_AI_LEADER_CHANDRAGUPTA_ANY">
			<Text>Akıllıca bir teklif!</Text>
		</Row>

		<!-- Lautaro Diplo Text -->
		<Row Tag="LOC_DIPLO_ACCEPT_DECLARE_FRIEND_FROM_HUMAN_LEADER_LAUTARO_ANY">
			<Text>Dünya, bir iradeyle iki halkı yönettiğimizi bilecek.</Text>
		</Row>
		<Row Tag="LOC_DIPLO_REJECT_DECLARE_FRIEND_FROM_HUMAN_LEADER_LAUTARO_ANY">
			<Text>Mapuche bu arkadaşlığa hazır değil. Belki zamanla olacağız.</Text>
		</Row>
		<Row Tag="LOC_DIPLO_DECLARE_FRIEND_FROM_AI_LEADER_LAUTARO_ANY">
			<Text>Bir olacak; iki halk. Dünyaya arkadaş olarak durduğumuzu söylemeli miyiz?</Text>
		</Row>
		<Row Tag="LOC_DIPLO_ACCEPT_DECLARE_FRIEND_FROM_AI_LEADER_LAUTARO_ANY">
			<Text>Evet iyi.</Text>
		</Row>
		<Row Tag="LOC_DIPLO_REJECT_DECLARE_FRIEND_FROM_AI_LEADER_LAUTARO_ANY">
			<Text>Bu ağzımda kötü bir tat bırakır.</Text>
		</Row>
		<Row Tag="LOC_DIPLO_ACCEPT_DELEGATION_FROM_HUMAN_LEADER_LAUTARO_ANY">
			<Text>Heyetiniz için teşekkür ederim. Mapuche onları onurlu ziyaretçiler olarak kabul ediyor.</Text>
		</Row>
		<Row Tag="LOC_DIPLO_REJECT_DELEGATION_FROM_HUMAN_LEADER_LAUTARO_ANY">
			<Text>Your delegation may not enter Mapuche cities.</Text>
		</Row>
		<Row Tag="LOC_DIPLO_DELEGATION_FROM_AI_LEADER_LAUTARO_ANY">
			<Text>Mapuche hediyeler gönder. Kumaş bizim en iyi işimiz. Charquicán lezzetlidir. Lütfen bunları kabul et.</Text>
		</Row>
		<Row Tag="LOC_DIPLO_DENOUNCE_FROM_HUMAN_LEADER_LAUTARO_ANY">
			<Text>Yaptıkların gerçek doğanı yansıtıyor. Mapuche sana dayanamıyor!</Text>
		</Row>
		<Row Tag="LOC_DIPLO_DENOUNCE_FROM_AI_LEADER_LAUTARO_ANY">
			<Text>Mapuche adınızı bir lanet olarak kullanıyor. Kim senin yanında durabilir? Arkadaşların sana sırtını dönüyor.</Text>
		</Row>
		<Row Tag="LOC_DIPLO_GREETING_LEADER_LAUTARO_ANY">
			<Text>Ah, sensin.</Text>
		</Row>
		<Row Tag="LOC_DIPLO_MAKE_ALLIANCE_FROM_AI_LEADER_LAUTARO_ANY">
			<Text>Artık layık olduğunu biliyorum. Mapuche sizi yanımızda olmaya davet ediyor.</Text>
		</Row>
		<Row Tag="LOC_DIPLO_MAKE_PEACE_AI_ACCEPT_DEAL_LEADER_LAUTARO_ANY">
			<Text>Mapuche bu savaş için daha fazla mideye sahip değil.</Text>
		</Row>
		<Row Tag="LOC_DIPLO_MAKE_PEACE_AI_REFUSE_DEAL_LEADER_LAUTARO_ANY">
			<Text>Yapamam.</Text>
		</Row>
		<Row Tag="LOC_DIPLO_MAKE_PEACE_FROM_AI_LEADER_LAUTARO_ANY">
			<Text>Bu savaş bizi yıkıcı bir yola bağlar. Onun yerine özgürce yürüyelim.</Text>
		</Row>
		<Row Tag="LOC_DIPLO_ACCEPT_OPEN_BORDERS_FROM_HUMAN_LEADER_LAUTARO_ANY">
			<Text>Mapuche diyarını geçebilirsiniz.</Text>
		</Row>
		<Row Tag="LOC_DIPLO_REJECT_OPEN_BORDERS_FROM_HUMAN_LEADER_LAUTARO_ANY">
			<Text>Bu toprak sadece Mapuche içindir. Başka bir yere gitmelisin.</Text>
		</Row>
		<Row Tag="LOC_DIPLO_OPEN_BORDERS_FROM_AI_LEADER_LAUTARO_ANY">
			<Text>Mapuche, bizimkileri de gezmek istediğin gibi, kendi topraklarında seyahat etmek istiyor.</Text>
		</Row>
		<Row Tag="LOC_DIPLO_WARNING_TOO_MANY_TROOPS_NEAR_ME_LEADER_LAUTARO_ANY">
			<Text>Mapuche, ordularının bize zarar vermek niyetinde olduğunu düşünüyor. Zihnimizi rahatlatman için sana bir şans vereceğim.</Text>
		</Row>
		<Row Tag="LOC_DIPLO_DEFEAT_FROM_AI_LEADER_LAUTARO_ANY">
			<Text>Sonuna karşı direndik, ama çok geçti ... çok geç.</Text>
		</Row>
		<Row Tag="LOC_DIPLO_REJECT_MAKE_DEAL_FROM_AI_LEADER_LAUTARO_ANY">
			<Text>Beni gücendiriyorsun.</Text>
		</Row>
		<Row Tag="LOC_DIPLO_ACCEPT_MAKE_DEAL_FROM_AI_LEADER_LAUTARO_ANY">
			<Text>Bununla Mapuche’yi onurlandırdın.</Text>
		</Row>

		<!-- Poundmaker Diplo Text -->
		<Row Tag="LOC_DIPLO_ACCEPT_DECLARE_FRIEND_FROM_HUMAN_LEADER_POUNDMAKER_ANY">
			<Text>Milletler arasında barış yapmaktan en mutluyum. İnsanlarımız arasındaki dostluk bana neşe getiriyor.</Text>
		</Row>
		<Row Tag="LOC_DIPLO_REJECT_DECLARE_FRIEND_FROM_HUMAN_LEADER_POUNDMAKER_ANY">
			<Text>Cree ile arkadaş olmak istemen iyi bir şey, ama insanlarım hazır değil. Şimdi değil.</Text>
		</Row>
		<Row Tag="LOC_DIPLO_DECLARE_FRIEND_FROM_AI_LEADER_POUNDMAKER_ANY">
			<Text>Cree sizi arkadaş olarak kabul etmeye hazır. Lütfen, sana soruyorum, güvenlerini onurlandırıyorum.</Text>
		</Row>
		<Row Tag="LOC_DIPLO_ACCEPT_DECLARE_FRIEND_FROM_AI_LEADER_POUNDMAKER_ANY">
			<Text>İyi iyi.</Text>
		</Row>
		<Row Tag="LOC_DIPLO_REJECT_DECLARE_FRIEND_FROM_AI_LEADER_POUNDMAKER_ANY">
			<Text>İstediğim bu değildi.</Text>
		</Row>
		<Row Tag="LOC_DIPLO_ACCEPT_DELEGATION_FROM_HUMAN_LEADER_POUNDMAKER_ANY">
			<Text>Halkım, heyetinizi belediye yangınlarına davet etti.</Text>
		</Row>
		<Row Tag="LOC_DIPLO_REJECT_DELEGATION_FROM_HUMAN_LEADER_POUNDMAKER_ANY">
			<Text>Hayır, insanlarım böyle hediyeler istemez.</Text>
		</Row>
		<Row Tag="LOC_DIPLO_DELEGATION_FROM_AI_LEADER_POUNDMAKER_ANY">
			<Text>Halkım size hediyeler gönderiyor - bufalo elbiseler ve pimihkan. Bunlarla kışın dayanacaksınız.</Text>
		</Row>
		<Row Tag="LOC_DIPLO_DENOUNCE_FROM_HUMAN_LEADER_POUNDMAKER_ANY">
			<Text>Sözünüz değersizdir, insanlarınız yoldan çıkar ve yanınızda olacak arkadaşlarınız yok.</Text>
		</Row>
		<Row Tag="LOC_DIPLO_DENOUNCE_FROM_AI_LEADER_POUNDMAKER_ANY">
			<Text>İnsanlarımı senden hoşlanmayacağına yemin ederim. Yalanların havayı kirletiyor. Sadece çalmak için yaşıyorsun.</Text>
		</Row>
		<Row Tag="LOC_DIPLO_GREETING_LEADER_POUNDMAKER_ANY">
			<Text>Rica ederim.</Text>
		</Row>
		<Row Tag="LOC_DIPLO_MAKE_ALLIANCE_FROM_AI_LEADER_POUNDMAKER_ANY">
			<Text>Cree, dostlarımızdan müttefikler edindi. Bize katılacak bir sonraki olacak mısın?</Text>
		</Row>
		<Row Tag="LOC_DIPLO_MAKE_PEACE_AI_ACCEPT_DEAL_LEADER_POUNDMAKER_ANY">
			<Text>Haksız bir savaştan aramızda bir bütünlük gelebilir.</Text>
		</Row>
		<Row Tag="LOC_DIPLO_MAKE_PEACE_AI_REFUSE_DEAL_LEADER_POUNDMAKER_ANY">
			<Text>Hayır, bu düşünülemez.</Text>
		</Row>
		<Row Tag="LOC_DIPLO_MAKE_PEACE_FROM_AI_LEADER_POUNDMAKER_ANY">
			<Text>Her zaman barış istemişimdir. Halklarımız bu yolda yürümek için bir yol bulabilir mi?</Text>
		</Row>
		<Row Tag="LOC_DIPLO_ACCEPT_OPEN_BORDERS_FROM_HUMAN_LEADER_POUNDMAKER_ANY">
			<Text>Halkınızın topraklarımızı geçmesi için yeterince yer var.</Text>
		</Row>
		<Row Tag="LOC_DIPLO_REJECT_OPEN_BORDERS_FROM_HUMAN_LEADER_POUNDMAKER_ANY">
			<Text>Cree sana güvenmiyor. Lütfen topraklarına bağlı kal.</Text>
		</Row>
		<Row Tag="LOC_DIPLO_OPEN_BORDERS_FROM_AI_LEADER_POUNDMAKER_ANY">
			<Text>Halkım topraklarını geçmek istiyor. Onlara izin verecek misin?</Text>
		</Row>
		<Row Tag="LOC_DIPLO_WARNING_TOO_MANY_TROOPS_NEAR_ME_LEADER_POUNDMAKER_ANY">
			<Text>Sınırlarımıza neden bu kadar çok ordu gönderiyorsunuz? Tek bir kızarıklık hareketi ve barış bozulur.</Text>
		</Row>
		<Row Tag="LOC_DIPLO_DEFEAT_FROM_AI_LEADER_POUNDMAKER_ANY">
			<Text>Savaş isteseydim, şimdi burada olmazdım. Beni yakalamadın Kendimden vazgeçtim.</Text>
		</Row>
		<Row Tag="LOC_DIPLO_REJECT_MAKE_DEAL_FROM_AI_LEADER_POUNDMAKER_ANY">
			<Text>Bir aptal bunu kabul ederdi. Ben aptal değilim.</Text>
		</Row>
		<Row Tag="LOC_DIPLO_ACCEPT_MAKE_DEAL_FROM_AI_LEADER_POUNDMAKER_ANY">
			<Text>Bu bilgeliği görüyorum. Kabul.</Text>
		</Row>

		<!-- Robert The Bruce Diplo Text -->
		<Row Tag="LOC_DIPLO_ACCEPT_DECLARE_FRIEND_FROM_HUMAN_LEADER_ROBERT_THE_BRUCE_ANY">
			<Text>Ne mutlu bir gün! Saltire'nin iki kolu gibi bir arada duracağız.</Text>
		</Row>
		<Row Tag="LOC_DIPLO_REJECT_DECLARE_FRIEND_FROM_HUMAN_LEADER_ROBERT_THE_BRUCE_ANY">
			<Text>Bence doğru sıralama, ama İskoçya hala seninle ilgili çekinceleri var. Şimdi değil.</Text>
		</Row>
		<Row Tag="LOC_DIPLO_DECLARE_FRIEND_FROM_AI_LEADER_ROBERT_THE_BRUCE_ANY">
			<Text>Sakinleştirici bir hakaret dünyasında, dürüst fikirli halk arkadaş olarak birleşmeli.</Text>
		</Row>
		<Row Tag="LOC_DIPLO_ACCEPT_DECLARE_FRIEND_FROM_AI_LEADER_ROBERT_THE_BRUCE_ANY">
			<Text>Muhteşem.</Text>
		</Row>
		<Row Tag="LOC_DIPLO_REJECT_DECLARE_FRIEND_FROM_AI_LEADER_ROBERT_THE_BRUCE_ANY">
			<Text>Hayır anladım.</Text>
		</Row>
		<Row Tag="LOC_DIPLO_ACCEPT_DELEGATION_FROM_HUMAN_LEADER_ROBERT_THE_BRUCE_ANY">
			<Text>Heyetinizi aldım ve onları bir cèilidh'e tedavi ettim. Horozlar ölene kadar dans ettik!</Text>
		</Row>
		<Row Tag="LOC_DIPLO_REJECT_DELEGATION_FROM_HUMAN_LEADER_ROBERT_THE_BRUCE_ANY">
			<Text>İskoçya senden adil sözlerden çok doğru sözler almayı tercih etti, ben de delegasyonunu geri gönderdim.</Text>
		</Row>
		<Row Tag="LOC_DIPLO_DELEGATION_FROM_AI_LEADER_ROBERT_THE_BRUCE_ANY">
			<Text>Lütfen halkımın en iyi tüvitlerini ve haggislerini kabul et. Oh, ve pipers için hark! Onlar büyük değil mi?</Text>
		</Row>
		<Row Tag="LOC_DIPLO_DENOUNCE_FROM_HUMAN_LEADER_ROBERT_THE_BRUCE_ANY">
			<Text>Gübrelik kokuyorsun! Değersiz kelimelerin aracısını çarpıştın! Gözümün önünden kaybol!</Text>
		</Row>
		<Row Tag="LOC_DIPLO_DENOUNCE_FROM_AI_LEADER_ROBERT_THE_BRUCE_ANY">
			<Text>Seni acısız salak! Seni baltayla beyinlerdim, ama korkarım ki kalın pate onu kırardı.</Text>
		</Row>
		<Row Tag="LOC_DIPLO_GREETING_LEADER_ROBERT_THE_BRUCE_ANY">
			<Text>Hadi konuş.</Text>
		</Row>
		<Row Tag="LOC_DIPLO_MAKE_ALLIANCE_FROM_AI_LEADER_ROBERT_THE_BRUCE_ANY">
			<Text>Sen ve ben birbirimize benziyoruz, sen ve ben elimi tut ve müttefik olduğumuz dünyayı gösterelim!</Text>
		</Row>
		<Row Tag="LOC_DIPLO_MAKE_PEACE_AI_ACCEPT_DEAL_LEADER_ROBERT_THE_BRUCE_ANY">
			<Text>İskoçya, güçlerini devirmekten hoşlanıyor, ama bu kadarı yeter.</Text>
		</Row>
		<Row Tag="LOC_DIPLO_MAKE_PEACE_AI_REFUSE_DEAL_LEADER_ROBERT_THE_BRUCE_ANY">
			<Text>Tabii ki değil!</Text>
		</Row>
		<Row Tag="LOC_DIPLO_MAKE_PEACE_FROM_AI_LEADER_ROBERT_THE_BRUCE_ANY">
			<Text>Sade konuşalım. Karşılıklı olarak ayrılma, düşmanlıkların sona ermesi, vb. Yok. Ateşkes veya değil?</Text>
		</Row>
		<Row Tag="LOC_DIPLO_ACCEPT_OPEN_BORDERS_FROM_HUMAN_LEADER_ROBERT_THE_BRUCE_ANY">
			<Text>Bu adil. Mera duvarlarını geçerken duvarları yıkmamaya dikkat edin.</Text>
		</Row>
		<Row Tag="LOC_DIPLO_REJECT_OPEN_BORDERS_FROM_HUMAN_LEADER_ROBERT_THE_BRUCE_ANY">
			<Text>Gelip dolaşamazsın.</Text>
		</Row>
		<Row Tag="LOC_DIPLO_OPEN_BORDERS_FROM_AI_LEADER_ROBERT_THE_BRUCE_ANY">
			<Text>İyi bir komşu, bir erkeğin tarlalarını geçmesine izin verendir, aynı fikirde değil misiniz?</Text>
		</Row>
		<Row Tag="LOC_DIPLO_WARNING_TOO_MANY_TROOPS_NEAR_ME_LEADER_ROBERT_THE_BRUCE_ANY">
			<Text>Birliklerin İskoçya topraklarının dışında geçit yapmamalı. En iyisi onları uzaklaştır.</Text>
		</Row>
		<Row Tag="LOC_DIPLO_DEFEAT_FROM_AI_LEADER_ROBERT_THE_BRUCE_ANY">
			<Text>Yalnız bir rüzgar bugün dağlık bölgelere doğru esiyor. İskoçya için bir dirge. Duyuyor musun?</Text>
		</Row>
		<Row Tag="LOC_DIPLO_REJECT_MAKE_DEAL_FROM_AI_LEADER_ROBERT_THE_BRUCE_ANY">
			<Text>Ne kadar salaş bir teklif. Yok hayır.</Text>
		</Row>
		<Row Tag="LOC_DIPLO_ACCEPT_MAKE_DEAL_FROM_AI_LEADER_ROBERT_THE_BRUCE_ANY">
			<Text>Hmm. Kabul.</Text>
		</Row>

		<!-- Seondeok Diplo Text -->
		<Row Tag="LOC_DIPLO_ACCEPT_DECLARE_FRIEND_FROM_HUMAN_LEADER_SEONDEOK_ANY">
			<Text>Kore, beyanınızı memnuniyetle kabul eder. Ben de aynı soruyu sormak üzereydim.</Text>
		</Row>
		<Row Tag="LOC_DIPLO_REJECT_DECLARE_FRIEND_FROM_HUMAN_LEADER_SEONDEOK_ANY">
			<Text>Beyanı kabul edemem. Bunu yapmak, Kore için değerinden daha fazla belaya neden olur.</Text>
			</Row>
		<Row Tag="LOC_DIPLO_DECLARE_FRIEND_FROM_AI_LEADER_SEONDEOK_ANY">
			<Text>Kore'nin insanlarınızla olan dostluğunu ilan etmem gerektiğini düşünüyorum. Tabii ki anlaşmanla.</Text>
			</Row>
		<Row Tag="LOC_DIPLO_ACCEPT_DECLARE_FRIEND_FROM_AI_LEADER_SEONDEOK_ANY">
			<Text>Ne kadar güzel.</Text>
			</Row>
		<Row Tag="LOC_DIPLO_REJECT_DECLARE_FRIEND_FROM_AI_LEADER_SEONDEOK_ANY">
			<Text>Öyle değil.</Text>
		</Row>
		<Row Tag="LOC_DIPLO_ACCEPT_DELEGATION_FROM_HUMAN_LEADER_SEONDEOK_ANY">
			<Text>Heyetinizi aldığınız için minnettarız. Verdiğiniz hediyeleri memnuniyetle karşılıyoruz.</Text>
		</Row>
		<Row Tag="LOC_DIPLO_REJECT_DELEGATION_FROM_HUMAN_LEADER_SEONDEOK_ANY">
			<Text>Kore, hayırseverinin niyetini öğrenene kadar hediye almaya karşı temkinlidir.</Text>
		</Row>
		<Row Tag="LOC_DIPLO_DELEGATION_FROM_AI_LEADER_SEONDEOK_ANY">
			<Text>Lütfen lezzetli yukpo'yu kabul edin. Soya sığır etini hassas ve lezzetli tutar.</Text>
		</Row>
		<Row Tag="LOC_DIPLO_DENOUNCE_FROM_HUMAN_LEADER_SEONDEOK_ANY">
			<Text>Kore aşağılık hakaretlerini hak edecek hiçbir şey yapmadı! Ama şimdi, belki de yapacağız.</Text>
		</Row>
		<Row Tag="LOC_DIPLO_DENOUNCE_FROM_AI_LEADER_SEONDEOK_ANY">
			<Text>Sen okyanusun sakatatısın - kokuşun dokunduğun her şeye tutunur.</Text>
		</Row>
		<Row Tag="LOC_DIPLO_GREETING_LEADER_SEONDEOK_ANY">
			<Text>Konuşabilirsin.</Text>
		</Row>
		<Row Tag="LOC_DIPLO_MAKE_ALLIANCE_FROM_AI_LEADER_SEONDEOK_ANY">
			<Text>Kore'nin müttefikleri onun gücüdür. İkimiz birlikte daha güçlü oluruz.</Text>
		</Row>
		<Row Tag="LOC_DIPLO_MAKE_PEACE_AI_ACCEPT_DEAL_LEADER_SEONDEOK_ANY">
			<Text>Kalıcı bir barış karşılığında seni yenmek arzuma ihanet edeceğim. Buna ihanet etmem.</Text>
		</Row>
		<Row Tag="LOC_DIPLO_MAKE_PEACE_AI_REFUSE_DEAL_LEADER_SEONDEOK_ANY">
			<Text>Sorunun dışında.</Text>
		</Row>
		<Row Tag="LOC_DIPLO_MAKE_PEACE_FROM_AI_LEADER_SEONDEOK_ANY">
			<Text>Bu savaş ikimiz için de dikkat dağıtıcı hale geldi. Ayrılmamıza ve halkımıza katılmamıza izin verin.</Text>
		</Row>
		<Row Tag="LOC_DIPLO_ACCEPT_OPEN_BORDERS_FROM_HUMAN_LEADER_SEONDEOK_ANY">
			<Text>Sınırları aşan fikir alış verişini ve değişimini memnuniyetle karşılıyorum.</Text>
		</Row>
		<Row Tag="LOC_DIPLO_REJECT_OPEN_BORDERS_FROM_HUMAN_LEADER_SEONDEOK_ANY">
			<Text>Niyetleriniz netleşene kadar sınırlarımızı size kapalı tutmak akıllıcadır.</Text>
		</Row>
		<Row Tag="LOC_DIPLO_OPEN_BORDERS_FROM_AI_LEADER_SEONDEOK_ANY">
			<Text>Dikkatli olmama rağmen, açık sınırlar ilişkilerimizi geliştirmek için iyi yapabilirdi.</Text>
		</Row>
		<Row Tag="LOC_DIPLO_WARNING_TOO_MANY_TROOPS_NEAR_ME_LEADER_SEONDEOK_ANY">
			<Text>Kore sınırlarımızdaki askerleri takdir etmiyor. Onları hemen geri çek.</Text>
		</Row>
		<Row Tag="LOC_DIPLO_DEFEAT_FROM_AI_LEADER_SEONDEOK_ANY">
			<Text>Kendi sonumu öngördüm, ama Kore’nin kaderimi paylaşacağı konusunda değil.</Text>
		</Row>
		<Row Tag="LOC_DIPLO_REJECT_MAKE_DEAL_FROM_AI_LEADER_SEONDEOK_ANY">
			<Text>Teşekkürler, ama aynı fikirdeyim.</Text>
		</Row>
		<Row Tag="LOC_DIPLO_ACCEPT_MAKE_DEAL_FROM_AI_LEADER_SEONDEOK_ANY">
			<Text>Çekici bir teklif. Kore kabul eder.</Text>
		</Row>

		<!-- Genghis Khan Diplo Text -->
		<Row Tag="LOC_DIPLO_ACCEPT_DECLARE_FRIEND_FROM_HUMAN_LEADER_GENGHIS_KHAN_ANY">
			<Text>Kartallar güvercinlerin ve tavşanların üzerinde uçuyor. Arkadaşlıkta duralım, gerisi gölgemize çarpabilir.</Text>
		</Row>
		<Row Tag="LOC_DIPLO_REJECT_DECLARE_FRIEND_FROM_HUMAN_LEADER_GENGHIS_KHAN_ANY">
			<Text>Hayır. Moğolistan'ın size bu kadar hayran olduğunu farz etmeyin.</Text>
		</Row>
		<Row Tag="LOC_DIPLO_DECLARE_FRIEND_FROM_AI_LEADER_GENGHIS_KHAN_ANY">
			<Text>Moğolistan'ın dostluğunu kabul et! Birleşmiş olduğumuzu öğrendiklerinde dünyanın titremesini görmek istiyorum.</Text>
		</Row>
		<Row Tag="LOC_DIPLO_ACCEPT_DECLARE_FRIEND_FROM_AI_LEADER_GENGHIS_KHAN_ANY">
			<Text>Moğolistan bunu takdir edecektir.</Text>
			</Row>
		<Row Tag="LOC_DIPLO_REJECT_DECLARE_FRIEND_FROM_AI_LEADER_GENGHIS_KHAN_ANY">
			<Text>Moğolistan bunu hatırlayacaktır.</Text>
		</Row>
		<Row Tag="LOC_DIPLO_ACCEPT_DELEGATION_FROM_HUMAN_LEADER_GENGHIS_KHAN_ANY">
			<Text>Sürücülerim delegasyonunuza güvenliğe kadar eşlik etti ve hediyelerinizi dağıttı. Yeterliydiler.</Text>
		</Row>
		<Row Tag="LOC_DIPLO_REJECT_DELEGATION_FROM_HUMAN_LEADER_GENGHIS_KHAN_ANY">
			<Text>Armağanların gereksiz. O şeyleri isteseydim, onları alırdım.</Text>
		</Row>
		<Row Tag="LOC_DIPLO_DELEGATION_FROM_AI_LEADER_GENGHIS_KHAN_ANY">
			<Text>Size hediyeler gönderiyorum; artı atlar, bir gencin yayı ve sizi güçlendirmek için airag. İç!</Text>
		</Row>
		<Row Tag="LOC_DIPLO_DENOUNCE_FROM_HUMAN_LEADER_GENGHIS_KHAN_ANY">
			<Text>Aptal ve zayıf! Daha nasıl fethedilmedin?</Text>
		</Row>
		<Row Tag="LOC_DIPLO_DENOUNCE_FROM_AI_LEADER_GENGHIS_KHAN_ANY">
			<Text>Zayıflığın ve çirkinliğin beni kızdırıyor. Bir gün, belki de yakında, içindeki tehlikeyi öğreneceksin.</Text>
		</Row>
		<Row Tag="LOC_DIPLO_GREETING_LEADER_GENGHIS_KHAN_ANY">
			<Text>Sözlerini tartacağım.</Text>
		</Row>
		<Row Tag="LOC_DIPLO_MAKE_ALLIANCE_FROM_AI_LEADER_GENGHIS_KHAN_ANY">
			<Text>Moğolistan ile yolculuk. Kalbinin bu ittifak için can attığını biliyorsun.</Text>
		</Row>
		<Row Tag="LOC_DIPLO_MAKE_PEACE_AI_ACCEPT_DEAL_LEADER_GENGHIS_KHAN_ANY">
			<Text>Bu savaşa devam etmeyi tercih etmeme rağmen, Moğolistan değil.</Text>
		</Row>
		<Row Tag="LOC_DIPLO_MAKE_PEACE_AI_REFUSE_DEAL_LEADER_GENGHIS_KHAN_ANY">
			<Text>En güzel atını eklediysen hayır.</Text>
		</Row>
		<Row Tag="LOC_DIPLO_MAKE_PEACE_FROM_AI_LEADER_GENGHIS_KHAN_ANY">
			<Text>İkimiz de Moğolistan'ın seni yeneceğini biliyoruz. Bu savaşı askıya alalım. Şimdilik.</Text>
		</Row>
		<Row Tag="LOC_DIPLO_ACCEPT_OPEN_BORDERS_FROM_HUMAN_LEADER_GENGHIS_KHAN_ANY">
			<Text>Topraklarımızı geçebilirsin. Siz geçerken gücümüze hayret edin.</Text>
		</Row>
		<Row Tag="LOC_DIPLO_REJECT_OPEN_BORDERS_FROM_HUMAN_LEADER_GENGHIS_KHAN_ANY">
			<Text>Bizim olan şey, ister sürü isterse toprak olsun.</Text>
		</Row>
		<Row Tag="LOC_DIPLO_OPEN_BORDERS_FROM_AI_LEADER_GENGHIS_KHAN_ANY">
			<Text>Güçlerimin topraklarınızda dolaşmasına izin vermenizi istiyorum.</Text>
		</Row>
		<Row Tag="LOC_DIPLO_WARNING_TOO_MANY_TROOPS_NEAR_ME_LEADER_GENGHIS_KHAN_ANY">
			<Text>Sınırlarımıza yakın ordularınız cazip bir hedef. Onların güvenliği için onları taşımalısınız.</Text>
		</Row>
		<Row Tag="LOC_DIPLO_DEFEAT_FROM_AI_LEADER_GENGHIS_KHAN_ANY">
			<Text>Moğol klanlarını çaldın. Sana olan saygım neredeyse nefretle uyuşuyor.</Text>
		</Row>
		<Row Tag="LOC_DIPLO_REJECT_MAKE_DEAL_FROM_AI_LEADER_GENGHIS_KHAN_ANY">
			<Text>Sen buna anlaşma diyorsun. Ben buna soygun diyorum.</Text>
		</Row>
		<Row Tag="LOC_DIPLO_ACCEPT_MAKE_DEAL_FROM_AI_LEADER_GENGHIS_KHAN_ANY">
			<Text>Kabul. İkimiz için de en iyisi.</Text>
		</Row>

		<!-- Shaka Diplo Text -->
		<Row Tag="LOC_DIPLO_ACCEPT_DECLARE_FRIEND_FROM_HUMAN_LEADER_SHAKA_ANY">
			<Text>Tabii ki! Zulu'nun çocukları insanlarına saygı duyuyor ve sen kendine gerçek bir arkadaş olduğunu kanıtladın.</Text>
		</Row>
		<Row Tag="LOC_DIPLO_REJECT_DECLARE_FRIEND_FROM_HUMAN_LEADER_SHAKA_ANY">
			<Text>Zulu'nun çocukları için gerçek bir arkadaş değilsin. Daha fazla çaba ile olabilirdi, ama şimdi? Yok hayır.</Text>
			</Row>
		<Row Tag="LOC_DIPLO_DECLARE_FRIEND_FROM_AI_LEADER_SHAKA_ANY">
			<Text>Onlarla birlikte durursanız, Zulu'nun çocukları yanınızda olacaktır. Arkadaşlığımızı ilan edelim mi?</Text>
			</Row>
		<Row Tag="LOC_DIPLO_ACCEPT_DECLARE_FRIEND_FROM_AI_LEADER_SHAKA_ANY">
			<Text>Minnettarlığın ötesinde değilim.</Text>
			</Row>
		<Row Tag="LOC_DIPLO_REJECT_DECLARE_FRIEND_FROM_AI_LEADER_SHAKA_ANY">
			<Text>Benimle dalga geçme.</Text>
		</Row>
		<Row Tag="LOC_DIPLO_ACCEPT_DELEGATION_FROM_HUMAN_LEADER_SHAKA_ANY">
			<Text>Heyetiniz geldi. Zulu çocukları hediyelerinizi kabul eder, ancak sadakat almayı düşünmeyin.</Text>
		</Row>
		<Row Tag="LOC_DIPLO_REJECT_DELEGATION_FROM_HUMAN_LEADER_SHAKA_ANY">
			<Text>Önlemini öğrenene kadar, verdiğin hediyeyi kabul edemem.</Text>
		</Row>
		<Row Tag="LOC_DIPLO_DELEGATION_FROM_AI_LEADER_SHAKA_ANY">
			<Text>Bir tören iklwa gönderdim. Yaralardan çekildiğinde çıkardıkları ses için isimlendirilirler.</Text>
		</Row>
		<Row Tag="LOC_DIPLO_DENOUNCE_FROM_HUMAN_LEADER_SHAKA_ANY">
			<Text>Sözlerin kötü. Merkezinizde bir çürüme var. Bunu temizlemenin tek yolu onu kesmek.</Text>
		</Row>
		<Row Tag="LOC_DIPLO_DENOUNCE_FROM_AI_LEADER_SHAKA_ANY">
			<Text>Zayıf bir vücut eğitebilir. Zayıf bir zihin öğrenebilir. Ama ortaya çıkardığın gibi, zayıf bir kalbin tedavisi yok.</Text>
		</Row>
		<Row Tag="LOC_DIPLO_GREETING_LEADER_SHAKA_ANY">
			<Text>Yine sen.</Text>
		</Row>
		<Row Tag="LOC_DIPLO_MAKE_ALLIANCE_FROM_AI_LEADER_SHAKA_ANY">
			<Text>Halkımız arasındaki farklılıklar hiçbir şey ifade etmiyor. Bizim tarafımızdan savaşır mısın? Tek önemli olan bu.</Text>
		</Row>
		<Row Tag="LOC_DIPLO_MAKE_PEACE_AI_ACCEPT_DEAL_LEADER_SHAKA_ANY">
			<Text>Barış ararsanız, Zulu çocukları isteğinizi kabul edecek.</Text>
		</Row>
		<Row Tag="LOC_DIPLO_MAKE_PEACE_AI_REFUSE_DEAL_LEADER_SHAKA_ANY">
			<Text>Zamanımı harcıyorsun.</Text>
		</Row>
		<Row Tag="LOC_DIPLO_MAKE_PEACE_FROM_AI_LEADER_SHAKA_ANY">
			<Text>Bu savaş ikimizi de mahvediyor. Herhangi bir zafer boş olacaktır. Gelin, silahlarımızda kalmamıza izin verin.</Text>
		</Row>
		<Row Tag="LOC_DIPLO_ACCEPT_OPEN_BORDERS_FROM_HUMAN_LEADER_SHAKA_ANY">
			<Text>Kabul. Komşunuzun gücünü görmek, zayıflığı hayal etmekten iyidir.</Text>
		</Row>
		<Row Tag="LOC_DIPLO_REJECT_OPEN_BORDERS_FROM_HUMAN_LEADER_SHAKA_ANY">
			<Text>Kabil. Komşunuzun ağzını görmek, zayıflığı hayal etmekten iyidir.</Text>
		</Row>
		<Row Tag="LOC_DIPLO_OPEN_BORDERS_FROM_AI_LEADER_SHAKA_ANY">
			<Text>Zulu'nun çocuklarının saklayacak hiçbir şeyleri yok. Sizin halkınız topraklarımızda kabul edilir.</Text>
		</Row>
		<Row Tag="LOC_DIPLO_WARNING_TOO_MANY_TROOPS_NEAR_ME_LEADER_SHAKA_ANY">
			<Text>Zulu sınırları boyunca yürüdüğünüz birlikler impi'ler için cazip bir hedef haline getiriyor.</Text>
		</Row>
		<Row Tag="LOC_DIPLO_DEFEAT_FROM_AI_LEADER_SHAKA_ANY">
			<Text>Doğru, hükümdarlığımı bitirdin. Ama ben senin kabuslarında yaşayacağım.</Text>
		</Row>
		<Row Tag="LOC_DIPLO_REJECT_MAKE_DEAL_FROM_AI_LEADER_SHAKA_ANY">
			<Text>Benimle dalga geçme.</Text>
		</Row>
		<Row Tag="LOC_DIPLO_ACCEPT_MAKE_DEAL_FROM_AI_LEADER_SHAKA_ANY">
			<Text>Şimdilik, evet.</Text>
		</Row>

		<!-- Tamar Diplo Text -->
		<Row Tag="LOC_DIPLO_ACCEPT_DECLARE_FRIEND_FROM_HUMAN_LEADER_TAMAR_ANY">
			<Text>Bunun acımasız bir jest olduğunu düşünmüştüm, ancak yansıma üzerine samimiyetinize dikkat edin. Georgia isteğinizi kabul eder.</Text>
		</Row>
		<Row Tag="LOC_DIPLO_REJECT_DECLARE_FRIEND_FROM_HUMAN_LEADER_TAMAR_ANY">
			<Text>Dostluk? Gürcistan birçok şeydir, ancak biri senin arkadaşın olmayı gerektirmez.</Text>
			</Row>
		<Row Tag="LOC_DIPLO_DECLARE_FRIEND_FROM_AI_LEADER_TAMAR_ANY">
			<Text>Gürcistan’ın güvenebileceği birkaç kişi arasındasınız. Kabul edersen, herkesin bilmesine izin vereceğim.</Text>
			</Row>
		<Row Tag="LOC_DIPLO_ACCEPT_DECLARE_FRIEND_FROM_AI_LEADER_TAMAR_ANY">
			<Text>Eylemlerin minnettarlığımı hak ediyor.</Text>
			</Row>
		<Row Tag="LOC_DIPLO_REJECT_DECLARE_FRIEND_FROM_AI_LEADER_TAMAR_ANY">
			<Text>İmkansızsın.</Text>
		</Row>
		<Row Tag="LOC_DIPLO_ACCEPT_DELEGATION_FROM_HUMAN_LEADER_TAMAR_ANY">
			<Text>Heyetiniz bir olaya neden olmadı. Bunu bir başarı olarak görüyorum.</Text>
		</Row>
		<Row Tag="LOC_DIPLO_REJECT_DELEGATION_FROM_HUMAN_LEADER_TAMAR_ANY">
			<Text>Gürcistan’ın acil sorunları var. Bu, tüccarları ağırlamanın zamanı değil.</Text>
		</Row>
		<Row Tag="LOC_DIPLO_DELEGATION_FROM_AI_LEADER_TAMAR_ANY">
			<Text>Gürcü tüccarları birçok cevizli sucuk getirdi. Doldurma tatlısı yapıyorlar.</Text>
		</Row>
		<Row Tag="LOC_DIPLO_DENOUNCE_FROM_HUMAN_LEADER_TAMAR_ANY">
			<Text>Sen tespit edilebilir birisin. İnsanların senden daha iyi bir lideri hak ediyor.</Text>
		</Row>
		<Row Tag="LOC_DIPLO_DENOUNCE_FROM_AI_LEADER_TAMAR_ANY">
			<Text>Sence düşüncesiz bir küf demek, küfretmek için hakarettir.</Text>
		</Row>
		<Row Tag="LOC_DIPLO_GREETING_LEADER_TAMAR_ANY">
			<Text>Neden beni rahatsız ettin?</Text>
		</Row>
		<Row Tag="LOC_DIPLO_MAKE_ALLIANCE_FROM_AI_LEADER_TAMAR_ANY">
			<Text>Gücümüzü birleştirmek, ortak düşmanlarımızı duraklatır. Fayda gördüğünü varsayarsak.</Text>
		</Row>
		<Row Tag="LOC_DIPLO_MAKE_PEACE_AI_ACCEPT_DEAL_LEADER_TAMAR_ANY">
			<Text>Dersini öğrenmene memnun oldum. Bu savaş sona erebilir.</Text>
		</Row>
		<Row Tag="LOC_DIPLO_MAKE_PEACE_AI_REFUSE_DEAL_LEADER_TAMAR_ANY">
			<Text>Üzücü. Çok pişmanım.</Text>
		</Row>
		<Row Tag="LOC_DIPLO_MAKE_PEACE_FROM_AI_LEADER_TAMAR_ANY">
			<Text>Bu savaş bitmeli. Nedeninde hiçbir hata kabul etmeyeceğim.</Text>
		</Row>
		<Row Tag="LOC_DIPLO_ACCEPT_OPEN_BORDERS_FROM_HUMAN_LEADER_TAMAR_ANY">
			<Text>Sanırım halklarımız arasındaki ticareti teşvik edecek. Gürcistan sınırlarını açacak. Şimdilik.</Text>
		</Row>
		<Row Tag="LOC_DIPLO_REJECT_OPEN_BORDERS_FROM_HUMAN_LEADER_TAMAR_ANY">
			<Text>Gürcistan topraklarında yabancı etkiye ihtiyaç duymaz. En azından senin değil.</Text>
		</Row>
		<Row Tag="LOC_DIPLO_OPEN_BORDERS_FROM_AI_LEADER_TAMAR_ANY">
			<Text>Danışmanlarım Gürcistan’ın sınırlarını açmasını tavsiye ediyor. Sözlerinde biraz bilgelik görüyorum.</Text>
		</Row>
		<Row Tag="LOC_DIPLO_WARNING_TOO_MANY_TROOPS_NEAR_ME_LEADER_TAMAR_ANY">
			<Text>Sabrımı Gürcü sınırındaki askerler ile test ediyorsun. Onları çıkarın, aksi takdirde çıkarılmalıdır.</Text>
		</Row>
		<Row Tag="LOC_DIPLO_DEFEAT_FROM_AI_LEADER_TAMAR_ANY">
			<Text>Duvarlar, Gürcistan’ı yıkımdan kurtarmak için yeterli değildi. Ben de değildim.</Text>
		</Row>
		<Row Tag="LOC_DIPLO_REJECT_MAKE_DEAL_FROM_AI_LEADER_TAMAR_ANY">
			<Text>Tekrar deneyin. Bu sefer, gerçek bir teklifle.</Text>
		</Row>
		<Row Tag="LOC_DIPLO_ACCEPT_MAKE_DEAL_FROM_AI_LEADER_TAMAR_ANY">
			<Text>Kabul etmem acı veriyor, ama yapmalıyım.</Text>
		</Row>

		<!-- Wilhelmina Diplo Text -->
		<Row Tag="LOC_DIPLO_ACCEPT_DECLARE_FRIEND_FROM_HUMAN_LEADER_WILHELMINA_ANY">
			<Text>Dostluğun elini kabul etmekten çok mutluyuz. Geleceğimiz uzun ve başarılı olabilir!</Text>
		</Row>
		<Row Tag="LOC_DIPLO_REJECT_DECLARE_FRIEND_FROM_HUMAN_LEADER_WILHELMINA_ANY">
			<Text>Hollanda ile dostluk iddiasını tanımıyoruz.</Text>
		</Row>
		<Row Tag="LOC_DIPLO_DECLARE_FRIEND_FROM_AI_LEADER_WILHELMINA_ANY">
			<Text>Bizim gibi dostane ilişkilere sahip medeniyetler, bunu dünyaya ilan etmeli, aynı fikirde değil misiniz?</Text>
		</Row>
		<Row Tag="LOC_DIPLO_ACCEPT_DECLARE_FRIEND_FROM_AI_LEADER_WILHELMINA_ANY">
			<Text>Olağanüstü.</Text>
		</Row>
		<Row Tag="LOC_DIPLO_REJECT_DECLARE_FRIEND_FROM_AI_LEADER_WILHELMINA_ANY">
			<Text>Ne şanssızlık.</Text>
		</Row>
		<Row Tag="LOC_DIPLO_ACCEPT_DELEGATION_FROM_HUMAN_LEADER_WILHELMINA_ANY">
			<Text>Delegelerini uygun onurla karşıladık ve teşekkür ediyoruz.</Text>
		</Row>
		<Row Tag="LOC_DIPLO_REJECT_DELEGATION_FROM_HUMAN_LEADER_WILHELMINA_ANY">
			<Text>Anladığınızdan emin olduğum gibi, hediyelerinizi kabul etmemiz uygunsuz.</Text>
		</Row>
		<Row Tag="LOC_DIPLO_DELEGATION_FROM_AI_LEADER_WILHELMINA_ANY">
			<Text>Hollanda size tebrik hediyeleri gönderiyor - tahta ayakkabılar, peynirler ve hoş bir serserigofret.</Text>
		</Row>
		<Row Tag="LOC_DIPLO_DENOUNCE_FROM_HUMAN_LEADER_WILHELMINA_ANY">
			<Text>Size açık görüşümüzün avantajını sunuyoruz: Yönetmeye uygun olmadığınız ve Hollanda için bir tehdit.</Text>
		</Row>
		<Row Tag="LOC_DIPLO_DENOUNCE_FROM_AI_LEADER_WILHELMINA_ANY">
			<Text>Size ne kadar korkunç bulduğumuzu söylemek bizim asıl arzumuzdur ve saltanatınızın kısa olmasını dileriz.</Text>
		</Row>
		<Row Tag="LOC_DIPLO_GREETING_LEADER_WILHELMINA_ANY">
			<Text>Bizim dikkatimiz var.</Text>
		</Row>
		<Row Tag="LOC_DIPLO_MAKE_ALLIANCE_FROM_AI_LEADER_WILHELMINA_ANY">
			<Text>Milletimizin davasında güvenilir bir ortak olduğunu kanıtladınız ve bu ilişkiyi derinleştirmeye çalışıyoruz.</Text>
		</Row>
		<Row Tag="LOC_DIPLO_MAKE_PEACE_AI_ACCEPT_DEAL_LEADER_WILHELMINA_ANY">
			<Text>Evet. Mücadelemiz yeterince uzun sürdü. Kaybettiğimizi yeniden inşa edelim.</Text>
		</Row>
		<Row Tag="LOC_DIPLO_MAKE_PEACE_AI_REFUSE_DEAL_LEADER_WILHELMINA_ANY">
			<Text>Sadece imkansız.</Text>
		</Row>
		<Row Tag="LOC_DIPLO_MAKE_PEACE_FROM_AI_LEADER_WILHELMINA_ANY">
			<Text>Hollanda, darbeler yerine mal ticareti yapmayı tercih eder. Bu savaşı derhal bitirmeliyiz.</Text>
		</Row>
		<Row Tag="LOC_DIPLO_ACCEPT_OPEN_BORDERS_FROM_HUMAN_LEADER_WILHELMINA_ANY">
			<Text>Hollanda teklifinizi kabul etmekten mutluluk duymaktadır ve sınırlarımızı size açacaktır.</Text>
		</Row>
		<Row Tag="LOC_DIPLO_REJECT_OPEN_BORDERS_FROM_HUMAN_LEADER_WILHELMINA_ANY">
			<Text>Topraklarımızı özgürce geçmenize izin veremeyiz.</Text>
		</Row>
		<Row Tag="LOC_DIPLO_OPEN_BORDERS_FROM_AI_LEADER_WILHELMINA_ANY">
			<Text>Arazilerimiz arasında seyahat açarak çıkarlarımıza en iyi şekilde hizmet etmez miyiz?</Text>
		</Row>
		<Row Tag="LOC_DIPLO_WARNING_TOO_MANY_TROOPS_NEAR_ME_LEADER_WILHELMINA_ANY">
			<Text>Planlarından habersiz olduğumuzu düşünüyor musun? Birliklerini aynı anda sınırlarımızdan atmanı istiyoruz!</Text>
		</Row>
		<Row Tag="LOC_DIPLO_DEFEAT_FROM_AI_LEADER_WILHELMINA_ANY">
			<Text>Tanrı'nın yardımıyla, bir gün Hollanda topraklarını geri alabiliriz.</Text>
		</Row>
		<Row Tag="LOC_DIPLO_REJECT_MAKE_DEAL_FROM_AI_LEADER_WILHELMINA_ANY">
			<Text>Reddetmeliyiz.</Text>
		</Row>
		<Row Tag="LOC_DIPLO_ACCEPT_MAKE_DEAL_FROM_AI_LEADER_WILHELMINA_ANY">
			<Text>Daha iyi bir teklif olmadığını duyduk.</Text>
		</Row>

		<!-- Leader Text-->
		<Row Tag="LOC_DIPLO_KUDO_EXIT_LEADER_CHANDRAGUPTA_ANY">
			<Text>En iyi komşular uzak olanlardır. Şu anda, sen Hindistan'ın en iyi komşususun.</Text>
		</Row>
		<Row Tag="LOC_DIPLO_WARNING_EXIT_LEADER_CHANDRAGUPTA_ANY">
			<Text>Topraklarımız arasında mesafe yok. Halkım kendi kokunu almak zorunda kaldı.</Text>
		</Row>
		<Row Tag="LOC_DIPLO_KUDO_EXIT_LEADER_LAUTARO_ANY">
			<Text>İnsanların nereden geldikleri için gurur duyuyorlar. Senin liderliğini takip ettikleri açık.</Text>
		</Row>
		<Row Tag="LOC_DIPLO_WARNING_EXIT_LEADER_LAUTARO_ANY">
			<Text>Bu kadar sıkıcı insanlara nasıl liderlik ediyorsun? Belirlediğiniz örneği takip ediyorlar mı?</Text>
		</Row>
		<Row Tag="LOC_DIPLO_KUDO_EXIT_LEADER_POUNDMAKER_ANY">
			<Text>Arkadaşlıklarını dünyaya ilan edenlere büyük saygı duyuyorum.</Text>
		</Row>
		<Row Tag="LOC_DIPLO_WARNING_EXIT_LEADER_POUNDMAKER_ANY">
			<Text>Arkadaşlıklarını akıllıca seç - ama seçmelisin.</Text>
		</Row>
		<Row Tag="LOC_DIPLO_KUDO_EXIT_LEADER_ROBERT_THE_BRUCE_ANY">
			<Text>Komşularınızla barışı korumak için akıllıca olun. Kan davası çok pahalıya ödenir.</Text>
		</Row>
		<Row Tag="LOC_DIPLO_WARNING_EXIT_LEADER_ROBERT_THE_BRUCE_ANY">
			<Text>Savaşlarını uzak tut. Aksi taktirde, kendi toprağındaki darbeyi takip edersin.</Text>
		</Row>
		<Row Tag="LOC_DIPLO_KUDO_EXIT_LEADER_SEONDEOK_ANY">
			<Text>Yaratılışın sırlarına hakim olmanız halkımın kıskançlığıdır.</Text>
		</Row>
		<Row Tag="LOC_DIPLO_WARNING_EXIT_LEADER_SEONDEOK_ANY">
			<Text>Başkaları cennete uzanırken, sen kiri pençesin.</Text>
		</Row>
		<Row Tag="LOC_DIPLO_KUDO_EXIT_LEADER_GENGHIS_KHAN_ANY">
			<Text>Tarlaya girdiğiniz süvari utanç verici, ama neyse ki küçük.</Text>
		</Row>
		<Row Tag="LOC_DIPLO_WARNING_EXIT_LEADER_GENGHIS_KHAN_ANY">
			<Text>Koyun mesanesi giymez ve kask olarak adlandırmazsın. Öyleyse neden "süvari" topladığını iddia ediyorsun?</Text>
		</Row>
		<Row Tag="LOC_DIPLO_KUDO_EXIT_LEADER_SHAKA_ANY">
			<Text>Sahadaki ordular gücünüzü ortaya koyuyor. Kaldırımı temizledin mi? Kaldırımı temizlemek için daima akıllıca olun.</Text>
		</Row>
		<Row Tag="LOC_DIPLO_WARNING_EXIT_LEADER_SHAKA_ANY">
			<Text>Neden kuvvetlerinin kimliklerini korumalarına izin veriyorsun? Bir iradesine hizmet etmek için bir araya gelmeli - sizinki.</Text>
		</Row>
		<Row Tag="LOC_DIPLO_KUDO_EXIT_LEADER_TAMAR_ANY">
			<Text>İnsanların için kurduğun duvarları takdir ediyorum. Gürcü bir ruhun var.</Text>
		</Row>
		<Row Tag="LOC_DIPLO_WARNING_EXIT_LEADER_TAMAR_ANY">
			<Text>İnsanların çok güveniyor. Herkesin şehirlerine girmesine izin verecekler - hatta barbarlar bile.</Text>
		</Row>
		<Row Tag="LOC_DIPLO_KUDO_EXIT_LEADER_WILHELMINA_ANY">
			<Text>Hollanda, bize gönderdiğiniz her gönderiyle birlikte gelişiyor.</Text>
		</Row>
		<Row Tag="LOC_DIPLO_WARNING_EXIT_LEADER_WILHELMINA_ANY">
			<Text>Ticareti reddedenler sık sık bizden istediklerini alabileceklerini düşünüyorlar. Çok yanılıyorlar.</Text>
		</Row>
		<!-- First AI line -->
			<Row Tag="LOC_DIPLO_FIRST_MEET_LEADER_CHANDRAGUPTA_ANY">
				<Text>Ben Chandragupta, birleşmiş Hindistan'ın Mauryan imparatoru. Hayır, kafama yatmadı.</Text>
			</Row>
			<Row Tag="LOC_DIPLO_FIRST_MEET_LEADER_LAUTARO_ANY">
				<Text>Ben Lautaro, Swift Hawk. Mapuche beni saygıyla onurlandırıyor. Aynısını senden görebilecek miyim?</Text>
			</Row>
			<Row Tag="LOC_DIPLO_FIRST_MEET_LEADER_POUNDMAKER_ANY">
				<Text>Ben Poundmaker'ım ve Cree'yi temsil ediyorum. Aramızda her zaman barış olsun.</Text>
			</Row>
			<Row Tag="LOC_DIPLO_FIRST_MEET_LEADER_ROBERT_THE_BRUCE_ANY">
				<Text>Ben Bruce Bruce. İskoçya beni takip ediyor - buğdaydan veya savaş alanlarından geçiyor.</Text>
			</Row>
			<Row Tag="LOC_DIPLO_FIRST_MEET_LEADER_SEONDEOK_ANY">
				<Text>Ben, Kore Seondeok'u, sizi kabul ediyorum. Toplantımız öngörüldü.</Text>
			</Row>
			<Row Tag="LOC_DIPLO_FIRST_MEET_LEADER_GENGHIS_KHAN_ANY">
				<Text>Ben Cengiz Han'ım. Benden gelecekteki Moğol topraklarına yalan söyledim. Arkamda önemli olan tek süvari var.</Text>
			</Row>
			<Row Tag="LOC_DIPLO_FIRST_MEET_LEADER_SHAKA_ANY">
				<Text>Zulu'lu Shaka'nın önünde duruyorsun. Ordularıma sırtını dönmeye cesaretin var mı? Böyle bir hata yapmayacağım.</Text>
			</Row>		
			<Row Tag="LOC_DIPLO_FIRST_MEET_LEADER_TAMAR_ANY">
				<Text>Ben Gürcistanlı Tamar'ım. Ne olacağını söyle ve yolda ol.</Text>
			</Row>
			<Row Tag="LOC_DIPLO_FIRST_MEET_LEADER_WILHELMINA_ANY">
				<Text>Ben Wilhelmina, Hollanda Kraliçesi. Sonunda seninle tanışmak benim için büyük zevk.</Text>
			</Row>						
		<!-- AI invitation to visit nearby City -->
			<Row Tag="LOC_DIPLO_FIRST_MEET_VISIT_RECIPIENT_LEADER_CHANDRAGUPTA_ANY">
				<Text>Hindistan topraklarına yakın seyahat ettin. Neden büyük üvey evlerimizi ziyaret edip rahatlamıyorsunuz?</Text>
			</Row>
			<Row Tag="LOC_DIPLO_FIRST_MEET_VISIT_RECIPIENT_LEADER_LAUTARO_ANY">
				<Text>Mapuche toprağına yaklaşıyorsun. Kimyasal atamız arasında dolaşıp atalarımızı öğrenmek istiyor musun?</Text>
			</Row>
			<Row Tag="LOC_DIPLO_FIRST_MEET_VISIT_RECIPIENT_LEADER_POUNDMAKER_ANY">
				<Text>Sizi misafirim olarak gelmeye ve Cree'nin nasıl yaşadığını görmeye davet ediyorum.</Text>
			</Row>
			<Row Tag="LOC_DIPLO_FIRST_MEET_VISIT_RECIPIENT_LEADER_ROBERT_THE_BRUCE_ANY">
				<Text>Mahalledeyken, başkentimizi görmek istemez miydin?</Text>
			</Row>
			<Row Tag="LOC_DIPLO_FIRST_MEET_VISIT_RECIPIENT_LEADER_SEONDEOK_ANY">
				<Text>Başkentimizi ziyaret etmelisin. Seowon, bilimsel ve politik düşüncenin en güzel örnekleridir.</Text>
			</Row>
			<Row Tag="LOC_DIPLO_FIRST_MEET_VISIT_RECIPIENT_LEADER_GENGHIS_KHAN_ANY">
				<Text>Kimin topraklarına yaklaştığını biliyor musun? Keshik buluşmasını görün ve bunun Moğolistan olduğunu bilin.</Text>
			</Row>
			<Row Tag="LOC_DIPLO_FIRST_MEET_VISIT_RECIPIENT_LEADER_SHAKA_ANY">
				<Text>Zulu başkentine seyahat etmelisin. İkandamızda kendiniz görmeniz gereken bir güç var.</Text>
			</Row>		
			<Row Tag="LOC_DIPLO_FIRST_MEET_VISIT_RECIPIENT_LEADER_TAMAR_ANY">
				<Text>Seni sermayemize yönlendireceğim. Savunmasız tsikhe'mize bakın.</Text>
			</Row>
			<Row Tag="LOC_DIPLO_FIRST_MEET_VISIT_RECIPIENT_LEADER_WILHELMINA_ANY">
				<Text>Hollanda, sizi sermayemiz hakkında bilgi edinmenizi ve karşılık vermeye davet ediyor.</Text>
			</Row>		
		<!-- AI accepts Human invitation -->
			<Row Tag="LOC_DIPLO_FIRST_MEET_NEAR_INITIATOR_POSITIVE_LEADER_CHANDRAGUPTA_ANY">
				<Text>Sadece bir aptal düşebilir.</Text>
			</Row>
			<Row Tag="LOC_DIPLO_FIRST_MEET_NEAR_INITIATOR_POSITIVE_LEADER_LAUTARO_ANY">
				<Text>Bununla Mapuche’yi onurlandırdın.</Text>
			</Row>
			<Row Tag="LOC_DIPLO_FIRST_MEET_NEAR_INITIATOR_POSITIVE_LEADER_POUNDMAKER_ANY">
				<Text>Bu bilgeliği görüyorum. Kabul.</Text>
			</Row>
			<Row Tag="LOC_DIPLO_FIRST_MEET_NEAR_INITIATOR_POSITIVE_LEADER_ROBERT_THE_BRUCE_ANY">
				<Text>Buna hayır diyemem.</Text>
			</Row>
			<Row Tag="LOC_DIPLO_FIRST_MEET_NEAR_INITIATOR_POSITIVE_LEADER_SEONDEOK_ANY">
				<Text>Çekici bir teklif. Kore kabul eder.</Text>
			</Row>
			<Row Tag="LOC_DIPLO_FIRST_MEET_NEAR_INITIATOR_POSITIVE_LEADER_GENGHIS_KHAN_ANY">
				<Text>Bunu kabul edebilirim.</Text>
			</Row>
			<Row Tag="LOC_DIPLO_FIRST_MEET_NEAR_INITIATOR_POSITIVE_LEADER_SHAKA_ANY">
				<Text>Kabul edilebilir.</Text>
			</Row>		
			<Row Tag="LOC_DIPLO_FIRST_MEET_NEAR_INITIATOR_POSITIVE_LEADER_TAMAR_ANY">
				<Text>Çok iyi.</Text>
			</Row>
			<Row Tag="LOC_DIPLO_FIRST_MEET_NEAR_INITIATOR_POSITIVE_LEADER_WILHELMINA_ANY">
				<Text>Minnettarlığımızı ifade ediyoruz.</Text>
			</Row>	
		<!-- AI invitation to exchange Capital Information -->
			<Row Tag="LOC_DIPLO_FIRST_MEET_NO_MANS_INFO_EXCHANGE_LEADER_CHANDRAGUPTA_ANY">
				<Text>Başkentlerimizden konuşmalıyız. Birbirimizden ne kadar uzak olduğumuzu belirleyin.</Text>
			</Row>
			<Row Tag="LOC_DIPLO_FIRST_MEET_NO_MANS_INFO_EXCHANGE_LEADER_LAUTARO_ANY">
				<Text>Bana sermayenizi söylerseniz, size Mapuche'nin başkentini anlatacağım.</Text>
			</Row>
			<Row Tag="LOC_DIPLO_FIRST_MEET_NO_MANS_INFO_EXCHANGE_LEADER_POUNDMAKER_ANY">
				<Text>Gelin ve halkımın nerede yaşadığını görün ve bize nerede ev aradığınızı gösterin.</Text>
			</Row>
			<Row Tag="LOC_DIPLO_FIRST_MEET_NO_MANS_INFO_EXCHANGE_LEADER_ROBERT_THE_BRUCE_ANY">
				<Text>Sermayene bir göz atmaya karar verdim. Adil bir adam olduğum için İskoçya’yı görmeye getireceğim.</Text>
			</Row>
			<Row Tag="LOC_DIPLO_FIRST_MEET_NO_MANS_INFO_EXCHANGE_LEADER_SEONDEOK_ANY">
				<Text>Karşılık verirseniz başkentimize talimatlar vereceğim.</Text>
			</Row>
			<Row Tag="LOC_DIPLO_FIRST_MEET_NO_MANS_INFO_EXCHANGE_LEADER_GENGHIS_KHAN_ANY">
				<Text>Başkentlerimiz hakkında bilgi alışverişinde bulunmalıyız. Bir gün seni ziyaret etmek isteyebilirim.</Text>
			</Row>
			<Row Tag="LOC_DIPLO_FIRST_MEET_NO_MANS_INFO_EXCHANGE_LEADER_SHAKA_ANY">
				<Text>Beni seninkine yönlendirirsen seni Zulu başkentine yönlendirebilirim. Paylaşma riski, evet - ama küçük bir tane.</Text>
			</Row>		
			<Row Tag="LOC_DIPLO_FIRST_MEET_NO_MANS_INFO_EXCHANGE_LEADER_TAMAR_ANY">
				<Text>Başkentlerimize talimatlar vermeliyiz ki birbirimizle doğrudan başa çıkabilelim.</Text>
			</Row>
			<Row Tag="LOC_DIPLO_FIRST_MEET_NO_MANS_INFO_EXCHANGE_LEADER_WILHELMINA_ANY">
				<Text>Başkentlerimizin bulunduğu yeri karşılıklı ve kalıcı faydaya göre işlemeyi arzuluyoruz.</Text>
			</Row>	

		<!-- Diplomatic rationales for denouncement -->
		<Row Tag="LOC_DIPLO_DENOUNCE_REASON_FROM_AI_LEADER_ANY_REASON_AGENDA_BILLIONAIRE_TRADE">
			<Text>(Onlarla ticaret yapmıyorsunuz.)</Text>
		</Row>
		<Row Tag="LOC_DIPLO_DENOUNCE_REASON_FROM_AI_LEADER_ANY_REASON_AGENDA_CHEOMSEONGDAE_LOW_SCIENCE">
			<Text>(Bilimsel çıktınız çok can sıkıcı.)</Text>
		</Row>
		<Row Tag="LOC_DIPLO_DENOUNCE_REASON_FROM_AI_LEADER_ANY_REASON_AGENDA_FLOWER_OF_SCOTLAND_WAR_NEIGHBORS">
			<Text>(Komşularınızla kavga ediyorsunuz.)</Text>
		</Row>
		<Row Tag="LOC_DIPLO_DENOUNCE_REASON_FROM_AI_LEADER_ANY_REASON_AGENDA_HORNS_CHEST_LOINS">
			<Text>(Kolordu/orduyu kullanman acınacak halde.)</Text>
		</Row>
		<Row Tag="LOC_DIPLO_DENOUNCE_REASON_FROM_AI_LEADER_ANY_REASON_AGENDA_HORSE_LORD">
			<Text>(Süvarilerin çok rekabetçi.)</Text>
		</Row>
		<Row Tag="LOC_DIPLO_DENOUNCE_REASON_FROM_AI_LEADER_ANY_REASON_AGENDA_IRON_CONFEDERACY_FEW_ALLIANCES">
			<Text>(Yeterli ittifakın yok.)</Text>
		</Row>
		<Row Tag="LOC_DIPLO_DENOUNCE_REASON_FROM_AI_LEADER_ANY_REASON_AGENDA_MAURYA_EMPIRE_NEIGHBORS">
			<Text>(Sınırların ona çok yakın.)</Text>
		</Row>
		<Row Tag="LOC_DIPLO_DENOUNCE_REASON_FROM_AI_LEADER_ANY_REASON_AGENDA_NARIKALA_FORTRESS_LOW_WALLS">
			<Text>(Yeterli duvar inşa etmiyorsun.)</Text>
		</Row>
		<Row Tag="LOC_DIPLO_DENOUNCE_REASON_FROM_AI_LEADER_ANY_REASON_AGENDA_SPIRIT_OF_TUCAPEL_LOSING_CITIES">
			<Text>(Sadakatsizlik yüzünden şehirleri kaybediyorsunuz.)</Text>
		</Row>

		<!-- Human Declares War -->
		<Row Tag="LOC_DIPLO_DECLARE_WAR_FROM_HUMAN_LEADER_CHANDRAGUPTA_ANY">
			<Text>Hindistan savaştan korkmaz. Yapabileceğiniz en doğru şey bizim ilerlememizi yavaşlatmak.</Text>
		</Row>
		<Row Tag="LOC_DIPLO_DECLARE_WAR_FROM_HUMAN_LEADER_LAUTARO_ANY">
			<Text>Güvenilemeyeceğini biliyordum! Bu savaş için çok hazırız. Senin varmi?</Text>
		</Row>
		<Row Tag="LOC_DIPLO_DECLARE_WAR_FROM_HUMAN_LEADER_POUNDMAKER_ANY">
			<Text>Başka bir yol bulabilirdin. Şimdi pişmanlıkların kanla ölçülecek.</Text>
		</Row>
		<Row Tag="LOC_DIPLO_DECLARE_WAR_FROM_HUMAN_LEADER_ROBERT_THE_BRUCE_ANY">
			<Text>Seni parasız radger! İskoçya'ya ayak basmadan önce kendi dişlerinizle yemek yiyeceksiniz!</Text>
		</Row>
		<Row Tag="LOC_DIPLO_DECLARE_WAR_FROM_HUMAN_LEADER_SEONDEOK_ANY">
			<Text>Yenilginiz hızlı olacak... insanlarınız unutuldu. Bunu öngördüm.</Text>
		</Row>
		<Row Tag="LOC_DIPLO_DECLARE_WAR_FROM_HUMAN_LEADER_GENGHIS_KHAN_ANY">
			<Text>Daha fazla kelime yok. Bugün, Moğolistan yenilginize karşı suçlanıyor.</Text>
		</Row>
		<Row Tag="LOC_DIPLO_DECLARE_WAR_FROM_HUMAN_LEADER_SHAKA_ANY">
			<Text>Güçlü sözler, ama dudaklarında tutamlar. Zaten seni korkudan zayıfladığını görüyorum.</Text>
		</Row>
		<Row Tag="LOC_DIPLO_DECLARE_WAR_FROM_HUMAN_LEADER_TAMAR_ANY">
			<Text>Gürcü kalpleri çokluklarınızdan önce titremeyecek.</Text>
		</Row>
		<Row Tag="LOC_DIPLO_DECLARE_WAR_FROM_HUMAN_LEADER_WILHELMINA_ANY">
			<Text>Tehlikeli saldırganlığın başarılı olamayacak. Hollanda direniyor!</Text>
		</Row>

		<!-- AI Declares War -->
		<Row Tag="LOC_DIPLO_DECLARE_WAR_FROM_AI_LEADER_CHANDRAGUPTA_ANY">
			<Text>Hindistan yönetiminde bölgeniz çok daha gelişmiş olabilir. En iyisi onu görüyorum.</Text>
		</Row>
		<Row Tag="LOC_DIPLO_DECLARE_WAR_FROM_AI_LEADER_LAUTARO_ANY">
			<Text>Savaşa geliyor. Mapuche sana karşı kendi silahlarını kullanacak!</Text>
		</Row>
		<Row Tag="LOC_DIPLO_DECLARE_WAR_FROM_AI_LEADER_POUNDMAKER_ANY">
			<Text>Savaşın terörlerini sana bulaştırmak umrumda değil - ama adalet bunu gerektiriyor.</Text>
		</Row>
		<Row Tag="LOC_DIPLO_DECLARE_WAR_FROM_AI_LEADER_ROBERT_THE_BRUCE_ANY">
			<Text>Kalbimizdeki savaş süreleri. Neden sahte bir barışa devam ediyor?</Text>
		</Row>
		<Row Tag="LOC_DIPLO_DECLARE_WAR_FROM_AI_LEADER_SEONDEOK_ANY">
			<Text>Yıldızlar yenilginizi tahmin eder. Neden göklerle tartışıyorsun?</Text>
		</Row>
		<Row Tag="LOC_DIPLO_DECLARE_WAR_FROM_AI_LEADER_GENGHIS_KHAN_ANY">
			<Text>Ordularımın önünde duruyorsun. Yakında, onlardan önce düşeceksin.</Text>
		</Row>
		<Row Tag="LOC_DIPLO_DECLARE_WAR_FROM_AI_LEADER_SHAKA_ANY">
			<Text>İçinde çok fazla zayıflık var. Korkma - Zulu'nun çocukları onu kaldıracak.</Text>
		</Row>
		<Row Tag="LOC_DIPLO_DECLARE_WAR_FROM_AI_LEADER_TAMAR_ANY">
			<Text>Tanrı bizimle savaşır. Yalnız duruyorsun.</Text>
		</Row>
		<Row Tag="LOC_DIPLO_DECLARE_WAR_FROM_AI_LEADER_WILHELMINA_ANY">
			<Text>Hollanda senden korkmuyor. Seni mağlup ettiğimiz zaman, her zamankinden daha güçlü olacağız.</Text>
		</Row>

	</EnglishText>
</GameData>
