<?xml version="1.0" encoding="utf-8"?>
<GameData>
	<EnglishText>
		<!--Agenda Names-->
		<Row Tag="LOC_AGENDA_GOSSIP_NAME">
			<Text>Dedikoducu</Text>
		</Row>
		<Row Tag="LOC_AGENDA_SYCOPHANT_NAME">
			<Text>Dalkavuk</Text>
		</Row>
		<Row Tag="LOC_AGENDA_SYMPATHIZER_NAME">
			<Text>Sempatizan</Text>
		</Row>
		<Row Tag="LOC_AGENDA_UNKNOWN_NAME">
			<Text>Bilinmeyen</Text>
		</Row>
		<Row Tag="LOC_AGENDA_GOSSIP_DESCRIPTION">
			<Text>Arkadaslık, acık sınırlar, delegasyonlar ve elcilikler aracılıgıyla herkes hakkında her seyi bilmek istiyor. Bilgi paylasmayan medeniyetleri sevmez.</Text>
		</Row>
		<Row Tag="LOC_AGENDA_SYCOPHANT_DESCRIPTION">
			<Text>Altın Cag kazanan herhangi bir medeniyetten etkilendim. Karanlık caglardakileri begenmez.</Text>
		</Row>
		<Row Tag="LOC_AGENDA_SYMPATHIZER_DESCRIPTION">
			<Text>Karanlık caglardan geçenler için üzülüyor. Altın Cagdakileri begenmez.</Text>
		</Row>
		<Row Tag="LOC_AGENDA_UNKNOWN_DESCRIPTION">
			<Text>Bilinmeyen Gündem.</Text>
		</Row>
	</EnglishText>
</GameData>
