﻿<?xml version="1.0" encoding="utf-8"?>
<GameData>
	<EnglishText>
		<Row Tag="LOC_TUTORIAL_GOVERNOR_INTRO">
			<Text>Toplumsal bilgilerimiz arttikca, yonetim yontemlerimiz de degismektedir. Bu cabanin ilerletilmesi, Sehirlerimizdeki gucumuzu guclendirmek icin bir Vali tayin etmemize izin verecek. [NEWLINE] [NEWLINE] Valiler bulunduklari sehrin sadakatini buyuk olcude gelistirecek ve hangi promosyonlar icin sectiklerini belirleyecektir. Yeni Valiler atamak - veya var olanlari terfi ettirmek icin - Vali unvanlarina ihtiyacimiz var. Vali unvanlarinin ana kaynagimiz, belirli Sivilleri tamamlamaktir.</Text>
		</Row>
		<Row Tag="LOC_TUTORIAL_FIRST_GOVERNOR_POINT">
			<Text>Artik medeniyetimize bir Vali tayin etme olanagimiz var. Bu vali, Sehirlerimizden birine atandiginda guclu ve uretken bir varlik olacaktir. En kisa zamanda bir aday secmemizi oneriyorum.</Text>
		</Row>
		<Row Tag="LOC_TUTORIAL_SECOND_GOVERNOR_POINT">
			<Text>Bir kez daha yonetisim gucumuzu gelistirme firsatimiz var. Mevcut Valilerimizden birini tanitmak icin kullanabiliriz veya medeniyetimize yeni bir Vali atayabiliriz.</Text>
		</Row>
		<Row Tag="LOC_TUTORIAL_FIRST_GOVERNOR_ASSIGNMENT">
			<Text>Valimiz simdi kendi atadiklari sehre gidiyor. Orada kurulmalari biraz zaman alacaktir. Kurulduktan sonra, yetenekleri yururluge girecek ve oradaki kuralimizi guclendirecek.</Text>
		</Row>
		<Row Tag="LOC_TUTORIAL_CITY_LOSING_LOYALTY">
			<Text>illerimizden birinde sadakat kaybediyoruz. Bu devam ederse, kentin kontrolunu kaybetme tehlikesi altindayiz. Valilerimizden birini oraya gondermek kuralimizi guclendirecek ve vatandaslarin sadakatini kazanacaktir.</Text>
		</Row>
		<Row Tag="LOC_TUTORIAL_CITY_LOST_LOYALTY_TO_FOREIGN">
			<Text>Sehirlerimizden birinin sadakatini tamamen kaybettik ve bunun yerine yabanci bir gucle ayni hizada. Onu geri almak icin sadakatini yeni sahibinden uzaklastirmali ya da askeri guc saglamaliyiz.</Text>
		</Row>
		<Row Tag="LOC_TUTORIAL_CITY_LOST_LOYALTY_TO_INDEPENDENT">
			<Text>Sehirlerimizden birinin sadakatini tamamen kaybettik ve bagimsizligini bizden ilan etti. Geri almak icin sadakatini geri kazanmali ya da askeri guc getirmeliyiz.</Text>
		</Row>
		<Row Tag="LOC_TUTORIAL_CITY_LOST_LOYALTY_TO_INDEPENDENT_THIRD_PARTY">
			<Text>Sadakat kaybindan sonra, yakinlardaki bir yabanci Sehir eski uygarligindan bagimsizligini ilan etti ve ozgur Sehir oldu. Sadakatini kazanirsak veya askeri guc getirirsek, onu kendi medeniyetimize getirebiliriz.</Text>
		</Row>
		<Row Tag="LOC_TUTORIAL_CITY_WON_LOYALTY_FROM_FOREIGN">
			<Text>Yabanci bir Sehir artik eski sahibine sadik degil, bize olan sadakatini verdi ve buyuk medeniyetimize katilmak istedi!</Text>
		</Row>
		<Row Tag="LOC_TUTORIAL_CITY_WON_LOYALTY_FROM_INDEPENDENT">
			<Text>Bagimsiz bir Sehir bize olan bagliligini yemin etti ve buyuk medeniyetimize katilmak istedi!</Text>
		</Row>
		<Row Tag="LOC_TUTORIAL_CONQUERED_CITY_LOYALTY">
			<Text>Yeni bir sehri zorla medeniyetimize aldik. Bunu devam ettirmek icin vatandaslarinin sadakatini korumaliyiz. Buraya bir Vali gondermek bunun icin yardimci olacaktir. [NEWLINE] [NEWLINE] isgal edilen kentin hala Sadakat problemleri varsa, Sadakati daha da iyilestirmek icin Sehirdeki bir askeri birimi yerlestirebiliriz. Yeni isgal edilen sehrimizin Sadakatine dikkat edin, aksi takdirde isyan edip yeniden alinmasi gereken bir ozgur Sehir olabilir.</Text>
		</Row>
		<Row Tag="LOC_TUTORIAL_ALLIANCES_1">
			<Text>simdi komsu bir medeniyetle dostane iliskilere sahip oldugumuz icin, ittifak yaparak iliskilerimizi saglamlastirmamiz bize dusebilir. Bu sadece durumumuzu guclendirmekle kalmayacak, ayni zamanda her iki medeniyetimize de fayda saglayacak.</Text>
		</Row>
		<Row Tag="LOC_TUTORIAL_ALLIANCES_2">
			<Text>ittifaklar kisa vadeli beyannamelerdir. Onlari korumak icin, arkadaslik ilanimizi yenilememiz ve yeni bir ittifak onermemiz gerekecektir. ittifaklar'da kalarak daha guclu hale gelir, daha da buyuk faydalar saglar.</Text>
		</Row>
		<Row Tag="LOC_TUTORIAL_EMERGENCY_1">
			<Text>Diger medeniyetlere daha buyuk bir tehdide karsi katilma secenegine sahibiz, ancak dikkatlice dusunmeliyiz. Katilir ve basarili olursa, odullendiriliriz. Ancak misyonumuza katilip basarisiz olursak, dusman guclenecek.</Text>
		</Row>
		<Row Tag="LOC_TUTORIAL_EMERGENCY_2">
			<Text>Gorevimizi basariyla tamamladik ve odullerimizi aldik. simdilik, saldirgani engellemeli, ancak bu tur eylemlere devam etmeleri gerekiyorsa, artik onlari durdurmaya daha haziriz.</Text>
		</Row>
		<Row Tag="LOC_TUTORIAL_EMERGENCY_3">
			<Text>Gorevimizde basarisiz olduk ve bir dahaki sefere bu dusmana karsi oldugumuzda daha da zorlasacak. Belki bir dahaki sefere, diger tarafa gecmeyi dusunmeliyiz.</Text>
		</Row>
		<Row Tag="LOC_TUTORIAL_EMERGENCY_4">
			<Text>Eylemlerimiz dunyayi alarma gecirdi ve diger medeniyetler bizi durdurmak icin bir araya geldi. Amaclarini biliyoruz ve guclu kalmak istiyorsak kendimizi savunmaliyiz.</Text>
		</Row>
		<Row Tag="LOC_TUTORIAL_EMERGENCY_5">
			<Text>Bu kriz doneminde kendimizi basarili bir sekilde savunduk ve simdi bunun icin daha gucluyuz. Bizi tekrar gecmeden once iki kez dusunecekler!</Text>
		</Row>
		<Row Tag="LOC_TUTORIAL_EMERGENCY_6">
			<Text>Bu kriz doneminde kendimizi savunamadik. simdi dusmanlarimiz bizi yenmek icin guclendi ve cesaretlendi!</Text>
		</Row>
		<Row Tag="LOC_TUTORIAL_GAME_ERA_CHANGING_SOON">
			<Text>Medeniyetler yeni teknolojiler ve vatandaslari ortaya cikardilar ve yakinda dunyanin yeni bir Cagin safagina ulasacak. Bu donemdeki eylemlerimiz, medeniyetimiz icin bizi Altin Cag'a goturebilir. Veya, belki de karanlik gunler onunuzde uzanir.</Text>
		</Row>
		<Row Tag="LOC_TUTORIAL_GAME_ERA_CHANGED">
			<Text>Tarih ileriye dogru yurur ve dunya yeni bir doneme girmistir. Medeniyetimizin geleceginde, yakin gecmisimizin eylemlerinden dogmus bir Altin Cag veya Karanlik Cag gorebiliriz.</Text>
		</Row>
		<Row Tag="LOC_TUTORIAL_ENTER_GOLDEN_AGE">
			<Text>Harika haber! Basarilarimiz uygarligimizi Altin Cag'a itmistir. Bu sure zarfinda, medeniyetimiz her zamankinden daha guclu ve daha sadik olacaktir.</Text>
		</Row>
		<Row Tag="LOC_TUTORIAL_ENTER_DARK_AGE">
			<Text>Karanlik Caga dustuk. Sehirlerimiz sadakat zorluklari ile karsi karsiya kalsa da, yeterince cabayla, bu Karanlik Cagdan cikabilmeliyiz.</Text>
		</Row>
		<Row Tag="LOC_TUTORIAL_OVERCOME_DARK_AGE">
			<Text>Sevinin! Karanlik Cagimiz sona erdi ve medeniyetimiz daha da aydinlik bir gelecege dogru gidiyor. Bir sonraki Altin Cagimiz gercekten muhtesem olacak.</Text>
		</Row>
		<Row Tag="LOC_TUTORIAL_DARK_AGE_TO_DARK_AGE">
			<Text>Ne yazik ki, biz bu Karanlik Cagdan cikmayi basaramadik. Medeniyetimiz bu dunyada surecekse, kararliligimizi guclendirmeli ve bu gerilemenin uzerinde yukselmeliyiz.</Text>
		</Row>
		<Row Tag="LOC_TUTORIAL_PRIDE_MOMENT_COMMEMORATION">
			<Text>Tarihimizdeki basarilarimizdan hangisini anlayacagimizi secme zamani geldi. Bu, calisanlarimizi sectiginiz bir yola dogru ilerlemeye devam etmeye tesvik edecektir.</Text>
		</Row>
		<Row Tag="LOC_TUTORIAL_PRIDE_MOMENT_TRIGGERED">
			<Text>Uygarligimiz, gelecek nesiller icin kutlanmaya ve hatirlanmaya layik, tarihi bir sey basardi. Bu basarilar medeniyetimizin Altin Cag'a ulasmasina yardimci oluyor - ve Karanlik Cagdan kaciniyor. Cag Puanimiz, bir sonraki mac doneminde hangi Yasi kazanacagimizi belirler, bu yuzden mumkun oldugunda bu Tarihi Anlari aramaliyiz.</Text>
		</Row>
		<Row Tag="LOC_TUTORIAL_GOV_DISTRICT_1">
			<Text>simdi bir ulusal bolge insa etmeye haziriz! imparatorlugumuzda sadece bir tane insa edilebilir, bu yuzden yerlesimini dikkatlice sectiginizden emin olun.</Text>
		</Row>
		<Row Tag="LOC_TUTORIAL_GOV_DISTRICT_1a">
			<Text>simdi hukumet binalarimizi nerede insa edecegimizi secmeye haziriz. Bunlardan yalnizca birini imparatorlugumuza yerlestirebiliriz, o yuzden dikkatlice secin.</Text>
		</Row>
		<Row Tag="LOC_TUTORIAL_GOV_DISTRICT_2">
			<Text>Yeni bolgenizdeki binalar, hukumetin etkilerini tamamlayan bir politika uygulayarak, bina sirasindaki mevcut hukumetinize anit verir.</Text>
		</Row>
		<Row Tag="LOC_TUTORIAL_GOV_DISTRICT_2a">
			<Text>Mevcut hukumetimizi anmak ve guclendirmek icin bir hukumet binasi insa etmeyi onerebilir miyim? [NEWLINE] [NEWLINE] Her yeni hukumet yapisini kurdugumuzda, sectigimiz hukumete dayanan bir Eski Politika aciyoruz. Bu Eski Politikalar, vatandaslik gecmisimizin gelecekteki hukumetlere tasiyabilecegimiz guclu hatirlaticilaridir.</Text>
		</Row>
		<Row Tag="LOC_TUTORIAL_GOV_DISTRICT_3">
			<Text>Ulusal Buronuz yeni bir politikanin kilidini acti. Politikalarin kilidini actiktan sonra yerlestirmeyi dusunun.</Text>
		</Row>
		<Row Tag="LOC_TUTORIAL_GOV_DISTRICT_3a">
			<Text>Ulusal Mahkemeniz yeni bir politikanin kilidini acti. Politikalarin kilidini actiktan sonra yerlestirmeyi dusunun.</Text>
		</Row>
		<Row Tag="LOC_TUTORIAL_GOV_DISTRICT_3b">
			<Text>Hukumet binamizi tamamlamak, yeni bir politikanin kilidini acti. Bunu hukumetimize dahil edersek, halkimiza cok yardimci olabilir.</Text>
		</Row>
		<Row Tag="LOC_TUTORIAL_GOV_DISTRICT_3c">
			<Text>Bu binanin insaatini tamamlamak, politika yapicilarimiza ilham verdi! Bu yeni politikayi devletimize kurmayi secersek, halkimiza cok yardimci olabilir.</Text>
		</Row>
		<Row Tag="LOC_TUTORIAL_LOYALTY_PRESSURE">
			<Text>Yeni bir Sehir kurmak uygarligimizi genisletti! Bir kentten daha buyuk bir imparatorluk ile vatandaslarimizin sadakatine dikkat etmek onemlidir. Sadakat azalirsa, Sehir o kadar etkili degildir. Sadakat 0'a duserse, Sehir bagimsizligini ilan edecek ve ozgur Sehir olacak. Ayni sey diger medeniyetlerde de olabilir, bu yuzden baskalarini dengesizlestirme firsatlarina dikkat edin ve hatta ozgur Sehir'i kendi imparatorlugunuza bile goturun! [NEWLINE] [NEWLINE] Sadakat, esas olarak vatandaslarin sayisindan ve vatandasligindan etkilenir. sehre yakin. 9 karoda kendi populasyonunuzun coguna sahip olmak, her seferinde Sadakatinizi artiracaktir. 9 karo icindeki diger uygarliklara ait nufus azaltacaktir. Kentler ne kadar yakinsa, etkisi o kadar buyuk olur. Dahasi, Altin Cag'daki medeniyetler icin bu etki buyuk olcude guclendirilmis ve Karanlik Caglar tarafindan zayiflatilmistir. [NEWLINE] [NEWLINE] Bir sehre bir vali atamak ve yeterli olanaklara sahip olmasini saglamak, kendi Sehirlerinin sadakatini saglamak icin baska yollardir.</Text>
		</Row>
		<Row Tag="LOC_ADVISOR_CITYPANEL_LOYALTY_INTRO">
			<Text>SADAKATI GELiSTiRMEK iCiN:</Text>
		</Row>
		<Row Tag="LOC_ADVISOR_CITYPANEL_MARTIAL_LAW">
			<Text>[NEWLINE][NEWLINE] Meslek cezasini onlemek icin burada bir askeri birlik bulundurun</Text>
		</Row>
		<Row Tag="LOC_ADVISOR_CITYPANEL_GOVERNOR">
			<Text>[NEWLINE][NEWLINE]Burada bir [ICON_Governor] Valisi kurun</Text>
		</Row>
		<Row Tag="LOC_ADVISOR_CITYPANEL_AMBASSADOR">
			<Text>[NEWLINE][NEWLINE]9 karolu bir Sehirde vali olarak [ICON_Governor] Vali olarak terfi hazirla</Text>
		</Row>
		<Row Tag="LOC_ADVISOR_CITYPANEL_DARK_AGE">
			<Text>[NEWLINE][NEWLINE][ICON'lar Vatandaslari] Vatandaslarinizin daha fazla Sadakat saglamalarini saglamak icin, bir sonraki oyun doneminde Karanlik Cag'a girmekten kacinin</Text>
		</Row>
		<Row Tag="LOC_ADVISOR_CITYPANEL_GOLDEN_AGE">
			<Text>[NEWLINE][NEWLINE][ICON_Citizen] Vatandaslarinizin daha fazla Sadakat saglamalarini saglayarak, bir sonraki macta Altin Cag kazanin.</Text>
		</Row>
		<Row Tag="LOC_ADVISOR_CITYPANEL_CITY_PLACEMENT">
			<Text>[NEWLINE][NEWLINE]9 petek icindeki Sehirlerinizi ve [ICON_Citizen] Vatandaslarini maksimize edin ve 9 petek icindeki vatandaslari ve [ICON_Citizen] Vatandaslari en aza indirin</Text>
		</Row>
		<Row Tag="LOC_ADVISOR_CITYPANEL_CITY_HAPPINESS">
			<Text>[NEWLINE][NEWLINE]Bu Sehirdeki [ICON_Amenities] Olanaklari artirarak calisanlarinizi daha mutlu yapin</Text>
		</Row>
		<Row Tag="LOC_ADVISOR_CITYPANEL_CITY_STARVATION">
			<Text>[NEWLINE][NEWLINE]insanlarinizin acliktan olmesini onlemek icin daha fazla [ICON_Food] saglayin</Text>
		</Row>
		<Row Tag="LOC_ADVISOR_CITYPANEL_BREAD_AND_CIRCUSES">
			<Text>[NEWLINE][NEWLINE]Yakindaki bir kentin Ekmek ve Sirkler projesi uretmesini saglayin</Text>
		</Row>
		<Row Tag="LOC_ADVISOR_CITYPANEL_CULTURAL_ALLIANCE">
			<Text>[NEWLINE][NEWLINE][ICON_Citizen] Vatandaslarinin olumsuz etki etmesini onlemek icin bir komsuyla bir Kulturel ittifak kurun</Text>
		</Row>
		<Row Tag="LOC_ADVISOR_CITYPANEL_RELIGIOUS_FOLLOWERS">
			<Text>[NEWLINE][NEWLINE][ICON_Citizen] sehrin vatandaslarinin dininizi takip etmesini saglayin</Text>
		</Row>
		<Row Tag="ADVISOR_LINE_LISTENER_81">
			<Text>Her ne kadar kendi insanlarimiz yetenekli olsalar da, digerlerinden ogrenerek her zaman faydalanabiliriz. Belki de komsularimizdan biriyle bir Arastirma ittifaki baslatmaliyiz.</Text>
		</Row>
	</EnglishText>
</GameData>