﻿<?xml version="1.0" encoding="utf-8"?>
<GameData>
	<EnglishText>
		<Row Tag="LOC_ERAS_TURNS_TILL_NEXT_ERA">
			<Text>SONRAKi TURLARA KADAR DöNEM:</Text>
		</Row>
		<Row Tag="LOC_ERAS_CURRENT_SCORE">
			<Text>GECERLi PUAN:</Text>
		</Row>
		<Row Tag="LOC_ERAS_CURRENT_AGE">
			<Text>SiMDiKi CAG:</Text>
		</Row>
		<Row Tag="LOC_ERAS_HEROIC">
			<Text>KAHRAMANCA</Text>
		</Row>
		<Row Tag="LOC_ERAS_GOLDEN">
			<Text>ALTIN</Text>
		</Row>
		<Row Tag="LOC_ERAS_NORMAL">
			<Text>NORMAL</Text>
		</Row>
		<Row Tag="LOC_ERAS_DARK">
			<Text>KARANLIK</Text>
		</Row>
		<Row Tag="LOC_ERAS_CURRENT_AGE_BY_CIV">
			<Text>MEDENiYET iLE MEVCUT CAG:</Text>
		</Row>
		<Row Tag="LOC_ERAS_TO_EARN_AGE_NEXT_ERA">
			<Text>YENi CAG KAZANMAK iCiN SONRAKi DöNEM:</Text>
		</Row>
		<Row Tag="LOC_ERAS_ERA_REQUIREMENTS_REDUCED">
			<Text>Dönem Puanı gereksinimleri azaltıldı</Text>
		</Row>
		<Row Tag="LOC_ERAS_ERA_REQUIREMENTS_INCREASED">
			<Text>Dönem Puanı gereksinimleri arttırıldı</Text>
		</Row>
		<Row Tag="LOC_ERA_PROGRESS_TITLE">
			<Text>DONEM iLERLEME</Text>
		</Row>
		<Row Tag="LOC_ERA_PROGRESS_NEW_ERA_THRESHOLD">
			<Text>SONRAKi DöNEMLER iCiN ESYA</Text>
		</Row>
		<Row Tag="LOC_ERA_PROGRESS_ERA_TYPE_EFFECTS">
			<Text>{1_EraName} Efekler</Text>
		</Row>
		<Row Tag="LOC_ERA_PROGRESS_THE_ERA">
			<Text>{1_EraName}</Text>
		</Row>
		<Row Tag="LOC_ERA_PROGRESS_TIME_TO_NEXT_ERA">
			<Text>Gelecek Dönem Zamanı:</Text>
		</Row>
		<Row Tag="LOC_ERA_PROGRESS_TIME_TO_NEXT_ERA_VALUE">
			<Text>{1_MinTurns} - {2_MaxTurns} Turlar</Text>
		</Row>
		<Row Tag="LOC_ERA_PROGRESS_SPECIFIC_TURNS_TO_NEXT_ERA">
			<Text>{1_Turns} {1_Turns : plural 1?Turn; other?Turns;}</Text>
		</Row>
		<Row Tag="LOC_ERA_CHANGE_TITLE">
			<Text>DüNYA'ya GiRiYOR:</Text>
		</Row>
		<Row Tag="LOC_ERA_PROGRESS_HEROIC_AGE">
			<Text>KAHRAMANLIK CAGI</Text>
		</Row>
		<Row Tag="LOC_ERA_PROGRESS_GOLDEN_AGE">
			<Text>ALTIN CAG</Text>
		</Row>
		<Row Tag="LOC_ERA_PROGRESS_DARK_AGE">
			<Text>KARANLIK CAG</Text>
		</Row>
		<Row Tag="LOC_ERA_PROGRESS_NORMAL_AGE">
			<Text>NORMAL CAG</Text>
		</Row>
		<Row Tag="LOC_ERA_PROGRESS_ACTIVE_BONUSES">
			<Text>AKTiF BONUSLAR:</Text>
		</Row>
		<Row Tag="LOC_ERA_PROGRESS_ERA_SCORE">
			<Text>DöNEM SKORU:</Text>
		</Row>
		<Row Tag="LOC_PARTIALSCREEN_ERA_PROGRESS_TOOLTIP">
			<Text>Donem ilerlemesi[NEWLINE][NEWLINE]Mevcut Dönem Skorunu ve özveriyi görüntüleyin.</Text>
		</Row>
		<Row Tag="LOC_ERA_PROGRESS_GOLDEN_THRESHOLD">
			<Text>Altın Cagın Esigi:</Text>
		</Row>
		<Row Tag="LOC_ERA_PROGRESS_DARK_THRESHOLD">
			<Text>Karanlık Cagın Esigi:</Text>
		</Row>
		<Row Tag="LOC_ERA_COMMEMORATION_POPUP_TITLE">
			<Text>Donem Tamamlandi: {1_EraName}</Text>
		</Row>
		<Row Tag="LOC_ERA_COMMEMORATION_POPUP_DESCRIPTION">
			<Text>Cok sey basardin, büyük lider! Kazandiklarınızdan hangisi bizim yazilarimiz tarihe bagli kalacak?</Text>
		</Row>
		<Row Tag="LOC_ERA_COMMEMORATION_POPUP_DEDICATION">
			<Text>Adak</Text>
		</Row>
		<Row Tag="LOC_ERA_COMMEMORATION_POPUP_DEDICATION_SUBHEADER">
			<Text>{1_EraName} icin ozveri yapin</Text>
		</Row>
		<Row Tag="LOC_ERA_COMMEMORATION_POPUP_CONFIRM">
			<Text>{1_NumSelected}/{2_NeededSelected} onaylayın</Text>
		</Row>
		<Row Tag="LOC_ERA_REVIEW_POPUP_TITLE">
			<Text>{1_EraName}[NEWLINE]DUNYA GIRDI</Text>
		</Row>
		<Row Tag="LOC_ERA_REVIEW_HAVE_HEROIC_AGE">
			<Text>Kahramanlık Cagın'dasin!</Text>
		</Row>
		<Row Tag="LOC_ERA_REVIEW_HAVE_GOLDEN_AGE">
			<Text>Altın Cag'dasin!</Text>
		</Row>
		<Row Tag="LOC_ERA_REVIEW_HAVE_DARK_AGE">
			<Text>Karanlık Cag'dasin!</Text>
		</Row>
		<Row Tag="LOC_ERA_REVIEW_HAVE_NORMAL_AGE">
			<Text>Normal Cag'dasin!</Text>
		</Row>
		<Row Tag="LOC_ERA_REVIEW_HAVE_HEROIC_AGE_LABEL">
			<Text>[ICON_GLORY_SUPER_GOLDEN_AGE] KAHRAMANLIK CAGI</Text>
		</Row>
		<Row Tag="LOC_ERA_REVIEW_HAVE_GOLDEN_AGE_LABEL">
			<Text>[ICON_GLORY_GOLDEN_AGE] ALTIN CAG</Text>
		</Row>
		<Row Tag="LOC_ERA_REVIEW_HAVE_DARK_AGE_LABEL">
			<Text>[ICON_GLORY_DARK_AGE] KARANLIK CAG</Text>
		</Row>
		<Row Tag="LOC_ERA_REVIEW_HAVE_NORMAL_AGE_LABEL">
			<Text>[ICON_GLORY_NORMAL_AGE] NORMAL CAG</Text>
		</Row>
		<Row Tag="LOC_ERA_REVIEW_HAVE_HEROIC_AGE_EFFECT">
			<Text>{LOC_ERA_TT_HAVE_HEROIC_AGE_EFFECT}[NEWLINE][NEWLINE][ICON_BULLET]HER BiR, CAG SIRASINDA GüCLü BiR OYUN BONUSU SAGLAYACAK OLAN 3 ADAMISLIK YAPABiLiRSiNiZ.</Text>
		</Row>
		<Row Tag="LOC_ERA_REVIEW_HAVE_GOLDEN_AGE_EFFECT">
			<Text>{LOC_ERA_TT_HAVE_GOLDEN_AGE_EFFECT}[NEWLINE][NEWLINE][ICON_BULLET]CAG SIRASINDA GüCLü BiR OYUN BONUSU SAGLAYACAK BiR ADANMA YAPABiLiRSiNiZ.</Text>
		</Row>
		<Row Tag="LOC_ERA_REVIEW_HAVE_DARK_AGE_EFFECT">
			<Text>{LOC_ERA_TT_HAVE_DARK_AGE_EFFECT}[NEWLINE][NEWLINE][ICON_BULLET]CAG SIRASINDA GüCLü BiR OYUN BONUSU SAGLAYACAK BiR ADANMA YAPABiLiRSiNiZ.</Text>
		</Row>
		<Row Tag="LOC_ERA_REVIEW_HAVE_NORMAL_AGE_EFFECT">
			<Text>{LOC_ERA_TT_HAVE_NORMAL_AGE_EFFECT}[NEWLINE][NEWLINE][ICON_BULLET]CAG SIRASINDA EK BiR DöNEM SKORU KAYNAGI SAGLAYACAK BiR ADANMA YAPABiLiRSiNiZ.</Text>
		</Row>
		<Row Tag="LOC_ERA_TT_HAVE_HEROIC_AGE_EFFECT">
			<Text>BU OYUN DONEMiNDE [ICON_GLORY_SUPER_GOLDEN_AGE] KAHRAMANLIK CAGINDASINIZ![NEWLINE][NEWLINE][ICON_BULLET][ICON_Citizen]VATANDASLARINIZIN HER BiRi SEHiRLERiNDE 1.5 SADAKAT BASKISI UYGULAMAKTADIR. BU BASKI AYNI ZAMANDA 9 PETEK iCiNDEKi DiGER SEHiRLERi DE ETKiLEMEKTEDiR, ANCAK PETEK BASINA %10 DAHA AZ ETKiLiDiR. iLLERiNiZDE SADAKATiNiZi KORUMAK VE YAKINDAKi YABANCI SEHiRLERiN SADAKATiNE MEYDAN OKUMAK DAHA KOLAY OLACAKTIR.</Text>
		</Row>
		<Row Tag="LOC_ERA_TT_HAVE_GOLDEN_AGE_EFFECT">
			<Text>BU OYUN DONEMiNDE [ICON_GLORY_GOLDEN_AGE] ALTIN CAGDASINIZ![NEWLINE][NEWLINE][ICON_BULLET][ICON_Citizen]VATANDASLARINIZIN HER BiRi SEHiRLERiNDE 1.5 SADAKAT BASKISI UYGULAMAKTADIR. BU BASKI AYNI ZAMANDA 9 PETEK iCiNDEKi DiGER SEHiRLERi DE ETKiLEMEKTEDiR, ANCAK PETEK BASINA %10 DAHA AZ ETKiLiDiR. iLLERiNiZDE SADAKATiNiZi KORUMAK VE YAKINDAKi YABANCI SEHiRLERiN SADAKATiNE MEYDAN OKUMAK DAHA KOLAY OLACAKTIR.</Text>
		</Row>
		<Row Tag="LOC_ERA_TT_HAVE_DARK_AGE_EFFECT">
			<Text>BU OYUN DONEMiNDE [ICON_GLORY_DARK_AGE] KARANLIK CAGDASINIZ![NEWLINE][NEWLINE][ICON_BULLET][ICON_Citizen]VATANDASLARINIZIN HER BiRi SEHiRLERiNDE 0.5 SADAKAT BASKISI UYGULAMAKTADIR. BU BASKI AYNI ZAMANDA 9 PETEK iCiNDEKi DiGER SEHiRLERi DE ETKiLEMEKTEDiR, ANCAK PETEK BASINA %10 DAHA AZ ETKiLiDiR. iLLERiNiZDE SADAKATiNiZi KORUMAK VE YAKINDAKi YABANCI SEHiRLERiN SADAKATiNE MEYDAN OKUMAK DAHA KOLAY OLACAKTIR.[NEWLINE][NEWLINE][ICON_BULLET]HUKUMETiNiZDE GUCLU BiR KARANLIK POLiTiKA KABUL EDEBiLiRSiNiZ, ANCAK BU COK AGIR BiR BEDEL TASIYABiLiR.[NEWLINE][NEWLINE][ICON_BULLET]BiR SONRAKi BOLUMDE ALTIN CAG iCiN YETERLi ERA SKORU KAZANIRSANIZ, BUNUN YERiNE BiR COK GUCLU BONUS iCiN BiRDEN FAZLA ADANMISLIK YAPABiLEN KAHRAMANLIK CAGI KAZANACAKSINIZ.</Text>
		</Row>
		<Row Tag="LOC_ERA_TT_HAVE_NORMAL_AGE_EFFECT">
			<Text>BU OYUN DONEMiNDE [ICON_GLORY_NORMAL_AGE] NORMAL CAGDASINIZ![NEWLINE][NEWLINE][ICON_BULLET][ICON_Citizen]VATANDASLARINIZIN HER BiRi SEHiRLERiNDE 1 SADAKAT BASKISI UYGULAMAKTADIR. BU BASKI AYNI ZAMANDA 9 PETEK iCiNDEKi DiGER SEHiRLERi DE ETKiLEMEKTEDiR, ANCAK PETEK BASINA %10 DAHA AZ ETKiLiDiR.</Text>
		</Row>
		<Row Tag="LOC_ERA_REVIEW_POPUP_ERA_SCORE_PRIDE_MOMENTS">
			<Text>TARiHi ANLAR (her biri +1 ila +6)</Text>
		</Row>
		<Row Tag="LOC_ERA_REVIEW_NEW_ERA_THRESHOLDS">
			<Text>YENi DONEM ESiKLERi</Text>
		</Row>
		<Row Tag="LOC_GLORY_HUD_ERA_ENDS_IN">
			<Text>DöNEM SONUNA KADAR TUR: {1_Turns}</Text>
		</Row>
		<Row Tag="LOC_ERA_REVIEW_AGE_EFFECTS">
			<Text>CAG ETKiLERi</Text>
		</Row>
		<Row Tag="LOC_ERA_REVIEW_POPUP_ERA_SCORE_TECH_BOOSTS">
			<Text>Tahsis Bonusu: Eurekas tetiklendi (her biri + {1_ScoreIncrement})</Text>
		</Row>
		<Row Tag="LOC_ERA_REVIEW_POPUP_ERA_SCORE_CIVIC_BOOSTS">
			<Text>Tahsis Bonusu: ilham tetiklenir (her biri + {1_ScoreIncrement})</Text>
		</Row>
		<Row Tag="LOC_ERA_REVIEW_POPUP_ERA_SCORE_CITY_RELIGION_CONVERSIONS">
			<Text>Tahsis Bonusu: Dininize dönüStürülen Sehirler (dönüSüm baSına + {1_ScoreIncrement})</Text>
		</Row>
		<Row Tag="LOC_ERA_REVIEW_POPUP_ERA_SCORE_DISTRICT_CONSTRUCTIONS">
			<Text>Tahsis Bonusu: Bölgeler inSa edildi (her biri + {1_ScoreIncrement})</Text>
		</Row>
		<Row Tag="LOC_ERA_REVIEW_POPUP_ERA_SCORE_CORPS_KILLS">
			<Text>Tahsis Bonusu: Kolordu öldürüldü (her biri + {1_ScoreIncrement})</Text>
		</Row>
		<Row Tag="LOC_ERA_REVIEW_POPUP_ERA_SCORE_ARMY_KILLS">
			<Text>Tahsis Bonusu: Ordular öldürüldü (her biri + {1_ScoreIncrement})</Text>
		</Row>
		<Row Tag="LOC_ERA_REVIEW_POPUP_ERA_SCORE_TRADE_ROUTE_COMPLETIONS">
			<Text>Tahsis Bonusu: Ticaret Yolları tamamlandı (her biri + {1_ScoreIncrement})</Text>
		</Row>
		<Row Tag="LOC_ERA_REVIEW_POPUP_ERA_SCORE_MAP_DISCOVERIES">
			<Text>Tahsis Bonusu: Yeni yerler kesfedildi (Kıtalar icin + {1_ContinentScoreIncrement}, + Dogal Harikalar icin {2_NaturalWonderScoreIncrement)</Text>
		</Row>
		<Row Tag="LOC_ERA_REVIEW_POPUP_ERA_SCORE_NON_BARBARIAN_UNIT_SEA_KILLS">
			<Text>Özveri Bonusu: Barbar olmayan deniz birimleri öldürüldü (her biri + {1_ScoreIncrement})</Text>
		</Row>
		<Row Tag="LOC_ERA_REVIEW_POPUP_ERA_SCORE_SCIENCE_BUILDING_CONSTRUCTIONS">
			<Text>Tahsis Bonusu: Bilimi temel bir kazanc olarak saglayan binalar. (Her biri + {1_ScoreIncrement}</Text>
		</Row>
		<Row Tag="LOC_ERA_REVIEW_POPUP_ERA_SCORE_CULTURE_BUILDING_CONSTRUCTIONS">
			<Text>Tahsis Bonusu: Harika Yapıt yuvası inSa edilmis binalar (her biri + {1_ScoreIncrement})</Text>
		</Row>
		<Row Tag="LOC_ERA_REVIEW_POPUP_ERA_SCORE_AERODROME_BUILDING_CONSTRUCTIONS">
			<Text>Tahsis Bonusu: Büyük calıSma alanı inSa edilmis binalar (onun biri + {1_ScoreIncrement})</Text>
		</Row>
		<Row Tag="LOC_ERA_REVIEW_POPUP_ERA_SCORE_INDUSTRIAL_BUILDING_CONSTRUCTIONS">
			<Text>Tahsis Bonusu: Endüstriyel veya daha sonra insa edilmiS bina (her biri + {1_ScoreIncrement})</Text>
		</Row>
		<Row Tag="LOC_ERA_REVIEW_POPUP_ERA_SCORE_SPY_MISSIONS">
			<Text>Tahsis Bonusu: Her baSarılı hücum casus operasyonu (her biri + {1_ScoreIncrement})</Text>
		</Row>
		<Row Tag="LOC_ERA_REVIEW_POPUP_ERA_SCORE_ARTIFACT_EXTRACTIONS">
			<Text>Tahsis Bonusu: Her cıkarılan eser (her biri + {1_ScoreIncrement})</Text>
		</Row>
		<Row Tag="LOC_ERA_REVIEW_POPUP_ERA_SCORE_GREAT_PEOPLE_EARNED">
			<Text>Tahsis Bonusu: Kazanılan Her Büyük Kisi (+ her biri + {1_ScoreIncrement})</Text>
		</Row>
		<Row Tag="LOC_ERA_REVIEW_POPUP_ERA_SCORE_UNKNOWN_SOURCE">
			<Text>DiGER KAYNAKLAR</Text>
		</Row>
		<Row Tag="LOC_ERA_REVIEW_POPUP_THRESHOLD_BASELINE">
			<Text>DONEM BASLADIGINDA PUAN</Text>
		</Row>
		<Row Tag="LOC_ERA_REVIEW_POPUP_THRESHOLD_SHIFT_BASE_GOLDEN_AGE">
			<Text>TEMEL ALTIN CAG ESiGi</Text>
		</Row>
		<Row Tag="LOC_ERA_REVIEW_POPUP_THRESHOLD_SHIFT_BASE_DARK_AGE">
			<Text>KARANLIK CAG ESiGi</Text>
		</Row>
		<Row Tag="LOC_ERA_REVIEW_POPUP_THRESHOLD_SHIFT_CITIES">
			<Text>CAGIN BASLADIGI SEHiRLER (SEHiR BASINA {1_ScoreIncrement})</Text>
		</Row>
		<Row Tag="LOC_ERA_REVIEW_POPUP_THRESHOLD_SHIFT_UNHAPPY_CITIES">
			<Text>Mutsuz Sehirler ({1_ScoreIncrement} kayıp baSına [ICON_Amenities] Kolaylık)</Text>
		</Row>
		<Row Tag="LOC_ERA_REVIEW_POPUP_THRESHOLD_SHIFT_GOVERNMENT">
			<Text>HüKüMET (AKTiF DEGiL)</Text>
		</Row>
		<Row Tag="LOC_ERA_REVIEW_POPUP_THRESHOLD_SHIFT_INCOMPLETE_TECH">
			<Text>Bu Dönemden TamamlanmamıS Teknolojiler (AKTİF DEgİL)</Text>
		</Row>
		<Row Tag="LOC_ERA_REVIEW_POPUP_THRESHOLD_SHIFT_INCOMPLETE_CIVIC">
			<Text>Bu Dönemden TamamlanmamıS VatandaSlık (AKTİF DEgİL)</Text>
		</Row>
		<Row Tag="LOC_ERA_REVIEW_POPUP_THRESHOLD_SHIFT_INCOMPLETE_OLD_TECH">
			<Text>Eskiden Silinen Eksik Teknolojiler (AKTİF DEgİL)</Text>
		</Row>
		<Row Tag="LOC_ERA_REVIEW_POPUP_THRESHOLD_SHIFT_INCOMPLETE_OLD_CIVIC">
			<Text>Eski Silgiden TamamlanmamıS Siviller (AKTİF DEgİL)</Text>
		</Row>
		<Row Tag="LOC_ERA_REVIEW_POPUP_THRESHOLD_SHIFT_INCOMPLETE_PAST_GOLDEN_AGES">
			<Text>SiMDiYE KADAR KAZANILAN ALTIN CAG (CAG BASINA {1_ScoreIncrement})</Text>
		</Row>
		<Row Tag="LOC_ERA_REVIEW_POPUP_THRESHOLD_SHIFT_INCOMPLETE_PAST_DARK_AGES">
			<Text>SiMDiYE KADAR KAZANILAN KARANLIK CAG (CAG BASINA {1_ScoreIncrement})</Text>
		</Row>
		<Row Tag="LOC_ERA_REVIEW_POPUP_THRESHOLD_SHIFT_INCOMPLETE_ANARCHY">
			<Text>Hükümet Anarsisi Bu cag (Anarsi basina {1_ScoreIncrement})</Text>
		</Row>
		<Row Tag="LOC_ERA_REVIEW_POPUP_THRESHOLD_SHIFT_UNKNOWN_SOURCE">
			<Text>Diger Kaynaklar</Text>
		</Row>
		<Row Tag="LOC_ERA_SCORE_HEADER">
			<Text>DöNEM PUANINIZ</Text>
		</Row>
		<Row Tag="LOC_ERA_SCORE_SOURCE">
			<Text>{1_EraScoreNumber} den {2_EraScoreSourceType}</Text>
		</Row>
		<Row Tag="LOC_GOLDEN_AGE_THRESHOLD_TEXT">
			<Text>[NEWLINE]Gelecek dönemde [ICON_GLORY_GOLDEN_AGE] ALTIN CAG kazanma esigi: {1_thresh} veya üstü</Text>
		</Row>
		<Row Tag="LOC_DARK_AGE_THRESHOLD_TEXT">
			<Text>[NEWLINE]Gelecek dönemdeki [ICON_GLORY_DARK_AGE] KARANLIK CAG'dan kacınma esigi: {1_thresh} veya üstü</Text>
		</Row>
		<Row Tag="LOC_ERA_STABILITY_HEADER">
			<Text>KARARLILIK PUANINIZ:</Text>
		</Row>
		<Row Tag="LOC_ERA_SCORE_LEADERBOARD_TITLE">
			<Text>DöNEM PUANI</Text>
		</Row>
		<Row Tag="LOC_ERA_STABILITY_LEADERBOARD_TITLE">
			<Text>iSTiKRAR PUANI</Text>
		</Row>
		<!-- Golden/Dark Ages -->
		<Row Tag="LOC_NEW_TURN_PANEL_NEXT_ERA_COUNTDOWN">
			<Text>{2_EraName} ile biter {1_TurnsRemaining} {1_TurnsRemaining : plural 1?Turn; other?Turns;}</Text>
		</Row>
		<Row Tag="LOC_GAME_ERA_POPUP_ENTERED_NEW_ERA">
			<Text>DUNYA {1_EraName} 'E GiRiYOR</Text>
		</Row>
		<Row Tag="LOC_GAME_ERA_POPUP_YOU_ENTERED_GOLDEN_AGE">
			<Text>Medeniyetiniz son cagda geliSti ve bu dönem icin onları Altın cag'a götürdü!</Text>
		</Row>
		<Row Tag="LOC_GAME_ERA_POPUP_YOU_ENTERED_DARK_AGE">
			<Text>Medeniyetiniz bu dönemi Karanlık cag'a kavuSturarak son dönemini yendi.</Text>
		</Row>
		<Row Tag="LOC_GAME_ERA_POPUP_GOLDEN_AGE_DESCRIPTION">
			<Text>Altın caglar, Tarihi Anları tetikleyerek kazanılır ve güclü bonuslar kazanırlar.[NEWLINE]Bu oyuncular bu dönem icin Altın cag kazandılar:</Text>
		</Row>
		<Row Tag="LOC_GAME_ERA_POPUP_DARK_AGE_DESCRIPTION">
			<Text>Karanlık caglar Ortacagdan baslayarak mümkündür ve büyük veya az geliSmis medeniyetler icin zorluklar dogurur. -1 [ICON_Amenities] Sıklık ve tüm Sehirlerde %-50 büyüme. Bir oyuncu bir sonraki cagda tekrar Karanlık cag alırsa, Sehirlerinin yarısı yıkılacak ve barbar kampları haline gelecektir [NEWLINE] Bu oyuncular bu cag icin bir Karanlık cag'a girmiSlerdir:</Text>
		</Row>
		<Row Tag="LOC_GAME_ERA_POPUP_NO_MET_PLAYERS">
			<Text>(TanıStıgınız hicbir oyuncu yok)</Text>
		</Row>
		<Row Tag="LOC_DEDICATION_POPUP_HEROIC_AGE_ACHIEVED">
			<Text>KAHRAMANLIK CAGI KAZANDIN, üc ADANMISLIK YAPABiLiRSiN.</Text>
		</Row>
		<Row Tag="LOC_DEDICATION_POPUP_GOLDEN_AGE_ACHIEVED">
			<Text>ALTIN CAG KAZANDIN, TEK BiR ADANMISLIK YAPABiLiRSiN.</Text>
		</Row>
		<Row Tag="LOC_DEDICATION_POPUP_DARK_AGE_ACHIEVED">
			<Text>KARANLIK CAG KAZANDIN, BiR OZVERiDE BULUNABiLiRSiNiZ.</Text>
		</Row>
		<Row Tag="LOC_DEDICATION_POPUP_NORMAL_AGE_ACHIEVED">
			<Text>NORMAL CAG KAZANDIN, BiR OZVERiDE BULUNABiLiRSiNiZ.</Text>
		</Row>
		<Row Tag="LOC_ERAS_PREVIOUS_ERA_TOTAL_SCORE">
			<Text>Önceki dönemlerden elde edilen toplam puan</Text>
		</Row>
		<Row Tag="LOC_ERAS_EFFECTS_ACTIVE_THIS_AGE">
			<Text>ETKiLERi AKTiF BU CAG:</Text>
		</Row>
		<Row Tag="LOC_ERAS_YOU_WILL_EARN_BLANK_AGE_NEXT_ERA">
			<Text>Bir sonraki dönemde {1_AgeName} kazanacaksınız</Text>
		</Row>
	</EnglishText>
</GameData>
