﻿<?xml version="1.0" encoding="utf-8"?>
<GameData>
	<LocalizedText>
		<!-- REPLACEMENTS -->
		<Delete Tag="LOC_PRODUCTION_ITEM_DECONTAMINATE"/>
		<Delete Tag="LOC_TOOLTIP_PLOT_CONTAMINATED_TEXT"/>
		<Delete Tag="LOC_GOVERNMENT_MONARCHY_NAME"/>
		<Delete Tag="LOC_GOVT_INHERENT_BONUS_MONARCHY"/>
		<Delete Tag="LOC_HUD_CITY_PURCHASE_TILE"/>
		<Delete Tag="LOC_NOTIFICATION_UNIT_LOST_TO_RADIATION_POISONING"/>
	</LocalizedText>
	<EnglishText>
		<!-- REPLACEMENTS -->
		<Row Tag="LOC_PRODUCTION_ITEM_DECONTAMINATE">
			<Text>(Veba-Yakalanmış)</Text>
		</Row>
		<Row Tag="LOC_TOOLTIP_PLOT_CONTAMINATED_TEXT">
			<Text>[COLOR:Civ6Red]VEBA-SARMIŞ: {1_Turns} tur[ENDCOLOR]</Text>
		</Row>
		<Row Tag="LOC_GOVERNMENT_MONARCHY_NAME">
			<Text>Katolik Monarşi</Text>
		</Row>
		<Row Tag="LOC_GOVT_INHERENT_BONUS_MONARCHY">
			<Text>+3 [ICON_Faith] Her şehre inanç. Bonus [ICON_Faith] İnanç, öldürülen her düşman biriminin gücünün %50'sine eşit.</Text>
		</Row>
		<Row Tag="LOC_HUD_CITY_PURCHASE_TILE">
			<Text>Baskı Karo</Text>
		</Row>
		<!-- City Names -->
		<Row Tag="LOC_CITY_NAME_BREST">
			<Text>Brest</Text>
		</Row>
		<Row Tag="LOC_CITY_NAME_ANGERS">
			<Text>Angers</Text>
		</Row>
		<Row Tag="LOC_CITY_NAME_LANCASTER">
			<Text>Lancaster</Text>
		</Row>
		<Row Tag="LOC_CITY_NAME_DUBLIN">
			<Text>Dublin</Text>
		</Row>
		<Row Tag="LOC_CITY_NAME_MUNICH">
			<Text>Münih</Text>
		</Row>
		<Row Tag="LOC_CITY_NAME_STRASBOURG">
			<Text>Strasbourg</Text>
		</Row>
		<Row Tag="LOC_CITY_NAME_BRANDENBURG">
			<Text>Brandenburg</Text>
		</Row>
		<Row Tag="LOC_CITY_NAME_LEON">
			<Text>León</Text>
		</Row>
		<Row Tag="LOC_CITY_NAME_UTRECHT">
			<Text>Utrecht</Text>
		</Row>
		<!-- Units -->
		<Row Tag="LOC_UNIT_SCHOLAR_NAME">
			<Text>Akademisyen</Text>
		</Row>
		<Row Tag="LOC_UNIT_SCHOLAR_DESCRIPTION">
			<Text>[Icon_Science] Bilim kazanmak için veba işleyen şehirleri çalışabilen sivil birim. Bursiyer 2 kez kullanılabilir. Bu Studia Generalia politikası ile arttırılabilir.</Text>
		</Row>
		<Row Tag="LOC_UNIT_PLAGUE_DOCTOR_NAME">
			<Text>Veba Doktoru</Text>
		</Row>
		<Row Tag="LOC_UNIT_PLAGUE_DOCTOR_DESCRIPTION">
			<Text>Veba-stricken çinilerinde vebaların süresini kısaltan ve şehirlere olan sadakatini geri kazanabilen sivil birim. Veba Doktorları 2 kez kullanılabilir. Bu Studia Generalia politikası ile arttırılabilir.</Text>
		</Row>
		<Row Tag="LOC_UNIT_FLAGELLANT_NAME">
			<Text>Kırbaçlayan</Text>
		</Row>
		<Row Tag="LOC_UNIT_FLAGELLANT_DESCRIPTION">
			<Text>Salgın kentlerinden [Icon_Faith] İnanç, [Icon_Culture] Kültür ve Sadakat kazandırabilen sivil birim.</Text>
		</Row>
		<!-- Unit Commands -->
		<Row Tag="LOC_UNITCOMMAND_STUDY_NAME">
			<Text>Veba Eğitimi</Text>
		</Row>
		<Row Tag="LOC_UNITCOMMAND_STUDY_DESCRIPTION">
			<Text>{1_Num} [ICON_Science] Bilim kazanın.</Text>
		</Row>
		<Row Tag="LOC_UNITCOMMAND_STUDY_DISABLED_TT">
			<Text>[COLOR:Civ6Red]Veba çeken bir şehirde kullanılmalı. Daha önce çalışılmış bir şehirde kullanılamaz.[ENDCOLOR]</Text>
		</Row>
		<Row Tag="LOC_UNITCOMMAND_MINISTER_NAME">
			<Text>Hasta Bakanı</Text>
		</Row>
		<Row Tag="LOC_UNITCOMMAND_MINISTER_DESCRIPTION">
			<Text>Bu karo üzerindeki veba süresini %50 azaltın.</Text>
		</Row>
		<Row Tag="LOC_UNITCOMMAND_MINISTER_DISABLED_TT">
			<Text>[COLOR:Civ6Red]Veba dizili bir döşemede kullanılmalıdır.[ENDCOLOR]</Text>
		</Row>
		<Row Tag="LOC_UNITCOMMAND_PACIFY_NAME">
			<Text>Pasifize Şehri</Text>
		</Row>
		<Row Tag="LOC_UNITCOMMAND_PACIFY_DESCRIPTION">
			<Text>Şehre {1_Num} Sadakat ekleyin.</Text>
		</Row>
		<Row Tag="LOC_UNITCOMMAND_PACIFY_DISABLED_TT">
			<Text>[COLOR:Civ6Red]Bir şehirde kullanılmalı.[ENDCOLOR]</Text>
		</Row>
		<Row Tag="LOC_UNITCOMMAND_PURGE_NAME">
			<Text>Günahları Temizleme </Text>
		</Row>
		<Row Tag="LOC_UNITCOMMAND_PURGE_DESCRIPTION">
			<Text>{1_Num} [ICON_Faith] İnanç ve {2_Num} [ICON_Culture] Kültürü kazanın. {3_Num} Sadakati şehre ekle. Kırbaçlayan bu işlem tarafından tüketilir.</Text>
		</Row>
		<Row Tag="LOC_UNITCOMMAND_PURGE_DISABLED_TT">
			<Text>[COLOR:Civ6Red]Veba çeken bir şehirde kullanılmalı.[ENDCOLOR]</Text>
		</Row>
		<Row Tag="LOC_UNITCOMMAND_HOLY_FERVOR_NAME">
			<Text>Kutsal Ateş</Text>
		</Row>
		<Row Tag="LOC_UNITCOMMAND_HOLY_FERVOR_DESCRIPTION">
			<Text>{1_Num} [ICON_Faith] Bu birimin hareketlerini ve saldırı noktalarını geri yüklemek için iman edin. Her turda yalnızca bir kez kullanılabilir.</Text>
		</Row>
		<Row Tag="LOC_UNITCOMMAND_HOLY_FERVOR_DISABLED_TT">
			<Text>[COLOR:Civ6Red]Yalnızca taşıdıktan veya bir işlem yaptıktan sonra kullanılabilir.[ENDCOLOR]</Text>
		</Row>
		<!-- Unit Abilities -->
		<Row Tag="LOC_ABILITY_TEUTONIC_KNIGHT_NAME">
			<Text>Haçlı Coşkusu</Text>
		</Row>
		<Row Tag="LOC_ABILITY_TEUTONIC_KNIGHT_DESCRIPTION">
			<Text>+8 [ICON_Strength] Düşman bölgesinde savaş gücü.</Text>
		</Row>
		<Row Tag="LOC_COMBAT_PREVIEW_SCENARIO_ABILITY_TEUTONIC_KNIGHT_STRENGTH_ENEMY_TERRITORY_DESCRIPTION">
			<Text>+ {1_Amount} Düşman bölgesinde savaş gücü.</Text>
		</Row>
		<!-- Districts -->
		<Row Tag="LOC_DISTRICT_WALLED_QUARTER_NAME">
			<Text>Duvarlı Çeyrek</Text>
		</Row>
		<Row Tag="LOC_DISTRICT_WALLED_QUARTER_DESCRIPTION">
			<Text>Her fırsatta veba ölümlerinden kaçınmak için %15 şans.</Text>
		</Row>
		<Row Tag="LOC_DISTRICT_THEATER_CULTURE">
			<Text>+{1_num} [ICON_Culture] Bitişik Tiyatro bölgesinden kültür.</Text>
		</Row>
		<Row Tag="LOC_DISTRICT_COMMERCIAL_GOLD">
			<Text>+{1_num} [ICON_Gold] Bitişikteki Ticaret Merkezi bölgesinden altın.</Text>
		</Row>
		<Row Tag="LOC_DISTRICT_HOLY_SITE_FAITH">
			<Text>+{1_num} [ICON_Faith] Komşu Kutsal Site bölgesinden iman.</Text>
		</Row>
		<Row Tag="LOC_DISTRICT_CAMPUS_SCIENCE">
			<Text>+{1_num} [ICON_Science] Bitişik Kampus bölgesinden bilim.</Text>
		</Row>
		<!-- Buildings -->
		<Row Tag="LOC_BUILDING_GUILDHALL_NAME">
			<Text>Belediye Binası</Text>
		</Row>
		<Row Tag="LOC_BUILDING_MASS_GRAVE_NAME">
			<Text>Toplu Mezar</Text>
		</Row>
		<Row Tag="LOC_BUILDING_MASS_GRAVE_DESCRIPTION">
			<Text>Bu şehirde veba süresini 2 tur azaltın (en az 1).</Text>
		</Row>
		<Row Tag="LOC_BUILDING_SCENARIO_SEWER_DESCRIPTION">
			<Text>Her fırsatta veba ölümlerinden kaçınmak için %20 şans.</Text>
		</Row>
		<Row Tag="LOC_BUILDING_PLAGUE_HOSPITAL_NAME">
			<Text>Veba Hastanesi</Text>
		</Row>
		<Row Tag="LOC_BUILDING_PLAGUE_HOSPITAL_DESCRIPTION">
			<Text>+ %50 [ICON_Production] Alimler ve Veba Doktorları oluştururken üretim.</Text>
		</Row>
		<Row Tag="LOC_BUILDING_KEEP_NAME">
			<Text>Tut</Text>
		</Row>
		<Row Tag="LOC_BUILDING_KEEP_DESCRIPTION">
			<Text>Bu şehirde veba süresini 1 tur azaltın (en az 1).</Text>
		</Row>
		<!-- Techs -->
		<Row Tag="LOC_TECH_SCENARIO_CIVIL_ENGINEERING_NAME">
			<Text>İnşaat Mühendisliği</Text>
		</Row>
		<Row Tag="LOC_TECH_SCENARIO_MEDICINE_NAME">
			<Text>Tıp</Text>
		</Row>
		<Row Tag="LOC_TECH_SCENARIO_INVENTION_NAME">
			<Text>İcat</Text>
		</Row>
		<Row Tag="LOC_TECH_SCENARIO_INVENTION_DESCRIPTION">
			<Text>Senaryoyu kazan.</Text>
		</Row>
		<!-- Civics -->
		<Row Tag="LOC_CIVIC_SCENARIO_FEUDALISM_DESCRIPTION">
			<Text>+1 [ICON_Food] Çiftlikten gelen gıda iyileştirmeleri.</Text>
		</Row>
		<Row Tag="LOC_CIVIC_SCENARIO_WAGE_REFORM_NAME">
			<Text>Ücret Reformu</Text>
		</Row>
		<Row Tag="LOC_CIVIC_SCENARIO_HIGHER_LEARNING_NAME">
			<Text>Yüksek Öğrenim</Text>
		</Row>
		<Row Tag="LOC_CIVIC_SCENARIO_LABOR_ECONOMY_NAME">
			<Text>Emek Ekonomisi</Text>
		</Row>
		<Row Tag="LOC_CIVIC_SCENARIO_URBANIZATION_NAME">
			<Text>Kentleşme</Text>
		</Row>
		<Row Tag="LOC_CIVIC_SCENARIO_MIDDLE_CLASS_NAME">
			<Text>Orta Sınıf</Text>
		</Row>
		<Row Tag="LOC_CIVIC_SCENARIO_MIDDLE_CLASS_DESCRIPTION">
			<Text>Senaryoyu kazan.</Text>
		</Row>
		<!-- Policies -->
		<Row Tag="LOC_SCENARIO_POLICY_CHIVALRY_DESCRIPTION">
			<Text>+50% [ICON_Production] Askeri birimler için üretim.</Text>
		</Row>
		<Row Tag="LOC_SCENARIO_POLICY_SERFDOM_DESCRIPTION">
			<Text>Çiftlikler ve Plantasyonlar +1 [ICON_Food] Yiyecek alır.</Text>
		</Row>
		<Row Tag="LOC_SCENARIO_POLICY_TOWN_CHARTERS_DESCRIPTION">
			<Text>+ %100 Ticaret Merkezi ilçe bitişik ikramiye.</Text>
		</Row>
		<Row Tag="LOC_SCENARIO_POLICY_MERITOCRACY_DESCRIPTION">
			<Text>+ %100 Kampüs bölgesi bitişik bonusları.</Text>
		</Row>
		<Row Tag="LOC_POLICY_FEALTY_NAME">
			<Text>Sadakat</Text>
		</Row>
		<Row Tag="LOC_POLICY_FEALTY_DESCRIPTION">
			<Text>+ %50 [ICON_Production] Sivil birimler için üretim.</Text>
		</Row>
		<Row Tag="LOC_POLICY_UNDERCLASS_NAME">
			<Text>Kentsel Sınıfınaltında</Text>
		</Row>
		<Row Tag="LOC_POLICY_UNDERCLASS_DESCRIPTION">
			<Text>+2 [ICON_Gold] Altın ve +2 [ICON_Faith] Tüm şehirlere olan inanç.</Text>
		</Row>
		<Row Tag="LOC_POLICY_STUDIA_GENERALIA_NAME">
			<Text>Studia Generalia</Text>
		</Row>
		<Row Tag="LOC_POLICY_STUDIA_GENERALIA_DESCRIPTION">
			<Text>Yeni eğitilmiş alimler 2 ek ücret alırlar. Yeni eğitilmiş Veba Doktorları 1 ekstra ücret almaktadır.</Text>
		</Row>
		<Row Tag="LOC_POLICY_COTTAGE_INDUSTRIES_NAME">
			<Text>Yazlık Endüstrileri</Text>
		</Row>
		<Row Tag="LOC_POLICY_COTTAGE_INDUSTRIES_DESCRIPTION">
			<Text>+3 [ICON_Gold] Atölye binalarından altın.</Text>
		</Row>
		<Row Tag="LOC_POLICY_SKILLED_TRADES_NAME">
			<Text>Nitelikli Ticaret</Text>
		</Row>
		<Row Tag="LOC_POLICY_SKILLED_TRADES_DESCRIPTION">
			<Text>+ %100 Organize Sanayi Bölgesi ilçe bitişik bonuslar.</Text>
		</Row>
		<Row Tag="LOC_POLICY_PUBLIC_SERVANTS_NAME">
			<Text>Kamu Görevlileri</Text>
		</Row>
		<Row Tag="LOC_POLICY_PUBLIC_SERVANTS_DESCRIPTION">
			<Text>[ICON_Gold] Gold ile bina ve sivil birimleri satın alırken %50 indirim.</Text>
		</Row>
		<Row Tag="LOC_POLICY_SPECIALIZATION_NAME">
			<Text>Uzmanlaşma</Text>
		</Row>
		<Row Tag="LOC_POLICY_SPECIALIZATION_DESCRIPTION">
			<Text>+4 [ICON_Production] Fabrika binalarından üretim.</Text>
		</Row>
		<Row Tag="LOC_POLICY_COMMERCIAL_LEAGUE_NAME">
			<Text>Ticari Lig</Text>
		</Row>
		<Row Tag="LOC_POLICY_COMMERCIAL_LEAGUE_DESCRIPTION">
			<Text>+4 [ICON_Gold] Bedelediye binalarından altın.</Text>
		</Row>
		<Row Tag="LOC_POLICY_LABOR_MARKET_NAME">
			<Text>İşgücü Piyasası</Text>
		</Row>
		<Row Tag="LOC_POLICY_LABOR_MARKET_DESCRIPTION">
			<Text>+1 [ICON_Housing] İlçe başına konut, +2 [ICON_Gold] Tüm şehirlerde altın.</Text>
		</Row>
		<Row Tag="LOC_POLICY_CIVIL_QUARANTINE_NAME">
			<Text>Sivil Karantina</Text>
		</Row>
		<Row Tag="LOC_POLICY_CIVIL_QUARANTINE_DESCRIPTION">
			<Text>+2 [ICON_Science] Science from Campus districts. Plague-stricken cities receive a %10 chance to avoid [ICON_Citizen] Population loss each turn.</Text>
		</Row>
		<Row Tag="LOC_POLICY_POGROM_NAME">
			<Text>Kıyım</Text>
		</Row>
		<Row Tag="LOC_POLICY_POGROM_DESCRIPTION">
			<Text>+2 [ICON_Culture] Kültür, +4 [ICON_Gold] Tüm şehirlerde altın.</Text>
		</Row>
		<Row Tag="LOC_POLICY_PATRONAGE_NAME">
			<Text>Himaye</Text>
		</Row>
		<Row Tag="LOC_POLICY_PATRONAGE_DESCRIPTION">
			<Text>+ %100 Tiyatro Meydanı bölgesinde bitişik bonuslar.</Text>
		</Row>
		<Row Tag="LOC_POLICY_NOBLESSE_OBLIGE_NAME">
			<Text>Asillerin Soylu Davranması Gereği</Text>
		</Row>
		<Row Tag="LOC_POLICY_NOBLESSE_OBLIGE_DESCRIPTION">
			<Text>Ünite bakımı, ünite başına tur başına 1 [ICON_Gold] Altın azaltıldı.</Text>
		</Row>
		<!-- Misc -->
		<Row Tag="LOC_SCENARIO_GOVT_INHERENT_BONUS_MONARCHY">
			<Text>Yok.</Text>
		</Row>
		<!-- ************************************************ -->
		<!-- UI -->
		<!-- ************************************************ -->
		<!-- HUD -->
		<Row Tag="LOC_SCENARIO_HUD_CHARGES">
			<Text>Masraflar</Text>
		</Row>
		<Row Tag="LOC_FLYOVER_PLAGUE_POS">
			<Text>[COLOR:FoodDark]+{1_Num} Veba[ENDCOLOR]</Text>
		</Row>
		<Row Tag="LOC_FLYOVER_PLAGUE">
			<Text>[COLOR:FoodDark]{1_Num} Veba[ENDCOLOR]</Text>
		</Row>
		<Row Tag="LOC_FLYOVER_LOYALTY_POS">
			<Text>[COLOR:Happiness]+{1_Num} Sadakat[ENDCOLOR]</Text>
		</Row>
		<Row Tag="LOC_FLYOVER_LOYALTY">
			<Text>[COLOR:Happiness]{1_Num} Sadakat[ENDCOLOR]</Text>
		</Row>
		<Row Tag="LOC_FLYOVER_HOLY_FERVOR">
			<Text>[COLOR_FLOAT_FAITH] Kutsal Coşku![ENDCOLOR]</Text>
		</Row>
		<Row Tag="LOC_GOVT_PAPAL_SLOT_NAME">
			<Text>Papalık Politikası</Text>
		</Row>
		<Row Tag="LOC_GOVT_PAPAL_SLOT_DESC">
			<Text>Bakım: {1_Num} [ICON_Faith] Tur başına inanç</Text>
		</Row>
		<Row Tag="LOC_GOVT_PAPAL_SLOT_FAITH_TT">
			<Text>{1_Num} Papalık Politikasından</Text>
		</Row>
		<Row Tag="LOC_PLOTINFO_COERCE_LABEL">
			<Text>Zorlama ({1_Num} [ICON_Gold] Gold)</Text>
		</Row>
		<Row Tag="LOC_PLOTINFO_COERCE_TT">
			<Text>{1_NumTurns} dönüşleri için bu kutucuğu zorla. Zorlanmış fayanslar, veba çekince bile normal şekilde işlenebilir, geliştirilebilir veya inşa edilebilir.</Text>
		</Row>
		<Row Tag="LOC_PLOTINFO_YOU_NEED_MORE_GOLD_TO_COERCE">
			<Text>Bu döşemeyi zorlayabilmek için {1_num} daha [ICON_Gold] Gold'a ihtiyacınız var.</Text>
		</Row>
		<Row Tag="LOC_PLOTINFO_COERCED_TURNS_LABEL">
			<Text>Zorla: {1_Num} Tur</Text>
		</Row>
		<Row Tag="LOC_HUD_PLAGUE_LENS">
			<Text>Veba</Text>
		</Row>
		<Row Tag="LOC_HUD_PLAGUE_LENS_TT">
			<Text>Kara Veba tarafından enfekte olmuş kiremitleri gösterir (mavi kiremitler etkilenmez, kırmızı kiremitler en yüksek enfeksiyondadır).</Text>
		</Row>
		<Row Tag="LOC_HUD_PLAGUE_LENS_KEY_MIN">
			<Text>Veba Hediyesi</Text>
		</Row>
		<Row Tag="LOC_HUD_PLAGUE_LENS_KEY_MAX">
			<Text>Veba Salgını</Text>
		</Row>
		<!-- Notifications -->
		<Row Tag="LOC_BLACKDEATH_NOTIFICATION_PLAGUE_RUMOR_MESSAGE">
			<Text>Veba Söylentisi</Text>
		</Row>
		<Row Tag="LOC_BLACKDEATH_NOTIFICATION_PLAGUE_RUMOR_SUMMARY">
			<Text>Söz, Kara Ölüm’ün {1_CityName} kentinde bulunabileceğini söyledi.</Text>
		</Row>
		<Row Tag="LOC_BLACKDEATH_NOTIFICATION_PLAGUE_OUTBREAK_MESSAGE">
			<Text>Veba Salgını!</Text>
		</Row>
		<Row Tag="LOC_BLACKDEATH_NOTIFICATION_PLAGUE_OUTBREAK_SUMMARY">
			<Text>Kara Ölüm şehrimize {1_CityName} ulaştı!</Text>
		</Row>
		<Row Tag="LOC_BLACKDEATH_NOTIFICATION_FRANCE_PAPAL_SLOT_SUMMARY">
			<Text>Papalık Politikası alanımızı kullanmaya devam etmek için yeterli inanç [ICON_Faith] yok.</Text>
		</Row>
		<Row Tag="LOC_BLACKDEATH_NOTIFICATION_FRANCE_PAPAL_SLOT_MESSAGE">
			<Text>Papalık Politikası Düştü!</Text>
		</Row>
		<Row Tag="LOC_NOTIFICATION_UNIT_LOST_TO_RADIATION_POISONING">
			<Text>Veba yüzünden bir {1_UnitName} kaybettin.</Text>
		</Row>
		<!-- Victory Conditions -->
		<Row Tag="LOC_WORLD_RANKINGS_BLACKDEATH_SCENARIO_RULES">
			<Text>Bu senaryoda, Ortacag medeniyetini rezil Kara Ölüm boyunca yönlendirmeli, nüfus ölüme ve umutsuzluğa maruz kalırken kültürel ve bilimsel çabalarını canlı tutmalısınız. Kazanmak için, geleceğin Aydınlanma tohumunu dikilen son Teknoloji (Buluş) veya son Civic'in (Orta Sınıf) kilidini açmanız gerekir.[NEWLINE][NEWLINE]VEBA[NEWLINE][NEWLINE]85'ten fazla kazanır Kara Ölüm, kıtada dalgalarla kayar. Her ülkedeki liman şehirlerinden kaynaklanır ve manzaraya dışa doğru yayılır. Dağlar dışındaki herhangi bir kara taşına yayılabilir ve şehirlere, karayollarına, Liman bölgelerini içeren kıyılara ve kırsal alandaki iyileştirmelere daha kolay yayılır. Veba bir döşemeye ulaştığında, birkaç tur boyunca [COLOR:Red] Plague-Stricken [ENDCOLOR] olur. Sıralar dolduğunda karo toparlanacak, ancak vebaya karşı sertleşmişken aşağıdaki etkilerle karşılaşıyor:[NEWLINE][NEWLINE][COLOR:Red][ICON_BULLET]Veba dizili karolar vatandaşlar tarafından kullanılamaz, iyileştirilemez veya tamir edilemez ve eğer bir bölge zaten varsa, ilçeleri inşa etmek veya bina eklemek için kullanılamaz.[NEWLINE][NEWLINE][ICON_BULLET]Eğer kiremit bir şehir merkezi ise, her bir çevrede bir popülasyonun ölme ihtimali yüksek veba kalır. Bu binalar belirli binalar inşa edilerek veya belirli hükümet politikaları kullanılarak azaltılabilir[NEWLINE][NEWLINE][ICON_BULLET]Veba çekişli karolar üzerindeki sırasını sonlandıran birimler 20 zarar görür[ENDCOLOR][NEWLINE][NEWLINE]Siyahla mücadele etmek Ölüm, felaketle çalışmaya devam etmek için şehirlerinin gücünü korumaya çalış. Vatandaşlarınız varken temel bölgeleri oluşturun. [ICON_Gold] Gold'unuzu ve [ICON_Faith] Faith'inizi şehirleriniz sakat kaldığında binaları ve birimleri satın almak için saklayın. Erken bilim ve kültür merkezleri kurun ve onları elinizden geldiğince koruyun. Veba Doktorları hazır olduğunda en savunmasız alanlarınızı korumak ya da sallanan şehirlerin Sadakatini ortaya çıkarmak için bunları kullanın.</Text>
		</Row>
		<Row Tag="LOC_VICTORY_BLACKDEATH_REQUIRES_PLAYER_HAS_FINAL_CIVIC_PROGRESS">
			<Text>Yurttaşlık: {NumCompleted}/{NumTotal} ( ~{EstimatedTurns}[ICON_Turn])</Text>
		</Row>
		<Row Tag="LOC_VICTORY_BLACKDEATH_REQUIRES_PLAYER_HAS_FINAL_TECH_PROGRESS">
			<Text>Teknolojiler: {NumCompleted}/{NumTotal} ( ~{EstimatedTurns}[ICON_Turn])</Text>
		</Row>
		<Row Tag="LOC_WORLD_RANKINGS_VICTORY_BLACKDEATH_SCENARIO">
			<Text>{1_CompletedCivics}/{2_TotalCivics} Yurttaşlık, {3_CompletedTechs}/{4_TotalTechs} Teknoloji</Text>
		</Row>
		<!-- Tooltips -->
		<Row Tag="LOC_CITY_BANNER_PLAGUE_TT">
			<Text>Bu şehir veba tarafından boğulmuş. Sadakatini kaybedecek ve potansiyel olarak [ICON_Citizen] Her bir popülasyonda veba kalır.</Text>
		</Row>
		<Row Tag="LOC_DISTRICT_CULTURE_THEATER">
			<Text>+{1_num} [ICON_Culture] Bitişik Tiyatrodan Kültür.</Text>
		</Row>
		<Row Tag="LOC_DISTRICT_GOLD_COMMERCIAL_HUB">
			<Text>+{1_num} [ICON_Gold] Komşu Ticaret Merkezi'nden altın.</Text>
		</Row>
		<Row Tag="LOC_DISTRICT_FAITH_HOLY_SITE">
			<Text>+{1_num} [ICON_Faith] Komşu Kutsal Siteden iman.</Text>
		</Row>
		<Row Tag="LOC_DISTRICT_SCIENCE_CAMPUS">
			<Text>+{1_num} [ICON_Science] Bitişik Kampustan Bilim.</Text>
		</Row>
		<!--Historic Rankings-->
		<Row Tag="LOC_BLACKDEATH_SCENARIO_ENDGAME_RANK_1_NAME">
			<Text>Kusursuz</Text>
		</Row>
		<Row Tag="LOC_BLACKDEATH_SCENARIO_ENDGAME_RANK_1_QUOTE">
			<Text>Ve eğer papaz içeri girip ona bakacaksa ve bakacak olursak, veba, evin yerleştirilmesinden sonra, veba evin içinde yayılmadı: o zaman papaz evin temiz olduğunu söyler, çünkü veba iyileşir.</Text>
		</Row>
		<Row Tag="LOC_BLACKDEATH_SCENARIO_ENDGAME_RANK_2_NAME">
			<Text>Veba Doktoru</Text>
		</Row>
		<Row Tag="LOC_BLACKDEATH_SCENARIO_ENDGAME_RANK_2_QUOTE">
			<Text>Zira, diğer bütün sanatlarda olduğu gibi, onları uygulayanlar el becerisi ve bilgi bakımından birbirlerinden çok farklıdırlar, Tıpta olduğu gibi.</Text>
		</Row>
		<Row Tag="LOC_BLACKDEATH_SCENARIO_ENDGAME_RANK_3_NAME">
			<Text>Üçüncü Mülk</Text>
		</Row>
		<Row Tag="LOC_BLACKDEATH_SCENARIO_ENDGAME_RANK_3_QUOTE">
			<Text>Bakteriler ve bira imalatçıları,/Ve dükkanlar manye;/Wollen web siteleri,/Ve lynnen hanımları, / Taillour ve tynkers,/Ve pazarlarda tollers,/Masonlar ve mynourlar,/Ve diğer pek çok el işi.</Text>
		</Row>
		<Row Tag="LOC_BLACKDEATH_SCENARIO_ENDGAME_RANK_4_NAME">
			<Text>Filozof</Text>
		</Row>
		<Row Tag="LOC_BLACKDEATH_SCENARIO_ENDGAME_RANK_4_QUOTE">
			<Text>Her ne kadar insanın bilgisinin ötesinde olan şeyler, insanın kendi nedeni ile aranamazsa da, yine de, bir kez Tanrı tarafından ifşa edildiklerinde, imanla kabul edilmeleri gerekir.</Text>
		</Row>
		<Row Tag="LOC_BLACKDEATH_SCENARIO_ENDGAME_RANK_5_NAME">
			<Text>Dilenci</Text>
		</Row>
		<Row Tag="LOC_BLACKDEATH_SCENARIO_ENDGAME_RANK_5_QUOTE">
			<Text>: Orada düşlerim,/Dört emirle,/İnsanları vaaz ederek/Karı için</Text>
		</Row>
		<Row Tag="LOC_BLACKDEATH_SCENARIO_ENDGAME_RANK_6_NAME">
			<Text>Fare Avcısı</Text>
		</Row>
		<Row Tag="LOC_BLACKDEATH_SCENARIO_ENDGAME_RANK_6_QUOTE">
			<Text>Neden bir köpek, bir at, bir sıçan yaşamalı, Ve hiç nefes alamıyorsun?</Text>
		</Row>
		<Row Tag="LOC_BLACKDEATH_SCENARIO_ENDGAME_RANK_7_NAME">
			<Text>Mezarkazıcı</Text>
		</Row>
		<Row Tag="LOC_BLACKDEATH_SCENARIO_ENDGAME_RANK_7_QUOTE">
			<Text>...ne kadar hüzünlü olursa olsun ilk önce işsiz bulundu, kendilerini çok uzun veya çok resmi bir hizmetle rahatsız etmeden.</Text>
		</Row>
		<Row Tag="LOC_BLACKDEATH_SCENARIO_ENDGAME_RANK_8_NAME">
			<Text>Kırbaçlayan</Text>
		</Row>
		<Row Tag="LOC_BLACKDEATH_SCENARIO_ENDGAME_RANK_8_QUOTE">
			<Text>Tüm acıyan, İsa kusal, onlara Eskinin ebedi dinlenme verin.</Text>
		</Row>
		<!-- Popup Events -->
		<Row Tag="LOC_POPUP_SCENARIO_GENERIC_WHICH_PATH">
			<Text>Hangi yolu seçeceksin?</Text>
		</Row>
		<!-- A New Plague Appears (Intro) -->
		<Row Tag="LOC_POPUP_SCENARIO_PLAGUE_APPEARS_TITLE">
			<Text>Yeni Bir Hastalık Görünüyor</Text>
		</Row>
		<Row Tag="LOC_POPUP_SCENARIO_PLAGUE_APPEARS_DESCRIPTION">
			<Text>Söylentiler, Akdeniz'in hareketli limanlarında ölümcül bir hastalığın yayıldığını gösteriyor. Vagonların arkasındaki ticaret gemilerinin bekletilmesinde kıyılarınıza doğru yol alıyor olabilir.</Text>
		</Row>
		<Row Tag="LOC_POPUP_SCENARIO_PLAGUE_APPEARS_EFFECT">
			<Text>İlk salgın belirtisi için yollarınızı ve limanlarınızı izleyin. Formanın içerilmesi için hızlı hareket etmeniz gerekecektir.</Text>
		</Row>
		<!-- Outbreak! -->
		<Row Tag="LOC_POPUP_SCENARIO_OUTBREAK_TITLE">
			<Text>Salgın!</Text>
		</Row>
		<Row Tag="LOC_POPUP_SCENARIO_OUTBREAK_DESCRIPTION">
			<Text>Veba [COLOR: Civ6Yellow] {1_CityName} [ENDCOLOR] 'da geldi! Artık sadece bir söylenti değil, hastalık şimdi aramızda ve nüfus terör ve panik içine iniyor.</Text>
		</Row>
		<Row Tag="LOC_POPUP_SCENARIO_OUTBREAK_EFFECT">
			<Text>Ölüm ücreti kaçınılmaz olabilir, ancak daha fazla yayılmayı yavaşlatırken şehri sabit tutmalıyız.</Text>
		</Row>
		<Row Tag="LOC_POPUP_SCENARIO_OUTBREAK_REPEAT_DESCRIPTION">
			<Text>Veba geldi [COLOR:Civ6Yellow]{1_CityName}[ENDCOLOR]!</Text>
		</Row>
		<Row Tag="LOC_POPUP_SCENARIO_OUTBREAK_REPEAT_EFFECT">
			<Text>Önceki salgınlarda olduğu gibi, bu şehir fayansları ve semtleri işlenemez hale geldikçe ve nüfus düştüklerinde sakat kalacak. Açlık ve sadakat kaybı tehdidine karşı dikkatli olun.</Text>
		</Row>
		<!-- The Nobility Flees -->
		<Row Tag="LOC_POPUP_SCENARIO_NOBILITY_FLEES_TITLE">
			<Text>Asalet Filoları</Text>
		</Row>
		<Row Tag="LOC_POPUP_SCENARIO_NOBILITY_FLEES_DESCRIPTION">
			<Text>Zengin toprak sahipleri, ölümcül hastalık nedeniyle, yoğun şehirlerde bol miktarda bulunan putri dumanı olan mazayı suçluyorlar. Ülke mülklerine sürülerek kaçıyorlar, hizmetlilerini yanlarına alıyorlar ve sokakları fakir ve evsizlere bırakıyorlar.</Text>
		</Row>
		<Row Tag="LOC_POPUP_SCENARIO_NOBILITY_FLEES_EFFECT">
			<Text>Korku, bazı nüfusu şehirlerinize ve bazılarını da onlardan uzaklaştırıyor. Yeni İlkeler, hangisini destekleyeceğinizi seçmenize izin verir.</Text>
		</Row>
		<!-- False Cures, Empty Promises -->
		<Row Tag="LOC_POPUP_SCENARIO_FALSE_CURES_TITLE">
			<Text>Sahte Tedaviler, Boş Sözler</Text>
		</Row>
		<Row Tag="LOC_POPUP_SCENARIO_FALSE_CURES_DESCRIPTION">
			<Text>Birçoğu vebayı durdurma gücüne veya bilgisine sahip olduğunu iddia ediyor. Fakat şarlatanlar, rahipler, doktorlar veya krallar olsun, veba, hepsine meydan okur. İnsanlar cevaplarından dolayı çaresiz ve çaresiz.</Text>
		</Row>
		<Row Tag="LOC_POPUP_SCENARIO_FALSE_CURES_EFFECT">
			<Text>Yeni Politikalar, kamu aklını kolaylaştırmak için daha sert önlemler almanızı sağlar.</Text>
		</Row>
		<!-- We All Fall Down -->
		<Row Tag="LOC_POPUP_SCENARIO_ALL_FALL_DOWN_TITLE">
			<Text>Hepimiz Aşağı Güz</Text>
		</Row>
		<Row Tag="LOC_POPUP_SCENARIO_ALL_FALL_DOWN_DESCRIPTION">
			<Text>Veba ve ürkütücü hasadı toprağı kapsıyor. Her yerde halkınız dönüyor, ölüm onlarla yüzleşiyor. Yüksek ve düşük, varlıklı ve yoksullar birbirine düşürüldüğünde, çaba göstermenin amacı nedir?</Text>
		</Row>
		<Row Tag="LOC_POPUP_SCENARIO_ALL_FALL_DOWN_EFFECT">
			<Text>-%30 [ICON_Food] Büyüme, -3 [ICON_Production] Üretim, -3 [ICON_Gold] Altın, ve -3 [ICON_Faith] Tüm şehirlerde inanç.</Text>
		</Row>
		<!-- Sick in Body and Soul -->
		<Row Tag="LOC_POPUP_SCENARIO_SICK_IN_BODY_TITLE">
			<Text>Beden ve Ruhta Hasta</Text>
		</Row>
		<Row Tag="LOC_POPUP_SCENARIO_SICK_IN_BODY_DESCRIPTION">
			<Text>Hastalık milleti süpürüyor, toplumumuzun on yıllardır dayandığı istikrar ve gelenekleri deviriyor. İktidarda olanlar, çökmekte olan toplumsal düzene nasıl tepki vereceğine dair bir örnek verdiler.</Text>
		</Row>
		<Row Tag="LOC_POPUP_SCENARIO_SICK_IN_BODY_CHOICE_A">
			<Text>Uygulama Yarışması</Text>
		</Row>
		<Row Tag="LOC_POPUP_SCENARIO_SICK_IN_BODY_CHOICE_A_EFFECT">
			<Text>-2 [ICON_Production] Üretim, +3 [ICON_Faith] Tüm şehirlere inanç</Text>
		</Row>
		<Row Tag="LOC_POPUP_SCENARIO_SICK_IN_BODY_CHOICE_B">
			<Text>Sefahat Kucakla</Text>
		</Row>
		<Row Tag="LOC_POPUP_SCENARIO_SICK_IN_BODY_CHOICE_B_EFFECT">
			<Text>-%20 [ICON_Food] Büyüme, +3 [ICON_Gold] Tüm şehirlerde altın</Text>
		</Row>
		<!-- Physician, Heal Thyself -->
		<Row Tag="LOC_POPUP_SCENARIO_HEAL_THYSELF_TITLE">
			<Text>Hekim, Kendini İyileştirir</Text>
		</Row>
		<Row Tag="LOC_POPUP_SCENARIO_HEAL_THYSELF_DESCRIPTION">
			<Text>Ölüm ücreti arttıkça, insanlar güvendikleri yetkililerden yardım talep ediyorlar. Birçoğu bilimin, tutulanlara katılmak üzere hekimler kiralamak için anahtar dilek sahibi olduğunu ileri sürüyor. Diğerleri fanatizme yöneldiler ve vebayı durdurmak için Tanrı'nın yalvarması için kefaret talep ediyorlar.</Text>
		</Row>
		<Row Tag="LOC_POPUP_SCENARIO_HEAL_THYSELF_CHOICE_A">
			<Text>Hastayı Tedavi Et</Text>
		</Row>
		<Row Tag="LOC_POPUP_SCENARIO_HEAL_THYSELF_CHOICE_B">
			<Text>Günahkar Utanç</Text>
		</Row>
		<!-- The End of the World -->
		<Row Tag="LOC_POPUP_SCENARIO_END_OF_THE_WORLD_TITLE">
			<Text>Dünyanın Sonu</Text>
		</Row>
		<Row Tag="LOC_POPUP_SCENARIO_END_OF_THE_WORLD_DESCRIPTION">
			<Text>Ölüm ücreti tüm hayal gücünün ötesinde şişiyor. Kiliseye ve devlete olan inanç umutsuzluğun içinde olduğu gibi çöküyor. Toplum olduğu gibi devam edemiyor - bir mola gelmek zorunda.</Text>
		</Row>
		<Row Tag="LOC_POPUP_SCENARIO_END_OF_THE_WORLD_CHOICE_A">
			<Text>Allah'a Teslim Olun</Text>
		</Row>
		<Row Tag="LOC_POPUP_SCENARIO_END_OF_THE_WORLD_CHOICE_A_EFFECT">
			<Text>-3 [ICON_Faith] hariç tüm verimlere Bütün şehirlere olan inanç</Text>
		</Row>
		<Row Tag="LOC_POPUP_SCENARIO_END_OF_THE_WORLD_CHOICE_B">
			<Text>Tanrıyı Terk Et</Text>
		</Row>
		<Row Tag="LOC_POPUP_SCENARIO_END_OF_THE_WORLD_CHOICE_B_EFFECT">
			<Text>-10 [ICON_Faith] Tüm şehirlere inanç</Text>
		</Row>
		<!-- Is This God's Judgement? -->
		<Row Tag="LOC_POPUP_SCENARIO_GODS_JUDGEMENT_TITLE">
			<Text>Bu Tanrı'nın Yargısı mı?</Text>
		</Row>
		<Row Tag="LOC_POPUP_SCENARIO_GODS_JUDGEMENT_DESCRIPTION">
			<Text>Ölüler şehirleri dolduruyor ve mezarlıklara boğuluyor. En muhafazakar bile, yıkıma tanık olur ve dünyanın en kötüsünün nihayetinde ilahi intikam kazanıp kazanmadığını merak eder.</Text>
		</Row>
		<Row Tag="LOC_POPUP_SCENARIO_GODS_JUDGEMENT_CHOICE_A">
			<Text>Ruhlarımız boşaldı</Text>
		</Row>
		<Row Tag="LOC_POPUP_SCENARIO_GODS_JUDGEMENT_CHOICE_A_EFFECT">
			<Text>-1 [ICON_Culture] Kültür, -1 [ICON_Faith] Tüm şehirlere inanç</Text>
		</Row>
		<Row Tag="LOC_POPUP_SCENARIO_GODS_JUDGEMENT_CHOICE_B">
			<Text>Çabalarımız işe yaramaz</Text>
		</Row>
		<Row Tag="LOC_POPUP_SCENARIO_GODS_JUDGEMENT_CHOICE_B_EFFECT">
			<Text>-1 [ICON_Science] Bilim, -10% [ICON_Food] Tüm şehirlerde büyüme</Text>
		</Row>
		<!-- ************************************************ -->
		<!-- CIVILOPEDIA -->
		<!-- ************************************************ -->
		<!--Units-->
		<Row Tag="LOC_PEDIA_UNITS_PAGE_UNIT_SCHOLAR_CHAPTER_HISTORY_PARA_1">
			<Text>Kara Ölüm'den önce, Avrupa'da bir öğrenme ve eğitim gelişimi yaşandı ve üniversitenin yükselişi çalışmaya tahsis edilmiş yeni bir eğitimli profesyonel sınıfı anlamına geliyordu. Bazı akademisyenler, hukuk gibi pratik meselelere odaklandılar, ancak büyüyen bir grup, Rönesans'ın ilk dönemine zemin hazırlayan bilginin ve doğal felsefenin doğasına ilişkin sorulara yöneldi.</Text>
		</Row>
		<Row Tag="LOC_PEDIA_UNITS_PAGE_UNIT_PLAGUE_DOCTOR_CHAPTER_HISTORY_PARA_1">
			<Text>Kara Ölüm'ün en çarpıcı figürlerinden biri, ürkütücü gaga biçimli maskesi, uzun cüppeleri ve personeli ile veba doktorudur. Gaga maskesinin ucu, aromatik bitkilerden oluşan bir poşet içerecektir (tatlı kokunun vebayı iteceği düşünüldü). Veba doktoru, bir hastadan (veya cesedinden) vebaya yakalandığından şüphelenildiğinde aranır. Davasını belgelemek veya hastayı temizlemek için hastayı dokunmadan aramak için çubuğunu veya personelini kullanırdı.</Text>
		</Row>
		<Row Tag="LOC_PEDIA_UNITS_PAGE_UNIT_FLAGELLANT_CHAPTER_HISTORY_PARA_1">
			<Text>Geç Ortaçağın dini yüklü dünyasında veba, insanlığın günahları için ilahi bir ceza olarak düşünülmüştü. Bazı insan grupları, günahkâr bir insanlık adına aşırı topluluğun cezalandırılması eylemlerini üstlenmiş, karada işleyen ve kendisinin uyguladığı ismi yaratan kırbaçlanan (ya da “titreyen”) eylemler üstlenmiştir. İlk başta, bu sergiler kilise makamlarının (en azından zımni) onayını aldı, ancak uygulama aşırı hale geldikçe, dini makamlar kınadı. Bu, flagellation pratiğini veya flagellantların geçişlerini durdurmadı.</Text>
		</Row>
		<Row Tag="LOC_PEDIA_UNITS_PAGE_UNIT_TEUTONIC_KNIGHT_CHAPTER_HISTORY_PARA_1">
			<Text>Avrupa’daki dini şövalyelik düzenlerinden biri olan Teutonic Şövalyeleri, Baltık bölgesindeki putperest kabilelere karşı Kuzey Haçlı Seferi'ni yönetti. Özellikle saldırganlıklarına, uzlaşmazlıklarına, servetlerine ve haçlı emirlerinin standartlarına göre bile sade yaşam tarzlarına dikkat edildi.</Text>
		</Row>
		<!--Districts-->
		<Row Tag="LOC_PEDIA_DISTRICTS_PAGE_DISTRICT_WALLED_QUARTER_CHAPTER_HISTORY_PARA_1">
			<Text>Veba epidemiyolojisini tam olarak anlamadan, şehir sakinleri, Kara Ölüm'ü içerecek bir sistem keşfetti: Mağdurları kalıcı bir karantinaya sokmak. Bu draconian tedbiri, duvardan çıkarılan kurbanları korkunç bir kadere mahkum etti; Kara Ölüm'de acı çeken korkunç hesabın bir örneğidir, bazı sağlıklı insanların isteyerek istilacı bir şekilde yayıldığını görmek yerine karantinayı kabul etmesi.</Text>
		</Row>
		<!--Buildings-->
		<Row Tag="LOC_PEDIA_BUILDINGS_PAGE_BUILDING_GUILDHALL_CHAPTER_HISTORY_PARA_1">
			<Text>Bir lonca salonu, üyelerine bir toplantı alanı sağlamanın yanı sıra zenginliklerini ve güçlerini göstermek için bir loncanın sahip olduğu yarı kamusal bir binadır. Genellikle, sivil ve ticari gururun güçlü bir ifadesi olarak süslü bir şekilde dekore edildiler.</Text>
		</Row>
		<Row Tag="LOC_PEDIA_BUILDINGS_PAGE_BUILDING_MASS_GRAVE_CHAPTER_HISTORY_PARA_1">
			<Text>Kara Ölüm sırasında ölüm geçişleri tırmanırken, bireysel cenazeler pratik değildi ve ölü bedenler, ölüler için ne gibi mütevazi bir şekilde sağlanabilecekleri ile çok sayıda gömüldü. Bazen kısmen parçalanmış gövdeler yerinden çıkar ve yer kazanmak için birlikte yeniden gömülürler. Diğer durumlarda, mezarlıklar öylesine tıkandı ki, ölüler yer altına gömüldü. Tüm toplu mezarlar işaretlenmedi ve günümüzde keşfedilmeye devam ediyorlar.</Text>
		</Row>
		<Row Tag="LOC_PEDIA_BUILDINGS_PAGE_BUILDING_PLAGUE_HOSPITAL_CHAPTER_HISTORY_PARA_1">
			<Text>Şehirler veba mağdurlarına ellerinden geldiğince iyi davranmaya ya da en azından acılarını en aza indirmeye çalışıyorlar. Veba hastaneleri en iyi şekilde şüpheli bir bakım sağlamış olabilirler, ancak en azından birisinin kendilerine umursadığı hastalarına bir umut ölçüsü verdiler.</Text>
		</Row>
		<Row Tag="LOC_PEDIA_BUILDINGS_PAGE_BUILDING_KEEP_CHAPTER_HISTORY_PARA_1">
			<Text>Bir kale veya tahkimatın orta kısmı, dış duvarların kırılması durumunda, bekleme ve son savunma hattı olarak kullanılır. Sık sık çok az ve çok dar girişlere sahip olmalarını sağlar, böylece bir avuç savunucu hala işgalcileri uzak tutabilir.</Text>
		</Row>
		<!--Techs-->
		<Row Tag="LOC_PEDIA_TECHNOLOGIES_PAGE_TECH_CIVIL_ENGINEERING_CHAPTER_HISTORY_PARA_1">
			<Text>Orta Çağ döneminde inşaat mühendisliğindeki gelişmeleri, güçlü kaleler inşa etmenin önemi, bu kaleleri kuşatmanın önemi ve büyük nüfusu tutamayacak şehirleri kendi israflarına çarpmadan inşa etme ihtiyacı dahil olmak üzere birçok faktör etkiledi.</Text>
		</Row>
		<Row Tag="LOC_PEDIA_TECHNOLOGIES_PAGE_TECH_INVENTION_CHAPTER_HISTORY_PARA_1">
			<Text>Nitelikli esnaf ve sanatçılar, klasik dünyada bilinen sistemleri ve teknolojileri yeniden keşfetmeye başladı. Kara veba sırasında birçok ölümle birlikte emek tasarrufu yapan makineler daha önemli hale geldi.</Text>
		</Row>
		<Row Tag="LOC_PEDIA_TECHNOLOGIES_PAGE_TECH_MEDICINE_CHAPTER_HISTORY_PARA_1">
			<Text>Tıp, Hipokrat'ta ortaya konduğu gibi vücudun mizahını - kan, balgam, siyah safra ve sarı safra - dengelemenin pratik sanatıdır. Astroloji çalışmasını (göksel bedenler bu mizahları etkilediği için) ve dört ana unsuru içerebilir: Ateş, toprak, hava ve su. Mantık ve teoloji gibi yüce disiplinleri tam olarak anlamayan kişiler için uygun bir çalışmadır.</Text>
		</Row>
		<!--Civics-->
		<Row Tag="LOC_PEDIA_CIVICS_PAGE_CIVIC_WAGE_REFORM_CHAPTER_HISTORY_PARA_1">
			<Text>Kara Ölüm sonrası işçilerin azlığı, Avrupa'da geleneksel serflik sistemlerinde düşüşe yol açtı. Şimdi, tarım ve diğer işçilere, kendilerinden zorlamak yerine, işleri için ücret ödenmesi beklenebilir.</Text>
		</Row>
		<Row Tag="LOC_PEDIA_CIVICS_PAGE_CIVIC_HIGHER_LEARNING_CHAPTER_HISTORY_PARA_1">
			<Text>Ortaçağ'da Roma Hukuku metinlerinin yeniden keşfedilmesi, Bologna sisteminin ve Paris gibi şehirlerde Üniversite sisteminin büyümesine yol açtı. Eğitim kilisenin dışından geniş ölçüde erişilebilir hale geldi ve Rönesansın temelini attı.</Text>
		</Row>
		<Row Tag="LOC_PEDIA_CIVICS_PAGE_CIVIC_LABOR_ECONOMY_CHAPTER_HISTORY_PARA_1">
			<Text>Siyah Veba'nın ölümünden sonra işçilerin azlığı emeğin değerini yükseltti. Artık soylular köylüleri toprağın işleyişine sürdüremazlardı, çünkü bu göçmenler paralarını ödeyecekleri yeni bir lord'a hizmet edeceklerdi.</Text>
		</Row>
		<Row Tag="LOC_PEDIA_CIVICS_PAGE_CIVIC_MIDDLE_CLASS_CHAPTER_HISTORY_PARA_1">
			<Text>Avrupa'daki şehirlerin yükselişi, feodal dünyanın geleneksel aristokratları-eklektik-köylülük modelinin dışında yeni bir sınıfın yükselmesi anlamına geliyordu. Çoğu yönetici onları savaşları finanse etmek için yararlı bir vergi tabanı olarak görüyordu.</Text>
		</Row>
		<!--Policies-->
		<Row Tag="LOC_PEDIA_GOVERNMENTS_PAGE_POLICY_FEALTY_CHAPTER_HISTORY_PARA_1">
			<Text>Fealty, bir baron ya da bir krala hizmet veren küfür küfür etmek gibi bir feodal sistemde bir ustaya bağlılık küfür etme işlemidir.</Text>
		</Row>
		<Row Tag="LOC_PEDIA_GOVERNMENTS_PAGE_POLICY_UNDERCLASS_CHAPTER_HISTORY_PARA_1">
			<Text>Şehirlerin yükselişi, tüccarların ve yetenekli esnafların bir araya gelmesiyle birlikte, sosyal durgunluğunun feodal dönemin sosyal normlarına tam olarak uymadığı için aşağı veya istenmeyen olduğu düşünülen bir birey sınıfının yükselmesi anlamına geliyordu. Muhtemelen bu tutumların günümüze kadar uzanıyor.</Text>
		</Row>
		<Row Tag="LOC_PEDIA_GOVERNMENTS_PAGE_POLICY_STUDIA_GENERALIA_CHAPTER_HISTORY_PARA_1">
			<Text>Üniversitenin veya üniversitede verilen eğitimin asıl adı “genel çalışmalar” anlamına gelir. Yedi liberal sanatın aksine, Studia için üniversitelerin bir öğrencinin başarılı bir şekilde sahip olduğu bir diploma vermesini gerektiren zorunlu bir müfredat yoktu. çalıştım ve bir şeyler öğrenmiş olabilirsiniz.</Text>
		</Row>
		<Row Tag="LOC_PEDIA_GOVERNMENTS_PAGE_POLICY_COTTAGE_INDUSTRIES_CHAPTER_HISTORY_PARA_1">
			<Text>Kotej endüstrisi, bir birey ya da aile tarafından, kendilerini desteklemek ya da ek gelir sağlamak için kurulan küçük bir işletmedir. Bu küçük girişimlerin genellikle feodal ekonomilerden piyasaya dayalı ekonomilere geçişin bir parçası olduğu düşünülmektedir.</Text>
		</Row>
		<Row Tag="LOC_PEDIA_GOVERNMENTS_PAGE_POLICY_SKILLED_TRADES_CHAPTER_HISTORY_PARA_1">
			<Text>Nitelikli esnaf veya sanat, ancak gümüş eşya, kumaş, cam eşya ve makine gibi değerli eşyaların üretimi, ancak uzun bir uygulamada ustalaşılabilir. Esnaflar, konserde çalışabilecekleri, gelecekteki uygulayıcıları eğitecekleri, fiyatları belirleyecekleri ve malları için pazarı kontrol etmeye çalıştıkları şehirlerde toplanacaklardı. Yetenekli esnaf, tarihteki ilk gerçek orta sınıf vatandaşlardan bazılarıydı.</Text>
		</Row>
		<Row Tag="LOC_PEDIA_GOVERNMENTS_PAGE_POLICY_PUBLIC_SERVANTS_CHAPTER_HISTORY_PARA_1">
			<Text>Devletlerin, yöneticilerinin ötesinde siyasi varlıklar olduğu fikrinin artması, devlete hizmet etme görevini, yöneticisine değil, görevlerini ifade eden bir hizmetçi sınıfının büyümesine yol açtı. Bu, devletten yararsızca devletin yararına hizmet etmelerine izin verdi, ancak vergi toplama zamanı geldiğinde onları daha popüler yapmadılar.</Text>
		</Row>
		<Row Tag="LOC_PEDIA_GOVERNMENTS_PAGE_POLICY_SPECIALIZATION_CHAPTER_HISTORY_PARA_1">
			<Text>Karmaşık nesneler üretilirken, bireylerin üretimin bir yönüne odaklanması, tek bir esnafın malzemeden tamamlanmasına kadar bir parça çalışmasından daha yüksek bir üretim oranına izin verir. Silah ve zırh da dahil olmak üzere bu tarzda Orta Çağ ve Erken Modern Dönem boyunca birçok obje inşa edilmiştir. Uzmanlığın yükselişi sonunda Endüstri Çağı ve montaj hattında daha dolgun bir ifade bulur.</Text>
		</Row>
		<Row Tag="LOC_PEDIA_GOVERNMENTS_PAGE_POLICY_COMMERCIAL_LEAGUE_CHAPTER_HISTORY_PARA_1">
			<Text>Tüccar grupları daha fazla ekonomik güç kullanmak için bir araya geleceklerdi. Bu ticari ligler sonunda modern bankacılık ve para birimi sistemleri için temel sağlayacaktır.</Text>
		</Row>
		<Row Tag="LOC_PEDIA_GOVERNMENTS_PAGE_POLICY_LABOR_MARKET_CHAPTER_HISTORY_PARA_1">
			<Text>Bir noktada, bir işgücü piyasası kelimenin tam anlamıyla vasıfsız işçilerin toplanacağı ve belirli bir iş için işe alınmayı bekleyen pazardaki bir yerdi. Hala bazı yerlerde öyle.</Text>
		</Row>
		<Row Tag="LOC_PEDIA_GOVERNMENTS_PAGE_POLICY_CIVIL_QUARANTINE_CHAPTER_HISTORY_PARA_1">
			<Text>Karantina, bir hastalığın popülasyona yayılmasını önlemek için hasta insanların izolasyonudur. Kara Ölüm'den beri karantinaya alınmış yerleri işaretlemek için sarı bayraklar kullanılmıştır.</Text>
		</Row>
		<Row Tag="LOC_PEDIA_GOVERNMENTS_PAGE_POLICY_POGROM_CHAPTER_HISTORY_PARA_1">
			<Text>"İmha etmek" anlamına gelen Rus kelimesinden bir pogrom, bir grubun devlet onayıyla sistematik olarak öldürülmesi ve ezilmesidir. Ezilen grup genellikle Avrupa tarihinin çoğu için Avrupa'daki Yahudiler gibi bir azınlıktır. Gerekçe, genellikle işlemedikleri bazı suçlar için bir iftiradır. Pogrom'ların uzun ve berbat bir geçmişi var ve her biri olduktan sonra “ve bir daha asla olmayacaklarını” küfür etmelerine rağmen, tamamen çok fazla oldu.</Text>
		</Row>
		<Row Tag="LOC_PEDIA_GOVERNMENTS_PAGE_POLICY_PATRONAGE_CHAPTER_HISTORY_PARA_1">
			<Text>Bir başkasının işini doğrudan destekleme uygulamasına patronluk denir. Patronaj, göze çarpan bir servet tanımlayıcısı olabilir ya da gerçekten bencil olmayan nedenlerle yapılabilir. Zengin müşterilerin emriyle birçok büyük sanat ve edebiyat eseri yapıldı.</Text>
		</Row>
		<Row Tag="LOC_PEDIA_GOVERNMENTS_PAGE_POLICY_NOBLESSE_OBLIGE_CHAPTER_HISTORY_PARA_1">
			<Text>Kelimenin tam anlamıyla “Asalet sağlar” ifadesi, daha fazla sosyal duruşa sahip olan ve araçların cömert olması ve daha azına sahip olanlara sağlanması gerektiği anlamına gelir. İstenmeyen yardımlar, vericiden beklenen beklenmedik alçakgönüllülükle her zaman alınmaz.</Text>
		</Row>
		<!--Leaders-->
		<Row Tag="LOC_PEDIA_LEADERS_PAGE_LEADER_BLACKDEATH_SCENARIO_FRANCE_CHAPTER_HISTORY_PARA_1">
			<Text>Philip VI, hükümdarlığı İngiltere ile Yüz Yıl Savaşının başlamasıyla tanımlanan Valois hanedanının ilk Fransız kralıydı. İlk işlerinden biri Flanders’in isyanını bastırmak ve Kont Louis’i yeniden oturtmaktı. İngiltere’den Edward III ile olan ilişkileri iyi başladı, ancak Aquitaine Dükalığı statüsü ve Edward’ın Philip’in soyundan gelip gelmediği konusunda kötüleşti. Bu ve diğer meseleler, Yüzyıl Savaşının yıkıcı örneklerinden bazılarıydı.</Text>
		</Row>
		<Row Tag="LOC_PEDIA_LEADERS_PAGE_LEADER_BLACKDEATH_SCENARIO_FRANCE_CHAPTER_HISTORY_PARA_2">
			<Text>Philip Edward'ı eziyetçi bir baskın ve yıpratma savaşına götürürken, Fransa'nın zenginliği nedeniyle avantaj sağladı, ancak açık ve kararlı savaş İngilizceye daha iyi geldi. 1346’daki Crecy Muharebesi’nden sonra, Fransız asaletleri ve müttefikleri o kadar kötü bir şekilde mahrum edildi ki, Fransa’nın mülkleri daha fazla savaş için ödeme yapmayı reddetti. 1348’de Kara Ölüm’ün gelişi her parçada yıkıcıydı ve ölümler karısı Kraliçe Joan’ı da içeriyordu.</Text>
		</Row>
		<Row Tag="LOC_PEDIA_LEADERS_PAGE_LEADER_BLACKDEATH_SCENARIO_ENGLAND_CHAPTER_HISTORY_PARA_1">
			<Text>Belki İngiltere’nin en başarılı ortaçağ kralı olan 50 yıllık saltanatı savaşlar, Parlamentonun yükselişi ve veba ile kutlandı. Babası Edward II, Edward III sadece bir çocukken devrildi, ancak Edward hızla kendi başına kurallar uygulamak için harekete geçti.</Text>
		</Row>
		<Row Tag="LOC_PEDIA_LEADERS_PAGE_LEADER_BLACKDEATH_SCENARIO_ENGLAND_CHAPTER_HISTORY_PARA_2">
			<Text>İskoçya ve Fransa'ya karşı savaşmak, Edward III ve onun komutanları (özellikle en büyük oğlu, Kara Prens Edward), Sluys'taki deniz savaşı da dahil olmak üzere, Yüz Yıl Savaşının en büyük İngiliz zaferlerinden sorumluydu. Edward III, İngiliz longbowmen'lerin bir öğleden sonra Fransız soylularının çiçeğini katlettiği Crecy Savaşı'nda birliklere komuta etti.</Text>
		</Row>
		<Row Tag="LOC_PEDIA_LEADERS_PAGE_LEADER_BLACKDEATH_SCENARIO_ENGLAND_CHAPTER_HISTORY_PARA_3">
			<Text>1361'deki Kara Ölüm, saltanatının gerilemesi ve alacakaranlık olduğunu gösteriyor. Veba ölümü onu savaşları için gerekli kaynaklardan mahrum etti ve evdeki sosyal gerilimleri yaşamının geri kalanında onu işgal etti.</Text>
		</Row>
		<Row Tag="LOC_PEDIA_LEADERS_PAGE_LEADER_BLACKDEATH_SCENARIO_CASTILE_CHAPTER_HISTORY_PARA_1">
			<Text>Just the Alfonso olarak bilinen Kastilya ve Leon'un kralıydı ve tahtından henüz bir yaşındayken babası Ferdinand IV'ten tahtı devralmıştı. 1325'te yaşına geldiğinde, soylu ailelerin kavgalarını (ve güçlerini) başarıyla ezdi, Alcala de Hernares'in Kararnamelerinde önemli yasal reformlar düzenledi ve Marinid Berberlerine karşı savaş açtı, onlar üzerinde önemli bir zafer kazandı. Andalusia'da Salado Nehri Muharebesi.</Text>
		</Row>
		<Row Tag="LOC_PEDIA_LEADERS_PAGE_LEADER_BLACKDEATH_SCENARIO_CASTILE_CHAPTER_HISTORY_PARA_2">
			<Text>Alfonso, 1350'de bir Cebelitarık kuşatması sırasında Kara Ölüm'den öldü ve saltanat, oğlu Peter Zalim'e geçti.</Text>
		</Row>
		<Row Tag="LOC_PEDIA_LEADERS_PAGE_LEADER_BLACKDEATH_SCENARIO_HOLY_ROMAN_EMPIRE_CHAPTER_HISTORY_PARA_1">
			<Text>Bavyeralı Louis, Kutsal Roma İmparatoru, Almanların ilk Wittelsbach imparatoruydu. Erken saltanatı hem Habsburg hem de Lüksemburg ailelerine ve onların emperyalist tacı için talep sahiplerine karşı mücadeleleriyle işaretlendi. Bu ihtilaf, Louis'i sapkın olarak bildiren papa ile yan bir çatışmaya yol açtı. Bu, Louis'in 1328'de Roma nüfusu tarafından Roma'da İmparator olarak taçlandırılmasıyla biraz garip geldi. İmparator imparator olarak hüküm süren Louis, esasen rakiplerinin ölümü ve imparatorluktaki büyük tükenmez binaların bitmez hale getirme planları yüzünden genel tükenmesinin bir sonucu olarak güvence altına alındı.</Text>
		</Row>
		<Row Tag="LOC_PEDIA_LEADERS_PAGE_LEADER_BLACKDEATH_SCENARIO_HOLY_ROMAN_EMPIRE_CHAPTER_HISTORY_PARA_2">
			<Text>İngiltere’den III. Edward ile müttefik olarak, Fransa’daki (ve Avignon’daki Papa’nın) muhalefetine maruz kaldı; 1347'de Münih yakınlarında öldüğü sırada, Wittelsbach'ları İmparatorluk siyasetinde baskın bir ev olarak kuramadı.</Text>
		</Row>
		<Row Tag="LOC_PEDIA_CIVILIZATIONS_PAGE_CIVILIZATION_BLACKDEATH_SCENARIO_HOLY_ROMAN_EMPIRE_CHAPTER_HISTORY_PARA_1">
			<Text>Kara Ölüm zamanında Orta Avrupa’nın en büyük siyasal organı, imparatorun laik egemenliği altındaki her şey dahil olmak üzere çokgen, çok ırklı krallıklar, beylikler, piskoposlar, düşkünler, özgür şehirler, çekişmeli topraklar, bakireler ve cemaatler topluluğu idi. Güçlü yönetici aileler ve Papa çoğu zaman kendi bölgeleri için etkili kontrol veya özerklik için yarışıyorlardı.</Text>
		</Row>
		<Row Tag="LOC_PEDIA_CIVILIZATIONS_PAGE_CIVILIZATION_BLACKDEATH_SCENARIO_CASTILE_CHAPTER_HISTORY_PARA_1">
			<Text>Kastilya bölgesi, bugün İspanya’nın milletinin merkezi alanının çoğunu kaplar. Ortaçağ'da, krallık genellikle güney İspanya'daki Müslüman bölgelerle savaş halindeydi. Kastilya kronlarının ve komşu Leon krallığının birleşmesi, Kastilya'nın İber Yarımadası'ndaki baskın güç haline gelmesini sağlayacaktı.</Text>
		</Row>
		<Row Tag="LOC_PEDIA_CIVILIZATIONS_PAGE_CIVILIZATION_BLACKDEATH_SCENARIO_ENGLAND_CHAPTER_HISTORY_PARA_1">
			<Text>Kara Ölüm sırasında İngiltere’yi yöneten Plantagenet ailesi, hem İngiliz hem de Fransız tahtlarını iddia etti. İskoçya ve Galler'e karşı askeri fetihler başlattılar. Zamanla, İngiltere kralı Parlamentoya ve asalete güç vermek zorunda kaldı, bu da İngiliz krallarının diğer Avrupa hükümdarlarına göre nispeten daha az güçlü olduğu anlamına geliyordu.</Text>
		</Row>
		<Row Tag="LOC_PEDIA_CIVILIZATIONS_PAGE_CIVILIZATION_BLACKDEATH_SCENARIO_FRANCE_CHAPTER_HISTORY_PARA_1">
			<Text>Ortaçağ'da Fransa, Avrupa'nın en zengin ve en zengin bölgelerinden biriydi. Bu zamanda, Fransa kralları doğrudan kontrolleri altında doğrudan bir miktar toprak tuttular ve bu da onları bu dönemin en merkezi krallıkları arasında yaptılar.</Text>
		</Row>
	</EnglishText>
</GameData>