﻿<?xml version="1.0" encoding="utf-8"?>
<!-- edited with XMLSPY v2004 rel. 2 U (http://www.xmlspy.com) by Ed Beach (Firaxis Games) -->
<GameData>
	<EnglishText>
		<Row Tag="LOC_AUSTRALIA_SCENARIO_NAME">
			<Text>Taşra Zengini</Text>
		</Row>
		<Row Tag="LOC_AUSTRALIA_SCENARIO_TOOLTIP">
			<Text>Hangi koloni, Avustralya'nın doğal zenginliklerinden en iyi şekilde yararlanacak? 60 tur sürer.</Text>
		</Row>
		<Row Tag="LOC_AUSTRALIA_SCENARIO_DESCRIPTION">
			<Text>Bu 60 tur senaryosunda, Avustralya'yı keşfetmek, doğal kaynaklarını bulmak ve onları kullanıp koloninizi zenginleştirmek için yarışın. Bu rekabetçi ekonomik senaryoda savaş yoktur. Odak noktası, puanlarınıza karşılık gelen, tur başına net [ICON_Gold] Altın kârınızı artırmak olan, keşif ve alan genişletme çalışmalarıdır. Gold Per Turn net income, which is your score.[NEWLINE][NEWLINE]Tek oyuncu: Zorlukların her seviyesinde tur başına bir [ICON_Gold] Altın limiti var. Oyunun bitiminden önce bu sayının üstesinden gelin.[NEWLINE][NEWLINE]Çok oyunculu: Oyunun sonunda en yüksek [ICON_Gold] Altın'a sahip olan oyuncu kazanır.</Text>
		</Row>
		<Row Tag="LOC_LOADING_INFO_AUSTRALIA_SCENARIO">
			<Text>Yeni kurulan Avustralya kolonisi, sadece yeni Güney Galler'in başarısını tekrarlamayı değil, aynı zamanda onu aşmak istiyor. Çoğu kişinin başarısız olduğu bu ıssız topraklarda başarılı olabilecek misiniz? Servetiniz, uzun zamandır söylentisi olan Altın sahalarını bularak, büyük sığır sürüleri yaratarak veya gelecek nesiller için ülkenin doğal güzelliğini korumaktan gelecek mi?</Text>
		</Row>
		<Row Tag="LOC_AUSTRALIA_SCENARIO_MAP_NAME">
			<Text>Avustralya Haritası</Text>
		</Row>
		<Row Tag="LOC_AUSTRALIA_SCENARIO_MAP_DESCRIPTION">
			<Text>Gerçek dünya taslağıyla rastgele oluşturulmuş bir Avustralya kıtası.</Text>
		</Row>
		<!-- Civilizations-->
		<Row Tag="LOC_CIVILIZATION_AUSTRALIA_SCENARIO_QUEENSLAND_NAME">
			<Text>Queensland</Text>
		</Row>
		<Row Tag="LOC_CIVILIZATION_AUSTRALIA_SCENARIO_WESTERN_AUSTRALIA_NAME">
			<Text>Batı Avustralya</Text>
		</Row>
		<Row Tag="LOC_CIVILIZATION_AUSTRALIA_SCENARIO_VICTORIA_NAME">
			<Text>Victoria</Text>
		</Row>
		<Row Tag="LOC_CIVILIZATION_AUSTRALIA_SCENARIO_SOUTH_AUSTRALIA_NAME">
			<Text>Güney Avustralya</Text>
		</Row>
		<Row Tag="LOC_CIVILIZATION_AUSTRALIA_SCENARIO_QUEENSLAND_DESCRIPTION">
			<Text>Queensland Eyaleti</Text>
		</Row>
		<Row Tag="LOC_CIVILIZATION_AUSTRALIA_SCENARIO_WESTERN_AUSTRALIA_DESCRIPTION">
			<Text>Batı Avustralya Eyaleti</Text>
		</Row>
		<Row Tag="LOC_CIVILIZATION_AUSTRALIA_SCENARIO_VICTORIA_DESCRIPTION">
			<Text>Victoria Eyaleti</Text>
		</Row>
		<Row Tag="LOC_CIVILIZATION_AUSTRALIA_SCENARIO_SOUTH_AUSTRALIA_DESCRIPTION">
			<Text>Güney Avustralya Eyaleti</Text>
		</Row>
		<Row Tag="LOC_CIVILIZATION_SCENARIO_QUEENSLAND_ABILITY_NAME">
			<Text>Güney Toprakları</Text>
		</Row>
		<Row Tag="LOC_CIVILIZATION_SCENARIO_WESTERN_AUSTRALIA_ABILITY_NAME">
			<Text>Güney Toprakları</Text>
		</Row>
		<Row Tag="LOC_CIVILIZATION_SCENARIO_VICTORIA_ABILITY_NAME">
			<Text>Güney Toprakları</Text>
		</Row>
		<Row Tag="LOC_CIVILIZATION_SCENARIO_SOUTH_AUSTRALIA_ABILITY_NAME">
			<Text>Güney Toprakları</Text>
		</Row>
		<Row Tag="LOC_CIVILIZATION_SCENARIO_QUEENSLAND_ABILITY_DESCRIPTION">
			<Text>Kıyı üzerindeki herhangi bir şehir için +3 [ICON_Housing] Konut. Meralar Kültürel Şok'u tetikler. Kampüs, Ticaret Merkezi ve Tiyatro Meydanlarından elde edilen verimler, peteklerin cazibesi Büyüleyici olduğunda +2, Nefes Kesen olduğunda +4 olur. </Text>
		</Row>
		<Row Tag="LOC_CIVILIZATION_SCENARIO_WESTERN_AUSTRALIA_ABILITY_DESCRIPTION">
			<Text>Kıyı üzerindeki herhangi bir şehir için +3 [ICON_Housing] Konut. Meralar Kültürel Şok'u tetikler. Kampüs, Ticaret Merkezi ve Tiyatro Meydanlarından elde edilen verimler, peteklerin cazibesi Büyüleyici olduğunda +2, Nefes Kesen olduğunda +4 olur. </Text>
		</Row>
		<Row Tag="LOC_CIVILIZATION_SCENARIO_VICTORIA_ABILITY_DESCRIPTION">
			<Text>Kıyı üzerindeki herhangi bir şehir için +3 [ICON_Housing] Konut. Meralar Kültürel Şok'u tetikler. Kampüs, Ticaret Merkezi ve Tiyatro Meydanlarından elde edilen verimler, peteklerin cazibesi Büyüleyici olduğunda +2, Nefes Kesen olduğunda +4 olur. </Text>
		</Row>
		<Row Tag="LOC_CIVILIZATION_SCENARIO_SOUTH_AUSTRALIA_ABILITY_DESCRIPTION">
			<Text>Kıyı üzerindeki herhangi bir şehir için +3 [ICON_Housing] Konut. Meralar Kültürel Şok'u tetikler. Kampüs, Ticaret Merkezi ve Tiyatro Meydanlarından elde edilen verimler, peteklerin cazibesi Büyüleyici olduğunda +2, Nefes Kesen olduğunda +4 olur. </Text>
		</Row>
		<!-- Leaders -->
		<Row Tag="LOC_LEADER_AUSTRALIA_SCENARIO_QUEENSLAND_NAME">
			<Text>Queensland Başbakanı</Text>
		</Row>
		<Row Tag="LOC_LEADER_AUSTRALIA_SCENARIO_WESTERN_AUSTRALIA_NAME">
			<Text>Batı Avustralya Başbakanı</Text>
		</Row>
		<Row Tag="LOC_LEADER_AUSTRALIA_SCENARIO_VICTORIA_NAME">
			<Text>Victoria Başbakanı</Text>
		</Row>
		<Row Tag="LOC_LEADER_AUSTRALIA_SCENARIO_SOUTH_AUSTRALIA_NAME">
			<Text>Güney Avustralya Başbakanı</Text>
		</Row>
		<Row Tag="LOC_LEADER_SCENARIO_QUEENSLAND_ABILITY_NAME">
			<Text>Güneşli Eyalet</Text>
		</Row>
		<Row Tag="LOC_LEADER_SCENARIO_WESTERN_AUSTRALIA_ABILITY_NAME">
			<Text>Altın Taşra</Text>
		</Row>
		<Row Tag="LOC_LEADER_SCENARIO_VICTORIA_ABILITY_NAME">
			<Text>Viktoria Altınına Hücum</Text>
		</Row>
		<Row Tag="LOC_LEADER_SCENARIO_SOUTH_AUSTRALIA_ABILITY_NAME">
			<Text>Bedava Koloni</Text>
		</Row>
		<Row Tag="LOC_LEADER_SCENARIO_QUEENSLAND_ABILITY_DESCRIPTION">
			<Text>Tüm petekler +1 Cazibe kazanır.</Text>
		</Row>
		<Row Tag="LOC_LEADER_SCENARIO_WESTERN_AUSTRALIA_ABILITY_DESCRIPTION">
			<Text>Şehirler kurarken ek petekler kazanılır.</Text>
		</Row>
		<Row Tag="LOC_LEADER_SCENARIO_VICTORIA_ABILITY_DESCRIPTION">
			<Text>Oyuna bir Madenci ile başlanır. Şehirlerinden birinde eğitim görmüş olan tüm Madenciler, ekstra 1 eylem kazanırlar.</Text>
		</Row>
		<Row Tag="LOC_LEADER_SCENARIO_SOUTH_AUSTRALIA_ABILITY_DESCRIPTION">
			<Text>Oyuna bir Çoban ile başlanır.  Şehirlerinden birinde eğitim görmüş olan tüm Çobanlar, ekstra 1 eylem kazanırlar.</Text>
		</Row>
	</EnglishText>
</GameData>
