<?xml version="1.0" encoding="utf-8"?>
<!-- edited with XMLSPY v2004 rel. 2 U (http://www.xmlspy.com) by Ed Beach (Firaxis Games) -->
<GameData>
	<EnglishText>
		<!-- Political Event Titles-->
		<Row Tag="LOC_SCENARIO_AUSTRALIA_EVENT_POLITICAL_TITLE_1">
			<Text>KAŞİF HAZIR</Text>
		</Row>
		<Row Tag="LOC_SCENARIO_AUSTRALIA_EVENT_POLITICAL_TITLE_2">
			<Text>KOLONİ GEMİSİ GELDİ</Text>
		</Row>
		<Row Tag="LOC_SCENARIO_AUSTRALIA_EVENT_POLITICAL_TITLE_3">
			<Text>BİR ULUS DOĞDU</Text>
		</Row>
		<Row Tag="LOC_SCENARIO_AUSTRALIA_EVENT_POLITICAL_TITLE_4">
			<Text>I DÜNYA SAVAŞI</Text>
		</Row>
		<Row Tag="LOC_SCENARIO_AUSTRALIA_EVENT_POLITICAL_TITLE_5">
			<Text>II DÜNYA SAVAŞI</Text>
		</Row>
		<Row Tag="LOC_SCENARIO_AUSTRALIA_EVENT_POLITICAL_TITLE_6">
			<Text>EK SÖMÜRGECİLER</Text>
		</Row>
		<!-- Political Event Descriptions-->
		<Row Tag="LOC_SCENARIO_AUSTRALIA_EVENT_POLITICAL_DESCRIPTION_1">
			<Text>Maceracı bir kaşif, Avustralya kıtasının gizemini ortaya çıkarmak için, Yeni Güney Galler'in İngiliz kolonisinden ayrıldı. </Text>
		</Row>
		<Row Tag="LOC_SCENARIO_AUSTRALIA_EVENT_POLITICAL_DESCRIPTION_2">
			<Text>Yeni bir koloni kurmak için çok asi bir mürettebat işe aldık. Bu mürettebat için umutluyuz: Hepsi hükümlü değil.</Text>
		</Row>
		<Row Tag="LOC_SCENARIO_AUSTRALIA_EVENT_POLITICAL_DESCRIPTION_3">
			<Text>Avustralya'da doğmuş ve yaşamış olan birçok nesil, artık ayrı olan devletlerimizi tek bir ulus çatısı altında toplamak istiyor.  Avustralya için, Birleşik Krallık'tan bağımsız yeni bir Konfederasyon için birleşme zamanı geldi. </Text>
		</Row>
		<Row Tag="LOC_SCENARIO_AUSTRALIA_EVENT_POLITICAL_DESCRIPTION_4">
			<Text>Savaş Avrupa kıtasını perişan etti ve anavatanımız Birleşik Krallık'ta bu savaşa karıştı.  Desteğimiz için birlikler göndereceğiz.  </Text>
		</Row>
		<Row Tag="LOC_SCENARIO_AUSTRALIA_EVENT_POLITICAL_DESCRIPTION_5">
			<Text>Yeni bir Dünya Savaşı patlak verdi ve bu sefer vatanımız Avustralya tehdit altında! Başbakanımız John Curtin'in hatırlattığı gibi: “Bu topraklarda ilk göçmenlerimiz tarafından yakılan ve onları takip eden nesiller tarafından kızışan özgürlük ateşi, hiçbir bir düşman tarafından söndürülemez.”</Text>
		</Row>
		<Row Tag="LOC_SCENARIO_AUSTRALIA_EVENT_POLITICAL_DESCRIPTION_6">
			<Text>İlke ilerlemeniz İngiltere'de tekrar fark edildi.  Kolonileri yeni evlerine dönüştürmek isteyen az sayıda sömürgeci var.</Text>
		</Row>
		<!-- Political Event Gameplay Effects-->
		<Row Tag="LOC_SCENARIO_AUSTRALIA_EVENT_POLITICAL_EFFECT_1">
			<Text>Bu Kaşifi, yeni ve iyi bir yerleşim yeri bulmak için sonraki dört turda kullanın.</Text>
		</Row>
		<Row Tag="LOC_SCENARIO_AUSTRALIA_EVENT_POLITICAL_EFFECT_2">
			<Text>Kaşifçilerinize en yakın sahil peteğinde, bir sonraki turun başlangıcında ücretsiz bir Göçmen görünecektir.</Text>
		</Row>
		<Row Tag="LOC_SCENARIO_AUSTRALIA_EVENT_POLITICAL_EFFECT_3">
			<Text>Federasyon İlkesini tamamladığınızda, en güçlü hükümet sistemine yani Eyalet Hükümetine geçebilirsiniz.</Text>
		</Row>
		<Row Tag="LOC_SCENARIO_AUSTRALIA_EVENT_POLITICAL_EFFECT_4">
			<Text>Artık AIK projesini tüm şehirlerinizden başlatabilirsiniz. Savaş çabasına yaptığınız bu tür katkılar, eyaletinizin ülkenizdeki duruşunu yükseltecek ve dönüş başına +10 [ICON_Gold] Altın elde edeceksiniz.</Text>
		</Row>
		<Row Tag="LOC_SCENARIO_AUSTRALIA_EVENT_POLITICAL_EFFECT_5">
			<Text>AIK projesini tamamlamak bu sefer daha da önemlidir ve dönüş başına +10 [ICON_Gold] Altın'la ödüllendirilecektir.</Text>
		</Row>
		<Row Tag="LOC_SCENARIO_AUSTRALIA_EVENT_POLITICAL_EFFECT_6">
			<Text>Başkentinizde bedava bir Göçmen ortaya çıktı. Bu noktadan sonra mevcut şehirlerinizden birinin 10 petek çevresi içerisinde yeni şehirler inşa edilmelidir.</Text>
		</Row>
		<!-- Danger Event Gameplay Effects-->
		<Row Tag="LOC_SCENARIO_AUSTRALIA_EVENT_DANGER_EFFECT_1">
			<Text>{1_UnitName} biriminiz, {2_Damage} hasar aldı.</Text>
		</Row>
		<Row Tag="LOC_SCENARIO_AUSTRALIA_EVENT_DANGER_EFFECT_2">
			<Text>{1_UnitName} biriminiz öldürüldü.</Text>
		</Row>
		<Row Tag="LOC_SCENARIO_AUSTRALIA_EVENT_DANGER_EFFECT_3">
			<Text>{1_UnitName} biriminiz kalıcı olarak 1 [ICON_Movement] Hareket kaybetti.</Text>
		</Row>
		<Row Tag="LOC_SCENARIO_AUSTRALIA_EVENT_DANGER_EFFECT_4">
			<Text>{1_Amount} [ICON_Gold] Altın kaybettiniz.</Text>
		</Row>
		<Row Tag="LOC_SCENARIO_AUSTRALIA_EVENT_DANGER_EFFECT_5">
			<Text>{1_UnitName} biriminiz, {2_CityName} şehrine en yakın şehre döndü.</Text>
		</Row>
		<Row Tag="LOC_SCENARIO_AUSTRALIA_EVENT_DANGER_EFFECT_6">
			<Text>Yakınlardaki {1_Improvement} yağmalandı.</Text>
		</Row>
		<!-- Delay Event Gameplay Effects-->
		<Row Tag="LOC_SCENARIO_AUSTRALIA_EVENT_DELAY_EFFECT_1">
			<Text>{1_UnitName} biriminiz, bu tur için {2_Movement} hareket puanı kaybetti.</Text>
		</Row>
		<Row Tag="LOC_SCENARIO_AUSTRALIA_EVENT_DELAY_EFFECT_2">
			<Text>{1_UnitName} biriminiz, bu turda hareket edemeyecek.</Text>
		</Row>
		<Row Tag="LOC_SCENARIO_AUSTRALIA_EVENT_DELAY_EFFECT_3">
			<Text>{1_UnitName} yakınındaki arazinin bir kısmı kayboldu.</Text>
		</Row>
		<!-- Benefit Event Gameplay Effects-->
		<Row Tag="LOC_SCENARIO_AUSTRALIA_EVENT_BENEFIT_EFFECT_1">
			<Text>Bir {1_UnitName}, {2_CityName} şehrine en yakın olan şehre geldi.</Text>
		</Row>
		<Row Tag="LOC_SCENARIO_AUSTRALIA_EVENT_BENEFIT_EFFECT_2">
			<Text>Bir {1_UnitName}, {2_UnitName} biriminizin yanına geldi.</Text>
		</Row>
		<Row Tag="LOC_SCENARIO_AUSTRALIA_EVENT_BENEFIT_EFFECT_3">
			<Text>{1_UnitName} biriminizin yakınındaki keşfedilmemiş bir bölge ortaya çıkarıldı.</Text>
		</Row>
		<Row Tag="LOC_SCENARIO_AUSTRALIA_EVENT_BENEFIT_EFFECT_4">
			<Text>{1_UnitName} biriminiz, kalıcı olarak +1 [ICON_Movement] Hareket kazandı.</Text>
		</Row>
		<Row Tag="LOC_SCENARIO_AUSTRALIA_EVENT_BENEFIT_EFFECT_5">
			<Text>{1_UnitName} biriminiz, tamamen iyileşti.</Text>
		</Row>
		<Row Tag="LOC_SCENARIO_AUSTRALIA_EVENT_BENEFIT_EFFECT_6">
			<Text>{1_UnitName} biriminizin hasarı, {2_HitPoints} puan iyileşti.</Text>
		</Row>
		<Row Tag="LOC_SCENARIO_AUSTRALIA_EVENT_BENEFIT_EFFECT_7">
			<Text>Yakınınızdaki {1_CityName} şehriniz 1 Nüfus kazanmıştır.</Text>
		</Row>
		<Row Tag="LOC_SCENARIO_AUSTRALIA_EVENT_BENEFIT_EFFECT_8">
			<Text>{1_Amount} [ICON_Gold] Altın kazandınız.</Text>
		</Row>
		<Row Tag="LOC_SCENARIO_AUSTRALIA_EVENT_BENEFIT_EFFECT_9">
			<Text>{1_TechName} teknolojisi için Aydınlanma Anı kazandınız.</Text>
		</Row>
		<Row Tag="LOC_SCENARIO_AUSTRALIA_EVENT_BENEFIT_EFFECT_10">
			<Text>{1_CivicName} İlkesi için İlham kazandınız.</Text>
		</Row>
		<!-- Exploration Event Titles-->
		<Row Tag="LOC_SCENARIO_AUSTRALIA_EVENT_EXPLORATION_COAST_ADJACENT_TITLE_1">
			<Text>Dalga Akıntısına Yakalandı</Text>
		</Row>
		<Row Tag="LOC_SCENARIO_AUSTRALIA_EVENT_EXPLORATION_COAST_ADJACENT_TITLE_2">
			<Text>Denizanasına Sürtündü</Text>
		</Row>
		<Row Tag="LOC_SCENARIO_AUSTRALIA_EVENT_EXPLORATION_COAST_ADJACENT_TITLE_3">
			<Text>Bir Koni Salyangozu Toplandı</Text>
		</Row>
		<Row Tag="LOC_SCENARIO_AUSTRALIA_EVENT_EXPLORATION_COAST_ADJACENT_TITLE_4">
			<Text>Tehlikeli Sis Geciktirdi</Text>
		</Row>
		<Row Tag="LOC_SCENARIO_AUSTRALIA_EVENT_EXPLORATION_COAST_ADJACENT_TITLE_5">
			<Text>Yerli Balıkçılar Tarafından Temin Edildi</Text>
		</Row>
		<Row Tag="LOC_SCENARIO_AUSTRALIA_EVENT_EXPLORATION_COAST_ADJACENT_TITLE_6">
			<Text>Dağcılar Kiralandı</Text>
		</Row>
		<Row Tag="LOC_SCENARIO_AUSTRALIA_EVENT_EXPLORATION_COAST_ADJACENT_TITLE_7">
			<Text>Bereketli Sular Keşfedildi</Text>
		</Row>
		<Row Tag="LOC_SCENARIO_AUSTRALIA_EVENT_EXPLORATION_DESERT_TITLE_1">
			<Text>Şiddetli Su Yetersizliği</Text>
		</Row>
		<Row Tag="LOC_SCENARIO_AUSTRALIA_EVENT_EXPLORATION_DESERT_TITLE_2">
			<Text>Develer Korkutuldu</Text>
		</Row>
		<Row Tag="LOC_SCENARIO_AUSTRALIA_EVENT_EXPLORATION_DESERT_TITLE_3">
			<Text>Dikenli Yılana Basıldı</Text>
		</Row>
		<Row Tag="LOC_SCENARIO_AUSTRALIA_EVENT_EXPLORATION_DESERT_TITLE_4">
			<Text>Geçici Toz Fırtınası Geciktirdi</Text>
		</Row>
		<Row Tag="LOC_SCENARIO_AUSTRALIA_EVENT_EXPLORATION_DESERT_TITLE_5">
			<Text>Vaha Görüldü</Text>
		</Row>
		<Row Tag="LOC_SCENARIO_AUSTRALIA_EVENT_EXPLORATION_DESERT_TITLE_6">
			<Text>Savunmasız Dingo Yavrusu Bulundu</Text>
		</Row>
		<Row Tag="LOC_SCENARIO_AUSTRALIA_EVENT_EXPLORATION_GRASSLAND_TITLE_1">
			<Text>Haydutlar Pusu Kurdu</Text>
		</Row>
		<Row Tag="LOC_SCENARIO_AUSTRALIA_EVENT_EXPLORATION_GRASSLAND_TITLE_2">
			<Text>Çalılık Yangınına Yakalandı</Text>
		</Row>
		<Row Tag="LOC_SCENARIO_AUSTRALIA_EVENT_EXPLORATION_GRASSLAND_TITLE_3">
			<Text>Dingo Saldırısına Uğradı</Text>
		</Row>
		<Row Tag="LOC_SCENARIO_AUSTRALIA_EVENT_EXPLORATION_GRASSLAND_TITLE_4">
			<Text>Yanlış Çilek Yedi</Text>
		</Row>
		<Row Tag="LOC_SCENARIO_AUSTRALIA_EVENT_EXPLORATION_GRASSLAND_TITLE_5">
			<Text>İşgalciler Tarafından Temin Edildi</Text>
		</Row>
		<Row Tag="LOC_SCENARIO_AUSTRALIA_EVENT_EXPLORATION_GRASSLAND_TITLE_6">
			<Text>Gezginler Kiralandı</Text>
		</Row>
		<Row Tag="LOC_SCENARIO_AUSTRALIA_EVENT_EXPLORATION_MOUNTAINS_ADJACENT_TITLE_1">
			<Text>Heyelan!</Text>
		</Row>
		<Row Tag="LOC_SCENARIO_AUSTRALIA_EVENT_EXPLORATION_MOUNTAINS_ADJACENT_TITLE_2">
			<Text>Son Derece Soğuk Geceler</Text>
		</Row>
		<Row Tag="LOC_SCENARIO_AUSTRALIA_EVENT_EXPLORATION_MOUNTAINS_ADJACENT_TITLE_3">
			<Text>Malzemeler Vadiye Düştü</Text>
		</Row>
		<Row Tag="LOC_SCENARIO_AUSTRALIA_EVENT_EXPLORATION_MOUNTAINS_ADJACENT_TITLE_4">
			<Text>Verimsiz Geçit</Text>
		</Row>
		<Row Tag="LOC_SCENARIO_AUSTRALIA_EVENT_EXPLORATION_MOUNTAINS_ADJACENT_TITLE_5">
			<Text>Madenciler Kiralandı</Text>
		</Row>
		<Row Tag="LOC_SCENARIO_AUSTRALIA_EVENT_EXPLORATION_MOUNTAINS_ADJACENT_TITLE_6">
			<Text>Dağ Kaynağı Keşfedildi</Text>
		</Row>
		<Row Tag="LOC_SCENARIO_AUSTRALIA_EVENT_EXPLORATION_PLAINS_TITLE_1">
			<Text>Kızıl Kanguru İle Münakaşa</Text>
		</Row>
		<Row Tag="LOC_SCENARIO_AUSTRALIA_EVENT_EXPLORATION_PLAINS_TITLE_2">
			<Text>Devam Eden Kuraklık Koşulları</Text>
		</Row>
		<Row Tag="LOC_SCENARIO_AUSTRALIA_EVENT_EXPLORATION_PLAINS_TITLE_3">
			<Text>Spinifeks Enfeksiyonu</Text>
		</Row>
		<Row Tag="LOC_SCENARIO_AUSTRALIA_EVENT_EXPLORATION_PLAINS_TITLE_4">
			<Text>Yönünüzü Kaybettiniz</Text>
		</Row>
		<Row Tag="LOC_SCENARIO_AUSTRALIA_EVENT_EXPLORATION_PLAINS_TITLE_5">
			<Text>Kovboy Kiralandı</Text>
		</Row>
		<Row Tag="LOC_SCENARIO_AUSTRALIA_EVENT_EXPLORATION_PLAINS_TITLE_6">
			<Text>Papagan Sürüsü Suya Yönlendirdi</Text>
		</Row>
		<Row Tag="LOC_SCENARIO_AUSTRALIA_EVENT_EXPLORATION_FLOODPLAINS_TITLE_1">
			<Text>Sıtma Sıkıntıları</Text>
		</Row>
		<Row Tag="LOC_SCENARIO_AUSTRALIA_EVENT_EXPLORATION_FLOODPLAINS_TITLE_2">
			<Text>Çekirgeler Tarafından Aç Kalındı</Text>
		</Row>
		<Row Tag="LOC_SCENARIO_AUSTRALIA_EVENT_EXPLORATION_FLOODPLAINS_TITLE_3">
			<Text>Şiddetli Sel</Text>
		</Row>
		<Row Tag="LOC_SCENARIO_AUSTRALIA_EVENT_EXPLORATION_FLOODPLAINS_TITLE_4">
			<Text>Bataklık</Text>
		</Row>
		<Row Tag="LOC_SCENARIO_AUSTRALIA_EVENT_EXPLORATION_FLOODPLAINS_TITLE_5">
			<Text>Akarsuda Istakoz Yakalandı</Text>
		</Row>
		<Row Tag="LOC_SCENARIO_AUSTRALIA_EVENT_EXPLORATION_MARSH_TITLE_1">
			<Text>Tuzlu Su Timsahı Tarafından Tüketildi</Text>
		</Row>
		<Row Tag="LOC_SCENARIO_AUSTRALIA_EVENT_EXPLORATION_MARSH_TITLE_2">
			<Text>Berbat Yaralar</Text>
		</Row>
		<Row Tag="LOC_SCENARIO_AUSTRALIA_EVENT_EXPLORATION_MARSH_TITLE_3">
			<Text>Bir Örümcek Tarafından Isırıldı</Text>
		</Row>
		<Row Tag="LOC_SCENARIO_AUSTRALIA_EVENT_EXPLORATION_MARSH_TITLE_4">
			<Text>Yanlış Balık Yedi</Text>
		</Row>
		<Row Tag="LOC_SCENARIO_AUSTRALIA_EVENT_EXPLORATION_MARSH_TITLE_5">
			<Text>Bataklıkta Kaybolmuş</Text>
		</Row>
		<Row Tag="LOC_SCENARIO_AUSTRALIA_EVENT_EXPLORATION_MARSH_TITLE_6">
			<Text>Korkunç Bunyip Söylentileri</Text>
		</Row>
		<Row Tag="LOC_SCENARIO_AUSTRALIA_EVENT_EXPLORATION_OASIS_TITLE_1">
			<Text>Nematod Enfeksiyonu</Text>
		</Row>
		<Row Tag="LOC_SCENARIO_AUSTRALIA_EVENT_EXPLORATION_OASIS_TITLE_2">
			<Text>Aceleyle Çok Fazla Su İçimi</Text>
		</Row>
		<Row Tag="LOC_SCENARIO_AUSTRALIA_EVENT_EXPLORATION_OASIS_TITLE_3">
			<Text>İsyandan Kaçınma</Text>
		</Row>
		<Row Tag="LOC_SCENARIO_AUSTRALIA_EVENT_EXPLORATION_OASIS_TITLE_4">
			<Text>Gölde İyileşme</Text>
		</Row>
		<Row Tag="LOC_SCENARIO_AUSTRALIA_EVENT_EXPLORATION_OASIS_TITLE_5">
			<Text>Huzur Verici Yenilenme</Text>
		</Row>
		<Row Tag="LOC_SCENARIO_AUSTRALIA_EVENT_EXPLORATION_RAINFOREST_TITLE_1">
			<Text>Burada Her Şey Zehirli</Text>
		</Row>
		<Row Tag="LOC_SCENARIO_AUSTRALIA_EVENT_EXPLORATION_RAINFOREST_TITLE_2">
			<Text>Ürkütücü Cassowary</Text>
		</Row>
		<Row Tag="LOC_SCENARIO_AUSTRALIA_EVENT_EXPLORATION_RAINFOREST_TITLE_3">
			<Text>Dang Humması ile Mücadele</Text>
		</Row>
		<Row Tag="LOC_SCENARIO_AUSTRALIA_EVENT_EXPLORATION_RAINFOREST_TITLE_4">
			<Text>Korkunç Karınca Isırıkları</Text>
		</Row>
		<Row Tag="LOC_SCENARIO_AUSTRALIA_EVENT_EXPLORATION_RAINFOREST_TITLE_5">
			<Text>Ortaya Çıkan Bilimsel Gizemler</Text>
		</Row>
		<Row Tag="LOC_SCENARIO_AUSTRALIA_EVENT_EXPLORATION_WOODS_TITLE_1">
			<Text>Agresif Kahverengi Yılan</Text>
		</Row>
		<Row Tag="LOC_SCENARIO_AUSTRALIA_EVENT_EXPLORATION_WOODS_TITLE_2">
			<Text>Sakız Ağacından Yanmış Odun</Text>
		</Row>
		<Row Tag="LOC_SCENARIO_AUSTRALIA_EVENT_EXPLORATION_WOODS_TITLE_3">
			<Text>Öfkeli Deve Kuşu</Text>
		</Row>
		<Row Tag="LOC_SCENARIO_AUSTRALIA_EVENT_EXPLORATION_WOODS_TITLE_4">
			<Text>Sahte Etobur Koala Söylentileri</Text>
		</Row>
		<Row Tag="LOC_SCENARIO_AUSTRALIA_EVENT_EXPLORATION_WOODS_TITLE_5">
			<Text>Deve Kuşu Yumurtaları Dolu Bir Yuva Keşfetti</Text>
		</Row>
		<Row Tag="LOC_SCENARIO_AUSTRALIA_EVENT_EXPLORATION_ANY_TITLE_1">
			<Text>Talihsiz Düşüş</Text>
		</Row>
		<Row Tag="LOC_SCENARIO_AUSTRALIA_EVENT_EXPLORATION_ANY_TITLE_2">
			<Text>Vitamin Eksikliğinden Muzdarip</Text>
		</Row>
		<Row Tag="LOC_SCENARIO_AUSTRALIA_EVENT_EXPLORATION_ANY_TITLE_3">
			<Text>Çakışan Kararlar</Text>
		</Row>
		<Row Tag="LOC_SCENARIO_AUSTRALIA_EVENT_EXPLORATION_ANY_TITLE_4">
			<Text>Atları Bağlama Unutuldu</Text>
		</Row>
		<Row Tag="LOC_SCENARIO_AUSTRALIA_EVENT_EXPLORATION_ANY_TITLE_5">
			<Text>Bir Kestirme Buldum</Text>
		</Row>
		<Row Tag="LOC_SCENARIO_AUSTRALIA_EVENT_EXPLORATION_ANY_TITLE_6">
			<Text>Aborijin Klanından Erzak Alınıyor</Text>
		</Row>
		<Row Tag="LOC_SCENARIO_AUSTRALIA_EVENT_EXPLORATION_ANY_TITLE_7">
			<Text>Dingo İzi Takip Edildi</Text>
		</Row>
		<Row Tag="LOC_SCENARIO_AUSTRALIA_EVENT_EXPLORATION_ANY_TITLE_8">
			<Text>Rakip Kaşifler ile Anlaşmazlık</Text>
		</Row>
		<Row Tag="LOC_SCENARIO_AUSTRALIA_EVENT_EXPLORATION_ANY_TITLE_9">
			<Text>Haritalardaki Yanlışlar Bulundu</Text>
		</Row>
		<Row Tag="LOC_SCENARIO_AUSTRALIA_EVENT_EXPLORATION_ANY_TITLE_10">
			<Text>Hazine!</Text>
		</Row>
		<Row Tag="LOC_SCENARIO_AUSTRALIA_EVENT_EXPLORATION_ANY_TITLE_11">
			<Text>Kiralik Aborijinli Rehberler</Text>
		</Row>
		<Row Tag="LOC_SCENARIO_AUSTRALIA_EVENT_EXPLORATION_ANY_TITLE_12">
			<Text>Yanlışlıkla Rahatsız Edilmiş Aborjinler</Text>
		</Row>
		<Row Tag="LOC_SCENARIO_AUSTRALIA_EVENT_EXPLORATION_ANY_TITLE_13">
			<Text>Yanlışlıkla Yangın Çıktı</Text>
		</Row>
		<Row Tag="LOC_SCENARIO_AUSTRALIA_EVENT_EXPLORATION_ANY_TITLE_14">
			<Text>Aborijin Göçü</Text>
		</Row>
		<Row Tag="LOC_SCENARIO_AUSTRALIA_EVENT_EXPLORATION_ANY_TITLE_15">
			<Text>Aboriginallerle Verimsiz Konuşma</Text>
		</Row>
		<!-- Exploration Event Descriptions-->
		<Row Tag="LOC_SCENARIO_AUSTRALIA_EVENT_EXPLORATION_COAST_ADJACENT_DESCRIPTION_1">
			<Text>Okyanusta keyifle yüzmek için başlayan şey trajedi ile sona erdi.</Text>
		</Row>
		<Row Tag="LOC_SCENARIO_AUSTRALIA_EVENT_EXPLORATION_COAST_ADJACENT_DESCRIPTION_2">
			<Text>Çok kırılgan, acıyla dolu sıvı bir şey.</Text>
		</Row>
		<Row Tag="LOC_SCENARIO_AUSTRALIA_EVENT_EXPLORATION_COAST_ADJACENT_DESCRIPTION_3">
			<Text>Güzel bir dış görünüşle kaplı küçük bir zehirli zıpkın.</Text>
		</Row>
		<Row Tag="LOC_SCENARIO_AUSTRALIA_EVENT_EXPLORATION_COAST_ADJACENT_DESCRIPTION_4">
			<Text>Denizden geliyordu ve top dumanından daha yoğundu.</Text>
		</Row>
		<Row Tag="LOC_SCENARIO_AUSTRALIA_EVENT_EXPLORATION_COAST_ADJACENT_DESCRIPTION_5">
			<Text>Yerel suları ve balıkları nasıl yakalayacaklarını biliyorlardı. Biz ikisinide bilmiyorduk.</Text>
		</Row>
		<Row Tag="LOC_SCENARIO_AUSTRALIA_EVENT_EXPLORATION_COAST_ADJACENT_DESCRIPTION_6">
			<Text>Kayalıklardan kaymadan nasıl balık yakalıyorlar? Bu bir gizem!</Text>
		</Row>
		<Row Tag="LOC_SCENARIO_AUSTRALIA_EVENT_EXPLORATION_COAST_ADJACENT_DESCRIPTION_7">
			<Text>Harika bir keşifti. Bir yerleşim yerini desteklemek için yeterli.</Text>
		</Row>
		<Row Tag="LOC_SCENARIO_AUSTRALIA_EVENT_EXPLORATION_DESERT_DESCRIPTION_1">
			<Text>İlk önce atlar susuzluktan öldü.</Text>
		</Row>
		<Row Tag="LOC_SCENARIO_AUSTRALIA_EVENT_EXPLORATION_DESERT_DESCRIPTION_2">
			<Text>İlk yerleşimciler tarafından terk edildiklerinde, vahşi doğaya döndüler.</Text>
		</Row>
		<Row Tag="LOC_SCENARIO_AUSTRALIA_EVENT_EXPLORATION_DESERT_DESCRIPTION_3">
			<Text>Bu kavurucu güneşte, herşey birbirine karışmış gibi. Yılanlar bile.</Text>
		</Row>
		<Row Tag="LOC_SCENARIO_AUSTRALIA_EVENT_EXPLORATION_DESERT_DESCRIPTION_4">
			<Text>Her şey kumla kaplı. Birkaç gün sonra bile üstümüzden kum dökülüyor.</Text>
		</Row>
		<Row Tag="LOC_SCENARIO_AUSTRALIA_EVENT_EXPLORATION_DESERT_DESCRIPTION_5">
			<Text>Sonunda bu ıssız arazide, yaşanılacak bir ada bulduk.</Text>
		</Row>
		<Row Tag="LOC_SCENARIO_AUSTRALIA_EVENT_EXPLORATION_DESERT_DESCRIPTION_6">
			<Text>Anlamalısın. Hayatta kalmak için gerekliydi.</Text>
		</Row>
		<Row Tag="LOC_SCENARIO_AUSTRALIA_EVENT_EXPLORATION_GRASSLAND_DESCRIPTION_1">
			<Text>Yemek aldılar ama bize su bıraktılar. Onlar hırsızlar, katil değil.</Text>
		</Row>
		<Row Tag="LOC_SCENARIO_AUSTRALIA_EVENT_EXPLORATION_GRASSLAND_DESCRIPTION_2">
			<Text>Bir dökümhaneden daha ateşliydi. Kaşlar yandı ve deri kurudu.</Text>
		</Row>
		<Row Tag="LOC_SCENARIO_AUSTRALIA_EVENT_EXPLORATION_GRASSLAND_DESCRIPTION_3">
			<Text>Günlerce bizi zorladılar, sonunda başıboş bir hayvanı öldürdüler.</Text>
		</Row>
		<Row Tag="LOC_SCENARIO_AUSTRALIA_EVENT_EXPLORATION_GRASSLAND_DESCRIPTION_4">
			<Text>Bağırsak krampları bizi tamamen felç etti.</Text>
		</Row>
		<Row Tag="LOC_SCENARIO_AUSTRALIA_EVENT_EXPLORATION_GRASSLAND_DESCRIPTION_5">
			<Text>Çalılıkta kendileri için yeni bir hayat kuruyorlardı.</Text>
		</Row>
		<Row Tag="LOC_SCENARIO_AUSTRALIA_EVENT_EXPLORATION_GRASSLAND_DESCRIPTION_6">
			<Text>Gezici çiftçiler mevsime bağlı olarak istikrarlı bir çalışma istedi.</Text>
		</Row>
		<Row Tag="LOC_SCENARIO_AUSTRALIA_EVENT_EXPLORATION_MOUNTAINS_ADJACENT_DESCRIPTION_1">
			<Text>Yolunda kamp kurmamız talihsizlikti.</Text>
		</Row>
		<Row Tag="LOC_SCENARIO_AUSTRALIA_EVENT_EXPLORATION_MOUNTAINS_ADJACENT_DESCRIPTION_2">
			<Text>Yetersiz battaniyeler, dağlardan gelen soğuk bir rüzgarı durduramadı.</Text>
		</Row>
		<Row Tag="LOC_SCENARIO_AUSTRALIA_EVENT_EXPLORATION_MOUNTAINS_ADJACENT_DESCRIPTION_3">
			<Text>Onları kenarlardan uzak tutmalıydık.</Text>
		</Row>
		<Row Tag="LOC_SCENARIO_AUSTRALIA_EVENT_EXPLORATION_MOUNTAINS_ADJACENT_DESCRIPTION_4">
			<Text>Umut verici bir kısayol gibi görünen şey, boşa çaba harcanan bir güne neden oldu.</Text>
		</Row>
		<Row Tag="LOC_SCENARIO_AUSTRALIA_EVENT_EXPLORATION_MOUNTAINS_ADJACENT_DESCRIPTION_5">
			<Text>Birçoğu uzak ve geniş bir alanda altın tarlaları aradı. Çok azı gerçek bir servet buldu.</Text>
		</Row>
		<Row Tag="LOC_SCENARIO_AUSTRALIA_EVENT_EXPLORATION_MOUNTAINS_ADJACENT_DESCRIPTION_6">
			<Text>Korunaklı bir kaynak bize taşıyabileceğimiz kadar suyu verdi.</Text>
		</Row>
		<Row Tag="LOC_SCENARIO_AUSTRALIA_EVENT_EXPLORATION_PLAINS_DESCRIPTION_1">
			<Text>Sadece kesesinin içinde ne taşıdığını bilmek istedik.</Text>
		</Row>
		<Row Tag="LOC_SCENARIO_AUSTRALIA_EVENT_EXPLORATION_PLAINS_DESCRIPTION_2">
			<Text>Açgözlü bitkiler, susuzluktan ölmemizi istiyordu.</Text>
		</Row>
		<Row Tag="LOC_SCENARIO_AUSTRALIA_EVENT_EXPLORATION_PLAINS_DESCRIPTION_3">
			<Text>Onlara değdiğimizde, yaprakların ucu kırılır ve cildimize yapışır.</Text>
		</Row>
		<Row Tag="LOC_SCENARIO_AUSTRALIA_EVENT_EXPLORATION_PLAINS_DESCRIPTION_4">
			<Text>Buna benzeyen arazilerde, yolumuzu kaybetmek oldukça kolay.</Text>
		</Row>
		<Row Tag="LOC_SCENARIO_AUSTRALIA_EVENT_EXPLORATION_PLAINS_DESCRIPTION_5">
			<Text>Yalnız ve zahmetli bir çalışma, fakat koşulları düşünmüyorlardı.</Text>
		</Row>
		<Row Tag="LOC_SCENARIO_AUSTRALIA_EVENT_EXPLORATION_PLAINS_DESCRIPTION_6">
			<Text>Yerleştikleri yere gittik. Kuşlar güzel. Biraz oyun tadında.</Text>
		</Row>
		<Row Tag="LOC_SCENARIO_AUSTRALIA_EVENT_EXPLORATION_FLOODPLAINS_DESCRIPTION_1">
			<Text>Gökyüzünü karartacak kadar çok sivrisinek vardı.</Text>
		</Row>
		<Row Tag="LOC_SCENARIO_AUSTRALIA_EVENT_EXPLORATION_FLOODPLAINS_DESCRIPTION_2">
			<Text>Bölgedeki ihtiyaçlarımızı karşılayabilecek her şeyi yok ettiler.</Text>
		</Row>
		<Row Tag="LOC_SCENARIO_AUSTRALIA_EVENT_EXPLORATION_FLOODPLAINS_DESCRIPTION_3">
			<Text>Eğer yüksek yerlere çıkılmazsa, biri oldukça basit bir şekilde kaybolabilir.</Text>
		</Row>
		<Row Tag="LOC_SCENARIO_AUSTRALIA_EVENT_EXPLORATION_FLOODPLAINS_DESCRIPTION_4">
			<Text>Çamurda bazı çizmeler ve çoraplar kayboldu.</Text>
		</Row>
		<Row Tag="LOC_SCENARIO_AUSTRALIA_EVENT_EXPLORATION_FLOODPLAINS_DESCRIPTION_5">
			<Text>Kabukları hariç kaynatılırken yenilebilirler.</Text>
		</Row>
		<Row Tag="LOC_SCENARIO_AUSTRALIA_EVENT_EXPLORATION_MARSH_DESCRIPTION_1">
			<Text>Ses veya çığlık yoktu. Sadece suda bir dalgalanma.</Text>
		</Row>
		<Row Tag="LOC_SCENARIO_AUSTRALIA_EVENT_EXPLORATION_MARSH_DESCRIPTION_2">
			<Text>Bu lanet olası deniz kabarcıkları suçlu.</Text>
		</Row>
		<Row Tag="LOC_SCENARIO_AUSTRALIA_EVENT_EXPLORATION_MARSH_DESCRIPTION_3">
			<Text>Normalde yaratık ne kadar küçük olursa zehir de o kadar güçlü olur.</Text>
		</Row>
		<Row Tag="LOC_SCENARIO_AUSTRALIA_EVENT_EXPLORATION_MARSH_DESCRIPTION_4">
			<Text>Bütün balıklar yenilebilir değil. Özellikle de bu değil.</Text>
		</Row>
		<Row Tag="LOC_SCENARIO_AUSTRALIA_EVENT_EXPLORATION_MARSH_DESCRIPTION_5">
			<Text>Öyle görünüyor ki, gün boyunca toprak hareket ediyor. Işık etkisi mi acaba?</Text>
		</Row>
		<Row Tag="LOC_SCENARIO_AUSTRALIA_EVENT_EXPLORATION_MARSH_DESCRIPTION_6">
			<Text>Hiç şüphesiz, bir çalı ruhu bizi bu bataklığın içinde takip ediyor.</Text>
		</Row>
		<Row Tag="LOC_SCENARIO_AUSTRALIA_EVENT_EXPLORATION_OASIS_DESCRIPTION_1">
			<Text>Taşranın en taze suyu bile, bağırsak enfeksiyonu tehlikesi taşıyor.</Text>
		</Row>
		<Row Tag="LOC_SCENARIO_AUSTRALIA_EVENT_EXPLORATION_OASIS_DESCRIPTION_2">
			<Text>Çok uzun süre yoksun kaldıktan sonra susuzluk bizi şüpheli kararlar almaya itti.</Text>
		</Row>
		<Row Tag="LOC_SCENARIO_AUSTRALIA_EVENT_EXPLORATION_OASIS_DESCRIPTION_3">
			<Text>Vahayı terk etmeyi reddedenler, neredeyse ellerine geçiyordu.</Text>
		</Row>
		<Row Tag="LOC_SCENARIO_AUSTRALIA_EVENT_EXPLORATION_OASIS_DESCRIPTION_4">
			<Text>Yalnız su deliği bize bir gülümseme kazandırdı.</Text>
		</Row>
		<Row Tag="LOC_SCENARIO_AUSTRALIA_EVENT_EXPLORATION_OASIS_DESCRIPTION_5">
			<Text>Çok hoş bir gün. Daha öncekilerini unutturduğu müddetçe...</Text>
		</Row>
		<Row Tag="LOC_SCENARIO_AUSTRALIA_EVENT_EXPLORATION_RAINFOREST_DESCRIPTION_1">
			<Text>Her böcek, hayvan, çiçek, kaynak veya asma ağacı bizi öldürebilirdi.</Text>
		</Row>
		<Row Tag="LOC_SCENARIO_AUSTRALIA_EVENT_EXPLORATION_RAINFOREST_DESCRIPTION_2">
			<Text>Sanırım, ilk atladığında ve ayaklarıyla tekmelediğinde, biz gülüyorduk.</Text>
		</Row>
		<Row Tag="LOC_SCENARIO_AUSTRALIA_EVENT_EXPLORATION_RAINFOREST_DESCRIPTION_3">
			<Text>Humma, yaralara yenik düşmeden önce birkaç gün sürdü.</Text>
		</Row>
		<Row Tag="LOC_SCENARIO_AUSTRALIA_EVENT_EXPLORATION_RAINFOREST_DESCRIPTION_4">
			<Text>Tek talihsizliğimiz, büyük bir karınca tepesinde kamp yapmamızdı.</Text>
		</Row>
		<Row Tag="LOC_SCENARIO_AUSTRALIA_EVENT_EXPLORATION_RAINFOREST_DESCRIPTION_5">
			<Text>Bu tuhaf ağaçlarda, bulunması gereken harikalar var.</Text>
		</Row>
		<Row Tag="LOC_SCENARIO_AUSTRALIA_EVENT_EXPLORATION_WOODS_DESCRIPTION_1">
			<Text>Sebebisiz yere bize saldırarak kötü niyetini ortaya çıkardı.</Text>
		</Row>
		<Row Tag="LOC_SCENARIO_AUSTRALIA_EVENT_EXPLORATION_WOODS_DESCRIPTION_2">
			<Text>Patlamayı ön göremedik. Bazıları bunun bir top saldırısı olduğunu düşünüyordu.</Text>
		</Row>
		<Row Tag="LOC_SCENARIO_AUSTRALIA_EVENT_EXPLORATION_WOODS_DESCRIPTION_3">
			<Text>Acımasız gagası bizi gafil avladı.</Text>
		</Row>
		<Row Tag="LOC_SCENARIO_AUSTRALIA_EVENT_EXPLORATION_WOODS_DESCRIPTION_4">
			<Text>Hiç bir etobur koala ile karşılaşmadık. Şanslıydık.</Text>
		</Row>
		<Row Tag="LOC_SCENARIO_AUSTRALIA_EVENT_EXPLORATION_WOODS_DESCRIPTION_5">
			<Text>Çiğ yenildiğinde, yumurta sarısı kıvamında istiridye tadını anımsatıyor.</Text>
		</Row>
		<Row Tag="LOC_SCENARIO_AUSTRALIA_EVENT_EXPLORATION_ANY_DESCRIPTION_1">
			<Text>İhtiyacın varsa, bir atı ayaklarından bağlayıp vurabilirsin, insanları değil.</Text>
		</Row>
		<Row Tag="LOC_SCENARIO_AUSTRALIA_EVENT_EXPLORATION_ANY_DESCRIPTION_2">
			<Text>Ağzından damağının derisini soyar gibi, oldukça nahoş bişeydi.</Text>
		</Row>
		<Row Tag="LOC_SCENARIO_AUSTRALIA_EVENT_EXPLORATION_ANY_DESCRIPTION_3">
			<Text>Zor koşullar ve gergin ruh halleri sıklıkla anlaşmazlıklara neden olur.</Text>
		</Row>
		<Row Tag="LOC_SCENARIO_AUSTRALIA_EVENT_EXPLORATION_ANY_DESCRIPTION_4">
			<Text>Şehirdeki küçük bir hata, Taşra'da küçük sayılmaz.</Text>
		</Row>
		<Row Tag="LOC_SCENARIO_AUSTRALIA_EVENT_EXPLORATION_ANY_DESCRIPTION_5">
			<Text>Görünüşte önemsiz bir yol, bazen çok umut vericidir.</Text>
		</Row>
		<Row Tag="LOC_SCENARIO_AUSTRALIA_EVENT_EXPLORATION_ANY_DESCRIPTION_6">
			<Text>Şanslıyız ki, her çalılık arazisi insan hayatından yoksun değil.</Text>
		</Row>
		<Row Tag="LOC_SCENARIO_AUSTRALIA_EVENT_EXPLORATION_ANY_DESCRIPTION_7">
			<Text>Dingolar suya gitti ve avlandı. Yerlileri takip etmek en iyisidir.</Text>
		</Row>
		<Row Tag="LOC_SCENARIO_AUSTRALIA_EVENT_EXPLORATION_ANY_DESCRIPTION_8">
			<Text>Birçok kişi bulgularını, kendileri için korumak istedi. </Text>
		</Row>
		<Row Tag="LOC_SCENARIO_AUSTRALIA_EVENT_EXPLORATION_ANY_DESCRIPTION_9">
			<Text>Belki de haklıydılar. Taşra'daki perspektif garip.</Text>
		</Row>
		<Row Tag="LOC_SCENARIO_AUSTRALIA_EVENT_EXPLORATION_ANY_DESCRIPTION_10">
			<Text>Başarısız bir kaşifin cesedini bulduğumuz için üzgünüz.</Text>
		</Row>
		<Row Tag="LOC_SCENARIO_AUSTRALIA_EVENT_EXPLORATION_ANY_DESCRIPTION_11">
			<Text>Grubumuzu, daha geniş bir alanı keşfetmek için böldük.</Text>
		</Row>
		<Row Tag="LOC_SCENARIO_AUSTRALIA_EVENT_EXPLORATION_ANY_DESCRIPTION_12">
			<Text>Daha sonra, bunun klana ciddi bir hakaret olduğunu anladık.</Text>
		</Row>
		<Row Tag="LOC_SCENARIO_AUSTRALIA_EVENT_EXPLORATION_ANY_DESCRIPTION_13">
			<Text>Şimdiye kadar, yolculuğun ne kadar süreceği hakkında bir fikrimiz yoktu. Hepsi çok uzak.</Text>
		</Row>
		<Row Tag="LOC_SCENARIO_AUSTRALIA_EVENT_EXPLORATION_ANY_DESCRIPTION_14">
			<Text>Kötü koşullar, başka yerlerde servet peşinde koşmalarına yol açtı.</Text>
		</Row>
		<Row Tag="LOC_SCENARIO_AUSTRALIA_EVENT_EXPLORATION_ANY_DESCRIPTION_15">
			<Text>Görünüşe göre yabancılarla olan daha önceki karşılaşmalarında olumsuzluklar yaşanmış.</Text>
		</Row>

		<!-- Exploration Event Journal Entries-->
		<Row Tag="LOC_SCENARIO_AUSTRALIA_EVENT_EXPLORATION_COAST_ADJACENT_JOURNAL_1">
			<Text>Boğulduğu tahmin ediliyor, denizde kayboldu.</Text>
		</Row>
		<Row Tag="LOC_SCENARIO_AUSTRALIA_EVENT_EXPLORATION_COAST_ADJACENT_JOURNAL_2">
			<Text>Çiftleşme iğnesine bastı. Amputasyon başarısız oldu.</Text>
		</Row>
		<Row Tag="LOC_SCENARIO_AUSTRALIA_EVENT_EXPLORATION_COAST_ADJACENT_JOURNAL_3">
			<Text>Koni salyangozunu kulağa doğru tuttum. Okyanusun sesini duymadım.</Text>
		</Row>
		<Row Tag="LOC_SCENARIO_AUSTRALIA_EVENT_EXPLORATION_COAST_ADJACENT_JOURNAL_4">
			<Text>Görüş yok. İlermeye yok.</Text>
		</Row>
		<Row Tag="LOC_SCENARIO_AUSTRALIA_EVENT_EXPLORATION_COAST_ADJACENT_JOURNAL_5">
			<Text>Takas ile taze yiyecek ve su aldık.</Text>
		</Row>
		<Row Tag="LOC_SCENARIO_AUSTRALIA_EVENT_EXPLORATION_COAST_ADJACENT_JOURNAL_6">
			<Text>Çalışmak isteyen yardımsever insanlar.</Text>
		</Row>
		<Row Tag="LOC_SCENARIO_AUSTRALIA_EVENT_EXPLORATION_COAST_ADJACENT_JOURNAL_7">
			<Text>Gerçekten bereketli bir yer. Konum kaydedildi.</Text>
		</Row>
		<Row Tag="LOC_SCENARIO_AUSTRALIA_EVENT_EXPLORATION_DESERT_JOURNAL_1">
			<Text>Hayatta kalabilmek için elde ettiğimiz suya güveniyoruz.</Text>
		</Row>
		<Row Tag="LOC_SCENARIO_AUSTRALIA_EVENT_EXPLORATION_DESERT_JOURNAL_2">
			<Text>Develerin salyasında boğulmuş ve kör olmuş durumda. Moraller düşük.</Text>
		</Row>
		<Row Tag="LOC_SCENARIO_AUSTRALIA_EVENT_EXPLORATION_DESERT_JOURNAL_3">
			<Text>Baldırından ısırıldı. Akciğerleri yakında söner.</Text>
		</Row>
		<Row Tag="LOC_SCENARIO_AUSTRALIA_EVENT_EXPLORATION_DESERT_JOURNAL_4">
			<Text>Kahretsin çamurlu ve sıfır görüş var. İlerleme yok.</Text>
		</Row>
		<Row Tag="LOC_SCENARIO_AUSTRALIA_EVENT_EXPLORATION_DESERT_JOURNAL_5">
			<Text>Sonunda hafif bir rahatlama. Konum kaydedildi.</Text>
		</Row>
		<Row Tag="LOC_SCENARIO_AUSTRALIA_EVENT_EXPLORATION_DESERT_JOURNAL_6">
			<Text>Erzaklar yenilendi. Moraller düşük.</Text>
		</Row>
		<Row Tag="LOC_SCENARIO_AUSTRALIA_EVENT_EXPLORATION_GRASSLAND_JOURNAL_1">
			<Text>İlk kavgada bir diş kaybetti. Ayrıca erzakları kaybetti.</Text>
		</Row>
		<Row Tag="LOC_SCENARIO_AUSTRALIA_EVENT_EXPLORATION_GRASSLAND_JOURNAL_2">
			<Text>Küllerin arasındaki kalıntıları ayırt edemezdik. Üzerine basıldı.</Text>
		</Row>
		<Row Tag="LOC_SCENARIO_AUSTRALIA_EVENT_EXPLORATION_GRASSLAND_JOURNAL_3">
			<Text>Bitmek bilmeyen uğultular ile uykusuz 4 gece. Moraller düşük.</Text>
		</Row>
		<Row Tag="LOC_SCENARIO_AUSTRALIA_EVENT_EXPLORATION_GRASSLAND_JOURNAL_4">
			<Text>Susuz ve Cesaretini kaybetmiş. Seyahat etmek için çok zayıf.</Text>
		</Row>
		<Row Tag="LOC_SCENARIO_AUSTRALIA_EVENT_EXPLORATION_GRASSLAND_JOURNAL_5">
			<Text>Yeterince erzak aldık ve yeniden yemek yedik. Moraller yüksek.</Text>
		</Row>
		<Row Tag="LOC_SCENARIO_AUSTRALIA_EVENT_EXPLORATION_GRASSLAND_JOURNAL_6">
			<Text>En yakın yerleşim yerlerini gösteren bir harita sağlandı.</Text>
		</Row>
		<Row Tag="LOC_SCENARIO_AUSTRALIA_EVENT_EXPLORATION_MOUNTAINS_ADJACENT_JOURNAL_1">
			<Text>Tıbbi malzemeler kaybedildi. Yaralanmalar devam ediyor ve tedaviler yetersiz.</Text>
		</Row>
		<Row Tag="LOC_SCENARIO_AUSTRALIA_EVENT_EXPLORATION_MOUNTAINS_ADJACENT_JOURNAL_2">
			<Text>Soğuk acı vermeye başladı. Herkes rahatsız olmadan önce devam etmeliyiz.</Text>
		</Row>
		<Row Tag="LOC_SCENARIO_AUSTRALIA_EVENT_EXPLORATION_MOUNTAINS_ADJACENT_JOURNAL_3">
			<Text>Kurtarma girişimi başarısız oldu. Karnı aç, yaralı ve cesaretini kaybetmiş.</Text>
		</Row>
		<Row Tag="LOC_SCENARIO_AUSTRALIA_EVENT_EXPLORATION_MOUNTAINS_ADJACENT_JOURNAL_4">
			<Text>Geçiş bir çıkmaz ile sona erdi. Önceki kampa dönmek zorunda kaldık.</Text>
		</Row>
		<Row Tag="LOC_SCENARIO_AUSTRALIA_EVENT_EXPLORATION_MOUNTAINS_ADJACENT_JOURNAL_5">
			<Text>Bu madencileri en yakın maden ocağına yönlendirdik..</Text>
		</Row>
		<Row Tag="LOC_SCENARIO_AUSTRALIA_EVENT_EXPLORATION_MOUNTAINS_ADJACENT_JOURNAL_6">
			<Text>Sığınak ve yeniden beslenme. İyi avcılıktı. Moraller yüksek.</Text>
		</Row>
		<Row Tag="LOC_SCENARIO_AUSTRALIA_EVENT_EXPLORATION_PLAINS_JOURNAL_1">
			<Text>Tekrarlanan tekmeler, organ hasarına ve ardından ölümüne yol açtı.</Text>
		</Row>
		<Row Tag="LOC_SCENARIO_AUSTRALIA_EVENT_EXPLORATION_PLAINS_JOURNAL_2">
			<Text>Arazi kavrulmuş ve biz de kavrulduk. İleriye doğru ilerlemeye devam ediyoruz.</Text>
		</Row>
		<Row Tag="LOC_SCENARIO_AUSTRALIA_EVENT_EXPLORATION_PLAINS_JOURNAL_3">
			<Text>Bu tür arazilerde spinifex çalılıklarından kaçınmak imkansız.</Text>
		</Row>
		<Row Tag="LOC_SCENARIO_AUSTRALIA_EVENT_EXPLORATION_PLAINS_JOURNAL_4">
			<Text>Dünkü yolumuzu, öğleden önce iki kez geçtik. Moraller düşük.</Text>
		</Row>
		<Row Tag="LOC_SCENARIO_AUSTRALIA_EVENT_EXPLORATION_PLAINS_JOURNAL_5">
			<Text>En yakın taşra çiftliğinde yakında daha fazla kovboy olacak.</Text>
		</Row>
		<Row Tag="LOC_SCENARIO_AUSTRALIA_EVENT_EXPLORATION_PLAINS_JOURNAL_6">
			<Text>Su mataraları ve karınları doydu. Moraller yüksek.</Text>
		</Row>
		<Row Tag="LOC_SCENARIO_AUSTRALIA_EVENT_EXPLORATION_FLOODPLAINS_JOURNAL_1">
			<Text>Çok ateşli. İyileştirme yöntemleri etkisiz. Moraller Düşük.</Text>
		</Row>
		<Row Tag="LOC_SCENARIO_AUSTRALIA_EVENT_EXPLORATION_FLOODPLAINS_JOURNAL_2">
			<Text>Yemek araştırmaları boş çıktı. Kemerleri sıktık. Moraller düşük.</Text>
		</Row>
		<Row Tag="LOC_SCENARIO_AUSTRALIA_EVENT_EXPLORATION_FLOODPLAINS_JOURNAL_3">
			<Text>Gece kampdan uzaklaştı, muhtemelen öldü.</Text>
		</Row>
		<Row Tag="LOC_SCENARIO_AUSTRALIA_EVENT_EXPLORATION_FLOODPLAINS_JOURNAL_4">
			<Text>Önemli bir gelişme yok. Sineklerle kaplı.  Moral düşük.</Text>
		</Row>
		<Row Tag="LOC_SCENARIO_AUSTRALIA_EVENT_EXPLORATION_FLOODPLAINS_JOURNAL_5">
			<Text>Kabuklular bulundu! Erzaklar dolduruldu. Moraller yüksek</Text>
		</Row>
		<Row Tag="LOC_SCENARIO_AUSTRALIA_EVENT_EXPLORATION_MARSH_JOURNAL_1">
			<Text>Ondan gına geldiğini düşündüğümüzde ayrıldı. Bir defa hata yaptık.</Text>
		</Row>
		<Row Tag="LOC_SCENARIO_AUSTRALIA_EVENT_EXPLORATION_MARSH_JOURNAL_2">
			<Text>Hastalıklı kişi bataklığa doğru çığlık atarak kaçtı. Muhtemelen öldü.</Text>
		</Row>
		<Row Tag="LOC_SCENARIO_AUSTRALIA_EVENT_EXPLORATION_MARSH_JOURNAL_3">
			<Text>Bu rahatsız edici topraklarda korkunç şeyler var!</Text>
		</Row>
		<Row Tag="LOC_SCENARIO_AUSTRALIA_EVENT_EXPLORATION_MARSH_JOURNAL_4">
			<Text>Tamamen felç olduktan sonra kötü bir ölümle sonuçlandı.</Text>
		</Row>
		<Row Tag="LOC_SCENARIO_AUSTRALIA_EVENT_EXPLORATION_MARSH_JOURNAL_5">
			<Text>Birkaç saatlik yolculuktan sonra bir kamp bulduk. Dünkü kampımızdayız.</Text>
		</Row>
		<Row Tag="LOC_SCENARIO_AUSTRALIA_EVENT_EXPLORATION_MARSH_JOURNAL_6">
			<Text>Bunyip söylentileri, açıkça kaçmaya kalkışmak içindir.</Text>
		</Row>
		<Row Tag="LOC_SCENARIO_AUSTRALIA_EVENT_EXPLORATION_OASIS_JOURNAL_1">
			<Text>Kaşıntı enfeksiyona yol açtı. Uyuyamıyor ya da oturamıyor.</Text>
		</Row>
		<Row Tag="LOC_SCENARIO_AUSTRALIA_EVENT_EXPLORATION_OASIS_JOURNAL_2">
			<Text>Su hastalığının iyileşmesi bekleniyor. İlerleme yok.</Text>
		</Row>
		<Row Tag="LOC_SCENARIO_AUSTRALIA_EVENT_EXPLORATION_OASIS_JOURNAL_3">
			<Text>Mola süresinin uzatılması önerilmektedir.</Text>
		</Row>
		<Row Tag="LOC_SCENARIO_AUSTRALIA_EVENT_EXPLORATION_OASIS_JOURNAL_4">
			<Text>Güzel bir banyo keyfi. Moraller Yüksek.</Text>
		</Row>
		<Row Tag="LOC_SCENARIO_AUSTRALIA_EVENT_EXPLORATION_OASIS_JOURNAL_5">
			<Text>Erzaklar yenilendi ve su şişeleri ağzına kadar doldu. Moraller yüksek.</Text>
		</Row>
		<Row Tag="LOC_SCENARIO_AUSTRALIA_EVENT_EXPLORATION_RAINFOREST_JOURNAL_1">
			<Text>Bilinmeyen bir kaynaktan, bilinmeyen bir nedenle başka bir ölü daha.</Text>
		</Row>
		<Row Tag="LOC_SCENARIO_AUSTRALIA_EVENT_EXPLORATION_RAINFOREST_JOURNAL_2">
			<Text>Kuşlar keskin pençeleri ile boğazını kesmişler. Hızla öldü.</Text>
		</Row>
		<Row Tag="LOC_SCENARIO_AUSTRALIA_EVENT_EXPLORATION_RAINFOREST_JOURNAL_3">
			<Text>Bu Dang humması. Hepimiz bunun nasıl sona erdiğini biliyoruz. Moraller düşük.</Text>
		</Row>
		<Row Tag="LOC_SCENARIO_AUSTRALIA_EVENT_EXPLORATION_RAINFOREST_JOURNAL_4">
			<Text>Yataklar kullanılamıyor. Bütün günü sigara içip, karıncaları yoketmek ile geçirdik.</Text>
		</Row>
		<Row Tag="LOC_SCENARIO_AUSTRALIA_EVENT_EXPLORATION_RAINFOREST_JOURNAL_5">
			<Text>Bol bol not aldım. İsim hakları bizim olacak!</Text>
		</Row>
		<Row Tag="LOC_SCENARIO_AUSTRALIA_EVENT_EXPLORATION_WOODS_JOURNAL_1">
			<Text>Yılanlara yaklaşmanın tehlikeli olduğu defalarca söylendi.</Text>
		</Row>
		<Row Tag="LOC_SCENARIO_AUSTRALIA_EVENT_EXPLORATION_WOODS_JOURNAL_2">
			<Text>Atlar sinir bozucu halde. Yanıklar tedavi edildi ama kaşlar hafifçe yandı.</Text>
		</Row>
		<Row Tag="LOC_SCENARIO_AUSTRALIA_EVENT_EXPLORATION_WOODS_JOURNAL_3">
			<Text>Göz kaybedildi ve göz çukuruna bulaştı. Deve kuşunun eti mağdura teklif edildi.</Text>
		</Row>
		<Row Tag="LOC_SCENARIO_AUSTRALIA_EVENT_EXPLORATION_WOODS_JOURNAL_4">
			<Text>Aptalca konuşmalar ile bir günümü kaybettim. Aptallar etrafımı sardı.</Text>
		</Row>
		<Row Tag="LOC_SCENARIO_AUSTRALIA_EVENT_EXPLORATION_WOODS_JOURNAL_5">
			<Text>Stoklar dolduruldu. Moraller yüksek.</Text>
		</Row>
		<Row Tag="LOC_SCENARIO_AUSTRALIA_EVENT_EXPLORATION_ANY_JOURNAL_1">
			<Text>Arazi zorluklarından dolayı ciddi yaralanmalar.</Text>
		</Row>
		<Row Tag="LOC_SCENARIO_AUSTRALIA_EVENT_EXPLORATION_ANY_JOURNAL_2">
			<Text>Umutsuzca taze yiyecek ihtiyacı var.</Text>
		</Row>
		<Row Tag="LOC_SCENARIO_AUSTRALIA_EVENT_EXPLORATION_ANY_JOURNAL_3">
			<Text>Bazılarından çok ciddi darbeler geldi. Moraller düşük.</Text>
		</Row>
		<Row Tag="LOC_SCENARIO_AUSTRALIA_EVENT_EXPLORATION_ANY_JOURNAL_4">
			<Text>Bağlamanın ne kadar gerekli olduğunun önemini belirttim.</Text>
		</Row>
		<Row Tag="LOC_SCENARIO_AUSTRALIA_EVENT_EXPLORATION_ANY_JOURNAL_5">
			<Text>Yarın yolculuğu hızlandırmak için gizli bir yol buldum.</Text>
		</Row>
		<Row Tag="LOC_SCENARIO_AUSTRALIA_EVENT_EXPLORATION_ANY_JOURNAL_6">
			<Text>Taze yiyecekler ve su için ticaret yapılıyor. Şimdiye kadar.</Text>
		</Row>
		<Row Tag="LOC_SCENARIO_AUSTRALIA_EVENT_EXPLORATION_ANY_JOURNAL_7">
			<Text>Bir su birikintisi bulup dingoları kovduktan sonra, su şişelerini doldurduk.</Text>
		</Row>
		<Row Tag="LOC_SCENARIO_AUSTRALIA_EVENT_EXPLORATION_ANY_JOURNAL_8">
			<Text>Sonunda isim hakkı paylaşımı konusunda anlaştık.</Text>
		</Row>
		<Row Tag="LOC_SCENARIO_AUSTRALIA_EVENT_EXPLORATION_ANY_JOURNAL_9">
			<Text>Daha fazla araştırmaya ihtiyacım var. Yer not edildi.</Text>
		</Row>
		<Row Tag="LOC_SCENARIO_AUSTRALIA_EVENT_EXPLORATION_ANY_JOURNAL_10">
			<Text>Bir ödül sözü verilmesi, bizi heyecanlandırdı. Moraller yüksek.</Text>
		</Row>
		<Row Tag="LOC_SCENARIO_AUSTRALIA_EVENT_EXPLORATION_ANY_JOURNAL_11">
			<Text>Ne şans ama! Şansınızı iki katına çıkardık.</Text>
		</Row>
		<Row Tag="LOC_SCENARIO_AUSTRALIA_EVENT_EXPLORATION_ANY_JOURNAL_12">
			<Text>Onları daha fazla rahatsız etmemek için bölgeyi çabucak terk ettik.</Text>
		</Row>
		<Row Tag="LOC_SCENARIO_AUSTRALIA_EVENT_EXPLORATION_ANY_JOURNAL_13">
			<Text>Kamp ateşinin külleri yangın çıkardı. Hayatımız için kaçtık.</Text>
		</Row>
		<Row Tag="LOC_SCENARIO_AUSTRALIA_EVENT_EXPLORATION_ANY_JOURNAL_14">
			<Text>En yakın yerleşime klan gönderildi. İleri.</Text>
		</Row>
		<Row Tag="LOC_SCENARIO_AUSTRALIA_EVENT_EXPLORATION_ANY_JOURNAL_15">
			<Text>Ticaret, teminatlara rağmen reddedildi. Kısa süre sonra ayrılacak.</Text>
		</Row>
	</EnglishText>
</GameData>
