﻿<?xml version="1.0" encoding="utf-8"?>
<GameData>
  <!-- FEATURE_BARRIER_REEF was renamed to FEATURE_BARRIER_REEF_EXTENDED... -->
  <LocalizedText>
    <Update>
      <Where Tag="LOC_PEDIA_FEATURES_PAGE_FEATURE_BARRIER_REEF_CHAPTER_HISTORY_PARA_1" />
      <Set Tag="LOC_PEDIA_FEATURES_PAGE_FEATURE_BARRIER_REEF_EXTENDED_CHAPTER_HISTORY_PARA_1" />
    </Update>
  </LocalizedText>
  
	<EnglishText>
		<Row Tag="LOC_PEDIA_CITYSTATES_PAGE_CIVILIZATION_SYDNEY_CHAPTER_HISTORY_PARA_1">
			<Text>Doğu Avustralya’daki sömürge İngiliz ayağı ilk olarak 1788’de Sidney’in kurulmasıyla kök saldı. Bir ceza kolonisi olarak mütevazi başlangıcından özgür bir topluma dönüşmesine kadar, Yeni Güney Galler her zaman ön planda oldu (ya da olması gerektiğini hissettirdi). Avustralya’nın</Text>
		</Row>
		<Row Tag="LOC_PEDIA_CITYSTATES_PAGE_CIVILIZATION_SYDNEY_CHAPTER_HISTORY_PARA_2">
			<Text>1851’de altının keşfi, Yeni Güney Galler’i politik olarak olduğu kadar ekonomik olarak daha güçlü kılmak için çok şey yaptı. Avustralya’nın sömürgelerden Commonwealth’e geçişi üzerine, ulusal sermaye için Yeni Güney Galler ve Victoria arasındaki rekabet uzlaşmaya yol açtı: Canberra şehri, Sidney ve Melbourne arasındaki boş bir alana kurulacak ve hemen sonra çoğu Avustralyalı tarafından göz ardı edilecektir.</Text>
		</Row>
		<Row Tag="LOC_PEDIA_CIVILIZATIONS_PAGE_CIVILIZATION_QUEENSLAND_CHAPTER_HISTORY_PARA_1">
			<Text>Avustralya'nın yemyeşil kuzeydoğu kesimi, doğal güzelliği ve - Queensland’li olmayan Avustralyalılara göre - ihracattan önce bükülmesini gerektiren doğal olmayan düz muzlar ile bilinir. (Queenslanders'ın seçim cevapları burada paylaşılamayacak kadar renkli.) Bir zamanlar Avustralya'daki en büyük Aborjin nüfusuna sahipti, ancak bu 19. yüzyılda İngiliz sömürgecilerin, hastalıklarının ve bir dizi kanlı çatışmaların gelmesiyle değişti.</Text>
		</Row>
		<Row Tag="LOC_PEDIA_CIVILIZATIONS_PAGE_CIVILIZATION_QUEENSLAND_CHAPTER_HISTORY_PARA_2">
			<Text>Queensland, 1859'da Yeni Güney Galler'den kendi Kraliyet kolonisi olmak için ayrıldığında, 1824'te aslen bir ceza kolonisi olarak kurulan Brisbane, başkenti olarak seçilme şansına sahipti. Bu, özellikle Queensland'de altın keşfi ile 19. yüzyılın arka yarısında birden fazla altın atmasına yol açtı. Çok sayıda ulusal parkına ek olarak, Great Barrier Reef, Queensland’ın doğu kıyılarının çoğunda bulunabilir.</Text>
		</Row>
		<Row Tag="LOC_PEDIA_CIVILIZATIONS_PAGE_CIVILIZATION_WESTERN_AUSTRALIA_CHAPTER_HISTORY_PARA_1">
			<Text>Avustralya’nın kıtasının üçüncüsünün tamamı, "Blasted Hellscape (ve Perth)", 19. Yüzyıl haritaları için çok riskli olduğu için, adı verilen Batı Avustralya olarak adlandırılmıştır. Batı Avustralyalılar, kumları denilen, elastikiyetine bir övgü veya kafalarını toprağa sokmalarını söylemek için ince bir yöntem olarak adlandırılan, özellikle esnek bir oyuklama çekirdeğinden sonra takma ad alırlar.</Text>
		</Row>
		<Row Tag="LOC_PEDIA_CIVILIZATIONS_PAGE_CIVILIZATION_WESTERN_AUSTRALIA_CHAPTER_HISTORY_PARA_2">
			<Text>Perth'in yerleşimi 1829'da kuruldu ve kısa bir süre sonra Batı Avustralya'nın başkenti oldu. Batı Avustralya'lıların büyük çoğunluğunun ikamet edeceği ılıman güneybatı köşesinde bulunan Perth denizden Melbourne'e ulaşması bir hafta sürecek şekilde izole edildi.</Text>
		</Row>
		<Row Tag="LOC_PEDIA_CIVILIZATIONS_PAGE_CIVILIZATION_WESTERN_AUSTRALIA_CHAPTER_HISTORY_PARA_3">
			<Text>Batı Avustralya, en seyrek nüfuslu olan engin ve ıssız Outback ile bilinir. Batı Avustralya’lıların çoğu kıyıları koruyor - ve iddia edilecek kadar kıyıları olduğu için balıkçılık her zaman koloninin ekonomisinin önemli bir parçasıydı.</Text>
		</Row>
		<Row Tag="LOC_PEDIA_CIVILIZATIONS_PAGE_CIVILIZATION_VICTORIA_CHAPTER_HISTORY_PARA_1">
			<Text>Avustralya'nın en ılıman güneydoğu bölgesi, uzun zamandan beri bahçe devleti olarak ün kazanmıştır. Lahana üretimi yıl boyunca sürmesine rağmen, her Viktorya dönemi kendi yamasını korumaktan kişisel olarak sorumlu değildir.</Text>
		</Row>
		<Row Tag="LOC_PEDIA_CIVILIZATIONS_PAGE_CIVILIZATION_VICTORIA_CHAPTER_HISTORY_PARA_2">
			<Text>Melbourne, 1835'te John Batman tarafından kuruldu. Bölgedeki ilk yerleşim yeri değildi, ancak Victoria'nın yeni Kraliyet kolonisinin Yeni Güney Galler'den ayrıldığı 1851'de başkent olarak adlandırılacak kadar önemli hale geldi. Aynı yıl büyük miktarda altın keşfeden Victorialılar için iyi şanslar, kolonyalarına birçok taze yüz getirecek bir altın telaşı başlatması.</Text>
		</Row>
		<Row Tag="LOC_PEDIA_CIVILIZATIONS_PAGE_CIVILIZATION_VICTORIA_CHAPTER_HISTORY_PARA_3">
			<Text>Pan veya madenciliği şansı olmayanlar hala zengin olanları çevreleyen ılıman (Avustralya için) bir iklimde yaşıyorlardı, altını doğrudan hizmetler veya skullduggery yoluyla çıkartmalarına izin veriyorlardı. 1893'teki özellikle acı veren ekonomik çöküş hariç, Victoria'nın servetleri kaldı.</Text>
		</Row>
		<Row Tag="LOC_PEDIA_CIVILIZATIONS_PAGE_CIVILIZATION_SOUTH_AUSTRALIA_CHAPTER_HISTORY_PARA_1">
			<Text>Avustralya'nın merkezi güney bölgesi ılıman kıyı alanlarından, daha az ılıman çalılıklardan ve affetmeyen Outback'ten oluşur. Diğer yiyeceklerin yokluğunda karga tüketmek için sömürge olarak tanınmasına rağmen, bu bir efsanedir - aç olan Güney Avustralya sömürgecileri papağanlara ve çok daha lezzetli olan papağanlara sıkışmış.</Text>
		</Row>
		<Row Tag="LOC_PEDIA_CIVILIZATIONS_PAGE_CIVILIZATION_SOUTH_AUSTRALIA_CHAPTER_HISTORY_PARA_2">
			<Text>Güney Avustralya, İngiltere Parlamentosu eylemi tarafından oluşturulan tek koloni idi. Kasıtlı olarak, ceza işçiliğini yasaklayan özgür bir sömürge olarak tasarlanan, yeni bir başlangıç yapmak isteyen, dini özgürlük ilkeleri konusunda ısrar eden ve Aborijinler için garantili toprak hakları talep eden fakir göçmenleri memnuniyetle karşıladı. 1836'da Adelaide'deki kuruluşundan bu yana, koloni büyük ölçüde ilkelerine bağlı kaldı.</Text>
		</Row>
		<Row Tag="LOC_PEDIA_CIVILIZATIONS_PAGE_CIVILIZATION_SOUTH_AUSTRALIA_CHAPTER_HISTORY_PARA_3">
			<Text>Outback istasyonları Güney Avustralya'da koyun yetiştirdi. Kolonide hiçbir zaman gerçek bir altın hareketi olmamasına rağmen, geniş buğday alanları 19. Yüzyıl sonlarında Avustralya’nın çoğunu desteklemeye başlayacaktı.</Text>
		</Row>
		<Row Tag="LOC_PEDIA_CIVICS_PAGE_CIVIC_AERIAL_SERVICES_CHAPTER_HISTORY_PARA_1">
			<Text>Radyonun ve uçakların ortaya çıkışı, uzak Avustralya yerleşimlerinin yaşamını değiştirdi. Eğitim ve tıbbi bakım aniden daha önce kendileri için para harcamak zorunda kalan sakinleri aşmak için geçerliydi. Evleri uzak olmasına rağmen, bu son teknoloji 20. yüzyıldaki yenilikler, çok uzak olan Avustralyalıları birbirine yakınlaştırdı.</Text>
		</Row>
		<Row Tag="LOC_PEDIA_CIVICS_PAGE_CIVIC_CROWN_COLONY_CHAPTER_HISTORY_PARA_1">
			<Text>19. yüzyılın ortalarında, Avustralya kıtası artık dizanteri ve diğer tehlikelerle dolu uzak bir hapishane kampı topluluğuydu; bunun yerine, birinin yeniden başlayabileceği ve (belki de) bir servet kazanabileceği çekici bir uzak ülke topluluğuydu. Bir dereceye kadar kendi kendini yönetmesine rağmen, inkar edilemez bir İngiliz olarak kaldılar.</Text>
		</Row>
		<Row Tag="LOC_PEDIA_CIVICS_PAGE_CIVIC_CRUISE_LINES_CHAPTER_HISTORY_PARA_1">
			<Text>20. Yüzyılın ilk yarısında, okyanus yolculuğu Avustralya'ya ulaşmanın tek güvenilir ve (çoğunlukla) güvenli yoluydu. Yeni kurulan Avustralya’nın Commonwealth’i ulusal parklara federal para harcadıkça, Avustralya yolcu gemileri insanları ihtişamını yaşamaya zorladı ve Antipodean turizm endüstrisini mümkün kıldı.</Text>
		</Row>
		<Row Tag="LOC_PEDIA_CIVICS_PAGE_CIVIC_FEDERATION_CHAPTER_HISTORY_PARA_1">
			<Text>Avustralya Topluluğu, 20. Yüzyılın şafağında kuruldu. Avustralyalılar daha az kafa karıştırıcı bir tarife politikası ve temel devlet kurumları (Parlamento ve Yüksek Mahkeme) ile ulusal bir kimlik kazandılar. Ayrıca, Melbourne ve Sydney’nin ayrıcalık savunmasını engellemek için kısmen tasarlanmış ulusal bir başkent olan Canberra’yı da kazandılar.</Text>
		</Row>
		<Row Tag="LOC_PEDIA_CIVICS_PAGE_CIVIC_GOLD_RUSH_CHAPTER_HISTORY_PARA_1">
			<Text>1851'e gelindiğinde, Kaliforniya’da kazanılan servet dünya çapında biliniyordu. Edward Hargraves ve John Lister, Yeni Güney Galler'de önemli miktarda altın bulduğunda, onu izleyen Avustralya altınları ithal edilen nüfusu hızla artırdı, refah ihraç etti ve göçmenlerin “istenen etnik kökenleri” konusunda ciddi toplumsal gerilimlere neden oldu.</Text>
		</Row>
		<Row Tag="LOC_PEDIA_CIVICS_PAGE_CIVIC_GREAT_WAR_CHAPTER_HISTORY_PARA_1">
			<Text>Birinci Dünya Savaşı'nın savaş alanlarının Avustralya topraklarından uzak olmasına rağmen, Commonwealth yine de Büyük Britanya adına savaşmak için 400.000'den fazla gönüllü gönderdi. Orta Doğu ve Batı Cephesi'ndeki birlikler ile Avustralya, savaşa federal koloniler olarak girdi ancak bir millet olarak kaldı.</Text>
		</Row>
		<Row Tag="LOC_PEDIA_CIVICS_PAGE_CIVIC_PASTORAL_LEASES_CHAPTER_HISTORY_PARA_1">
			<Text>Avustralya kolonileri, hayvancılık için uygun arazileri resmi olarak araştırdıkça, bu arazileri greyderlere kiralamaya başladılar. Tipik olarak muazzam miktarda araziyi kapsayan Outback istasyonları, alanın kuraklığa neden olmadan otlak alanını yeterince desteklemesini gerektiriyordu - 1860'ların sonlarında gecekondular tarafından öğrenilen zor bir ders.</Text>
		</Row>
		<Row Tag="LOC_PEDIA_CIVICS_PAGE_CIVIC_PENAL_COLONY_CHAPTER_HISTORY_PARA_1">
			<Text>En eski Avustralya sömürgeleri, dünyanın yarısına sevk edilen İngiliz mahkumlar tarafından yapılmıştır. Ne yazık ki, küçük hırsızlara çiftlikte, madende veya tıbbi bakım sağlamalarını söylemek, onları bu tür yeteneklerle meşgul etmez. Yine de, zorluklarına rağmen, mahkum olan kolonistlerin çoğu, yaşayabilir kolonilerin kemiklerini oluşturabildi.</Text>
		</Row>
		<Row Tag="LOC_PEDIA_CIVICS_PAGE_CIVIC_SHEEP_REARING_CHAPTER_HISTORY_PARA_1">
			<Text>İngiltere’nin 19. Yüzyılda yün için artan isteği, koyun yetiştirme işini Avustralya’nın sömürge ekonomilerinin önemli bir parçası haline getirdi. Yün, uzun deniz yolculukları sırasında bozulmayacak olan bazı ürünlerden biriydi, bu yüzden uzak sömürge yün üretimi İngiliz çıkarlarına ve Avustralyalı greyderlerin hesaplarına hizmet ediyordu.</Text>
		</Row>
		<Row Tag="LOC_PEDIA_CIVICS_PAGE_CIVIC_WORLD_WAR_II_CHAPTER_HISTORY_PARA_1">
			<Text>Büyük Savaş'ın aksine, II. Dünya Savaşı'nın patlak vermesi, Avustralya topraklarında işgal tehdidi gördü. Avustralya birlikleri bir kez daha Büyük Britanya’nın güçlerini desteklese de, onların önerileri Commonwealth tarafından bağımsız olarak ele alındı. Bu, Avustralya ordusunun Pasifik'teki Müttefik kuvvetlerle yakın koordinasyona girmesini sağladı.</Text>
		</Row>
		<Replace Tag="LOC_PEDIA_FEATURES_PAGE_FEATURE_PANTANAL_CHAPTER_HISTORY_PARA_1">
			<Text>Kakadu'nun yemyeşil doğal bölgesi, çoğu modern zamanlarda kategorize edilmemiş bu eşsiz flora ve fauna çeşitlerine ev sahipliği yapmaktadır. Ayrıca bölgede en az 20.000 yıl yaşadığı düşünülen Aborijin halkına da ev sahipliği yapıyor. Binlerce yıllık geniş kaya sanatı, yerel Aborjin halkının tarihini ortaya koymaktadır. 19. yüzyılda Avrupa kolonizasyonunda yapılan birçok girişim, Kakadu’nun kaçınılmaz arazisi nedeniyle başarısız oldu.</Text>
		</Replace>
		<Replace Tag="LOC_PEDIA_FEATURES_PAGE_FEATURE_TSINGY_CHAPTER_HISTORY_PARA_1">
			<Text>Avustralya kıtasının güneybatı kıyısında, içinde bulundukları kumlardan çıkan parmak uçlarını andıran bir dizi garip kaya oluşumları vardır. Bu kireçtaşı oluşumları, daha erken bir dönemin ayrışmış deniz yaşamından oluşur, ancak hiç kimse teorileri mevcut formlarında nasıl var olduklarını açıklamaz. 1960'larda milli bir parka girene kadar en yaygın yaşayan ziyaretçileri kanguru idi.</Text>
		</Replace>
		<Replace Tag="LOC_PEDIA_CONCEPTS_PAGE_TOURISM_4_CHAPTER_CONTENT_PARA_1">
			<Text>Ulusal Parkların belirlenmesi [ICON_Gold] Gold ve [ICON_Amenities] Tesislerini büyük ölçüde artırabilir. Milli Parklar, Koruma vatandaşı araştırıldıktan sonra şehrinizde eğitilebilecek veya satın alınabilecek Naturalist birimler tarafından belirlenir.</Text>
		</Replace>
		<Replace Tag="LOC_PEDIA_CONCEPTS_PAGE_TOURISM_4_CHAPTER_CONTENT_PARA_5">
			<Text>Bir Milli Parkın [ICON_Gold] Altın çıkışı, parkta bulunan tüm çinilerin toplam çekiciliğine eşittir. Ek olarak, parka sahip olan şehir 2 [ICON_Amenities] Özelliği alırken, medeniyetinizdeki en yakın dört şehir 1 [ICON_Amenities] Özelliği alır.</Text>
		</Replace>
		<Row Tag="LOC_PEDIA_GOVERNMENTS_PAGE_GOVERNMENT_PENAL_SETTLEMENT_CHAPTER_HISTORY_PARA_1">
			<Text>Sömürgeci özlemleri olan bir millet, kendi adına talep edilen uzak araziler ve ceza adaletine yaratıcı bir yaklaşım ceza mahkemeleri kurabilir. Bu girintili hizmet verme sistemi, mahkumları sömürgeci tesislerin yorucu ve tehlikeli işlerini yapmak için uzak, sert topraklara gönderdi. Genelde gardiyanlık yapan bir vali tarafından yönetilen mahkumların kaçacak hiçbir yeri yoktu. Ancak, toplumsal borçlarını kapatmak için teşvikler vardı - inşa ettikleri malların mülkiyeti.</Text>
		</Row>
		<Row Tag="LOC_PEDIA_GOVERNMENTS_PAGE_GOVERNMENT_COLONIAL_GOVERNMENT_CHAPTER_HISTORY_PARA_1">
			<Text>Bir ceza kolonisi kendi kendine devam edince, girintili hizmetkarlar üzerinde mutlak otorite sahibi bir validen daha fazlasına ihtiyaç duyuyordu. Sert sömürge adaleti, başarılı esnaf ve servetlerini değiştirmek isteyenler için tam bir satış noktası değildi. Sonuç olarak, gerçek bir sömürge hükümeti, sakinlerine sınırlı yerel ve bölgesel yönetim sağlamıştır. Siyasi ofisler sömürge gibi genişledi ve sömürgeci sermayenin dış yerleşmeleri sağlamasını (ve daha da önemlisi vergiyi vermesini) sağladı.</Text>
		</Row>
		<Row Tag="LOC_PEDIA_GOVERNMENTS_PAGE_GOVERNMENT_STATE_GOVERNMENT_CHAPTER_HISTORY_PARA_1">
			<Text>Federal devletlerin kurulması, ulusal bir sistem içinde bölgesel özerkliği tesis etti. Federal bir anayasanın federal düzeyde uygulandığı ve uygulandığı açık politikaları, devlet hükümetlerinin yerel meseleleri yönetmesine ve ulusal politikayı ulusal temsil yoluyla etkilemesine izin verdi. Temelde devlet hükümetleri parmaklarını çeşitli turtalarda tuttu, yeni turtalara ücretsiz parmaklar eklemek için çalıştı ve başka bir devletin kendisinden daha fazla turta olduğu gözlendiğinde parite konusunda yüksek sesle ısrar etti.</Text>
		</Row>
		<Row Tag="LOC_PEDIA_GOVERNMENTS_PAGE_POLICY_LAND_GRANTS_CHAPTER_HISTORY_PARA_1">
			<Text>Sömürgeci valiler, toprakları sömürgecilere iyi bir duruşla verebiliyorlardı, ancak toprağı işleyen çömelme mahkumlarına sık sık gözlerini kırpıyorlardı.</Text>
		</Row>
		<Row Tag="LOC_PEDIA_GOVERNMENTS_PAGE_POLICY_FIRST_FLEET_CHAPTER_HISTORY_PARA_1">
			<Text>Altı mahkum gemi, iki deniz gemisi ve üç tedarik gemisi 1788'de Avustralya'ya geldi. Balıkçılık başlangıçta azalan sömürge stoklarını tamamlamanın tek yoluydu.</Text>
		</Row>
		<Row Tag="LOC_PEDIA_GOVERNMENTS_PAGE_POLICY_REWARDS_OFFERED_CHAPTER_HISTORY_PARA_1">
			<Text>1851’deki Avustralya’nın altın rütbesi, sömürge yönetimlerinin altın alanlarından gelen cevher için kazançlı hediyeler sunmasına neden oldu. Tavada olan herkes bir aday oldu.</Text>
		</Row>
		<Row Tag="LOC_PEDIA_GOVERNMENTS_PAGE_POLICY_TERRA_NULLIUS_CHAPTER_HISTORY_PARA_1">
			<Text>Tanınmış bir egemen olmayan 1835 Avustralya’nın “hiç kimsenin ülkesi olmadığını” ilan etmesi, Aborijin’in varlığına rağmen, kolonilerin bölgeleri kendi toprakları olarak talep etmelerine izin verdi.</Text>
		</Row>
		<Row Tag="LOC_PEDIA_GOVERNMENTS_PAGE_POLICY_COLONIAL_ARCHITECTS_CHAPTER_HISTORY_PARA_1">
			<Text>Cezai sömürgeciler tarafından yapılan ilk tehlikeli gelişme sonrasında, sömürge valileri, sömürgelerin gelişimini planlamak için çeşitli kalifiye ve uzman ustalar atadı.</Text>
		</Row>
		<Row Tag="LOC_PEDIA_GOVERNMENTS_PAGE_POLICY_PARRAMATTA_ROAD_CHAPTER_HISTORY_PARA_1">
			<Text>İlk ve en eski Avustralya yolu, sömürge şehirleri olan Sidney ve Parramatta'yı birbirine bağladı. Bu tür altyapı gelişimi, geniş bir sömürge otoyol sistemine neden oldu.</Text>
		</Row>
		<Row Tag="LOC_PEDIA_GOVERNMENTS_PAGE_POLICY_TICKET_OF_LEAVE_CHAPTER_HISTORY_PARA_1">
			<Text>Kendilerini destekleyebilecek veya iyi davranış için bir ödül olarak mahkum olanlara ve bir sömürge ilçesinde çalışmaya izin verilen bir tahliye belgesi düzenlenmiştir.</Text>
		</Row>
		<Row Tag="LOC_PEDIA_GOVERNMENTS_PAGE_POLICY_MOUNTED_STOCKMEN_CHAPTER_HISTORY_PARA_1">
			<Text>Atlı menkul kıymetler Outback istasyonlarına verilen geniş meralarda çalıştı. Geniş miktarda toprağa dağılmış sürülerle başa çıkmakta ustalardı.</Text>
		</Row>
		<Row Tag="LOC_PEDIA_GOVERNMENTS_PAGE_POLICY_TRANS_AUSTRALIAN_RAILWAY_CHAPTER_HISTORY_PARA_1">
			<Text>Bir Milletler Topluluğu'na dönüşmesinden sonra, Trans-Avustralya Demiryolunun inşaatı batı Avustralya Perth'den Doğu Avustralya Sidney'e güvenli ve düzenli taşımayı mümkün kıldı.</Text>
		</Row>
		<Row Tag="LOC_PEDIA_GOVERNMENTS_PAGE_POLICY_FEED_THE_TROOPS_CHAPTER_HISTORY_PARA_1">
			<Text>AİF birlikleri, uzak diyarlarda yaptıkları kampanyalarda sürekli bir gıda tedarikine ihtiyaç duyuyordu. Uzun ömürlü (ve diş çatlama) sert yapışması askerleri Gelibolu ve ötesinde besledi.</Text>
		</Row>
		<Row Tag="LOC_PEDIA_GOVERNMENTS_PAGE_POLICY_GALLIPOLLI_CHAPTER_HISTORY_PARA_1">
			<Text>Gelibolu Müttefik kuvvetler için nihayetinde bir yenilgi olmasına rağmen, AIF birliklerinin sert mücadelesi Avustralya’nın cephesinde popüler görüşü ele geçirdi.</Text>
		</Row>
		<Row Tag="LOC_PEDIA_GOVERNMENTS_PAGE_POLICY_SCHOOL_OF_THE_AIR_CHAPTER_HISTORY_PARA_1">
			<Text>Radyo yaygınlığı, skolastik programların uzak Avustralya bölgelerine yayınlanabileceği anlamına geliyordu. Bu, Outback'in en uzağında eğitim görmeye izin verdi.</Text>
		</Row>
		<Row Tag="LOC_PEDIA_GOVERNMENTS_PAGE_POLICY_FLYING_DOCTORS_CHAPTER_HISTORY_PARA_1">
			<Text>Uçan Doktor Hizmeti, Avustralya'nın uzak bölgelerindeki insanların tıbbi ihtiyaçlarını desteklemek için hava taşımacılığı ve radyonun bir kombinasyonunu kullandı.</Text>
		</Row>
		<Row Tag="LOC_PEDIA_GOVERNMENTS_PAGE_POLICY_MILITARY_MATERIEL_CHAPTER_HISTORY_PARA_1">
			<Text>Avustralya’nın savaş ekonomisi, silahlanma, askeri araç ve savaş gemileri oluşturmak için hammadde gerektiriyordu. Önceliklendirme, ülkenin hayati savaş ihtiyaçlarını besleyen madencilik çabalarının artmasına neden oldu.</Text>
		</Row>
		<Row Tag="LOC_PEDIA_GOVERNMENTS_PAGE_POLICY_INVASION_THREAT_CHAPTER_HISTORY_PARA_1">
			<Text>Japon işgali korkusu, Avustralya’nın savunmasına yardım ettiği sürece, milislerin Avustralya sınırlarının ötesinde konuşlandırılmasına izin veren bir politikaya yol açtı.</Text>
		</Row>
		<Row Tag="LOC_PEDIA_GOVERNMENTS_PAGE_POLICY_SEAFOOD_PRESERVATION_CHAPTER_HISTORY_PARA_1">
			<Text>II. Dünya Savaşı sonrası göçün artması, Avustralya’nın balık endüstrisinde önemli bir genişlemeye yol açtı. Karidesleri ve rock ıstakozları değerli ihracat oldu.</Text>
		</Row>
		<Row Tag="LOC_PEDIA_GOVERNMENTS_PAGE_POLICY_PARK_RANGERS_CHAPTER_HISTORY_PARA_1">
			<Text>Avustralyalı park bekçileri, hem parkın doğal özelliklerini hem de onu deneyimlemeye gelen ziyaretçilerin iyiliğini sağlayan geniş park alanlarından sorumludur.</Text>
		</Row>
		<Row Tag="LOC_PEDIA_RESOURCES_PAGE_RESOURCE_GOLD_CHAPTER_HISTORY_PARA_1">
			<Text>19. Yüzyılın başlarında keşfedilmesine rağmen, Avustralya 1851'e kadar “altın ateşi” ile hasta değildi. Britanya'nın Sydney Mint'i açtığı İngiltere'nin ilk defa İngiliz paralarının İngiltere dışında atılmasına izin verildiği kadar çok altın cevheri toplandı. Altın, sürekli olarak karlı bir Avustralya ihracatı olarak kaldı.</Text>
		</Row>
		<Row Tag="LOC_PEDIA_UNITS_PAGE_UNIT_PROSPECTOR_CHAPTER_HISTORY_PARA_1">
			<Text>19. yüzyılın Avustralya altını keşfedilmesinden bu yana, adaylar uzun zamandır servetlerini antipodin topraklarında aradılar. Fosillerin aksine (katır taşı altın, gümüş ya da rekreasyon gibi opal yığınlarını elemek), zengin olduğunu vurgulamak, bu “profesyonelce amatör” madencilerin ellerinde - haklı iddiada bulundukları sürece.</Text>
		</Row>
		<Row Tag="LOC_PEDIA_UNITS_PAGE_UNIT_GRAZIER_CHAPTER_HISTORY_PARA_1">
			<Text>Graziers, Outback istasyonlarının demirbaşlarıdır, sürüleri yetiştirir ve Avustralya'nın kırsalında otlak alanlardan daha az miktarda sığır veya koyunları desteklemek için engin olan pastoral arazilerde hayvan dostu mahsul yetiştirir. Peynir yapmak, koyun kesmek veya dingo öldürmek olsun, greyderler Avustralya'nın karlı hayvancılık endüstrisindeki ilk adımdır.</Text>
		</Row>
		<Row Tag="LOC_PEDIA_UNITS_PAGE_UNIT_FARMER_CHAPTER_HISTORY_PARA_1">
			<Text>Avustralyalı çiftçilerin denemeleri ve övgüleri çok ve çeşitlidir. Toprak erozyonu, korkunç İskoç devedikeni ve tavşan vebaları, kuraklığa yatkın hiçbir şey söylemedi. Yine de, bu zorlu hayat, sırtını içine sokanlara ve nerede yerleşeceklerini en iyi bilenlere oldukça kazançlı olabilir.</Text>
		</Row>
		<Row Tag="LOC_PEDIA_UNITS_PAGE_UNIT_FISHER_CHAPTER_HISTORY_PARA_1">
			<Text>İster Avustralyalı akciğerli balık, Murray morina ya da batı sazan gudgeonu, yetenekli bir balıkçı hepsini yakalayabilir - Avustralya’da biraz zor bir teklif, yeryüzünün en kurak kıtası. Cesur kaya çukurları, kıyılardaki kayalardan deniz yaşamını yakalayarak tatlı su sıkıntılarından kurtulur ... ve onları yakalamak için tuzlu su timsahlarından kaçının.</Text>
		</Row>
		<Row Tag="LOC_PEDIA_UNITS_PAGE_UNIT_EXPLORER_CHAPTER_HISTORY_PARA_1">
			<Text>Avustralya’daki sömürge araştırmacıları çabaları nedeniyle ün ve tanınma peşinde olan beceriksiz, hırslı insanlardı. Maalesef onlar için, Outback arzularına çok az sempati duyuyordu. Tehlikelerini temelden anlamadan çalıya yönelmiş birçok kişiden bazıları çok azdı. Bazıları hiç dönmeyecekti.</Text>
		</Row>
	</EnglishText>
</GameData>
