<!-- edited with XMLSPY v2004 rel. 2 U (http://www.xmlspy.com) by Ed Beach (Firaxis Games) -->
<GameData>
	<BaseGameText>
		<!-- Civ Info-->
		<Row Tag="LOC_CIVILIZATION_AUSTRALIA_DESCRIPTION">
			<Text>Avustralya İmparatorluğu</Text>
		</Row>
		<Row Tag="LOC_CIVILIZATION_AUSTRALIA_ADJECTIVE">
			<Text>Avustralyalı</Text>
		</Row>
		<!-- Leader Agenda-->
		<Row Tag="LOC_AGENDA_PERPETUALLY_ON_GUARD_NAME">
			<Text>Daimi Güven</Text>
		</Row>
		<Row Tag="LOC_AGENDA_PERPETUALLY_ON_GUARD_DESCRIPTION">
			<Text>Arkadaşlarıyla savunma anlaşması kuran ve şehirleri özgürleştiren uygarlıkları sever. Düşman şehirlerini işgal eden uygarlıkları sevmez.</Text>
		</Row>
		<Row Tag="LOC_CIVINFO_AUSTRALIA_LOCATION">
			<Text>Avustralya Kıtası</Text>
		</Row>
		<Row Tag="LOC_CIVINFO_AUSTRALIA_SIZE">
			<Text>Yaklaşık 2.97 milyon kare mil (7.7 Milyon km)</Text>
		</Row>
		<Row Tag="LOC_CIVINFO_AUSTRALIA_POPULATION">
			<Text>Kabaca 24 milyon (2017 sayımı)</Text>
		</Row>
		<Row Tag="LOC_CIVINFO_AUSTRALIA_CAPITAL">
			<Text>Melbourne, şu anda Canberra</Text>
		</Row>
		<!-- City Names -->
		<Row Tag="LOC_CITY_NAME_CANBERRA">
			<Text>Canberra</Text>
		</Row>
		<Row Tag="LOC_CITY_NAME_SYDNEY">
			<Text>Sidney</Text>
		</Row>
		<Row Tag="LOC_CITY_NAME_MELBOURNE">
			<Text>Melbourne</Text>
		</Row>
		<Row Tag="LOC_CITY_NAME_BRISBANE">
			<Text>Brisbane</Text>
		</Row>
		<Row Tag="LOC_CITY_NAME_ADELAIDE">
			<Text>Adelaide</Text>
		</Row>
		<Row Tag="LOC_CITY_NAME_PERTH">
			<Text>Perth</Text>
		</Row>
		<Row Tag="LOC_CITY_NAME_HOBART">
			<Text>Hobart</Text>
		</Row>
		<Row Tag="LOC_CITY_NAME_GEELONG">
			<Text>Geelong</Text>
		</Row>
		<Row Tag="LOC_CITY_NAME_LAUNCESTON">
			<Text>Launceston </Text>
		</Row>
		<Row Tag="LOC_CITY_NAME_BALLAARAT">
			<Text>Ballaarat</Text>
		</Row>
		<Row Tag="LOC_CITY_NAME_ROCKHAMPTON">
			<Text>Rockhampton</Text>
		</Row>
		<Row Tag="LOC_CITY_NAME_TOOWOOMBA">
			<Text>Toowoomba</Text>
		</Row>
		<Row Tag="LOC_CITY_NAME_TOWNSVILLE">
			<Text>Townsville</Text>
		</Row>
		<Row Tag="LOC_CITY_NAME_BENDIGO">
			<Text>Bendigo</Text>
		</Row>
		<Row Tag="LOC_CITY_NAME_BROKEN_HILL">
			<Text>Broken Hill</Text>
		</Row>
		<Row Tag="LOC_CITY_NAME_MAITLAND">
			<Text>Maitland</Text>
		</Row>
		<Row Tag="LOC_CITY_NAME_WOLLONGONG">
			<Text>Wollongong</Text>
		</Row>
		<Row Tag="LOC_CITY_NAME_CAIRNS">
			<Text>Cairns</Text>
		</Row>
		<Row Tag="LOC_CITY_NAME_DARWIN">
			<Text>Darwin</Text>
		</Row>
		<Row Tag="LOC_CITY_NAME_GOULBURN">
			<Text>Goulburn</Text>
		</Row>
		<Row Tag="LOC_CITY_NAME_BUNDABERG">
			<Text>Bundaberg</Text>
		</Row>
		<Row Tag="LOC_CITY_NAME_WAGGA_WAGGA">
			<Text>Wagga Wagga</Text>
		</Row>
		<Row Tag="LOC_CITY_NAME_LISMORE">
			<Text>Lismore</Text>
		</Row>
		<Row Tag="LOC_CITY_NAME_LITHGOW">
			<Text>Lithgow</Text>
		</Row>
		<Row Tag="LOC_CITY_NAME_MARYBOROUGH">
			<Text>Maryborough</Text>
		</Row>
		<Row Tag="LOC_CITY_NAME_ALBURY">
			<Text>Albury</Text>
		</Row>
		<Row Tag="LOC_CITY_NAME_ORANGE">
			<Text>Orange</Text>
		</Row>
		<Row Tag="LOC_CITY_NAME_FREMANTLE">
			<Text>Fremantle</Text>
		</Row>
		<Row Tag="LOC_CITY_NAME_TWEED_HEADS">
			<Text>Tweed Heads</Text>
		</Row>
		<Row Tag="LOC_CITY_NAME_COFFS_HARBOUR">
			<Text>Coffs Harbour</Text>
		</Row>
		<Row Tag="LOC_CITY_NAME_HERVEY_BAY">
			<Text>Hervey Bay</Text>
		</Row>
		<Row Tag="LOC_CITY_NAME_KALGOORLIE">
			<Text>Kalgoorlie</Text>
		</Row>
		<Row Tag="LOC_CITY_NAME_PORT_MACQUARIE">
			<Text>Macquarie Limanı</Text>
		</Row>
		<Row Tag="LOC_CITY_NAME_ALICE_SPRINGS">
			<Text>Alice Springs</Text>
		</Row>
		<Row Tag="LOC_CITY_NAME_BATHURST">
			<Text>Bathurst</Text>
		</Row>
		<Row Tag="LOC_CITY_NAME_GLADSTONE">
			<Text>Gladstone</Text>
		</Row>
		<Row Tag="LOC_CITY_NAME_QUEANBEYAN">
			<Text>Queanbeyan</Text>
		</Row>
		<Row Tag="LOC_CITY_NAME_PORT_PIRIE">
			<Text>Pirie Limanı</Text>
		</Row>
		<Row Tag="LOC_CITY_NAME_BOOMAHNOOMOONAH">
			<Text>Boomahnoomoonah</Text>
		</Row>
		<!-- Citizen Names -->
		<Row Tag="LOC_CITIZEN_AUSTRALIA_MALE_1">
			<Text>Anatjari</Text>
		</Row>
		<Row Tag="LOC_CITIZEN_AUSTRALIA_MALE_2">
			<Text>Colebee</Text>
		</Row>
		<Row Tag="LOC_CITIZEN_AUSTRALIA_MALE_3">
			<Text>Djalu</Text>
		</Row>
		<Row Tag="LOC_CITIZEN_AUSTRALIA_MALE_4">
			<Text>Gurumarra</Text>
		</Row>
		<Row Tag="LOC_CITIZEN_AUSTRALIA_MALE_5">
			<Text>Jarli</Text>
		</Row>
		<Row Tag="LOC_CITIZEN_AUSTRALIA_MALE_6">
			<Text>Mandawuy</Text>
		</Row>
		<Row Tag="LOC_CITIZEN_AUSTRALIA_MALE_7">
			<Text>Toba</Text>
		</Row>
		<Row Tag="LOC_CITIZEN_AUSTRALIA_MALE_8">
			<Text>Yarran</Text>
		</Row>
		<Row Tag="LOC_CITIZEN_AUSTRALIA_MALE_9">
			<Text>Warrin</Text>
		</Row>
		<Row Tag="LOC_CITIZEN_AUSTRALIA_MALE_10">
			<Text>Waku</Text>
		</Row>
		<Row Tag="LOC_CITIZEN_AUSTRALIA_FEMALE_1">
			<Text>Bindi</Text>
		</Row>
		<Row Tag="LOC_CITIZEN_AUSTRALIA_FEMALE_2">
			<Text>Kalinda</Text>
		</Row>
		<Row Tag="LOC_CITIZEN_AUSTRALIA_FEMALE_3">
			<Text>Kirra</Text>
		</Row>
		<Row Tag="LOC_CITIZEN_AUSTRALIA_FEMALE_4">
			<Text>Ellin</Text>
		</Row>
		<Row Tag="LOC_CITIZEN_AUSTRALIA_FEMALE_5">
			<Text>Jedda</Text>
		</Row>
		<Row Tag="LOC_CITIZEN_AUSTRALIA_FEMALE_6">
			<Text>Lenah</Text>
		</Row>
		<Row Tag="LOC_CITIZEN_AUSTRALIA_FEMALE_7">
			<Text>Marindah</Text>
		</Row>
		<Row Tag="LOC_CITIZEN_AUSTRALIA_FEMALE_8">
			<Text>Parara</Text>
		</Row>
		<Row Tag="LOC_CITIZEN_AUSTRALIA_FEMALE_9">
			<Text>Tatali</Text>
		</Row>
		<Row Tag="LOC_CITIZEN_AUSTRALIA_FEMALE_10">
			<Text>Wintjiya</Text>
		</Row>
		<Row Tag="LOC_CITIZEN_AUSTRALIA_MODERN_MALE_1">
			<Text>James</Text>
		</Row>
		<Row Tag="LOC_CITIZEN_AUSTRALIA_MODERN_MALE_2">
			<Text>Luke</Text>
		</Row>
		<Row Tag="LOC_CITIZEN_AUSTRALIA_MODERN_MALE_3">
			<Text>Jackson</Text>
		</Row>
		<Row Tag="LOC_CITIZEN_AUSTRALIA_MODERN_MALE_4">
			<Text>Cody</Text>
		</Row>
		<Row Tag="LOC_CITIZEN_AUSTRALIA_MODERN_MALE_5">
			<Text>Mitch</Text>
		</Row>
		<Row Tag="LOC_CITIZEN_AUSTRALIA_MODERN_MALE_6">
			<Text>Blake</Text>
		</Row>
		<Row Tag="LOC_CITIZEN_AUSTRALIA_MODERN_MALE_7">
			<Text>Hugo</Text>
		</Row>
		<Row Tag="LOC_CITIZEN_AUSTRALIA_MODERN_MALE_8">
			<Text>Brenden</Text>
		</Row>
		<Row Tag="LOC_CITIZEN_AUSTRALIA_MODERN_MALE_9">
			<Text>Jordan</Text>
		</Row>
		<Row Tag="LOC_CITIZEN_AUSTRALIA_MODERN_MALE_10">
			<Text>Michael</Text>
		</Row>
		<Row Tag="LOC_CITIZEN_AUSTRALIA_MODERN_FEMALE_1">
			<Text>Nicole</Text>
		</Row>
		<Row Tag="LOC_CITIZEN_AUSTRALIA_MODERN_FEMALE_2">
			<Text>Olivia</Text>
		</Row>
		<Row Tag="LOC_CITIZEN_AUSTRALIA_MODERN_FEMALE_3">
			<Text>Zoe</Text>
		</Row>
		<Row Tag="LOC_CITIZEN_AUSTRALIA_MODERN_FEMALE_4">
			<Text>Holly</Text>
		</Row>
		<Row Tag="LOC_CITIZEN_AUSTRALIA_MODERN_FEMALE_5">
			<Text>Paige</Text>
		</Row>
		<Row Tag="LOC_CITIZEN_AUSTRALIA_MODERN_FEMALE_6">
			<Text>Kathleen</Text>
		</Row>
		<Row Tag="LOC_CITIZEN_AUSTRALIA_MODERN_FEMALE_7">
			<Text>Louisa</Text>
		</Row>
		<Row Tag="LOC_CITIZEN_AUSTRALIA_MODERN_FEMALE_8">
			<Text>Michele</Text>
		</Row>
		<Row Tag="LOC_CITIZEN_AUSTRALIA_MODERN_FEMALE_9">
			<Text>Elizabeth</Text>
		</Row>
		<Row Tag="LOC_CITIZEN_AUSTRALIA_MODERN_FEMALE_10">
			<Text>Alicia</Text>
		</Row>
		<!-- Feature Info-->
		<Row Tag="LOC_FEATURE_ULURU_NAME">
			<Text>Uluru</Text>
		</Row>
		<Row Tag="LOC_FEATURE_ULURU_DESCRIPTION">
			<Text>1 petekli aşılamaz Doğal Harika. Bitişik peteklere +2 [ICON_CULTURE] Kültür ve +2 [ICON_FAITH] İnanç sağlar. Bitişik peteklere, +2 cazibe yerine +4 cazibe sağlar.</Text>
		</Row>
		<Row Tag="LOC_FEATURE_ULURU_QUOTE">
			<Text>"Yağmur mevsimi, ne muhteşem manzara sunuyor; Her tarafta şelaleler!''[NEWLINE]– William Gosse</Text>
		</Row>
		<!-- Trait Info-->
		<Row Tag="LOC_TRAIT_CIVILIZATION_IMPROVEMENT_OUTBACK_STATION_NAME">
			<Text>Avustralya'nın benzersiz geliştirmesi: Taşra Çiftliği</Text>
		</Row>
		<!-- Diplo Text -->
		<Row Tag="LOC_DIPLO_ACCEPT_DECLARE_FRIEND_FROM_HUMAN_LEADER_JOHN_CURTIN_ANY">
			<Text>Ülkelerimizi birbirine bağlayan güçlü dostluğu tanımaktan mutluluk duyacağız.</Text>
		</Row>
		<Row Tag="LOC_DIPLO_REJECT_DECLARE_FRIEND_FROM_HUMAN_LEADER_JOHN_CURTIN_ANY">
			<Text>Umarım anlarsınız, şu anda resmi bir jestle kendimizi taahhüt edemeyiz.</Text>
		</Row>
		<Row Tag="LOC_DIPLO_DECLARE_FRIEND_FROM_AI_LEADER_JOHN_CURTIN_ANY">
			<Text>Dostluğumuzun, istikrarın korunması ve muhtaç kişilerin korunması konusunda ortak menfaatlere dayalı olduğuna inanıyorum. Umarım kabul edersin.</Text>
		</Row>
		<Row Tag="LOC_DIPLO_ACCEPT_DECLARE_FRIEND_FROM_AI_LEADER_JOHN_CURTIN_ANY">
			<Text>Yaptığınız her şey için teşekkür ederim.</Text>
		</Row>
		<Row Tag="LOC_DIPLO_REJECT_DECLARE_FRIEND_FROM_AI_LEADER_JOHN_CURTIN_ANY">
			<Text>İstenmeyen bir gelişme.</Text>
		</Row>
		<Row Tag="LOC_DIPLO_DECLARE_WAR_FROM_HUMAN_LEADER_JOHN_CURTIN_ANY">
			<Text>Ulusumuza karşı yapılan bu ihlalin durdurulması için, her direniş yöntemini seferber edeceğiz!</Text>
		</Row>
		<Row Tag="LOC_DIPLO_DECLARE_WAR_FROM_AI_LEADER_JOHN_CURTIN_ANY">
			<Text>Dikkatle inceledikten sonra, Avustralya dönüm noktasındadır. Kendini hazırla, savaş başlıyor.</Text>
		</Row>
		<Row Tag="LOC_DIPLO_ACCEPT_DELEGATION_FROM_HUMAN_LEADER_JOHN_CURTIN_ANY">
			<Text>Avustralya, başkentimize gönderdiğiniz heyeti sıcak bir şekilde karşıladı. En son girişimlerimizi görüşmek için, onlarla kişisel olarak buluşmayı planlıyorum.</Text>
		</Row>
		<Row Tag="LOC_DIPLO_REJECT_DELEGATION_FROM_HUMAN_LEADER_JOHN_CURTIN_ANY">
			<Text>Heyetinizi saygıyla reddediyorum.</Text>
		</Row>
		<Row Tag="LOC_DIPLO_DELEGATION_FROM_AI_LEADER_JOHN_CURTIN_ANY">
			<Text>Çiftlik sahiplerimizin katkıda bulunduğu etlerden küçük bir seçimi, ticaret heyetimle birlikte size gönderdim. Umarım size minnettarlıkla ulaşırlar.</Text>
		</Row>
		<Row Tag="LOC_DIPLO_DENOUNCE_FROM_HUMAN_LEADER_JOHN_CURTIN_ANY">
			<Text>Sefil ulusunuz parçalandığında, Avustralya'ya ve halkına karşı yaptığınız iftiraları herkes bilecek!</Text>
		</Row>
		<Row Tag="LOC_DIPLO_DENOUNCE_FROM_AI_LEADER_JOHN_CURTIN_ANY">
			<Text>Küstahça sözleriniz ve eylemleriniz, yalnızca halkınızı cehalet ve yoksulluk yolunda ilerletecek. (Seni Kınadı).</Text>
		</Row>
		<Row Tag="LOC_DIPLO_FIRST_MEET_LEADER_JOHN_CURTIN_ANY">
			<Text>Ben John Curtin, Avustralya halkının Başbakanı olarak size sesleniyorum. Savaş sevenlere karşı mücadelemizde güçlü müttefikler arıyoruz.</Text>
		</Row>
		<Row Tag="LOC_DIPLO_FIRST_MEET_VISIT_RECIPIENT_LEADER_JOHN_CURTIN_ANY">
			<Text>Size uygunsa, en yakın şehrimizi ziyaret etmenizi öneriyorum. Kavrulmuş makademya fıstığının tadına bakmak ister misiniz?</Text>
		</Row>
		<Row Tag="LOC_DIPLO_FIRST_MEET_NEAR_INITIATOR_POSITIVE_LEADER_JOHN_CURTIN_ANY">
			<Text>Elbette!</Text>
		</Row>
		<Row Tag="LOC_DIPLO_FIRST_MEET_NO_MANS_INFO_EXCHANGE_LEADER_JOHN_CURTIN_ANY">
			<Text>Bence bir bilgi değişimi, belki de başkentlerimizin tarihi, yeni başlayan dostluğumuza büyük bir ivme kazandırabilir.</Text>
		</Row>
		<Row Tag="LOC_DIPLO_GREETING_LEADER_JOHN_CURTIN_ANY">
			<Text>Seni görmek güzel!</Text>
		</Row>
		<Row Tag="LOC_DIPLO_KUDO_EXIT_LEADER_JOHN_CURTIN_ANY">
			<Text>Azminizi takdir ediyorum. Zayıf ve çaresiz kişilerin korunması gibi ortak bir çıkar paylaşıyoruz.</Text>
		</Row>
		<Row Tag="LOC_DIPLO_WARNING_EXIT_LEADER_JOHN_CURTIN_ANY">
			<Text>Savaş sadece kaybetmemize neden olur. Can kaybı, verimlilik kaybı ve insanlığımızın kaybı!</Text>
		</Row>
		<Row Tag="LOC_DIPLO_MAKE_ALLIANCE_FROM_AI_LEADER_JOHN_CURTIN_ANY">
			<Text>Bir ittifak kurmak ister misiniz??</Text>
		</Row>
		<Row Tag="LOC_DIPLO_MAKE_PEACE_AI_ACCEPT_DEAL_LEADER_JOHN_CURTIN_ANY">
			<Text>Ülkelerimiz arasında kalıcı bir barışa, hoş geldiniz diyoruz.</Text>
		</Row>
		<Row Tag="LOC_DIPLO_MAKE_PEACE_AI_REFUSE_DEAL_LEADER_JOHN_CURTIN_ANY">
			<Text>Hayır, yapmayacağım.</Text>
		</Row>
		<Row Tag="LOC_DIPLO_MAKE_PEACE_FROM_AI_LEADER_JOHN_CURTIN_ANY">
			<Text>Huzur içinde yaşamak isteyen ülkeler, barış için bir bedel ödemek zorundadır. Biz Istekliyiz. Peki ya siz?</Text>
		</Row>
		<Row Tag="LOC_DIPLO_ACCEPT_OPEN_BORDERS_FROM_HUMAN_LEADER_JOHN_CURTIN_ANY">
			<Text>Çabalarınız iyi niyet ruhu içinde olduğu sürece, herhangi bir sorun olmayacaktır.</Text>
		</Row>
		<Row Tag="LOC_DIPLO_REJECT_OPEN_BORDERS_FROM_HUMAN_LEADER_JOHN_CURTIN_ANY">
			<Text>Avustralya güçlerinin mevcut şartları ve konumu göz önünde bulundurulduğunda, bunun ihtiyatlı bir karar olmayacağından korkuyorum.</Text>
		</Row>
		<Row Tag="LOC_DIPLO_OPEN_BORDERS_FROM_AI_LEADER_JOHN_CURTIN_ANY">
			<Text>Barışın devam etmesi için Avustralya kuvvetlerinin topraklarından geçmesi gerekebilir. </Text>
		</Row>
		<Row Tag="LOC_DIPLO_WARNING_TOO_MANY_TROOPS_NEAR_ME_LEADER_JOHN_CURTIN_ANY">
			<Text>Sınırlarımız boyunca güçlerinizin toplanması, nasıl bir izlenim veriyor hayal ediyor musun? Bunun bir yanlış anlaşılma olduğunu varsayıyorum.</Text>
		</Row>
		<Row Tag="LOC_DIPLO_DEFEAT_FROM_AI_LEADER_JOHN_CURTIN_ANY">
			<Text>Uğruna savaştığımız ilkeler, sizin kuramadığınız uluslardan daha uzun süre ayakta kalacak.</Text>
		</Row>
		<Row Tag="LOC_DIPLO_REJECT_MAKE_DEAL_FROM_AI_LEADER_JOHN_CURTIN_ANY">
			<Text>İstenmeyen bir gelişme.</Text>
		</Row>
		<Row Tag="LOC_DIPLO_ACCEPT_MAKE_DEAL_FROM_AI_LEADER_JOHN_CURTIN_ANY">
			<Text>Kabul ediyoruz!</Text>
		</Row>
		<Row Tag="LOC_DIPLO_MODIFIER_ON_GUARD_LIBERATE">
			<Text>John Curtin, bir şehri serbest bıraktığınıza sevindi.</Text>
		</Row>
		<Row Tag="LOC_DIPLO_MODIFIER_ON_GUARD_OCCUPY">
			<Text>John Curtin, düşman şehirlerini işgal edişinizden memnun değil.</Text>
		</Row>
	</BaseGameText>
</GameData>
