﻿<!-- edited with XMLSPY v2004 rel. 2 U (http://www.xmlspy.com) by Ed Beach (Firaxis Games) -->
<GameData>
	<BaseGameText>
		<!-- Civ Info-->
		<Row Tag="LOC_CIVILIZATION_AUSTRALIA_NAME">
			<Text>Avustralya</Text>
		</Row>
		<Row Tag="LOC_TRAIT_CIVILIZATION_LAND_DOWN_UNDER_NAME">
			<Text>Güney Toprakları</Text>
		</Row>
		<Row Tag="LOC_TRAIT_CIVILIZATION_LAND_DOWN_UNDER_DESCRIPTION">
			<Text>Kıyı şehirlerine +3 [ICON_Housing] Konut. Meralar kültürel şoku tetikler. Kampüs, Ticaret Merkezi, Kutsal Siteler ve Tiyatro Meydanları, büyüleyici cazibeye sahip peteklerde +1, Nefes Kesen peteklerde +3 verim sağlar. </Text>
		</Row>
		<!-- Improvement Info-->
		<Row Tag="LOC_IMPROVEMENT_OUTBACK_STATION_NAME">
			<Text>Taşra Çiftliği</Text>
		</Row>
		<Row Tag="LOC_IMPROVEMENT_OUTBACK_STATION_DESCRIPTION">
			<Text>Avustralya'nın benzersiz binası olan Taşra Çiftliğinin kilidini açar.[NEWLINE][NEWLINE]+1 [ICON_FOOD] Gıda ve +1 [ICON_PRODUCTION] Üretim. Her bitişik Çiftlik'ten +1 [ICON_Food] Gıda. Taşra Çiftliği ile Meralar için, Teknoloji ve Toplumsal İlkelerdeki ilerlemenize, ekstra [ICON_FOOD] Gıda ve [ICON_PRODUCTION] Üretim. Çöl, Çöl Tepeleri, Otlaklar ile Ova peteklerinde inşa edilebilir.</Text>
		</Row>
		<!-- Leader Info-->
		<Row Tag="LOC_LEADER_JOHN_CURTIN_NAME">
			<Text>John Curtin</Text>
		</Row>
		<Row Tag="LOC_LOADING_INFO_LEADER_JOHN_CURTIN">
			<Text>Başbakan Curtin, binlerce tuzakla dolu olan Avustralya'yı yöneteceksiniz ve her birinden halkınız eskiye oranla daha güçlü çıkacak. Diğer liderler, gücünüzün avantajından faydalanmak için arkadaşlıklar kurmaya çalışacaktır. Eğer bu arkadaşlar sadık olduklarını kanıtlarsa, korumanız ve kuvvetiniz uzun süre devam edecektir. Fakat, gözün hep açık olsun, çünkü saldırganlık sana uygun değil.</Text>
		</Row>
		<Row Tag="LOC_TRAIT_LEADER_CITADEL_CIVILIZATION_NAME">
			<Text>Uygarlık Kalesi</Text>
		</Row>
		<Row Tag="LOC_TRAIT_LEADER_CITADEL_CIVILIZATION_DESCRIPTION">
			<Text>Son 10 turda bir savaş ilanı alırsa ya da son 20 turda bir şehri serbest bırakırsa, +%100 [ICON_Production] Üretim.</Text>
		</Row>
		<!-- Unit Info-->
		<Row Tag="LOC_UNIT_DIGGER_NAME">
			<Text>Kazıcı</Text>
		</Row>
		<Row Tag="LOC_UNIT_DIGGER_DESCRIPTION">
			<Text>Piyadenin yerini alan Avustralya'nın benzersiz Modern çağ birimi. Sahil peteklerinde savaşırken, +10 [ICON_Strength] Savaş Gücü. Tarafsız veya Yabancı Bölgede savaşırken, +5 [ICON_Strength] Savaş Gücü.</Text>
		</Row>
		<Row Tag="LOC_ABILITY_DIGGER_NAME">
			<Text>Kazıcı</Text>
		</Row>
		<Row Tag="LOC_ABILITY_DIGGER_DESCRIPTION">
			<Text>Sahil peteklerinde savaşırken, +10 [ICON_Strength] Savaş Gücü. Tarafsız veya Yabancı Bölgede savaşırken, +5 [ICON_Strength] Savaş Gücü.</Text>
		</Row>
		<Row Tag="LOC_ABILITY_DIGGER_BONUS_ON_COAST_DESCRIPTION">
			<Text>Sahil peteklerinde +10 [ICON_Strength] Savaş Gücü.</Text>
		</Row>
		<Row Tag="LOC_ABILITY_DIGGER_NON_DOMESTIC_BONUS_DESCRIPTION">
			<Text>+{1_Amount} Dost Bölgelerin Dışındaki Güçle Mücadele</Text>
		</Row>
		<!-- XP2-->
		<Row Tag="LOC_TRAIT_LEADER_CITADEL_CIVILIZATION_EXPANSION2_DESCRIPTION">
			<Text>[ICON_PRODUCTION] +%100 Üretim, son 10 turda bir savaş ilanı almışlar ya da bir kenti kurtarmışlarsa.</Text>
		</Row>
	</BaseGameText>
</GameData>
