﻿<?xml version="1.0" encoding="utf-8"?>
<!-- edited with XMLSPY v2004 rel. 2 U (http://www.xmlspy.com) by Ed Beach (Firaxis Games) -->
<GameData>
	<EnglishText>
		<Row Tag="LOC_INDONESIA_KHMER_SCENARIO_NAME">
			<Text>Nirvana Yolu</Text>
		</Row>
		<Row Tag="LOC_INDONESIA_KHMER_SCENARIO_TOOLTIP">
			<Text>Asya'da en çok hangi inanç parlayacak? 50 tur sürer.</Text>
		</Row>
		<Row Tag="LOC_INDONESIA_KHMER_SCENARIO_MAP_NAME">
			<Text>Doğu Asya</Text>
		</Row>
		<Row Tag="LOC_INDONESIA_KHMER_SCENARIO_MAP_DESCRIPTION">
			<Text>Doğu Asya'nın senaryo gösterimi</Text>
		</Row>
		<Row Tag="LOC_INDONESIA_KHMER_SCENARIO_DESCRIPTION">
			<Text>Hint Okyanusu çevresindeki topraklar birçok din ve birçok insanla gelişir. Cennet, tüm bu topraklara ışığı getirmenizi seçti. İnancınız zorluğa mı dayanıyor? Güneydoğu Asya halkını dininizi takip etmeye ikna edebilir misiniz?[NEWLINE][NEWLINE]Bu 50 dönüş senaryosunda, dininizin en fazla takipçisi, sıra başına en fazla inanç ve dininizi takip eden en yabancı şehirler için rekabet edin.</Text>
		</Row>
		<Row Tag="LOC_VICTORY_INDONESIA_KHMER_SCENARIO_SCORE_DESCRIPTION">
			<Text>Nirvana, zaman sınırından sonra en yüksek puana ulaşılarak ulaşılır.</Text>
		</Row>
		<Row Tag="LOC_LOADING_INFO_INDONESIA_KHMER_SCENARIO">
			<Text>Cennetin kutsamaları sizin üzerinize insin, hükümdar! Bu topraklarda birçok din uygulanmaktadır ve birçok inanç kurtuluşa söz vermektedir. Sözünüzü halkın kalbine yayacak mısınız? Yoksa bu ruhlar diğer inançlar tarafından sallanacak mı? Devlet meselelerini yöneticilere bırakın ve şefkatli kalbinizi aydınlanma görevine çevirin.</Text>
		</Row>
		<!-- China-->
		<Row Tag="LOC_TRAIT_CIVILIZATION_SCENARIO_CHINA_NAME">
			<Text>Taoculuk</Text>
		</Row>
		<Row Tag="LOC_TRAIT_CIVILIZATION_SCENARIO_CHINA_DESCRIPTION">
			<Text>Kurulan Taoizm Diniyle başlıyor. Bu dinin aşağıdaki inançları vardır:[NEWLINE][ICON_Bullet] Nehir Tanrıçası: +1 [ICON_Amenities] Bir Nehrin bitişiğinde bir Kutsal Site semtine sahip olmaları durumunda şehirlere uygunluk.[NEWLINE][ICON_Bullet] Dünyayı besleyin: Tapınaklar ve Tapınaklar [ICON_Food] Yiyecek kendi içlerine eşit [ICON_Faith] İnanç çıktısı. [NEWLINE] [ICON_Bullet] Pagoda: Pagodaların yapımına izin verir (+3 [ICON_Faith] İnanç). Rahip birimler +1 Sapıklık ve Guru +1 İyileştirme kaldır. Baskı ile Kilitsiz.[NEWLINE][ICON_Bullet] Manastır İzolasyonu: Din'in baskısı, İlahiyat Savaşındaki kayıplar nedeniyle asla düşmez.</Text>
		</Row>
		<Row Tag="LOC_TRAIT_LEADER_SCENARIO_CHINA_NAME">
			<Text>Kent</Text>
		</Row>
		<Row Tag="LOC_TRAIT_LEADER_SCENARIO_CHINA_DESCRIPTION">
			<Text>Erken Kent İmparatorluğu ile başlar.</Text>
		</Row>
		<!-- Chola-->
		<Row Tag="LOC_CIVILIZATION_SCENARIO_CHOLA_NAME">
			<Text>Chola</Text>
		</Row>
		<Row Tag="LOC_CIVILIZATION_SCENARIO_CHOLA_DESCRIPTION">
			<Text>Chola İmparatorluğu</Text>
		</Row>
		<Row Tag="LOC_CIVILIZATION_SCENARIO_CHOLA_ADJECTIVE">
			<Text>Chola</Text>
		</Row>
		<Row Tag="LOC_TRAIT_CIVILIZATION_SCENARIO_CHOLA_NAME">
			<Text>Shaivism</Text>
		</Row>
		<Row Tag="LOC_TRAIT_CIVILIZATION_SCENARIO_CHOLA_DESCRIPTION">
			<Text>Kurulan Shaivism Din ile başlar. Bu dinin aşağıdaki inançları var:[NEWLINE][ICON_Bullet]Kutsal Yol: Kutsal Alan ilçeleri, komşu Rainforest çinilerinden gelen +1 [ICON_Faith] İnanç alır.[NEWLINE][ICON_Bullet]Linga: [ICON_Faith] İnanç ile Ticaret Merkezi ve Liman bölgesi binaları satın alabilir.[NEWLINE][ICON_Bullet]Yönetim: Bu Dini izleyen şehirdeki her Ticaret Merkezi veya Liman bölgesi, +1 [ICON_FAITH] İnanç sağlar.[NEWLINE][ICON_Bullet]Yoga: [ICON_Faith] İnanç ile sivil birimler alabilir.</Text>
		</Row>
		<Row Tag="LOC_TRAIT_LEADER_SCENARIO_CHOLA_NAME">
			<Text>Kent</Text>
		</Row>
		<Row Tag="LOC_TRAIT_LEADER_SCENARIO_CHOLA_DESCRIPTION">
			<Text>Göksel Gezinti Kent ile başlar.</Text>
		</Row>
		<!-- Ghaznavid-->
		<Row Tag="LOC_CIVILIZATION_SCENARIO_GHAZNAVID_NAME">
			<Text>Gazneli</Text>
		</Row>
		<Row Tag="LOC_CIVILIZATION_SCENARIO_GHAZNAVID_DESCRIPTION">
			<Text>Gazneli İmparatorluğu</Text>
		</Row>
		<Row Tag="LOC_CIVILIZATION_SCENARIO_GHAZNAVID_ADJECTIVE">
			<Text>Gazneli İmparatorluğu</Text>
		</Row>
		<Row Tag="LOC_TRAIT_CIVILIZATION_SCENARIO_GHAZNAVID_NAME">
			<Text>Islam</Text>
		</Row>
		<Row Tag="LOC_TRAIT_CIVILIZATION_SCENARIO_GHAZNAVID_DESCRIPTION">
			<Text>Kurulan İslam Dini ile başlar. Bu dinin aşağıdaki inançları vardır:[NEWLINE][ICON_Bullet] Çöl Folkloru: Kutsal Alan ilçeleri +1 [ICON_Faith] Bitişik Çöl çinilerinden gelen iman. Barınma.[NEWLINE][ICON_Bullet] Camii: Camilerin yapımına izin verir (+3 [ICON_Faith] İnanç). Misyoner ve Keşiş birimleri +1 Yayıldı. Baskı ile açıldı.[NEWLINE][ICON_Bullet] Hac: +2 [ICON_Faith] Bu medeniyeti ve diğer şehirlerde bu dini takip eden her şehre olan inanç.</Text>
		</Row>
		<Row Tag="LOC_TRAIT_LEADER_SCENARIO_GHAZNAVID_NAME">
			<Text>Kentler</Text>
		</Row>
		<Row Tag="LOC_TRAIT_LEADER_SCENARIO_GHAZNAVID_DESCRIPTION">
			<Text>Göksel Gezinme, Para Birimi ve Erken İmparatorluk Sivilleri ile başlar.</Text>
		</Row>
		<!-- Indonesia-->
		<Row Tag="LOC_TRAIT_CIVILIZATION_SCENARIO_INDONESIA_NAME">
			<Text>Hindu Dharma</Text>
		</Row>
		<Row Tag="LOC_TRAIT_CIVILIZATION_SCENARIO_INDONESIA_DESCRIPTION">
			<Text>Kurulan Hindu Dharma Dini ile başlar. Bu dinin aşağıdaki inançları vardır:[NEWLINE][ICON_Bullet] Deniz Tanrısı: +1 [ICON_Production] Balıkçı Teknelerinden Üretim.[NEWLINE][ICON_Bullet] Büyük Nusantara: Kıyı ve Göl karoları Kutsal Alan bölgeleri için küçük bir bitişiklik bonusu sağlar.[NEWLINE][ICON_Bullet] Kampung: İnşaatçılar şimdi Kampung geliştirmeleri yapabilir. Guilds ile açıldı. [NEWLINE][ICON_Bullet]Seyyar Vaiz: Din, %30 daha ilerideki şehirlere yayıldı.</Text>
		</Row>
		<Row Tag="LOC_TRAIT_LEADER_SCENARIO_INDONESIA_NAME">
			<Text>Kent</Text>
		</Row>
		<Row Tag="LOC_TRAIT_LEADER_SCENARIO_INDONESIA_DESCRIPTION">
			<Text>Göksel Gezinti Kent ile başlar.</Text>
		</Row>
		<!-- Khmer-->
		<Row Tag="LOC_TRAIT_CIVILIZATION_SCENARIO_KHMER_NAME">
			<Text>Theravada Budizmi</Text>
		</Row>
		<Row Tag="LOC_TRAIT_CIVILIZATION_SCENARIO_KHMER_DESCRIPTION">
			<Text>Kurulan Theravada Budizm Dini ile başlıyor. Bu dinin aşağıdaki inançları vardır:[NEWLINE][ICON_Bullet] Taş Daireler: +2 [ICON_Faith] İnanç ve +2 [ICON_Production] Ocaklardan Üretim.[NEWLINE][ICON_Bullet] Dāna: Her bir tahıl ambarı. +1 [ICON_Amenities] Her Şehrin Yapısı.[NEWLINE][ICON_Bullet] Wat: Wat'ların yapımına izin verir (+3 [ICON_Faith] İnanç, +1 [ICON_Housing] Konut). Baskı ile açıldı.[NEWLINE][ICON_Bullet] Dünya Kilisesi: +1 [ICON_Culture] Diğer Uygarlıklarda bu dinin her 5 takipçisi için kültür.</Text>
		</Row>
		<Row Tag="LOC_TRAIT_LEADER_SCENARIO_KHMER_NAME">
			<Text>Kentler</Text>
		</Row>
		<Row Tag="LOC_TRAIT_LEADER_SCENARIO_KHMER_DESCRIPTION">
			<Text>Erken İmparatorluk, Mühendislik ve Tasavvuf Kentleri ile başlar.</Text>
		</Row>
		<!-- Pala-->
		<Row Tag="LOC_CIVILIZATION_SCENARIO_PALA_NAME">
			<Text>Pala</Text>
		</Row>
		<Row Tag="LOC_CIVILIZATION_SCENARIO_PALA_DESCRIPTION">
			<Text>Pala İmparatorluğu</Text>
		</Row>
		<Row Tag="LOC_CIVILIZATION_SCENARIO_PALA_ADJECTIVE">
			<Text>Pala</Text>
		</Row>
		<Row Tag="LOC_TRAIT_CIVILIZATION_SCENARIO_PALA_NAME">
			<Text>Mahayana Budizmi</Text>
		</Row>
		<Row Tag="LOC_TRAIT_CIVILIZATION_SCENARIO_PALA_DESCRIPTION">
			<Text>Kurulan Mahayana Budizm Dini ile başlar. Bu dinin aşağıdaki inançları var:[NEWLINE][ICON_Bullet]Dünya Tanrıçası: +1 İnanç [ICON_Faith] Charming veya daha iyi çekiciliği olan çinilerden.[NEWLINE][ICON_Bullet]Work Ethic: +1% [ICON_Production] Her takipçi için üretim.[NEWLINE][ICON_Bullet]Mahayana Stupa: Stupas yapımına izin verir (+3 [ICON_Faith] Faith, +1 [ICON_Amenities] Tatlılık). Baskı ile açıldı.[NEWLINE][ICON_Bullet]Kutsal Emir: Misyonerler ve Rahipler satın almak için %30 daha ucuzdur.</Text>
		</Row>
		<Row Tag="LOC_TRAIT_LEADER_SCENARIO_PALA_NAME">
			<Text>Kent</Text>
		</Row>
		<Row Tag="LOC_TRAIT_LEADER_SCENARIO_PALA_DESCRIPTION">
			<Text>Tasavvuf Kenti ile başlar.</Text>
		</Row>
		<!-- Tufan-->
		<Row Tag="LOC_CIVILIZATION_SCENARIO_TUFAN_NAME">
			<Text>Tufan</Text>
		</Row>
		<Row Tag="LOC_CIVILIZATION_SCENARIO_TUFAN_DESCRIPTION">
			<Text>Tufan İmparatorluğu</Text>
		</Row>
		<Row Tag="LOC_CIVILIZATION_SCENARIO_TUFAN_ADJECTIVE">
			<Text>Tufan</Text>
		</Row>
		<Row Tag="LOC_TRAIT_CIVILIZATION_SCENARIO_TUFAN_NAME">
			<Text>Vajrayana Budizmi</Text>
		</Row>
		<Row Tag="LOC_TRAIT_CIVILIZATION_SCENARIO_TUFAN_DESCRIPTION">
			<Text>Kurulan Vajrayana Budizm Dini ile başlar. Bu dinin aşağıdaki inançları var:[NEWLINE][ICON_Bullet]Açık Gökyüzü Tanrısı: +2 [ICON_FOOD] Meralardan Gelen Yemek.[NEWLINE][ICON_Bullet]Zen Meditasyonu: +1 [ICON_Amenities] 2 özel bölgeye sahip şehirlerdeki şıklığı.[NEWLINE][ICON_Bullet]Vajrayana Stupa: Stupas yapımı sağlar (+3 [ICON_Faith] İnanç, +1 [ICON_Amenities] Tatlılık) Baskı ile açıldı.[NEWLINE][ICON_Bullet]Misyoner Zeal: Dini birimler [ICON_Movement] Arazi ve özelliklerin hareket maliyetleri.</Text>
		</Row>
		<Row Tag="LOC_TRAIT_LEADER_SCENARIO_TUFAN_NAME">
			<Text>Kent</Text>
		</Row>
		<Row Tag="LOC_TRAIT_LEADER_SCENARIO_TUFAN_DESCRIPTION">
			<Text>Tasavvuf Kenti ile başlar.</Text>
		</Row>
	</EnglishText>
</GameData>
