﻿<?xml version="1.0" encoding="utf-8"?>
<GameData>
	<EnglishText>
		<!-- This is a bit of a kludge to deal with the fact that our loc tool doesn't like duplicate keys between main DLC and scenario. -->
		<!-- The following strings are prefixed with a unique scenario key then later renamed. -->
		<Row Tag="LOC_PEDIA_CIVILIZATIONS_PAGE_CIVILIZATION_INDONESIA_CHAPTER_HISTORY_PARA_1_SCENARIO">
			<Text>Majapahit'in ilk kralı olan Raden Wijaya, Budizm'i ve Hinduizm'i Onüçüncü Yüzyılın sonundaki devlet dinine, Budizm'in Hinduizm'e tabi olduğu için yan yana bir arada bulunan tanrılarla birleştirecektir.</Text>
		</Row>
		<Row Tag="LOC_PEDIA_CIVILIZATIONS_PAGE_CIVILIZATION_INDONESIA_CHAPTER_HISTORY_PARA_2_SCENARIO">
			<Text>Yine de, Budist ve Hindu taraftarlarının kendi kesin tanımlanmış toplulukları vardı ve Majapahit yasası evangelizm ve dönüşümü yasakladı. Bu arada, çok uzaklardaki dağlarda ve köylerde, eski ve yerli inançları uygulayanların ritüellerini kesintisiz olarak (devlet dinine tehdit olarak görülmeden) yapmalarına izin verildi. Böylelikle kral, yeni liderleri tanrılarını değiştirmek isteyen endişeli olabilecek yerel yöneticilerle olan sinir bozucu çatışmalardan kaçındı.</Text>
		</Row>
		<Row Tag="LOC_PEDIA_CIVILIZATIONS_PAGE_CIVILIZATION_INDONESIA_CHAPTER_HISTORY_PARA_3_SCENARIO">
			<Text>Bu dualizm, Budist Singasari saltanatından yumuşak bir geçişe izin verirken, Majapahit'in kralın yönetimini kutsamak için kendi Hindu ayinlerini kullanmalarına izin verdi.</Text>
		</Row>
		<Row Tag="LOC_PEDIA_CIVILIZATIONS_PAGE_CIVILIZATION_KHMER_CHAPTER_HISTORY_PARA_1_SCENARIO">
			<Text>802 CE’de iktidara geldiğinde, Jayavarman II kendini “Cakravartin” veya “evrensel yönetici” ilan eder. Ortalama fatihi / olacak olan kral için, bu basit bir başarı olmazdı, ancak Jayavarman II'nin tarafında devaraja kültü vardı ve iktidarı üstlendiğinde onları krallığının devlet aygıtına yerleştirecekti.</Text>
		</Row>
		<Row Tag="LOC_PEDIA_CIVILIZATIONS_PAGE_CIVILIZATION_KHMER_CHAPTER_HISTORY_PARA_2_SCENARIO">
			<Text>Adı "Tanrı-Kral" anlamına gelen devaraja kültü, Shiva'ya adanmış bir matrilin mezhebiydi ve Angkor krallarının tarihi boyunca yöneticileri koronatlamak için kullanıldı.</Text>
		</Row>
		<Row Tag="LOC_PEDIA_CIVILIZATIONS_PAGE_CIVILIZATION_KHMER_CHAPTER_HISTORY_PARA_3_SCENARIO">
			<Text>Devaraja'nın hattı, kutsal adamdan talimatlarını alan papaz Sivakaivalya ile devam ederdi. Devarajaların ve uygulamalarının sürekliliği, kralın başkentini hareket ettirdiğinde, kültün (Sivakaivalya'nın bütün ailesi ile birlikte) birlikte taşınması çok önemliydi.</Text>
		</Row>

		<!-- Units -->
		<Row Tag="LOC_PEDIA_UNITS_PAGE_UNIT_GURU_CHAPTER_HISTORY_PARA_1">
			<Text>"Guru", belli bir alanda bir usta ve öğretmeni, tipik olarak din ve öğretisini belirten bir Sanskritçe terimdir. Gurus Hinduizm'de, Jainizm'de, Budizm'in bazı kollarında ve en başta da kurucusu Guru Nanak olan Sihizm'de önemlidir. Gur ve öğrenci arasındaki uygun bir ilişki, bu dinlerde öğrencilere kritik yol gösterici olarak kabul edilir, ancak gurunun öğrenciye talimat verme yöntemleri gelenekler arasında farklılık gösterir. Fakat bütün bunlar, gurusu sadece bir öğretmenden daha fazla ifade eder, ancak bir manevi bilgelik ve kutsal öğretimin bir çeşididir.</Text>
		</Row>
		<Row Tag="LOC_PEDIA_UNITS_PAGE_UNIT_MONK_CHAPTER_HISTORY_PARA_1">
			<Text>Bir keşiş, münzevi bir dua ve ruhsal adanmışlık hayatı yaşamak için laik dünyadan feragat eden dini bir uygulayıcıdır. Hristiyanlık, Budizm ve Jainizm dahil pek çok dini gelenek inancının bir parçası olarak manastır geleneklerine sahiptir. Bazı manastır emirleri neredeyse tamamen dünyadan çekilirken, diğerleri çevrelerindeki topluma hizmetleriyle tanınmaktadır. Rahipler genellikle dünyayla ilişkilerinden ayrıldıklarını gösteren özel kıyafetler giyerler.</Text>
		</Row>
		<Row Tag="LOC_PEDIA_UNITS_PAGE_UNIT_PRIEST_CHAPTER_HISTORY_PARA_1">
			<Text>Bir rahip, genellikle kendi rolleri için özel hazırlık yapmış olan dindar bir liderdir. Terim, "yaşlı" anlamına gelen Latince "hazırlayıcı" kelimesinden türetilmiştir, ancak genel olarak bugün ve tarih boyunca pek çok dinde oynadığı rolü kapsadığı bilinmektedir. Papazın işi, arkeolojik ve kültürel kayıtlarda neredeyse tarımın gelişmesiyle aynı anda görünen en eski insan işgallerinden biri olabilir. Rahipler, insanlar ve tanrıları arasında aracı olarak hizmet etmeye, fedakarlık teklif etmeye ve kritik yaşam olaylarını işaret eden ritüeller sağlamaya davet edilir. Bir rahip, rollerinin bir parçası olarak özel yükümlülükler ve kısıtlamalar alabilir veya toplumdaki rollerine ek olarak unvanlarını alabilir.</Text>
		</Row>
		<Row Tag="LOC_PEDIA_UNITS_PAGE_UNIT_MISSIONARY_CHAPTER_HISTORY_PARA_1">
			<Text>Bir misyoner, dinini yaymaya ve inançlı olmayanları buna dönüştürmeye çağrılan bir kişidir. Bu sürece proselytization denir ve olası inananlar adına ya da daha güçlü yöntemler adına hayır işleri ile birlikte verilebilir. Misyonerler, rahipler gibi dini olarak isimlendirilebilir ya da inanca adanmış kişiler olabilir. Misyonerler bazen, inandıkları, ritüelleri ve dili belgelemek de dahil olmak üzere, çoğu zaman tercih ettikleri inançlarla değiştirmeyi istemekle birlikte, temas ettikleri kültürler hakkında fikir verir.</Text>
		</Row>
		<!-- Civs -->
		<Row Tag="LOC_PEDIA_CIVILIZATIONS_PAGE_CIVILIZATION_CHINA_CHAPTER_HISTORY_PARA_1">
			<Text>Song Hanedanlığı altındaki Çin, nüfusun Onuncu ve Onbirinci Yüzyıllarda CE’nin iki katına çıktığı geniş bir büyüme dönemiydi. Çin’in ulaşımı o dönemde harikaydı, İpek Yolu boyunca Khotan ve Dali gibi çok uzak olan krallıklarla müşteri-devlet ilişkisini sürdürecekti.</Text>
		</Row>
		<Row Tag="LOC_PEDIA_CIVILIZATIONS_PAGE_CIVILIZATION_CHINA_CHAPTER_HISTORY_PARA_2">
			<Text>Neyse ki, bu bölgelerdeki Müslümanlar, Yahudiler ve Manichenler için Çin, büyük ölçüde hoşgörülü bir Budizm dönemi yaşıyordu. Hareketli basın din ve maneviyat üzerine literatürü yaygınlaştırırken, rahipler Çin'den Hindistan'a seyahat etmek ve öğrenmelerini geri getirmek için seyahat etti.</Text>
		</Row>
		<Row Tag="LOC_PEDIA_CIVILIZATIONS_PAGE_CIVILIZATION_CHINA_CHAPTER_HISTORY_PARA_3">
			<Text>Kuzey Song’ta, büyük Budist pagodalarının bir gezginin göreceği ilk şey olması amaçlandı. Bunlar arasında öne çıkan Youguo Tapınağı Demir Pagodası veya 1049 yılında İmparator Renzong altında inşa edilen 'Demir Pagoda' idi.</Text>
		</Row>
		<Row Tag="LOC_PEDIA_CIVILIZATIONS_PAGE_CIVILIZATION_CHOLA_CHAPTER_HISTORY_PARA_1">
			<Text>Cholas'ın Tamil Hanedanlığı, MÖ Üçüncü Yüzyıl ile CE Onüçüncü Yüzyıl CE arasında hüküm sürdüğü sırada, esas olarak Shaivite Hindulardı. Güney Hindistan'da Shiva ve ailesine adanmış tapınakların yapımıyla tanınıyorlardı. İmparatorluklarını genişletecekleri gibi, Cholas tapınaklar kuracak ve diğer Hint dinlerine hâlâ tahammül ederken Şiva ibadetini açacaktı.</Text>
		</Row>
		<Row Tag="LOC_PEDIA_CIVILIZATIONS_PAGE_CIVILIZATION_CHOLA_CHAPTER_HISTORY_PARA_2">
			<Text>Muhtemelen bu nedenle, 1133 yılında Vishnevite havari Ramanachooloo, Vishnu ile ilgili iyi sözleri yaymanın güvenli olacağını düşündü. Ancak, o zamanlar Chola-Raja'nın başka fikirleri vardı: bütün konularının Shiva'ya bir inanç itirafı yaptığını ilan etmek.</Text>
		</Row>
		<Row Tag="LOC_PEDIA_CIVILIZATIONS_PAGE_CIVILIZATION_CHOLA_CHAPTER_HISTORY_PARA_3">
			<Text>Ramanjooloo, dönüşümünü işaretlemek için ismini Vishnoo Verdana olarak değiştiren rajayı dönüştüreceği Mysore'a kaçacaktı.</Text>
		</Row>
		<Row Tag="LOC_PEDIA_CIVILIZATIONS_PAGE_CIVILIZATION_GHAZNAVID_CHAPTER_HISTORY_PARA_1">
			<Text>Bu Müslüman hanedanı, Türk askerlerini, Hindistan’daki kampanyalarda düzenli olarak bölgedeki Jainler, Hindular ve diğer Müslüman olmayan dinlere zarar verecek şekilde gönderecekti.</Text>
		</Row>
		<Row Tag="LOC_PEDIA_CIVILIZATIONS_PAGE_CIVILIZATION_GHAZNAVID_CHAPTER_HISTORY_PARA_2">
			<Text>Onbirinci Yüzyılda, Gazneli’nin kronik kralı Ebu Nasr el Utbi, Sultan’ın bu sinir bozucu, yabancı putları temizlemek ve İslam’ı Hindistan’a getirmek için Hindistan’a yaptığı görevi üstleneceğini yazacaktı.</Text>
		</Row>
		<Row Tag="LOC_PEDIA_CIVILIZATIONS_PAGE_CIVILIZATION_GHAZNAVID_CHAPTER_HISTORY_PARA_3">
			<Text>Bir asır önce, Gazneli Mahmud farklı bir çiviyi ele geçirecekti (Hint Hinduları ile daha karmaşık bir ilişki içinde). 998’den 1030’daki ölümüne kadar hüküm süren Mahmud’un, yabancı bölgelere karşı daha hoşgörülü bir el gösterdiği ve Hint topraklarını fethettiği Hindistan topraklarını yönetmek için kullandığı biliniyordu.</Text>
		</Row>
		<Row Tag="LOC_PEDIA_CIVILIZATIONS_PAGE_CIVILIZATION_GHAZNAVID_CHAPTER_HISTORY_PARA_4">
			<Text>Ancak 'Hoşgörülü' yumuşak anlamına gelmez. Mahmud, Hindistan'ı 17 kez istila eder ve 1027'de savaşta 5000 Hindu öldürerek Somnath Tapınağı'nı yağmalardı.</Text>
		</Row>
		<Row Tag="LOC_PEDIA_CIVILIZATIONS_PAGE_CIVILIZATION_PALA_CHAPTER_HISTORY_PARA_1">
			<Text>750 hane hanedanlarının başlangıcı ile dört yüzyıl sonra gerileyen Pala Hanedanı, bölgedeki Budizm müşterilerini ayırt etti. İlk binyılın ikinci yarısında Mahayana Budizminin Güneydoğu Asya'da ortaya çıkmasına izin verecek tür bir himayeydi.</Text>
		</Row>
		<Row Tag="LOC_PEDIA_CIVILIZATIONS_PAGE_CIVILIZATION_PALA_CHAPTER_HISTORY_PARA_2">
			<Text>Ve bu etkinin çoğu Atisha (ya da Atiśa) keşişine desteklerinden geldi. 982'de Candragarbhaa adı altında doğdu, kraliyet ailesinin bir üyesiydi.</Text>
		</Row>
		<Row Tag="LOC_PEDIA_CIVILIZATIONS_PAGE_CIVILIZATION_PALA_CHAPTER_HISTORY_PARA_3">
			<Text>Bir keşiş olarak, 1013'ten başlayarak 12 yıl boyunca çalışacağı 10 günden başlayarak Srivijaya krallığına seyahat ederdi (muhtemelen o zaman Srivijaya'da tekmelemeye başlayan siyasi kargaşayı önlemek için 1025'te Hindistan'a geri dönüyordu).</Text>
		</Row>
		<Row Tag="LOC_PEDIA_CIVILIZATIONS_PAGE_CIVILIZATION_PALA_CHAPTER_HISTORY_PARA_4">
			<Text>Yolculukları (ve ailesinin etkisi) en iyi Tibet'te, yerliler arasında kendisini ayıracağı ve onları Mahayana Budizm'e yeniden tanıtacağı zamanla tanınır.</Text>
		</Row>
		<Row Tag="LOC_PEDIA_CIVILIZATIONS_PAGE_CIVILIZATION_TUFAN_CHAPTER_HISTORY_PARA_1">
			<Text>Uygur 803'te Tufan'ı Tibetlilerden aldıktan sonra, dini, devletin inancı haline getirerek, kendi ulusal kimlikleriyle dolaştırmaya devam edeceklerini söylediler. Bir süre için.</Text>
		</Row>
		<Row Tag="LOC_PEDIA_CIVILIZATIONS_PAGE_CIVILIZATION_TUFAN_CHAPTER_HISTORY_PARA_2">
			<Text>Budizm hala Çin'in yakınlardaki etkisi ve Tufan'ın İpek Yolu üzerindeki konumu sayesinde hala sallanmaya devam edecek, ancak Uygurlar ve Tufan'ın dini kimliğini çarpıcı biçimde değiştirmeye yardımcı olacak Moğol komşuları arasında Müslümanların varlığı vardı. .</Text>
		</Row>
		<Row Tag="LOC_PEDIA_CIVILIZATIONS_PAGE_CIVILIZATION_TUFAN_CHAPTER_HISTORY_PARA_3">
			<Text>Onuncu Yüzyıl'da Kaşgarlı Sultan Boghra Han (veya Satuq Bughra Khan Gazi) gibi fetihler Tufan'ı izliyor olacak ve Hitay'ye komşu yönde bir yıllık bir dönüşüm savaşı yapacaktı.</Text>
		</Row>
		<Row Tag="LOC_PEDIA_CIVILIZATIONS_PAGE_CIVILIZATION_TUFAN_CHAPTER_HISTORY_PARA_4">
			<Text>Yuan Hanedanlığı döneminde (1260-1368 arasında), dönüşüm tamamlanacaktı; Müslüman cemaat üyeleri (göreceli olarak) bölge genelinde barışa dahil edildi, hatta Çin mahkemesinde görev yaptılar.</Text>
		</Row>
		<!-- City States -->
		<Row Tag="LOC_PEDIA_CITYSTATES_PAGE_CIVILIZATION_DALI_CHAPTER_HISTORY_PARA_1">
			<Text>Dağlık Dali Krallığı halkı, Tantrik Budizm'i yakınlardaki Tang Hanedanlığı'ndan devralacaktı. 937 ile 1253 yılları arasında, Budizm'i bölgeye yaymak ve yaymak için Güney İpek Yolu'nun sorumluluğunu kullanıyorlar.</Text>
		</Row>
		<Row Tag="LOC_PEDIA_CITYSTATES_PAGE_CIVILIZATION_DELHI_CHAPTER_HISTORY_PARA_1">
			<Text>Bazen 3500 yıldan daha eski olduğu söylenen bu antik kent, Zerdüştlük, Budizm, Hinduizm ve İslam gibi çok sayıda inanca ev sahipliği yapacak. Ancak, aynı zamanda, 27 Ocak tapınağının imha edilmesini emrederken, cami yapısını büyük ölçüde genişletecek olan Sultan Qutb-ud-din Aybak'ın 'Köle Hanedanlığı' sırasında olduğu gibi de temizlemeye katlanacaktı.</Text>
		</Row>
		<Row Tag="LOC_PEDIA_CITYSTATES_PAGE_CIVILIZATION_GAOCHANG_CHAPTER_HISTORY_PARA_1">
			<Text>Dokuzuncu Yüzyıl boyunca Gaochang, Türk Uygurlara ev sahipliği yapacaktır. Bu çölde vahaları, Budizm, Manicayizm ve Nestorian Hristiyanlık pratisyenleri de dahil olmak üzere her şeyi çekecektir. Ancak, Uygur yerleştiğinde, Budizm'e dönüşecekler ve Qocho Krallığı sırasında tapınaklar inşa etmeye başlayacaklardı.</Text>
		</Row>
		<Row Tag="LOC_PEDIA_CITYSTATES_PAGE_CIVILIZATION_GOA_CHAPTER_HISTORY_PARA_1">
			<Text>Yerel Hindu liderlerinin teşviki ile İslam, On Birinci Yüzyılda Arap tüccarlar aracılığıyla Goa'ya gelecekti. Bu tolerans sürmez; Onüçüncü Yüzyıl'a gelindiğinde, Delhi'den İslami fatihler inançlarının daha katı bir biçimini ithal edeceklerdi ve bir yüzyıl içinde, tek onaylı din olacaktı.</Text>
		</Row>
		<Row Tag="LOC_PEDIA_CITYSTATES_PAGE_CIVILIZATION_HEIAN_CHAPTER_HISTORY_PARA_1">
			<Text>Bu dönemde Çin'den üç büyük ihracat gelecektir: çay ve Budizm'in rekabet eden iki çeşidi. Eşitlikçi Tendai Budizmi (kelimenin tam anlamıyla) Enryaku-ji tapınağında tutulurken, Shingon Budizmi devlete ve inanca katılarak imparatorluk mahkemesi tarafından benimsenecekti.</Text>
		</Row>
		<Row Tag="LOC_PEDIA_CITYSTATES_PAGE_CIVILIZATION_KAESONG_CHAPTER_HISTORY_PARA_1">
			<Text>Onun hükümdarlığı döneminde (918-943), Wang Geon, Kaesong'da güçlü bir Budizm koruyucusu olacak ve Gaegyeong'un yeni başkentinde 10 manastırın inşasını emredecekti. Aşılmaması gereken halefler, tüm Budist metinlerini bir araya getiren 70 hale getirici ve 80.000 tahta oymacılığı inşa edecek.</Text>
		</Row>
		<Row Tag="LOC_PEDIA_CITYSTATES_PAGE_CIVILIZATION_KASHGAR_CHAPTER_HISTORY_PARA_1">
			<Text>Kaşgar Uygurlarının vahası, İpek Yolu'ndaki bir merkezdi ve onu bölgedeki tüccarlar için kültürel, sosyal ve ekonomik bir destinasyon haline getirdi. Dezavantajı, 711 MS’de başlayan üç yüzyıl boyunca bir dizi istilaya teşebbüs eden Müslüman istilacılar da dahil olmak üzere tüm sinir bozucu fatihlerdi.</Text>
		</Row>
		<Row Tag="LOC_PEDIA_CITYSTATES_PAGE_CIVILIZATION_KHOTAN_CHAPTER_HISTORY_PARA_1">
			<Text>İslam öncesi tarihinde, Khotan uzun zamandır iki ulusun seçkinleri ile birleşen, Çinli bir Budist müttefikiydi. Ancak 1000 MS’ye kadar, Khotan Kaşgar’la ileri geri kanlı savaşa girip İslam’ın Yusuf Kadir’in egemenliğine girecekti.</Text>
		</Row>
		<Row Tag="LOC_PEDIA_CITYSTATES_PAGE_CIVILIZATION_KUCHA_CHAPTER_HISTORY_PARA_1">
			<Text>Kucha Uygur yöneticileri, Song Hanedanlığı döneminde Çinli komşularıyla güçlü bir diplomatik ve dini bağ sürdürdüler. Bu ilişki, 10.72 ve 1096 yıllarında Çinlilere yeşim Buda heykelleri gönderdiği söylenen Onbirinci Yüzyılda Karakanidin fatihi Sultanları ile sürecek.</Text>
		</Row>
		<Row Tag="LOC_PEDIA_CITYSTATES_PAGE_CIVILIZATION_LAMPHUN_CHAPTER_HISTORY_PARA_1">
			<Text>Efsaneye göre, Budist Lamphun ve Lop Buri kralları 1130 ve 1150'de savaşa girdiğinde, her ikisi de Wat Jam Thewi'nin etrafında mücadele etmek yerine kutsal yapıyı 'dhammayuddha' olarak kabul etti. Efsaneler onlar için bazı gerçeklere sahip olabilir - bu tür tapınakların kanıtı bugün sitede bulunmaktadır.</Text>
		</Row>
		<Row Tag="LOC_PEDIA_CITYSTATES_PAGE_CIVILIZATION_LAMURI_CHAPTER_HISTORY_PARA_1">
			<Text>Bu krallığın Onuncu ve Onbirinci yüzyıllar arasında karışık ve biraz belirsiz bir kaydı var. Hintli ve Arap tüccarlar, zamanın Mahayana Budist Srivijaya’nın etkisi altında olacak olan egemen bir saltanat olduğunu söylüyorlar.</Text>
		</Row>
		<Row Tag="LOC_PEDIA_CITYSTATES_PAGE_CIVILIZATION_MALABANG_CHAPTER_HISTORY_PARA_1">
			<Text>Sömürge öncesi Malabang evi olarak adlandırılan gruplar arasında Maranalar vardı. Göl halkının bu kabilesi, Müslüman kimliklerini 1475 yılında Johor’dan Filipinler’in ne olacağına isabet edecek olan Maguindanao’nun Sultan Şerifi Muhammed Kabunsuwan’a kadar izliyor.</Text>
		</Row>
		<Row Tag="LOC_PEDIA_CITYSTATES_PAGE_CIVILIZATION_PAGAN_CHAPTER_HISTORY_PARA_1">
			<Text>Burma'yı birleştirdikten sonra, Kral Anawrahta 1057'de tahakkuk eden Thaton Mon'i Pagan Krallığı'na sınır dışı ederdi - istemeyen bir şekilde Mon Budizmi'ni 1301'in son Moğol istilasına kadar gelişeceği alıcı bir nüfusa götürürdü.</Text>
		</Row>
		<Row Tag="LOC_PEDIA_CITYSTATES_PAGE_CIVILIZATION_PALEMBANG_CHAPTER_HISTORY_PARA_1">
			<Text>671 yılında Çinli Budist keşiş Yijing, daha sonra Hindistan'da uygulanan stille neredeyse aynı olduğunu belirten Palembang tarzı Budizm ile birlikte alındı. Yijing, gelecekteki Çinli hacılara Hindistan'a gitmeden önce uygun uygulamaları öğrenmek için Srivijaya'yı ziyaret etmelerini önerecektir.</Text>
		</Row>
		<Row Tag="LOC_PEDIA_CITYSTATES_PAGE_CIVILIZATION_SAMARKAND_CHAPTER_HISTORY_PARA_1">
			<Text>Sekizinci Yüzyıl MS’den bu yana Semerkant, Ekvador Hristiyanların Büyükşehir Görülmesinden biriydi. Bunlar, bölgedeki Hristiyanlığın kökenleriydi. Cengiz Hanların haleflerinden Algigidai'nin saltanat döneminde Katolikliği dönüştürdüğü ve buna izin verdiği söyleniyordu.</Text>
		</Row>
		<Row Tag="LOC_PEDIA_CITYSTATES_PAGE_CIVILIZATION_SOMNATH_CHAPTER_HISTORY_PARA_1">
			<Text>Somnath'taki Shaivite tapınağını yıkma çabaları hakkında, inşaat hakkında yaptığımızdan çok daha fazla şey biliyoruz. 1027'de MS, ikinci tapınağı Gazneli Sultan Mahmud'un 1169'da başka bir yeniden yapılanma aşamasına sokacak şekilde imha edecektir.</Text>
		</Row>
		<Row Tag="LOC_PEDIA_CITYSTATES_PAGE_CIVILIZATION_THANG_LONG_CHAPTER_HISTORY_PARA_1">
			<Text>Lý Thái Tổ, Thăng Long'u Vietnam'ın yeni başkenti yaptığında, Budizm'i devlet dini olarak da kurardı. Vatandaşlarını, Budist rahiplere aday olmaya teşvik ettiği ve 1016'da en az 1.000 kişinin sadece başkentte yaptığını söyleyen tutkusu buydu.</Text>
		</Row>
		<Row Tag="LOC_PEDIA_CITYSTATES_PAGE_CIVILIZATION_TEMASEK_CHAPTER_HISTORY_PARA_1">
			<Text>Temasek, birkaç yöneticinin (ve dinlerinin) yönetiminin altına giriyor. Majapahit ve Siam, Budizm'i de beraberlerinde getirerek, bölgenin art arda kontrolünü ele geçirdiler. 'Malay Annals' 1409'da Kral Paramesvara'nın İslam'ı ve Malay yarımadasını da yanına alarak kontrolü ele alacağını söyledi.</Text>
		</Row>
		<Row Tag="LOC_PEDIA_CITYSTATES_PAGE_CIVILIZATION_TONDO_CHAPTER_HISTORY_PARA_1">
			<Text>Hinduizm ve Budizm 900 MS kadar erken Tondo'ya doğru yola koyuldu. En azından, bir Budist-Hindu ay takvimine atıfta bulunan en eski yazılı kanıt olan Laguna Copperplate'in tarihi budur. Her ikisi de daha sonra Dördüncü Yüzyılda İslam'ın yerini alacaktı.</Text>
		</Row>
		<Row Tag="LOC_PEDIA_CITYSTATES_PAGE_CIVILIZATION_TURPAN_CHAPTER_HISTORY_PARA_1">
			<Text>762’de Turpan’ı ele geçirdikten sonra Uygurlar, Maniççi misyonerlerden o kadar etkileneceklerdi ki, devletin tarihte ilk ve tek kez yapacağı resmi resmi din olarak Maniçalizmi ilan edeceklerdi.</Text>
		</Row>
		<Row Tag="LOC_PEDIA_CITYSTATES_PAGE_CIVILIZATION_UJJAIN_CHAPTER_HISTORY_PARA_1">
			<Text>1235 şehri Delhi Saltanatı tarafından ele geçirmeden önce, Ujjain uzun zamandır önemli bir Hindu bölgesi olarak kabul edildi. O kadar önemli ki, bazıları tanrılar ölümsüzlük kabı üzerinde savaştığında, Ujjain’e bir damla düşerek şehri kutsallaştırdığına inanıyordu.</Text>
		</Row>
		<Row Tag="LOC_PEDIA_CITYSTATES_PAGE_CIVILIZATION_VIJAYA_CHAPTER_HISTORY_PARA_1">
			<Text>Onikinci Yüzyılın sonunda, Vijaya siyasi ve kültürel bir merkezdi ve Hindu Cham nezaketini yeni başlı Khmer Kralı Jayavarman VII için cazip bir hedef haline getirdi. 1200'lerin ilk on yılında Vijaya, Khmer'in Mahayana Budist etkisi altına girecekti.</Text>
		</Row>
		<Row Tag="LOC_PEDIA_CITYSTATES_PAGE_CIVILIZATION_XINGQING_CHAPTER_HISTORY_PARA_1">
			<Text>Tangut halkı, Batı Xia'nın merkezi olan Xingqing Vilayeti'nin nüfusunu (1227'de Moğollar tarafından işten çıkarılmadan önce) oluşturuyordu. Song Komşularının Budizminden etkilenmesi muhtemel olsa da, kendi şamanist uygulamalarını sürdürdüler.</Text>
		</Row>
		<Row Tag="LOC_PEDIA_CITYSTATES_PAGE_CIVILIZATION_ZHONGJING_CHAPTER_HISTORY_PARA_1">
			<Text>Zhongjing’deki Beyaz Pagoda’nın 1189 yapımı yalnızca bir Budist anıtı değildi, aynı zamanda Guayin imgesine sahip Beyaz bornoz takma gibi bazı yapı unsurlarının şamanizmin ve ev tanrılarının arzusunun rehberlik edebileceğini gösterebilir. inşaat.</Text>
		</Row>
		<Row Tag="LOC_PEDIA_CITYSTATES_PAGE_CIVILIZATION_BANDAR_BRUNEI_CHAPTER_HISTORY_PARA_1">
			<Text>Bandar Brunei, Borneo adasında bulunan ve Malay limanı olarak 7. yüzyılın başlarına kadar yerleşmiş olan Brunei Sultanlığı'nın başkentidir. Saltanat 14. ve 15. yüzyıllarda gücünün zirvesine ulaştı.</Text>
		</Row>
		<!-- Govts/Policies -->
		<Row Tag="LOC_PEDIA_GOVERNMENTS_PAGE_POLICY_QUECHANG_CHAPTER_HISTORY_PARA_1">
			<Text>Quechang veya "kontrollü ticaret bölgesi", ticaret kontrolüne tabi tutulmak ve vergilendirilmek için tüm uluslararası ticaretin geçmesi gereken İmparatorluk Çin bölgesiydi. İlk olarak 1142'de Jin Hanedanlığı döneminde ortaya çıktılar ve en önemlisi, su yolları ve ana kara ticaret rotaları boyunca yer aldılar. Bununla birlikte, hükümetin tüm uluslararası ticareti bu merkezlerden yönlendirmeye yönelik çabalarına rağmen, gayrı resmi temsilciler arasında, özellikle vergi ödemekten hoşlanmayanlar arasında daha esnek düzenlemeler bulmak için güçlü bir teşvik vardı (oku: Kaçakçılar.).</Text>
		</Row>
		<Row Tag="LOC_PEDIA_GOVERNMENTS_PAGE_POLICY_NOBLE_PATH_CHAPTER_HISTORY_PARA_1">
			<Text>Asil Yol ya da Sekiz Katlı Yol, asceticism ve hedonistik hoşgörü arasındaki uç nokta arasındaki orta yol olarak Siddhartha Gautama tarafından belirlenen Budist aydınlanma yolunun bir formülasyonudur. Bunlar genellikle aydınlanmış bir bireyin entelektüel olarak anlayacağı ve davranışlarında sergileyeceği özellikler olarak anlaşılır: Doğru bakış, doğru niyet, doğru konuşma, doğru eylem, doğru geçim, doğru çaba, doğru dikkat ve doğru konsantrasyon.</Text>
		</Row>
		<Row Tag="LOC_PEDIA_GOVERNMENTS_PAGE_POLICY_JUNK_CHAPTER_HISTORY_PARA_1">
			<Text>Önemsiz, tanınabilir ve yaygın tasarım özelliklerine sahip geleneksel Çin deniz gemilerinden herhangi biri: Tam donanımlı kare yelkenler, yüksek sterncastles, düz dipli ve aynı zamanda omurga gibi hizmet veren devasa dümenler. Önemsizler, büyük gövde kuvvetlerine katkıda bulunan, bölünmüş ve su geçirmez tutuşlara sahip ilk gemilerden bazılarıydı. Bu terim, Çince "chuan" ın diyalektik bir varyasyonu olan Portekizli "junco" ya da Malay "jong" undan kaynaklanabilir.</Text>
		</Row>
		<Row Tag="LOC_PEDIA_GOVERNMENTS_PAGE_POLICY_DEVOTION_CHAPTER_HISTORY_PARA_1">
			<Text>Bağlılık, bir dinin gözlemlenmesidir ve hem bireyleri hem de kültürleri tanımlayabilir. Sadık bir kültür, dini uygulamalarını kimliğinin bir parçası olarak kullanır ve insanları daha büyük ortak nedenlerle birbirine bağlar. Her ne kadar bu dini bağlılığın uygulamaları daha yüksek ideallere yönelik olsa da, birleşik insanlarda pratik, dünyasal avantajlar vardır.</Text>
		</Row>
		<Row Tag="LOC_PEDIA_GOVERNMENTS_PAGE_GOVERNMENT_THALASSOCRACY_CHAPTER_HISTORY_PARA_1">
			<Text>Thalassocracy, kontrolünü sürdürmek için donanmasının gücüne dayanan politik bir organizasyondur. Yunanlılar ilk olarak Ege Denizi etrafındaki bölgeyi ticaret ve savaş gemileri nedeniyle kontrol eden Minoanları kastediyordu. Bir talasokrasi, neredeyse herhangi bir sistem tarafından dahili olarak yönetilebilir - ister bir hükümdar, ister oligarşi olsun, isterse tüccar guild'leri - ama dünyanın geri kalanıyla olan ilişkileri neredeyse tamamen deniz gücü ve kontrolü olarak tanımlanır. Bir Tüccar Cumhuriyeti kadar ticaret ve ticaret odaklı olmaları gerekmez ve bazı talasokrasiler diğerleriyle ilişkilerinde oldukça yırtıcı olmuşlardır.</Text>
		</Row>
		<Row Tag="LOC_PEDIA_GOVERNMENTS_PAGE_GOVERNMENT_THALASSOCRACY_CHAPTER_HISTORY_PARA_2">
			<Text>Endonezya'nın Majapahit İmparatorluğu, Hindistan ile Çin arasındaki baharat ticaretini ve rotalarını kontrol eden büyük bir talasokratik güçtü. Hem Portekizliler hem de Hollandalılar, deniz kuvvetleri sayesinde coğrafi boyutlarının ötesinde siyasi güç uygulayan Avrupa'nın başlıca talasokrasileriydi. Modern çağ ilerledikçe, deniz kuvvetleri anlaşmaları bir zamanlar güçlü olan deniz kuvvetlerinin büyüklüğünü kısıtladı (ki bu da zaten hızlı bir şekilde ekonomik hale geldi). Sömürgecilik azaldıkça, devletten iktidarı projelendirme ve sürdürme gereklilikleri de arttı ve talasokrasiler tarihe geçti.</Text>
		</Row>
		<Row Tag="LOC_PEDIA_CIVICS_PAGE_CIVIC_COMPASS_CHAPTER_HISTORY_PARA_1">
			<Text>Antik denizcilerin cehennemi pratik navigasyon külçelerini içerebilirken, hiçbir şey size gemi yönlendirmesini güvenli bir şekilde sağlayan basit ve iyi yapılmış bir cihazın kesinliğini ikame edemez.</Text>
		</Row>
		<Row Tag="LOC_PEDIA_CIVICS_PAGE_CIVIC_PAPERMAKING_CHAPTER_HISTORY_PARA_1">
			<Text>Kağıdın diğer yazı ortamlarına göre bir takım avantajları vardır. Kil tabletten daha hafiftir, papirüsten daha dayanıklıdır, keten veya parşömene göre daha ucuzdur. Ayrıca, acil durumlarda öğrencinin köpeği tarafından da yenilebilir.</Text>
		</Row>
		<Row Tag="LOC_PEDIA_GOVERNMENTS_PAGE_POLICY_LIBERALISM_CHAPTER_HISTORY_PARA_1">
			<Text>Yardımseverlik, İlahiyat ve insanlığa olan derin sevginin yanı sıra, dünyada gerçekleştirilen şefkatli eylemleri de (örneğin sadaka ve ekmeği ihtiyaç sahiplerine dağıtmak gibi) ifade edebilir. Bu şefkatli davranışlar genellikle o derin ilahi sevginin dış yansımaları olarak görülür ve birçok din, hayır kurumuna büyük bir onur yeri verir.</Text>
		</Row>
		<!-- Promotions -->
		<Row Tag="LOC_PEDIA_UNITPROMOTIONS_PAGE_PROMOTION_SANGHA_CHAPTER_HISTORY_PARA_1">
			<Text>Bir sangha, geleneksel olarak rahibeler, keşişler, ev hanımları ve meslekten olmayanlardan oluşan ve topluluktan sadakalarla desteklenen Budist bir manastır düzenidir.</Text>
		</Row>
		<Row Tag="LOC_PEDIA_UNITPROMOTIONS_PAGE_PROMOTION_PRACTITIONER_CHAPTER_HISTORY_PARA_1">
			<Text>Bir uygulayıcı, bir dini izleyen kişidir ve unvan bazen özel inancı olanlara özeldir.</Text>
		</Row>
		<Row Tag="LOC_PEDIA_UNITPROMOTIONS_PAGE_PROMOTION_ALCHEMIST_CHAPTER_HISTORY_PARA_1">
			<Text>Simya, genellikle ezoterik veya mistik unsurları ve uygulamaları içeren eski bir disiplindir. Bunlar uygulayıcılara büyüleyici bir bakış açısı sağlar, ancak kimyanın nasıl çalıştığını tarif etmede daha az yardımcı olurlar.</Text>
		</Row>
		<Row Tag="LOC_PEDIA_UNITPROMOTIONS_PAGE_PROMOTION_GUIDE_CHAPTER_HISTORY_PARA_1">
			<Text>En dindar bir uygulayıcı bile, dua ve meditasyon için daha zengin bir iç yaşam yaratmak için tavsiyelerde bulunan bir dış rehbere sahip olmaktan faydalanabilir.</Text>
		</Row>
		<Row Tag="LOC_PEDIA_UNITPROMOTIONS_PAGE_PROMOTION_MASTER_CHAPTER_HISTORY_PARA_1">
			<Text>İnançtaki başarıları, onları tüm inançlılara örnek kılar. Bunlara "Usta" unvanını veriyoruz.</Text>
		</Row>
		<Row Tag="LOC_PEDIA_UNITPROMOTIONS_PAGE_PROMOTION_SAGE_CHAPTER_HISTORY_PARA_1">
			<Text>Bir adaçayı, derinlemesine ve öğrenmenin derinliği sıradan üstün olan, onları bilgi ve bilgeliğin canlı bir kütüphanesi yapan bir bireydir.</Text>
		</Row>
		<Row Tag="LOC_PEDIA_UNITPROMOTIONS_PAGE_PROMOTION_TEACHER_CHAPTER_HISTORY_PARA_1">
			<Text>İmanın öğrenilmesi gerektiği için, öğretme eylemi büyük öneme sahiptir, çünkü sadece imanın yeni üyelerinin kurtuluşa çıkarılması öğretilir.</Text>
		</Row>
		<Row Tag="LOC_PEDIA_UNITPROMOTIONS_PAGE_PROMOTION_INTERPRETER_CHAPTER_HISTORY_PARA_1">
			<Text>Misyonerler bazen yeni bir medeniyetle uzun süre temasta olan ilk kişilerdir ve bu nedenle günlük pratikte inancı daha iyi paylaşmak için yeni bir dil öğrenmek için kendileri üstlenirler.</Text>
		</Row>
		<Row Tag="LOC_PEDIA_UNITPROMOTIONS_PAGE_PROMOTION_PROPAGATOR_CHAPTER_HISTORY_PARA_1">
			<Text>Bir misyoner, inancı paylaşma ya da yayma konusunda uzmanlaşabilir; ya kutsal metinleri yaygın şekilde dağıtarak ya da kitlelere vaaz vererek, bazen de bir çokluğun dönüşümüyle sonuçlanır.</Text>
		</Row>
		<Row Tag="LOC_PEDIA_UNITPROMOTIONS_PAGE_PROMOTION_TRAVELER_CHAPTER_HISTORY_PARA_1">
			<Text>Bazı misyonerler inancını evden uzaktaki medeniyetlerle paylaşmaya, her şeyi geride bırakmaya ve inançlarını paylaşanların onuruna verdikleri fedakarlıklarla birçok tehlikenin getirdiği epik yolculuklara başlama çağrısında bulundular.</Text>
		</Row>
		<Row Tag="LOC_PEDIA_UNITPROMOTIONS_PAGE_PROMOTION_WALK_ON_WATER_CHAPTER_HISTORY_PARA_1">
			<Text>İnancı paylaşma gayreti fiziksel engellerle kısıtlanamayanlar var. Dağlarla karşı karşıya kalırlarsa, onları geçecekler; eğer derin okyanuslarla yüzleşirse, ilerlemek için büzülmezler.</Text>
		</Row>
		<Row Tag="LOC_PEDIA_UNITPROMOTIONS_PAGE_PROMOTION_PROSELYTIZER_CHAPTER_HISTORY_PARA_1">
			<Text>Bazı keşişlerin emirleri, en fakir köylülere ve en büyük imparatorlara olan inancını açıklayabilen ünlü vaizlerdir.</Text>
		</Row>
		<Row Tag="LOC_PEDIA_UNITPROMOTIONS_PAGE_PROMOTION_TRANSLATOR_CHAPTER_HISTORY_PARA_1">
			<Text>Kutsal metinlerin kütüphanelerini birçok dilde tutanların, bu metinlerin içindeki fikirlerin korunmasını ve yayılmasını görmek için özel bir sorumluluğu vardır ve işte burada dilleri olan bir fakülte en değerlidir.</Text>
		</Row>
		<Row Tag="LOC_PEDIA_GOVERNMENTS_PAGEGROUP_MILITARY_POLICIES_NAME">
			<Text>Dini Politikalar</Text>
		</Row>
		<Row Tag="LOC_PEDIA_UNITPROMOTIONS_PAGE_PROMOTION_DEBATER_CHAPTER_HISTORY_PARA_1">
			<Text>İlahiyatçıların sapkın düşüncelerden zarar görmemesi durumunda, teolojik sorular güçlü bir soruşturmaya tabi tutulmalıdır. Teolojinin tartışılması papaz için uygun bir iş değil mi?</Text>
		</Row>
		<Row Tag="LOC_PEDIA_UNITPROMOTIONS_PAGE_PROMOTION_GARRISON_CHAPTER_HISTORY_PARA_1">
			<Text>Bölge savunması ve inanç savunması, askeri papazlık yapan rahiplerin veya militan emirlerin üyeleri arasında sıklıkla bağlanmıştır.</Text>
		</Row>
		<Row Tag="LOC_PEDIA_UNITPROMOTIONS_PAGE_PROMOTION_ORATOR_CHAPTER_HISTORY_PARA_1">
			<Text>Retorik sanatlar yalnızca seküler alanlarda uygulanmıyor. İmanla ilgili konularda, ustaca söylem yalnızca dinleyiciyi memnun etmekle kalmaz aynı zamanda tanrılara da sevindiricidir.</Text>
		</Row>
		<!-- Religions -->
		<Row Tag="LOC_PEDIA_RELIGIONS_PAGE_RELIGION_CUSTOM_1_CHAPTER_HISTORY_PARA_1">
			<Text>Şivilik, Tanrı Shiva'nın yüce dize olarak örgütlü ibadetidir ve bugün Hinduizmin en büyük kollarından biridir. Hindistan'da, MÖ 2. yy ile MS 2. yy arasında Pashupata mezhebiyle örgütlenmiş ve oradan Güneydoğu Asya'ya yayılmıştır.</Text>
		</Row>
		<Row Tag="LOC_PEDIA_RELIGIONS_PAGE_RELIGION_CUSTOM_2_CHAPTER_HISTORY_PARA_1">
			<Text>Dharma, geleneksel Vedik dinde var olan bir kavramdı ve Hinduizm'de insanlığın örgüt ilkesi haline gelene kadar zamanla gelişti. Toplumdaki davranış kuralları, törenler, yasalar ve etik kurallar ve geleneklerden oluşur. Dharma'ya uymak, birinin yaşamdaki gerçek amacını takip etmek anlamına gelir.</Text>
		</Row>
		<Row Tag="LOC_PEDIA_RELIGIONS_PAGE_RELIGION_CUSTOM_3_CHAPTER_HISTORY_PARA_1">
			<Text>Thereavada veya "Yaşlıların Yolu", Budizm'in doktrin çekirdeği olarak Pali Kanon'la (Budizm'in en eski ve en eksiksiz kutsal kitabı) ve Budist rahiplerin ilk topluluğunda inişini iddia ettiği bir Budizm şubesidir. En baskın ibadet şekli olduğu Güneydoğu Asya'da en yaygın olanıdır.</Text>
		</Row>
		<Row Tag="LOC_PEDIA_RELIGIONS_PAGE_RELIGION_CUSTOM_4_CHAPTER_HISTORY_PARA_1">
			<Text>Mahayana veya "Büyük Araç" Budizm, Budist uygulamaların en önemli sınıflandırmalarından biridir ve bugün Budizm'in en büyük geleneğidir. Zengin kozmolojisi, ritüalizmi, metafiziği ve evrensel etiği ile karakterizedir. Chan, Seon ve Zen Budizmi dahil olmak üzere bir takım okullar ondan kurtulmuştur.</Text>
		</Row>
		<Row Tag="LOC_PEDIA_RELIGIONS_PAGE_RELIGION_CUSTOM_5_CHAPTER_HISTORY_PARA_1">
			<Text>Vajrayana veya "Thunderbolt Vehicle", Tibet'te en ünlü geliştirilen Tantrik Budizm formudur. Mahayana Budizm'den, aydınlanmanın tek bir insan yaşamı boyunca kazanılmasıyla ilgili bazı kilit yönlerden ayrılır. Vajrayana Budizmi, Mandala'yı da içeren muhteşem görsel sanatlar ve ezoterik pratikleriyle dikkat çekiyor.</Text>
		</Row>
	</EnglishText>
</GameData>
