<?xml version="1.0" encoding="utf-8"?>
<GameData>
	<BaseGameText>
		<Row Tag="LOC_ALEXANDER_SCENARIO_NAME">
			<Text>İskender'in Fetihleri</Text>
		</Row>
		<Row Tag="LOC_ALEXANDER_SCENARIO_TOOLTIP">
			<Text>Büyük İskender'e layık bir imparatorluk fethedebilir misin? 60 turdan fazla sürmez.</Text>
		</Row>
		<Row Tag="LOC_ALEXANDER_SCENARIO_DESCRIPTION">
			<Text>Bu tek oyunculu senaryoda, "Büyük İskender" unvanını layıkıyla elde etmek için imparatorluğunu genişletmek için acele etmelisin. Bu senaryoda, savaşlar, bölgenin genişlemesi ve sizin tarafınızda savaşan büyük generallerin stratejik kullanımını ön plana çıkarıyor.[NEWLINE][NEWLINE]Kazanmak için, harita üzerindeki her şehri zorluk seviyenize göre belirlenen birkaç turda ele geçirin:[NEWLINE][NEWLINE]Göçmen: 60 tur[NEWLINE]Savaş Lordu veya Kabile Reisi: 55 tur[NEWLINE]Kral veya Prens: 50 tur[NEWLINE]Ölümsüz veya İmparator: 45 tur[NEWLINE]Tanrısal: 37 tur</Text>
		</Row>
		<Row Tag="LOC_MOD_ALEXANDERSCENARIO_MAP_NAME">
			<Text>İskender'in Dünyası</Text>
		</Row>
		<Row Tag="LOC_MOD_ALEXANDERSCENARIO_MAP_DESCRIPTION">
			<Text>Yunanistan'dan Mısır ve Hindistan'a.</Text>
		</Row>
		<Row Tag="LOC_MOD_ALEXANDER_SCENARIO_DARIUS_III_NAME">
			<Text>III. Darius</Text>
		</Row>
		<Row Tag="LOC_MOD_ALEXANDER_SCENARIO_MACEDON_TRAIT_NAME">
			<Text>İsmini Alan Şehirler</Text>
		</Row>
		<Row Tag="LOC_MOD_ALEXANDER_SCENARIO_MACEDON_TRAIT_DESCRIPTION">
			<Text>Göçmenler +1 [ICON_Movement] Hareket kazanır. Tüm şehirler 2 [ICON_Citizen] Nüfus ve bir Tahıl Ambarı ile başlar. Bölgelerin [ICON_Production] Üretim süresi azalır ve Ordugahlar, Kraliyet Okulu ile başlar.</Text>
		</Row>
		<Row Tag="LOC_MOD_ALEXANDER_SCENARIO_PERSIA_TRAIT_NAME">
			<Text>Müttefikler</Text>
		</Row>
		<Row Tag="LOC_MOD_ALEXANDER_SCENARIO_PERSIA_TRAIT_DESCRIPTION">
			<Text>Oyuna Atina, Semerkant ve Patala İmparatoru olarak başlar.</Text>
		</Row>
		<Row Tag="LOC_MOD_ALEXANDER_SCENARIO_DARIUS_III_TRAIT_NAME">
			<Text>Posta Servisi Yeterliliği</Text>
		</Row>
		<Row Tag="LOC_MOD_ALEXANDER_SCENARIO_DARIUS_III_TRAIT_DESCRIPTION">
			<Text>İnşaatçılar ekstra 1 geliştirmeye sahip olur.</Text>
		</Row>
		<Row Tag="LOC_MOD_ALEXANDER_SCENARIO_UNIT_SETTLER_TRAIT_NAME">
			<Text>Benzersiz Makedon Birimi: Göçmen</Text>
		</Row>
		<Row Tag="LOC_ALEXANDER_ENDGAME_RANKING_LEADER_QUOTE">
			<Text>"Zaferi çalmaktan hoşlanmam" —Büyük İskender</Text>
		</Row>
		<Row Tag="LOC_ALEXANDER_ENDGAME_RANKING_LEADER_1_NAME">
			<Text>Gerçekten Büyük İskender</Text>
		</Row>
		<Row Tag="LOC_ALEXANDER_ENDGAME_RANKING_LEADER_1_QUOTE">
			<Text>"En Güçlüye!"</Text>
		</Row>
		<Row Tag="LOC_ALEXANDER_ENDGAME_RANKING_LEADER_2_NAME">
			<Text>Çok İyi İskender</Text>
		</Row>
		<Row Tag="LOC_ALEXANDER_ENDGAME_RANKING_LEADER_2_QUOTE">
			<Text>"Denemeyi bilene imkansız yoktur."</Text>
		</Row>
		<Row Tag="LOC_ALEXANDER_ENDGAME_RANKING_LEADER_3_NAME">
			<Text>Oldukça Mütevazi İskender</Text>
		</Row>
		<Row Tag="LOC_ALEXANDER_ENDGAME_RANKING_LEADER_3_QUOTE">
			<Text>"Başkalarından iktidar ve mülk bakımından üstün olacağıma, bilgi bakımından üstün olmayı tercih ederim."</Text>
		</Row>
		<Row Tag="LOC_ALEXANDER_ENDGAME_RANKING_LEADER_4_NAME">
			<Text>Olağandışı Vasat İskender</Text>
		</Row>
		<Row Tag="LOC_ALEXANDER_ENDGAME_RANKING_LEADER_4_QUOTE">
			<Text>"Bilmiyormusun ki, fethetmenin amacı, fethedilenin yaptığı hataları yapmamaktır?"</Text>
		</Row>
		<Row Tag="LOC_ALEXANDER_ENDGAME_RANKING_LEADER_5_NAME">
			<Text>Berbatlığı Kanıtlanmış İskender</Text>
		</Row>
		<Row Tag="LOC_ALEXANDER_ENDGAME_RANKING_LEADER_5_QUOTE">
			<Text>"Ölülerin kutsal gölgelesini, acımasız ve acı kaderi için suçlamıyorum."</Text>
		</Row>
	</BaseGameText>
</GameData>
