﻿<?xml version="1.0" encoding="utf-8"?>
<GameData>
	<LocalizedText>
		<!-- REPLACEMENTS -->
		<Delete Tag="LOC_BUILDING_STAR_FORT_NAME"/>
		<Delete Tag="LOC_BUILDING_STAR_FORT_DESCRIPTION"/>
		<Delete Tag="LOC_PEDIA_UNITS_PAGE_UNIT_GREAT_GENERAL_CHAPTER_HISTORY_PARA_1"/>
		<Delete Tag="LOC_WORLD_RANKINGS_SCORE_VICTORY"/>
		<Delete Tag="LOC_WORLD_RANKINGS_SCORE_DETAILS"/>
	</LocalizedText>
	<EnglishText>
		<!-- REPLACEMENTS -->
		<Row Tag="LOC_BUILDING_STAR_FORT_NAME">
			<Text>Hisar</Text>
		</Row>
		<Row Tag="LOC_BUILDING_STAR_FORT_DESCRIPTION">
			<Text>En yoğun saldırılara rağmen, dış savunma sisteminizin gücünü artırabilir.</Text>
		</Row>
		<Row Tag="LOC_WORLD_RANKINGS_SCORE_VICTORY">
			<Text>Savaş Makinesi Zaferi</Text>
		</Row>
		<Row Tag="LOC_WORLD_RANKINGS_SCORE_DETAILS">
			<Text>Almanya olarak Paris şehrini zaman içerisinde işgal etmelisin. Fransa olarak, süre doluncaya kadar Paris'i işgale karşı savunmalısınız.</Text>
		</Row>
		<!--HUD-->
		<Row Tag="LOC_WARMACHINE_CALENDAR_AUGUST">
			<Text>Ağustos {1_Day}, 1914</Text>
		</Row>
		<Row Tag="LOC_WARMACHINE_CALENDAR_SEPT">
			<Text>Eylül {1_Day}, 1914</Text>
		</Row>
		<!--Great People-->
		<Row Tag="LOC_GREAT_PERSON_INDIVIDUAL_GENERAL_DEFAULT_NAME">
			<Text>Saha Komutanı</Text>
		</Row>
		<Row Tag="LOC_SCENARIO_WARMACHINE_GREAT_GENERAL_STRENGTH">
			<Text>+3 [ICON_Strength] Mücadele, 2 kiremit içindeki kara birimlerine karşı.</Text>
		</Row>
		<Row Tag="LOC_SCENARIO_WARMACHINE_GREAT_GENERAL_STRENGTH_MODIFIER">
			<Text>+3 [ICON_Strength] Büyük General'den Savaş Bonusu.</Text>
		</Row>
		<!--Buildings-->
		<Row Tag="LOC_BUILDING_HEADQUARTERS_NAME">
			<Text>Komuta Merkezi</Text>
		</Row>
		<!--Techs-->
		<Row Tag="LOC_TECH_AIRCRAFT_NAME">
			<Text>Uçak</Text>
		</Row>
		<Row Tag="LOC_TECH_FORTIFICATIONS_NAME">
			<Text>Surlar</Text>
		</Row>
		<Row Tag="LOC_TECH_FORTIFICATIONS_DESCRIPTION">
			<Text>Tüm şehirlerde +100 isabet puanı.</Text>
		</Row>
		<Row Tag="LOC_TECH_HEAVY_ARTILLERY_NAME">
			<Text>Ağır Topçu</Text>
		</Row>
		<Row Tag="LOC_TECH_HEAVY_ARTILLERY_DESCRIPTION">
			<Text>+6 [ICON_Strength] Topçu birlikleri için Savaş Gücü.</Text>
		</Row>
		<Row Tag="LOC_TECH_LOGISTICS_NAME">
			<Text>Lojistik</Text>
		</Row>
		<Row Tag="LOC_TECH_LOGISTICS_DESCRIPTION">
			<Text>Orduların oluşumunu ve eğitimini sağlar.</Text>
		</Row>
		<Row Tag="LOC_TECH_COMMAND_NAME">
			<Text>Komuta</Text>
		</Row>
		<Row Tag="LOC_TECH_COMMAND_DESCRIPTION">
			<Text>[ICON_Capital] Sermayenizde 2 ücretsiz [ICON_GreatGeneral] Büyük General verir.</Text>
		</Row>
		<Row Tag="LOC_TECH_INDUSTRIAL_WARFARE_NAME">
			<Text>Endüstriyel Harp</Text>
		</Row>
		<Row Tag="LOC_TECH_INDUSTRIAL_WARFARE_DESCRIPTION">
			<Text>+5 [ICON_Strength] Tüm birimler için Savaş Gücü.</Text>
		</Row>
		<Row Tag="LOC_INDUSTRIAL_WARFARE_COMBAT_STRENGTH_PREVIEW_TEXT">
			<Text>+{1_Amount} Endüstriyel Harp</Text>
		</Row>
		<Row Tag="LOC_HEAVY_ARTILLERY_COMBAT_STRENGTH_PREVIEW_TEXT">
			<Text>+{1_Amount} Ağır Topçu</Text>
		</Row>
		<!--Units-->
		<Row Tag="LOC_UNIT_MILITARY_ENGINEER_WARMACHINE_DESCRIPTION">
			<Text>Ortaçağ dönemi destek birimi. Üretmek için bir Zırh gerektirir. Demiryolları, Kaleler ve Hava Şeridi iyileştirmeleri inşa edebilir.</Text>
		</Row>
		<!-- City Names -->
		<Row Tag="LOC_CITY_NAME_LILLE">
			<Text>Lille</Text>
		</Row>
		<Row Tag="LOC_CITY_NAME_REIMS">
			<Text>Reims</Text>
		</Row>
		<Row Tag="LOC_CITY_NAME_NANCY">
			<Text>Nancy</Text>
		</Row>
		<Row Tag="LOC_CITY_NAME_BELFORT">
			<Text>Belfort</Text>
		</Row>
		<Row Tag="LOC_CITY_NAME_ORLEANS">
			<Text>Orleans</Text>
		</Row>
		<Row Tag="LOC_CITY_NAME_CHARTES">
			<Text>Chartes</Text>
		</Row>
		<Row Tag="LOC_CITY_NAME_KOLN">
			<Text>Köln</Text>
		</Row>
		<Row Tag="LOC_CITY_NAME_KOBLENZ">
			<Text>Koblenz</Text>
		</Row>
		<Row Tag="LOC_CITY_NAME_MANNHEIM">
			<Text>Mannheim</Text>
		</Row>
		<Row Tag="LOC_CITY_NAME_STRASSBURG">
			<Text>Strassburg</Text>
		</Row>
		<Row Tag="LOC_CITY_NAME_COLMAR">
			<Text>Colmar</Text>
		</Row>
		<Row Tag="LOC_CITY_NAME_ANTWERP">
			<Text>Antwerp</Text>
		</Row>
		<Row Tag="LOC_CITY_NAME_LIEGE">
			<Text>Liège</Text>
		</Row>
		<Row Tag="LOC_CITY_NAME_NAMUR">
			<Text>Namur</Text>
		</Row>
		<Row Tag="LOC_CITY_NAME_MONS">
			<Text>Mons</Text>
		</Row>
		<Row Tag="LOC_CITY_NAME_LUXEMBOURG">
			<Text>Lüksemburg</Text>
		</Row>
		<!--Scoring-->
		<Row Tag="LOC_SCENARIO_CATEGORY_CONTROL_OF_PARIS_NAME">
			<Text>Paris Kontrolü</Text>
		</Row>
		<Row Tag="LOC_SCENARIO_LINE_ITEM_CONTROL_OF_PARIS_NAME">
			<Text>Paris Kontrolü</Text>
		</Row>
		<!--Historic Rankings-->
		<Row Tag="LOC_WARMACHINE_SCENARIO_ENDGAME_RANK_1_NAME">
			<Text>Mareşal</Text>
		</Row>
		<Row Tag="LOC_WARMACHINE_SCENARIO_ENDGAME_RANK_1_QUOTE">
			<Text>Askeri ustalığın kanıtı uzun süren kampanyalarda değil, kesin zaferde bulunur.</Text>
		</Row>
		<Row Tag="LOC_WARMACHINE_SCENARIO_ENDGAME_RANK_2_NAME">
			<Text>General</Text>
		</Row>
		<Row Tag="LOC_WARMACHINE_SCENARIO_ENDGAME_RANK_2_QUOTE">
			<Text>Komuta, savaş güçlerini başarılı ve çaba harcamadan yönlendiren bir sanattır.</Text>
		</Row>
		<Row Tag="LOC_WARMACHINE_SCENARIO_ENDGAME_RANK_3_NAME">
			<Text>Albay</Text>
		</Row>
		<Row Tag="LOC_WARMACHINE_SCENARIO_ENDGAME_RANK_3_QUOTE">
			<Text>Bilgi ya da sezginin bıçağındaki başarı ya da başarısızlık dengeleri.</Text>
		</Row>
		<Row Tag="LOC_WARMACHINE_SCENARIO_ENDGAME_RANK_4_NAME">
			<Text>Binbaşı</Text>
		</Row>
		<Row Tag="LOC_WARMACHINE_SCENARIO_ENDGAME_RANK_4_QUOTE">
			<Text>Cesaretin olduğu yerde, cesaret var. Cömertliğin olduğu yerde, momentum vardır. Momentumun olduğu yerde zafer var.</Text>
		</Row>
		<Row Tag="LOC_WARMACHINE_SCENARIO_ENDGAME_RANK_5_NAME">
			<Text>Yüzbaşı</Text>
		</Row>
		<Row Tag="LOC_WARMACHINE_SCENARIO_ENDGAME_RANK_5_QUOTE">
			<Text>Mümkünse zafer, ama her şeyden önce onur.</Text>
		</Row>
		<!-- ************************************************ -->
		<!-- CIVILOPEDIA -->
		<!-- ************************************************ -->
		<!--Tech-->
		<Row Tag="LOC_PEDIA_TECHNOLOGIES_PAGE_TECH_HEAVY_ARTILLERY_CHAPTER_HISTORY_PARA_1">
			<Text>Almanlar, Belçika'yı çevreleyen kaleler halkasının savunmasını kırmak için özel kuşatma tabancaları geliştirdi. Bunlar çok başarılı olduklarını kanıtladı ve bu, kalelerin planlananlardan daha erken düşmesine neden oldu. Fransızlar, uzun ömürlü ve esnek olduklarını kanıtlayan sofistike ve güçlü bir 75mm topçu topu geliştirdi. Ancak siperlerdeki çıkmazları kendi başlarına kırmaya yetmedi - tank ve uçaktaki yeni teknolojiler ve küçük birim taktikleri sonunda bunu yapacaktı.</Text>
		</Row>
		<Row Tag="LOC_PEDIA_TECHNOLOGIES_PAGE_TECH_LOGISTICS_CHAPTER_HISTORY_PARA_1">
			<Text>Lojistik, kayıpları ve harcamaları değiştirmek için bir orduya malzeme sağlama sürecidir. Çekici olmasa da, savaştaki başarı bu ayrıntıların kesinlikle doğru olmasına bağlıdır. Amatörler çalışma taktiklerini; uzmanlar lojistik çalışmaktadır.</Text>
		</Row>
		<Row Tag="LOC_PEDIA_TECHNOLOGIES_PAGE_TECH_COMMAND_CHAPTER_HISTORY_PARA_1">
			<Text>Napolyon döneminden sonra, profesyonel askeri subaylar hem stratejik hem de operasyonel planlamayı çalışmalarına dahil etmeye başladılar. Profesyonel komuta personeli, savaş için politik hedefleri askeri hedeflere çevirmekten sorumlu ordunun bir parçasıdır.</Text>
		</Row>
		<Row Tag="LOC_PEDIA_TECHNOLOGIES_PAGE_TECH_INDUSTRIAL_WARFARE_CHAPTER_HISTORY_PARA_1">
			<Text>Toplam savaşta, devletin bütün kaynakları savaş amaçlarına hizmet eder. Endüstriyel bir toplumda, bu, endüstriyel altyapının silah yaratma, toplu nüfus için silah altındaki nüfus alanlarını eğitme ve ekonomiyi açık politik araçlarla yönlendirmeye yönelik tamamen elden geçirilmesi anlamına gelir. Çatışmanın sona ermesinden çok sonra toplumu yeniden şekillendirecek şekilde dönüştürebilir.</Text>
		</Row>
		<Row Tag="LOC_PEDIA_TECHNOLOGIES_PAGE_TECH_FORTIFICATIONS_CHAPTER_HISTORY_PARA_1">
			<Text>Makineli tüfek ve yeni yüksek patlayıcı top mermisi icadı, tahkimatların birinci dünya savaşına kadar olan yıllarda da değiştiğini gösteriyordu. Batı Cephesi'nin geniş hendek sistemleri, savaşın büyük bir kısmı için savunma üstünlüğünün fiziksel ifadesi olarak görülebilir. Aynı şekilde, 1916'dan itibaren geliştirilen piyade ve tanklar için modern taktikler, savunmanın bu üstünlüğünün üstesinden gelme çabası olarak görülebilir.</Text>
		</Row>
		<Row Tag="LOC_PEDIA_TECHNOLOGIES_PAGE_TECH_AIRCRAFT_CHAPTER_HISTORY_PARA_1">
			<Text>Birinci Dünya Savaşı'nın başlangıcında, havacılık henüz başlangıç aşamasındaydı ve uçak keşif için pahalı ve güvenilmez makinelerdi. Savaşın sonunda, gezegendeki her büyük ordunun temelini oluşturuyorlardı ve savaş potası içerisinde hızlı bir evrim geçiren taktik saldırı ve stratejik bombalama için çalışıyorlardı. Araştırma ve geliştirme o kadar pahalıydı ki, çoğu devlet sponsorluğu veya kamu-özel ortaklığı aracılığıyla yapıldı.</Text>
		</Row>
		<!--Leaders-->
		<Row Tag="LOC_PEDIA_LEADERS_PAGE_LEADER_WARMACHINE_SCENARIO_FRANCE_CHAPTER_HISTORY_PARA_1">
			<Text>Fransa-Prusya Savaşı sırasında 1870'de Sedan Savaşı'ndan sonra, Fransız askeri planlamacıları orduyu Avrupa'nın birinci sınıf ordularından birine yeniden inşa etmek için bu felaket kaybından ve aşağılayıcı politik sonrasında iyileşmek zorunda kaldılar. Alman savaş subaylarının ayrıntılı operasyonel savaş planları konusundaki tutkunlarının aksine, esnek bir taarruz dokümanı desteklemeye başladılar.</Text>
		</Row>
		<Row Tag="LOC_PEDIA_LEADERS_PAGE_LEADER_WARMACHINE_SCENARIO_FRANCE_CHAPTER_HISTORY_PARA_2">
			<Text>Ordunun, düşman hatlarına sürekli saldırı yaparak ve ardından gelen herhangi bir zayıflığı acımasızca sömürerek ivmesini koruyacağı düşünülüyordu. Düşman hiçbir zaman dengelerini yakalayamaz, inisiyatif Fransızlar tarafında kalırdı ve Alman düşmanlarının taşlama ilerlemeleri yıldırım çarpmalarıyla kontrol edilirdi. Bu tabur seviyesinden tiyatro seviyesine kadar geçerliydi - işgalcinin zayıf olduğu yerde, Fransızlar saldırırdı.</Text>
		</Row>
		<Row Tag="LOC_PEDIA_LEADERS_PAGE_LEADER_WARMACHINE_SCENARIO_FRANCE_CHAPTER_HISTORY_PARA_3">
			<Text>Ağustos 1914'teki en büyük paradokslardan biri olan Fransızlar, Düşük Ülkelerdeki cephe boyunca şaşırsalar bile, Alsace ve Lorraine aracılığıyla ilerlemelerle buluşuyorlardı, ancak Paris'i kurtarmak için takviye sağlamak için kontrol edilmeleri gerekiyordu. O yılın sonunda “her zaman saldırı” ruhu kayboldu ve siperler Batı Cephesini tanımladı.</Text>
		</Row>
		<Row Tag="LOC_PEDIA_LEADERS_PAGE_LEADER_WARMACHINE_SCENARIO_GERMANY_CHAPTER_HISTORY_PARA_1">
			<Text>Prusya Ordusu'nun 1870'deki Fransa-Prusya Savaşı sırasındaki başarıları ordunun metodik, kapsamlı planlamasını, pistlerdeki vagonlar ve vagonların tarifelerine göre belirledi. Fransa ile gelecekteki bir savaşın muhtemelen kaçınılmaz olduğunu düşünerek, Alman Genelkurmay Başkanı Kont von Schlieffen, Düşük Ülkelerden geçerek ve Paris’in güneye inerek Fransa’nın gelecekteki işgali için planlar yaptı. Bu istila planı, Alman ordusunun uzak batı kanadında başarı için bir kuvvet yoğunluğu gerektiriyordu - ancak tam plan hiçbir zaman tam olarak yerine getirilmedi.</Text>
		</Row>
		<Row Tag="LOC_PEDIA_LEADERS_PAGE_LEADER_WARMACHINE_SCENARIO_GERMANY_CHAPTER_HISTORY_PARA_2">
			<Text>İki cephede yapılan savaşla, Alman yüksek komutanlığı ağır batı kanadına yönelik kuvvetlerin bir kısmını tamamen farklı bir savaş alanına (bu durumda, Ruslara karşı) aktardı. Alman ordusu, Düşük ülkelerden başarıyla geçerken, Fransız Ordusunu da topuklarına geri koydu ve Fransız hatlarında göze çarpan bir oluşum, Alman Genelkurmayına cazip bir hedef sundu. Ancak Schlieffen planındaki kuvvetlerin azaltılması, Fransız askerlerinin Fransızlara cevaben doğaçlama hareketleri ve Fransızların ve İngilizlerin sert direnişinin de dahil olduğu çeşitli faktörler nakavt darbesinin amaçlarına asla ulaşmadığı anlamına geliyordu.</Text>
		</Row>
		<Row Tag="LOC_PEDIA_LEADERS_PAGE_LEADER_WARMACHINE_SCENARIO_GERMANY_CHAPTER_HISTORY_PARA_3">
			<Text>Almanlar kumar oynamış ve kaybedilmiş ve savaş Schlieffen planının öldüğü çizgiler boyunca dört yıllık cehenneme yerleşmişti.</Text>
		</Row>
		<Row Tag="LOC_PEDIA_LEADERS_PAGE_LEADER_WARMACHINE_SCENARIO_BRITAIN_CHAPTER_HISTORY_PARA_1">
			<Text>İngiliz Seferi Gücü, İngilizleri Fransızlarla birlikte daha yakın bir yere çekmek için açık bir şekilde sahaya koştu. Fransız hattının uzak batısında konumlandırılmışlar, başlangıçta önemli bir askeri güçten ziyade politik bir nezaket olarak görülüyorlardı. Bununla birlikte, Almanlar Aşağı Ülkelerden Paris'e doğru inerken, BEF, Mons Muharebesinde sayısal olarak daha üstün bir Alman kuvveti ile savaştı ve çürütülmüş ve nihayet geri çekilmek zorunda kalmasına rağmen, Fransız Beşinci Ordusunu imhadan kurtardılar. Mons Savaşı, İngiltere'nin en ünlü ve onurlandırılan askeri başarılarından biridir ve İngiliz Seferi Gücü ile eşanlamlıdır.</Text>
		</Row>
		<Row Tag="LOC_PEDIA_LEADERS_PAGE_LEADER_WARMACHINE_SCENARIO_BELGIUM_CHAPTER_HISTORY_PARA_1">
			<Text>Belçika milleti, Napolyon Dönemi'nin sonunda, Avrupa güçlerinin dengesinin bir parçası olarak yaratılmış, ancak uzun zamandan beri İngiltere'nin özel bir müttefiki olmuştu. Fransa'nın işgal planı Alman Ordusunun Belçika'yı istila etmesini istedi. Aslında, planın ilk versiyonları Belçika Ordusu'nun geçen Alman Ordusu için yollar boyunca şerefli bir muhafız sağlayacağını, yani ortaya çıktığı gibi oldukça yanlış bir varsayım olacağını belirtti.</Text>
		</Row>
		<Row Tag="LOC_PEDIA_LEADERS_PAGE_LEADER_WARMACHINE_SCENARIO_BELGIUM_CHAPTER_HISTORY_PARA_2">
			<Text>Liege şehri bir dizi kaleyle çevriliydi ve 1914'te Alman Ordusunun ilk önemli askeri engelini temsil ediyordu. Ordular, çoğu durumda iyi savaştıklarına rağmen, özel amaçlar için yapılan özel kuşatma silahlarına dayanamadılar. Bu kaleleri kırmanın. Liege tahkimatlarının çöküşü ve Alman ordusunun Belçika nüfusuna karşı zulmü, özellikle Büyük Britanya'da, Almanya'ya karşı olan popüler düşüncenin gelgitine neden oldu.</Text>
		</Row>
		<Row Tag="LOC_PEDIA_CITYSTATES_PAGE_CIVILIZATION_WARMACHINE_SCENARIO_LUXEMBOURG_CHAPTER_HISTORY_PARA_1">
			<Text>Lüksemburg'un küçük prensliği Fransa ile Almanya arasındadır ve ayrıca ülkeler arasındaki büyük demiryolu kavşağının merkezidir. Bu demiryollarının ele geçirilmesi, Almanların Fransa'yı istila etmesi için kritik öneme sahipti ve sonuç olarak Lüksemburg'un işgali 1914'teki savaşın ilk eylemlerinden biriydi.</Text>
		</Row>
		<!--Civs-->
		<Row Tag="LOC_PEDIA_CIVILIZATIONS_PAGE_CIVILIZATION_WARMACHINE_SCENARIO_FRANCE_CHAPTER_HISTORY_PARA_1">
			<Text>Fransa, Prusya ordusunun Fransız tarla ordusunu selamladığı, İmparatoru ele geçirdiği ve takip eden barış içinde aşağılayıcı tavizler çıkardığı 1870'de Fransa-Prusya Savaşı felaketinden bu yana Almanya ile savaşa hazırlanıyordu. Fransa'nın doğusunda Alsace ve Lorraine bölgeleri. Bütün bir Fransız siyasetçi ve subay kuşağı bu yenilginin gölgesinde büyümüştü ve kayıp için tam olarak intikam almadıkça haklı çıkmaya karar verdiler.</Text>
		</Row>
		<Row Tag="LOC_PEDIA_CIVILIZATIONS_PAGE_CIVILIZATION_WARMACHINE_SCENARIO_FRANCE_CHAPTER_HISTORY_PARA_2">
			<Text>Fransa’nın ana askeri müttefikleri Rusya ve Büyük Britanya’ydı ve Fransa’nın müttefikler adına savaşa girmesini hızlandıran Rusya-Macaristan İmparatorluğu’na karşı savaş ilanıydı. Ancak Fransa, öncelikle Almanya’ya karşı Avusturya’ya karşı olan mücadelelerine odaklandı. Bu amaçla, savaşın patlak vermesindeki başlıca Fransız çabası, Alsace ve Lorraine’e o bölgeyi hızlı bir şekilde yeniden ele geçirme ve Belçika ve Lüksemburg’la olan kuzey sınırını hafifçe savunarak bırakma saldırısıydı. Fransız savaş planları, o eksen boyunca saldıracak olan Alman kuvvetlerinin sayısını (Almanların Ardennes'lerden geleceği sanılıyordu) küçümseyerek, orduları savaşın patlak verdiğinde planlarını aniden değiştirmeye zorladı.</Text>
		</Row>
		<Row Tag="LOC_PEDIA_CIVILIZATIONS_PAGE_CIVILIZATION_WARMACHINE_SCENARIO_GERMANY_CHAPTER_HISTORY_PARA_1">
			<Text>Birinci Dünya Savaşı'nın başlamasından bir nesil önce, Prusya ordusu Fransa'ya Napolyon Dönemi'nin sona ermesinden bu yana en büyük askeri yenilgisini verdi ve sonrasında modern Almanya ulusunu kurdu. Alman politikacılar, Fransızlardan çıkarılan terimlerin tohumları bir sonraki potansiyel çatışmaya nasıl katkıda bulundukları konusunda net bir fikir edindiler ve ardından bir sonraki savaşa hazırlanmaya başladılar.</Text>
		</Row>
		<Row Tag="LOC_PEDIA_CIVILIZATIONS_PAGE_CIVILIZATION_WARMACHINE_SCENARIO_GERMANY_CHAPTER_HISTORY_PARA_2">
			<Text>Fransa, İngiltere ve Rusya’nın askeri ittifakı olan Üçlü İtilaf’ın imzalanması, şu anda doğu ve batıdaki askeri düşmanlarla çevrili olduğu için Almanya’yı güvencesiz bir askeri konuma soktu. Birinci Dünya Savaşı'ndan önce formüle edilen büyük strateji, Rusya'nın doğusundaki muazzam insan gücü avantajını getirme şansı yakalamadan önce, batıda Fransa'ya tek, büyük bir darbe vurma darbesi uygulamaktı. Bu Schlieffen Planının itici politik hedefi oldu.</Text>
		</Row>
		<Row Tag="LOC_PEDIA_CIVILIZATIONS_PAGE_CIVILIZATION_WARMACHINE_SCENARIO_GERMANY_CHAPTER_HISTORY_PARA_3">
			<Text>I. Dünya Savaşı arifesinde, dünyada çok iyi eğitilmiş ve Alman askeri kuvvetleri kadar hazırlıklı birkaç ordu vardı. Ve henüz hazırlık ve eğitim, planlamacıların öngördüğü çabuk sonun getirilmesi için yeterli değildi.</Text>
		</Row>
		<Row Tag="LOC_PEDIA_CIVILIZATIONS_PAGE_CIVILIZATION_WARMACHINE_SCENARIO_BRITAIN_CHAPTER_HISTORY_PARA_1">
			<Text>Büyük Britanya’nın Üçlü İtilafa katılımı (Fransa, İngiltere ve Rusya arasındaki askeri ittifak) hiçbir şekilde önceden sonuçlanmadı. Fransa ve İngiltere arasındaki Napolyon dönemine dayanan uzun süren askeri rekabet ve Büyük Britanya'nın kraliyet aileleri ile Almanya arasındaki bağlar, Merkez Güçlerine İngiliz katılımını makul bir sonuç verdi. Nihayetinde Büyük Britanya, Almanya ile Büyük Britanya arasındaki rekabette hızlı bir yükseliş nedeniyle pek çok insanın Alman gücünün yükselmesi için kontroller aradığını gören İtilaf'a katıldı.</Text>
		</Row>
		<Row Tag="LOC_PEDIA_CIVILIZATIONS_PAGE_CIVILIZATION_WARMACHINE_SCENARIO_BRITAIN_CHAPTER_HISTORY_PARA_2">
			<Text>I. Dünya Savaşı arifesinde, İngiltere’nin kıta Avrupa’ya askeri kuvvetler göndereceği garantisi yoktu. Büyük ölçüde, İngiltere’nin Fransız topraklarına küçük bir güç kattığını gören hem Fransız hem de İngiliz ordularındaki küçük bir subay grubunun sürekli baskısı nedeniyle oldu. Gerçekten de, Kaiser’in kendisi, İngilizlerin Almanya’ya savaş ilan ettiklerini, “sadece bir kağıt kağıdına” “aptalca bir hata yaptıklarını” ilan ettiklerini söyleyerek şok oldular.</Text>
		</Row>
		<Row Tag="LOC_PEDIA_CIVILIZATIONS_PAGE_CIVILIZATION_WARMACHINE_SCENARIO_BELGIUM_CHAPTER_HISTORY_PARA_1">
			<Text>Belçika milleti, Napolyon Dönemi'nin sonunda, Avrupa güçlerinin dengesinin bir parçası olarak yaratılmış, ancak uzun zamandan beri İngiltere'nin özel bir müttefiki olmuştu. Fransa'nın işgal planı Alman Ordusunun Belçika'yı istila etmesini istedi. Aslında, planın ilk versiyonları Belçika Ordusu'nun geçen Alman Ordusu için yollar boyunca şerefli bir muhafız sağlayacağını, yani ortaya çıktığı gibi oldukça yanlış bir varsayım olacağını belirtti.</Text>
		</Row>
		<Row Tag="LOC_PEDIA_CIVILIZATIONS_PAGE_CIVILIZATION_WARMACHINE_SCENARIO_BELGIUM_CHAPTER_HISTORY_PARA_2">
			<Text>Liege şehri bir dizi kaleyle çevriliydi ve 1914'te Alman Ordusunun ilk önemli askeri engelini temsil ediyordu. Ordular, çoğu durumda iyi savaştıklarına rağmen, özel amaçlar için yapılan özel kuşatma silahlarına dayanamadılar. Bu kaleleri kırmanın. Liege tahkimatlarının çöküşü ve Alman ordusunun Belçika nüfusuna karşı zulmü, özellikle Büyük Britanya'da, Almanya'ya karşı olan popüler düşüncenin gelgitine neden oldu.</Text>
		</Row>
		<!--Units-->
		<Row Tag="LOC_PEDIA_UNITS_PAGE_UNIT_GREAT_GENERAL_CHAPTER_HISTORY_PARA_1">
			<Text>Bir saha komutanı, ulusunun ordusunun büyük bir kısmından sorumlu olan bir subaydır, genellikle bir cephe boyunca. Hem ordusunun operasyonel planını anlamalı hem de bunları savaş sırasında gerekli olan değişiklikler olarak adapte etmeye istekli olmalıdır. Alt komutanlar tarafından çalışmasına ve genel kurmay tarafından tavsiye edilmesine rağmen, ordunun başarısı veya başarısızlığı kararına dayanır.</Text>
		</Row>
		<Row Tag="LOC_PEDIA_GREATPEOPLE_PAGE_GREAT_PERSON_INDIVIDUAL_GENERAL_1_CHAPTER_HISTORY_PARA_1">
			<Text>Bir saha komutanı, ulusunun ordusunun büyük bir kısmından sorumlu olan bir subaydır, genellikle bir cephe boyunca. Hem ordusunun operasyonel planını anlamalı hem de bunları savaş sırasında gerekli olan değişiklikler olarak adapte etmeye istekli olmalıdır. Alt komutanlar tarafından çalışmasına ve genel kurmay tarafından tavsiye edilmesine rağmen, ordunun başarısı veya başarısızlığı kararına dayanır.</Text>
		</Row>
		<Row Tag="LOC_PEDIA_GREATPEOPLE_PAGE_GREAT_PERSON_INDIVIDUAL_GENERAL_2_CHAPTER_HISTORY_PARA_1">
			<Text>Bir saha komutanı, ulusunun ordusunun büyük bir kısmından sorumlu olan bir subaydır, genellikle bir cephe boyunca. Hem ordusunun operasyonel planını anlamalı hem de bunları savaş sırasında gerekli olan değişiklikler olarak adapte etmeye istekli olmalıdır. Alt komutanlar tarafından çalışmasına ve genel kurmay tarafından tavsiye edilmesine rağmen, ordunun başarısı veya başarısızlığı kararına dayanır.</Text>
		</Row>
		<Row Tag="LOC_PEDIA_GREATPEOPLE_PAGE_GREAT_PERSON_INDIVIDUAL_GENERAL_3_CHAPTER_HISTORY_PARA_1">
			<Text>Bir saha komutanı, ulusunun ordusunun büyük bir kısmından sorumlu olan bir subaydır, genellikle bir cephe boyunca. Hem ordusunun operasyonel planını anlamalı hem de bunları savaş sırasında gerekli olan değişiklikler olarak adapte etmeye istekli olmalıdır. Alt komutanlar tarafından çalışmasına ve genel kurmay tarafından tavsiye edilmesine rağmen, ordunun başarısı veya başarısızlığı kararına dayanır.</Text>
		</Row>
		<Row Tag="LOC_PEDIA_GREATPEOPLE_PAGE_GREAT_PERSON_INDIVIDUAL_GENERAL_4_CHAPTER_HISTORY_PARA_1">
			<Text>Bir saha komutanı, ulusunun ordusunun büyük bir kısmından sorumlu olan bir subaydır, genellikle bir cephe boyunca. Hem ordusunun operasyonel planını anlamalı hem de bunları savaş sırasında gerekli olan değişiklikler olarak adapte etmeye istekli olmalıdır. Alt komutanlar tarafından çalışmasına ve genel kurmay tarafından tavsiye edilmesine rağmen, ordunun başarısı veya başarısızlığı kararına dayanır.</Text>
		</Row>
		<!--Buildings-->
		<Row Tag="LOC_PEDIA_BUILDINGS_PAGE_BUILDING_HEADQUARTERS_CHAPTER_HISTORY_PARA_1">
			<Text>Komuta Merkezi, ordunun operasyonel planlarının saha için emir verildiği yer. Savaş hattı boyunca alt komutanlara haberciler ve telgraf aracılığıyla bağlıyken, değişen savaş çizgileri aksiyona yakın kalmak için yüksek komuta gerektirdiğinden, bunlar genellikle geçici meselelerdir.</Text>
		</Row>
	</EnglishText>
</GameData>