﻿<?xml version="1.0" encoding="utf-8"?>
<GameData>
	<EnglishText>
		<!-- Shell UI -->
		<Row Tag="LOC_WARMACHINE_SCENARIO_ERA_INDUSTRIAL_DESCRIPTION">
			<Text>Bu senaryoda, Birinci Dünya Savaşı'nın ilk ayında Fransa ya da Almanya ordularını yönetiyorsunuz. Saldırmaya hazır büyük bir ordunuz, desteklemeye hazır bir sanayi ülkesi ve Paris'i ele geçirmek veya savunmak için sadece 40 sıra var. Dünyanın gördüğü en büyük çatışmada zafer kazanabilir misin? Yoksa bu ölçekte savaş ve hız kesecek?</Text>
		</Row>
		<Row Tag="LOC_WARMACHINE_SCENARIO_NAME">
			<Text>Savaş Makinesi</Text>
		</Row>
		<Row Tag="LOC_WARMACHINE_SCENARIO_SCORE_VICTORY_NAME">
			<Text>Savaş Makinesi Zaferi</Text>
		</Row>
		<Row Tag="LOC_WARMACHINE_SCENARIO_SCORE_VICTORY_TT">
			<Text>Almanya olarak Paris şehrini zaman içerisinde yakalamalısın. Fransa olarak, süre doluncaya kadar Paris'i yakalamaya karşı savunmalısınız.</Text>
		</Row>
		<!-- Misc -->
		<Row Tag="LOC_VICTORY_WARMACHINE_SCENARIO_NAME">
			<Text>Savaş Makinesi Zaferi</Text>
		</Row>
		<Row Tag="LOC_VICTORY_WARMACHINE_SCENARIO_TEXT">
			<Text>Seferinizde muzaffer oldunuz!</Text>
		</Row>
		<Row Tag="LOC_VICTORY_WARMACHINE_SCENARIO_TT">
			<Text>Almanya olarak kazanmak için: süresi dolmadan Paris'i işgal et. Fransa olarak kazanmak için: Paris'in ele geçirilmesi süresinin dolmasına kadar savun.</Text>
		</Row>
		<!-- Map -->
		<Row Tag="LOC_MAPSIZE_WARMACHINE_SCENARIO_NAME">
			<Text>Birinci Dünya Savaşı Batı Cephesi</Text>
		</Row>
		<Row Tag="LOC_MAPSIZE_WARMACHINE_SCENARIO_DESCRIPTION">
			<Text>1914'te Fransa ile Almanya arasındaki sınır bölgesini gösteren standart bir harita.</Text>
		</Row>
		<!-- France -->
		<Row Tag="LOC_LEADER_WARMACHINE_SCENARIO_FRANCE_NAME">
			<Text>Fransız Yüksek Komutanlığı</Text>
		</Row>
		<Row Tag="LOC_CIVILIZATION_WARMACHINE_SCENARIO_FRANCE_NAME">
			<Text>Fransa</Text>
		</Row>
		<Row Tag="LOC_CIVILIZATION_WARMACHINE_SCENARIO_FRANCE_DESCRIPTION">
			<Text>Fransız Üçüncü Cumhuriyeti</Text>
		</Row>
		<Row Tag="LOC_CIVILIZATION_WARMACHINE_SCENARIO_FRANCE_ADJECTIVE">
			<Text>Fransız</Text>
		</Row>
		<Row Tag="LOC_WARMACHINE_SCENARIO_FRANCE_ABILITY_NAME">
			<Text>Dışarıdan Saldırı</Text>
		</Row>
		<Row Tag="LOC_WARMACHINE_SCENARIO_FRANCE_ABILITY_DESCRIPTION">
			<Text>Piyade kazancı +4 [ICON_Strength] Saldırı sırasında Mücadele Gücü.</Text>
		</Row>
		<!-- Germany -->
		<Row Tag="LOC_LEADER_WARMACHINE_SCENARIO_GERMANY_NAME">
			<Text>Alman Genelkurmay Başkanlığı</Text>
			<Plurality>2</Plurality>
		</Row>
		<Row Tag="LOC_CIVILIZATION_WARMACHINE_SCENARIO_GERMANY_NAME">
			<Text>Alman imparatorluğu</Text>
		</Row>
		<Row Tag="LOC_CIVILIZATION_WARMACHINE_SCENARIO_GERMANY_DESCRIPTION">
			<Text>İmparatorluk Almanya</Text>
		</Row>
		<Row Tag="LOC_CIVILIZATION_WARMACHINE_SCENARIO_GERMANY_ADJECTIVE">
			<Text>Almanya</Text>
		</Row>
		<Row Tag="LOC_WARMACHINE_SCENARIO_GERMANY_ABILITY_NAME">
			<Text>Krupp Yenilik</Text>
		</Row>
		<Row Tag="LOC_WARMACHINE_SCENARIO_GERMANY_ABILITY_DESCRIPTION">
			<Text>Topçu kazancı +4 [ICON_Strength] Saldırı sırasında Mücadele Gücü.</Text>
		</Row>
		<!-- Great Britain -->
		<Row Tag="LOC_LEADER_WARMACHINE_SCENARIO_BRITAIN_NAME">
			<Text>İngiliz Seferi Kuvvetleri</Text>
		</Row>
		<Row Tag="LOC_CIVILIZATION_WARMACHINE_SCENARIO_BRITAIN_NAME">
			<Text>Britanya</Text>
		</Row>
		<Row Tag="LOC_CIVILIZATION_WARMACHINE_SCENARIO_BRITAIN_DESCRIPTION">
			<Text>Birleşik Krallık</Text>
		</Row>
		<Row Tag="LOC_CIVILIZATION_WARMACHINE_SCENARIO_BRITAIN_ADJECTIVE">
			<Text>İngiliz</Text>
		</Row>
		<!-- Belgium -->
		<Row Tag="LOC_LEADER_WARMACHINE_SCENARIO_BELGIUM_NAME">
			<Text>Kral I. Albert</Text>
		</Row>
		<Row Tag="LOC_CIVILIZATION_WARMACHINE_SCENARIO_BELGIUM_NAME">
			<Text>Belçika</Text>
		</Row>
		<Row Tag="LOC_CIVILIZATION_WARMACHINE_SCENARIO_BELGIUM_DESCRIPTION">
			<Text>Belçika Krallığı</Text>
		</Row>
		<Row Tag="LOC_CIVILIZATION_WARMACHINE_SCENARIO_BELGIUM_ADJECTIVE">
			<Text>Belçikalı</Text>
		</Row>
		<!--Luxembourg-->
		<Row Tag="LOC_CIVILIZATION_WARMACHINE_SCENARIO_LUXEMBOURG_NAME">
			<Text>Lüksemburg</Text>
		</Row>
		<Row Tag="LOC_CIVILIZATION_WARMACHINE_SCENARIO_LUXEMBOURG_DESCRIPTION">
			<Text>Lüksemburg Büyük Dükalığı</Text>
		</Row>
		<Row Tag="LOC_CIVILIZATION_WARMACHINE_SCENARIO_LUXEMBOURG_ADJECTIVE">
			<Text>Lüksemburglu</Text>
		</Row>
		<Row Tag="LOC_LEADER_WARMACHINE_SCENARIO_LUXEMBOURG_NAME">
			<Text>Lüksemburg</Text>
		</Row>
	</EnglishText>
</GameData>
