﻿<?xml version="1.0" encoding="UTF-8" standalone="yes"?>
<GameData xmlns:xsi="http://www.w3.org/2001/XMLSchema-instance">
	<BaseGameText>
		<!-- Add text-->
		<Row Tag="LOC_PEDIA_LEADERS_PAGE_LEADER_CNUT_TITLE">
			<Text>Canute</Text>
		</Row>
		<Row Tag="LOC_PEDIA_LEADERS_PAGE_LEADER_CNUT_SUBTITLE">
			<Text>Danimarka Kralı</Text>
		</Row>
		<Row Tag="LOC_PEDIA_LEADERS_PAGE_LEADER_CNUT_CHAPTER_HISTORY_PARA_1">
			<Text>Ayrıca Cnut, Knut, Knud ve tarihçiye bağlı olarak çeşitli diğer çeşitler olarak da bilinen Canute, zaman zaman Danimarka, Norveç, İngiltere ve hatta İsveç'in kralı olarak görev yapacak. Bütün bunlar, sınırlar biraz akıcı olduğunda, elbette. MS 11. Yüzyılda Kuzey Avrupa'nın değişen servetlerinde bir iktidardı ve hem İmparator hem de Papa tarafından büyük bir özenle muamele gördü.</Text>
		</Row>
		<Row Tag="LOC_PEDIA_LEADERS_PAGE_LEADER_CNUT_CHAPTER_HISTORY_PARA_2">
			<Text>Kimse tam olarak ne zaman ve nerede doğduğundan emin değildir, ancak Canute için Danimarka Kralı Sweyn Forkbeard’in oğlu olduğu kesindir. Filonun sorumluluğunu Lincolnshire'da bıraktığında, kendisini iki oğlu taşıyan Aelfgifu ile birlikte aldı. Sweyn İngiltere kralı olarak kabul edildi ancak 1014'te öldü ve İngilizler Aethelred'i kralları olarak geri getirdi. Canute, yıl içinde Aethelred’in oğlunun taht için meydan okumak için geri döndü. 1016 Kasım'ının sonuna gelindiğinde her şey bitti ve Canute İngiltere'nin tamamını yönetti. Daha sonra hayatının geri kalanını (1035'te ölen) Danimarkalı tacı için tehditler yaparak, genellikle bunu yapmak için İngiliz birlikleri kullanarak geçirdi.</Text>
		</Row>
		<Row Tag="LOC_PEDIA_LEADERS_PAGE_LEADER_OLOF_TITLE">
			<Text>Olof Skötkonung</Text>
		</Row>
		<Row Tag="LOC_PEDIA_LEADERS_PAGE_LEADER_OLOF_SUBTITLE">
			<Text>İsveç Kralı</Text>
		</Row>
		<Row Tag="LOC_PEDIA_LEADERS_PAGE_LEADER_OLOF_CHAPTER_HISTORY_PARA_1">
			<Text>Olof III - Olof Eiriksson (Svear'ın kralı, daha sonra bugün İsveç olarak bilinen Erik VII Bjornsson'un oğlu) ve ara sıra Olof Skotkonung olarak bilinen - hayatının en iyi yıllarını Norveç Kralı Tryggvason ile savaşarak geçirdi. MS 993'te İsveç tahtını kazanmış, tarihçilerin Olof hakkında bildikleri şey Snorri Sturluson ve Bremenli Adam'ın hesaplarına dayanıyor.</Text>
		</Row>
		<Row Tag="LOC_PEDIA_LEADERS_PAGE_LEADER_OLOF_CHAPTER_HISTORY_PARA_2">
			<Text>Adam'a göre, Sweyn Forkbeard, Danimarkalı tahtını Olof'un iddialarına karşı savunmak zorunda kaldı, ancak Sweyn Olof'un annesi Sigrid “Haughty” ile evlendiğinde bu squabble yeterince çözüldü. Ayrıca Snorri'ye göre, ikisi de yakında yenilgiye neden oldu. Norveç Kralı Olav Tryggvason, 999 veya 1000 yıllarında Svolder'in deniz savaşında (Snorri yılın bu kadar kesin olmamakla birlikte, ayın Eylül olduğunu biliyordu). Bundan sonra Sweyn ve Olof Norveç'i kendi aralarında paylaştılar.</Text>
		</Row>
		<Row Tag="LOC_PEDIA_LEADERS_PAGE_LEADER_OLOF_CHAPTER_HISTORY_PARA_3">
			<Text>Diğer İsveçlileri ışığa çıkarma çabaları da pek iyi gitmedi. Sigfrid tarafından Hıristiyanlığa çevrilmiş c. 1008, Olof konularına yeni inancı zorlamaya çalıştı. Adam’a göre, Stockholm’de asi kavanozlar tarafından şehit edildiğinden bu kadar iyi gitmedi. 1021 putperest putlara kurban vermeyi reddettiği zaman.</Text>
		</Row>
		<Row Tag="LOC_PEDIA_LEADERS_PAGE_LEADER_AL_HAKAM_II_TITLE">
			<Text>II. El-Hakam</Text>
		</Row>
		<Row Tag="LOC_PEDIA_LEADERS_PAGE_LEADER_AL_HAKAM_II_SUBTITLE">
			<Text>Endülüs Halife</Text>
		</Row>
		<Row Tag="LOC_PEDIA_LEADERS_PAGE_LEADER_AL_HAKAM_II_CHAPTER_HISTORY_PARA_1">
			<Text>MS 915 Kasım'ında büyük Cordoba şehrinde doğan büyük III. Abdül Rahman ’ün oğlu El Andalus’un ikinci Emevi halifesi, 976 Ekim’inde aynı büyük şehirde öldü, büyük saltanatı halifelikteki en büyük dönemi temsil etti ; kişisel himayesinde, Mağribi sanat ve bilim, Endülüs'te altın çağa ulaştı.</Text>
		</Row>
		<Row Tag="LOC_PEDIA_LEADERS_PAGE_LEADER_AL_HAKAM_II_CHAPTER_HISTORY_PARA_2">
			<Text>II. El-Hakam, kapılarına dökülen Hıristiyanlara rağmen, halkını arttırmaya çalıştı. Zengin bir krallık olan Al-Hakam, tarımsal üretimi arttırmak için sulama projelerine sponsor oldu, kasabalarındaki caddeleri genişletti ve daha fazla pazarın inşa edilmesini emretti. Hem Müslüman hem de Hristiyan topraklarından davet edilen ve 600 bin kitap büyüklüğünde olduğu düşünülen bilim adamlarının kullanması için büyük bir kişisel kütüphane kurdu (birden fazla tarihçi bu konuyu tartışıyor, birçoğu sadece 400 bini buluyordu). İnşaat projeleri arasında Cordoba'daki caminin genişlemesi ve kraliyet ikametgahı Medina Azahara'nın tamamlanması yer aldı.</Text>
		</Row>
		<Row Tag="LOC_PEDIA_LEADERS_PAGE_LEADER_AL_HAKAM_II_CHAPTER_HISTORY_PARA_3">
			<Text>Ama hepsi barışçıl değildi; saltanatının başlarında Al-Hakam, Navarre ve Kastilya ve Leon'un istilacı Hıristiyan krallarına karşı başarılı bir savaş başlattı. Deniz kuvvetleri deniz akıncılarını ve Norman korsanlarını yendi. Ve 973'te kuvvetleri Tangier'i son İdrisidlerden aldı ve böylece Fas'ı El Hakam'ın ölümünden hemen önce ekledi.</Text>
		</Row>
		<Row Tag="LOC_PEDIA_LEADERS_PAGE_LEADER_BASIL_II_TITLE">
			<Text>II. Basil</Text>
		</Row>
		<Row Tag="LOC_PEDIA_LEADERS_PAGE_LEADER_BASIL_II_SUBTITLE">
			<Text>Bizans İmparatoru</Text>
		</Row>
		<Row Tag="LOC_PEDIA_LEADERS_PAGE_LEADER_BASIL_II_CHAPTER_HISTORY_PARA_1">
			<Text>II. Basil - aynı zamanda Basil Porphyrogenita (“morda doğdu”) ve Basil Bulogaroctonus (“Bulgarların katili”) olarak da bilinir. Saltanatının ilk yıllarına uzun bir iç savaş egemen oldu. Basil, yardım almak için Kiev'deki Viking kasabasından Vladimir'e döndü ve Vladimir, Basil'in kız kardeşi Anna'nın eliyle (Hristiyanlığı benimsemesi şartıyla) ödüllendirildi. Çatışmalar bittikten sonra, Kuzeyliler’in birçoğu ünlü Varang Muhafızlarının kadrolarını oluşturan Bizans hizmetinde kaldı.</Text>
		</Row>
		<Row Tag="LOC_PEDIA_LEADERS_PAGE_LEADER_BASIL_II_CHAPTER_HISTORY_PARA_2">
			<Text>İç savaşta kazandığı zaferden sonra, 989 civarında, saltanatının geri kalanı, sürekli bir savaş haliyle işaretlendi. II. Fesleğen, kavga eden imparatorluğun çevresine bir tampon inşa ederek varlıklarını genişletmeyi ve pekiştirmeyi amaçladı. Bunun bir süredir tiyatroları Suriye, Suriye, Ermenistan ve Gürcistan doğuda idi. Bununla birlikte, son çar Çar Samuel'i altında canlanan Bulgaristan krallığına karşı sürdürdüğü kalıcı ve muzaffer kampanyaları ile tanınmaktadır. Başkent Ochrida'nın düşüşüyle Bulgaristan imparatorluğa dahil edildi. Basil’in ölümünde, Sicilya’nın Bizans fethi için hazırlıkları denetliyordu.</Text>
		</Row>
		<Row Tag="LOC_PEDIA_LEADERS_PAGE_LEADER_CHARLEMAGNE_TITLE">
			<Text>Charlemagne</Text>
		</Row>
		<Row Tag="LOC_PEDIA_LEADERS_PAGE_LEADER_CHARLEMAGNE_SUBTITLE">
			<Text>Francia Kralı</Text>
		</Row>
		<Row Tag="LOC_PEDIA_LEADERS_PAGE_LEADER_CHARLEMAGNE_CHAPTER_HISTORY_PARA_1">
			<Text>I. Charles - Charlemagne - Ortaçağ tarihi, şövalyelik ve medeniyetin kendisinin en büyük figürlerinden biridir. MS 814 Ocak'ında öldüğü zaman, şu anda Fransa, Almanya, Aşağı Ülkeler, İtalya ve İberya ile Doğu Avrupa’nın bitleri olduğuna karar verdi. Kardeşleri Carloman I ile birlikte Frank'ların “ortak” kralı oldu. 768'de babaları Pepin the Short'un ölümü üzerine, ama 771'de Carloman “açıklanamayan” koşullar altında öldü.</Text>
		</Row>
		<Row Tag="LOC_PEDIA_LEADERS_PAGE_LEADER_CHARLEMAGNE_CHAPTER_HISTORY_PARA_2">
			<Text>774 yılında, Papa Adrian’ın emriyle Charlemagne, Lombardiya kralı Desiderous’u bastırdı ve böylece o yıl geniş holdinglerinin kralı oldu. Saksonlarla savaşmakla meşgul olan 776'da Spoleto ve Fruili'nin asi duklarını yenmek için kuzey İtalya'ya geri döndü. Bu arada, Saksonlara karşı yaptığı kampanyalar, 304 yıl boyunca sürdü, 804'e kadar bitmeyen bir döngüde teslimiyet ve isyanlarla işaretlendi. Saksonya krallığının çöküşüyle birlikte, Bavyera, 794'te Charlemagne’nin yönetimine teslim oldu.</Text>
		</Row>
		<Row Tag="LOC_PEDIA_LEADERS_PAGE_LEADER_CHARLEMAGNE_CHAPTER_HISTORY_PARA_3">
			<Text>Tüm bunlarla dolduran Charles (şimdi “Büyük” olarak adlandırılıyor), periyodik olarak Macaristan’a yerleşmeye karar veren pagan Avar’la savaştı; büyük bir güç sağlayarak sonunda Avarları onu (ve Hristiyanlığı) yeni yöneticileri olarak kabul etmeye zorladı. Ve 811'de güneye Ebro'nun kıyılarına doğru iterek Moors'u Iberia'ya geri götürdü. Bütün bu “Lord’un çalışmaları için” Charlemagne, MS 800'lerde Papa III.</Text>
		</Row>
		<Row Tag="LOC_PEDIA_CIVILIZATIONS_PAGE_CIVILIZATION_DENMARK_CHAPTER_HISTORY_PARA_1">
			<Text>MS 8. yüzyılın sonlarından itibaren, her bahar Danimarka Viking lordları Kuzey Denizi boyunca ve İngiliz Kanalı'nı geçerek baskınlar düzenledi; Lindisfarne'nin Hristiyan Manastırı'na yapılan ünlü Viking baskını, “Viking Çağı” nın habercisi olacaktı. Bu nedenle, yaygın olan ve korkulan Avrupa’nın kıyılarındaki bazı küçük krallıkların “Danegeld” olarak bilinen - daha büyük ödemeleri artıracakları - yalnız bırak. Danimarka'nın gelişimini on yıllardır finanse etmeye yardımcı olan bir yıllık fidye.</Text>
		</Row>
		<Row Tag="LOC_PEDIA_CIVILIZATIONS_PAGE_CIVILIZATION_DENMARK_CHAPTER_HISTORY_PARA_2">
			<Text>Eski Kral Gorm (“Eski Gorm” olarak biliniyordu), Danimarka Vikinglerinin çoğunu bir araya getirerek krallığın yaratılmasının temellerini attı c. 936, ölümüne kadar 958 yılında hüküm sürdü. Bunu, Harald Bluetooth, Büyük Canute ve Sweyn Forkbeard izleyecekti. Öncelikle Sweyn II'nin çabaları sayesinde Hristiyanlık Vikingler arasında yerini aldı; 27 yıllık saltanatı boyunca Danimarka'nın her yerine kiliseler yapıldı ve çocukları Latince öğrenmeye zorlama çabalarına sponsor oldu. Yaşamı boyunca, üretken yaşlı kral 20'den fazla çocuğa sahipti, mirasçıları sonraki 60 yıl boyunca Danimarka'ya hükmedeceklerdi… Danimarka'yı ortaçağ Avrupa kültürünün ve mesleğinin ana akımına yönlendiriyordu.</Text>
		</Row>
		<Row Tag="LOC_PEDIA_CIVILIZATIONS_PAGE_CIVILIZATION_SWEDEN_CHAPTER_HISTORY_PARA_1">
			<Text>Danimarkalı meslektaşları İngiltere ve Fransa’da baskınlarla tanınıyordu ve Norveçliler Kuzey Atlantik’i dolaşırken, İsveç’in Vikingleri Baltık Denizi’nde ve nehir boyunca Rus sınırlarına doğru ilerliyorlardı. “Viking Çağı” boyunca, geniş kapsamlı ticaret yollarıyla tanınmışlardı, iç bölgelere, hatta Bizans'a kadar uzanıyorlardı.</Text>
		</Row>
		<Row Tag="LOC_PEDIA_CIVILIZATIONS_PAGE_CIVILIZATION_SWEDEN_CHAPTER_HISTORY_PARA_2">
			<Text>MS 9. yüzyılda Volga'ya Rusya, Belarus ve Ukrayna'ya taşınan İsveç Vikinglerinin birçoğu Rus olarak bilinen bu doğu topraklarına yerleşti. Kiev şehri ele geçirdikten sonra c. 850'de Rus, (Moğolların gelene kadar) yaklaşık 400 yıl boyunca hayatta kalan bir devlet kurdu.</Text>
		</Row>
		<Row Tag="LOC_PEDIA_CIVILIZATIONS_PAGE_CIVILIZATION_SWEDEN_CHAPTER_HISTORY_PARA_3">
			<Text>İlk binyıl boyunca, İsveç’in kendisi bağımsız illerden oluşan gevşek bir işbirliğiydi. Her ne kadar çeşitli İskandinav sagalarında birkaç erken kraldan bahsedilse de, efsaneyi gerçek tarihten ayırma çabası, soylarını ve ardışıklıklarını hala biraz karışık. Muzaffer Eric'in oğlu Olof Skotkonung, 995'ten 1022'ye kadar hükmetti ve hem Svealand hem de Gotaland'a hükmeden İsveç kabilelerini gerçekten birleştiren ilk kişi olarak kabul edildi.</Text>
		</Row>
		<Row Tag="LOC_PEDIA_CIVILIZATIONS_PAGE_CIVILIZATION_AL_ANDALUS_CHAPTER_HISTORY_PARA_1">
			<Text>Nisan 711'de, Emevi Halife el-Wadi'nin emirleri üzerine Berberi komutanı Tarık ibn-Zivad, Cebelitarık'ta Müslüman toprakların sınırlarına küçük bir kuvvet indirdi. Visigoth kralı Roderic’i kesin olarak yendikten sonra, Moors Iberia’nın çoğunu istila etti. Böylece, başlangıçta genişleyen Emevi imparatorluğunun bir parçası olan El-Endülüs başladı. Fakat 756'da sürgün edilen Emevi prens Abd al Rahman ben El Endülüs valisini devraldım ve kendisini Cordoba'daki başkentiyle birlikte alemin emiri olarak kurdum.</Text>
		</Row>
		<Row Tag="LOC_PEDIA_CIVILIZATIONS_PAGE_CIVILIZATION_AL_ANDALUS_CHAPTER_HISTORY_PARA_2">
			<Text>On yıllarca süren bir düşüşün ardından, 912'de iktidara gelen büyük Abdül Rahman III, yalnızca krallığın servetini ve prestijini hızla geri getirmekle kalmadı, aynı zamanda fetihle genişletti. 929'da, Endülüs'ü İslam'ın en büyük krallıklarına yükselten kendisini “halifesi” ilan etti. II. Oğlu El-Hakam daha da yükseltti. Akdeniz'e ticaret yollarına hakim olan krallık, kültürel ve bilimsel ilerlemelerin altın çağına girdi ve aynı zamanda Tangier'in yakalanmasıyla Kuzey Afrika'ya genişledi.</Text>
		</Row>
		<Row Tag="LOC_PEDIA_CIVILIZATIONS_PAGE_CIVILIZATION_AL_ANDALUS_CHAPTER_HISTORY_PARA_3">
			<Text>Fakat Cordoba halifeliği, 1009'dan 1013'e kadar süren hararetli bir iç savaş sırasında çöktü. 1031 yılına kadar tökezlemesine rağmen, El-Endülüs, küçük krallıklar ve şehirlerin bir sığınağına düştü. Böylece bu Hıristiyan krallıklarının Moors'u kovma çabalarına ivme kazandırmak - Reconquista.</Text>
		</Row>
		<Row Tag="LOC_PEDIA_CIVILIZATIONS_PAGE_CIVILIZATION_BYZANTIUM_CHAPTER_HISTORY_PARA_1">
			<Text>Makedon hanedanı (MS 867 ila 1057) uyarınca, Bizans İmparatorluğu - Roma'nın ve Yunanistan'ın kültürünün varisi - birkaç yüzyıllık bir düşüşle toparlanan en yüksek genişleme ve nüfuz oranına ulaştı. Fesleğen I ile başlayarak, bir dizi yetkili lider, Suriye ve Balkanlar'daki kayıp bölgeleri yeniden ele alarak Araplar ve Bulgarlar üzerindeki zaferleri yönetti. Bu başarılar, ekonomik büyümeyle ve sanat, bilim ve dinin çiçeklenmesiyle eşleştirildi. Toprağın patriklerinin din hakkında düşünen her şey yolunda, “Büyük Şism” e,… 1054’te Doğu Ortodoks ve Roma Katolik inancı arasındaki cemaatin kopmasına yol açtı.</Text>
		</Row>
		<Row Tag="LOC_PEDIA_CIVILIZATIONS_PAGE_CIVILIZATION_BYZANTIUM_CHAPTER_HISTORY_PARA_2">
			<Text>850'de başlayan Bizans liderleri, kuzeydeki Kiev Viking krallığı ile meşhur aşk-nefret ilişkisini geliştirdi. İmparatorluk hızlı bir şekilde Kiev'in en büyük ticaret ortağı oldu ve Karadeniz'in kuzeyindeki iç kısımdaki hammaddeler için lüks malları değiştirdi. Rus’u “Hıristiyanlaştırdıktan” sonra, Kievli Vladimir, Bizans mimarlarını ve sanatçılarını her türlü dini proje üzerinde çalışmak üzere getirdi. Önümüzdeki birkaç yüzyıl boyunca, Kiev ve Bizans imparatorluk aileleri sık sık evlendi ve Bizans, paralı askerler olarak (özellikle de ünlü Varangian Muhafızlarında) çalışan şiddetli Viking savaşçılarını serbestçe kullandı. Ancak ilişkiler her zaman bu kadar samimi değildi, birkaç kez Viking veya Rus akıncıları onyıllar boyunca Bizans yerleşimlerine saldırdı.</Text>
		</Row>
		<Row Tag="LOC_PEDIA_CIVILIZATIONS_PAGE_CIVILIZATION_FRANCIA_CHAPTER_HISTORY_PARA_1">
			<Text>Romalılar Galyalılar'ı yönetmeye çalışmaktan vazgeçtiğinde, karanlık dönemlerin başlarında, birkaç tane nesiller süren bir dizi Frank krallığı yükseldi. Sonunda, MS 496'da Fransızların kralı Clovis I tarafından kurulan ortaçağ Fransız Krallığı ortaya çıktı. Gelecek nesillerin yakın zamandaki kampanyaları sayesinde - Charlemagne egemenliğinde sonuçlandı - Batı Francia, 9. yüzyılın başlarında sağlam ve güvence altına alındı. Ancak, 840'ta The Pious Louis'in ölümünden sonra, her şey üç oğlu arasında bölündü.</Text>
		</Row>
		<Row Tag="LOC_PEDIA_CIVILIZATIONS_PAGE_CIVILIZATION_FRANCIA_CHAPTER_HISTORY_PARA_2">
			<Text>Danimarkalı Vikinglerin kıyı şeridini basmaya başlaması, tam zamanında 845'te Paris çuvalı ile doruğa ulaşması… West Francia kralı Bald the Bald tarafından 7000 liv altın ve gümüş ile satın alındıktan sonra çekildi. Yağma ve fidye için birkaç kez daha geri döneceklerdi, nihayet 885 kışın şehir surlarının elinde kalacaktı.</Text>
		</Row>
		<Row Tag="LOC_PEDIA_CIVILIZATIONS_PAGE_CIVILIZATION_FRANCIA_CHAPTER_HISTORY_PARA_3">
			<Text>Son Carolingian kralının ölümüyle birlikte, Viking tehdidi karşısında bir hanedan iç savaşının kanlanmasını önlemek için, Reims Başpiskoposu Francia'nın büyük efendilerini yeni bir yönetici seçmek için topladı. Ile-de-France'deki Dük Hugh Capet nihayetinde kral olarak seçildi ve Temmuz 987'de taçlandı. Bir darbede, Viking tehdidinin azaldığı gibi modern Fransa yaratıldı.</Text>
		</Row>
		<Row Tag="LOC_PEDIA_UNITS_PAGE_UNIT_FRANKISH_CABALLARII_CHAPTER_HISTORY_PARA_1">
			<Text>Carolingian hanedanlığı sırasındaki Frank birliklerinin büyük çoğunluğu basitçe piyade mızrakçılarıydı - Fransızlar, geleneksel "francisca" fırlatma baltasını terk etmeden çok önce çoktan ayrılmıştı - ama kral, ünlü süvari birliği, ünlü caballarius'un şerefine bağlıydı. Başlangıçta bu caballarilar sarayın içine ya da yanına yerleştirilmişlerdi, ancak zamanla büyük topraklar arasında da yayılmışlardı. Birliklerin çoğu yalnızca savaş zamanında çağrılan harçlar olmasına rağmen, caballarius “profesyoneller” idi ve daha az eğitimli Frankish birimleri için geçici liderler bile sağladı. “Scara” ya (standartlaştırılmamış alaylara) bölünmüş olarak, Charlemagne'nin kaballari, 'alimler' kralın kişisel koruması olarak üç prestij saflığına bölünmüş gibi görünüyor. Caballarii, monte edildiğinde gerçek şok birlikleri olarak kullanılabildiği gibi, yayadan çıkıp yürüyerek savaşabiliyordu. Ve her iki durumda da oldukça etkili oldu.</Text>
		</Row>
		<Row Tag="LOC_PEDIA_UNITS_PAGE_UNIT_MOORISH_FARFANES_CHAPTER_HISTORY_PARA_1">
			<Text>Paralı askerlerin kullanımı orta çağ dünyasında oldukça kabul görüyordu ve Müslüman devletler çok çeşitli çalışıyorlardı. Özellikle Endülüs'teki Mağribi halifeleri, Avrupalı tarzında, hem monte edilmiş hem de diken, yoğun formasyonlarda savaşan farfanlar - karşıt İber Hıristiyan krallıklarından paralı askerler kullandı. Bu Hristiyan askerlerin İslam'ın pankartları altında savaşma sebepleri çoktu. Bazı durumlarda, ünlü El Cid’de olduğu gibi, ülkelerden kovuldukları veya sürüldükleri için olabilirler. Diğerleri son zamanlarda fethedilen halklardan ya da Hristiyan köleler ya da savaş esirlerinin hizmet için verilen özgürlüklerinden İslam'a dönüşmüş olabilir. Sebep ne olursa olsun, farlar Moors’un birçok düşmanı arasında korku duyulmaya başlandı… ve iyi para aldılar.</Text>
		</Row>
		<Row Tag="LOC_PEDIA_UNITS_PAGE_UNIT_HUSCARL_CHAPTER_HISTORY_PARA_1">
			<Text>Kabuklular (veya “ev eşyaları”), önce Canute tarafından askeri bir güç olarak yetiştirilen seçkin askerlerdi; Onları Jomsvikings olarak bilinen yarı efsanevi İskandinav savaşçısı kardeşliği üzerine modellenmiştir. Aslında, sözde orjinal kabar oluşumları, ünlü Thorkell adı altında İngiltere'ye gelen bir Jomsvikings çekirdeği etrafına inşa edildi. Özel bir vergi ile desteklenen Canute, ikisi Londra yakınlarında ve York yakınlarında üçüncü olmak üzere üç “kolordu” (toplam 3000-4000 erkek) tuttu. Her zamanki silah ve zırh koleksiyonuyla donanmış olan huscarlar özellikle hem disiplin hem de ustalık isteyen “kalkan duvarı” taktiğinde ustaydılar. Canute ve diğer Viking yöneticileri, ordunun geri kalan kısmını sabit tutmak için genellikle salyangozlarını hattın ortasına yerleştirdiler ya da ilk düşman saldırısını almak için onları tüm cepheye yaydılar. Savaşta yaptıkları sömürüler efsanevi şeylerdi; Mesela, huscarls, Godwinson’un ordusunun demir çekirdeğini Stamford Bridge ve Hastings’te oluşturdu.</Text>
		</Row>
		<Row Tag="LOC_PEDIA_CITYSTATES_PAGE_CIVILIZATION_APUOLE_CHAPTER_HISTORY_PARA_1">
			<Text>Şimdi bile küçük bir köy (2011'deki Litvanya nüfus sayımı sadece 119 kişiyi listeliyor), orta çağın başlarında Apuolé küçük Baltık kabilesi Curonyalıların bir tepe kalesiydi. Rimbert tarihçeleri, MS 854'te Curonyalıların İsveç Vikinglerine verdikleri haraç ödemeyi barış içinde bırakmayı nasıl reddettiğini anlatıyor. Kale, ilk olarak belirtilmemiş haraçların alıcısı olarak İsveçlilerin yerine geçmek isteyen Danimarkalı Vikingler tarafından saldırıya uğradı. Yerliler, Danimarka kuvvetini yenerek çok fazla ganimet kazandılar. Danimarka itirazını duyduktan sonra, İsveç Kralı Olof büyük bir filo topladı ve Curonyalıların üzerine indi. Rimbert'e göre, 15000 kabilesi teslim edilmeden önce sekiz gün boyunca devam etti. Güya Curonian şefi, kaledeki her adam için gümüş bir fidye ödedi, Olof'a olan sadakatini verdi ve gelecekteki ödemeleri garanti altına almak için 30 rehine verdi.</Text>
		</Row>
		<Row Tag="LOC_PEDIA_CITYSTATES_PAGE_CIVILIZATION_ARLES_CHAPTER_HISTORY_PARA_1">
			<Text>Roma İmparatorluğu’nun son aşamalarında zirveye ulaşan - MS 395’te, Galya’nın Galya Narbonensis’inde Rhone’da bulunan Arles şehri . Ancak 5. ile 8. yüzyıllar arasında defalarca Visigoth, Saracens ve hatta kuzeyden barbarların işgalleri ve baskınları yüzünden harap oldu. Sonunda, 739'da Charles Martel, Provence'ı topuklarına getirdi ve Arles yeniden dirildi. 855 yılında, şehir Arles Krallığı'nın başkenti oldu. Sonra 933'te Arles Hugh, krallığını Burgonya'daki holdinglerle birleştiren Rudolph II'ye bıraktı; Sonunda, Rudolph’un son soyundan gelenlerin ölümü üzerine, krallık Salic İmparatoru Conrad II tarafından miras kaldı. Böylece, 1600'lere kadar krallık artık yok olana kadar Fransa'ya yavaş bir emilim süreci başladı.</Text>
		</Row>
		<Row Tag="LOC_PEDIA_CITYSTATES_PAGE_CIVILIZATION_ASILAH_CHAPTER_HISTORY_PARA_1">
			<Text>Bir kez bir Fenike limanının yeri olan Asilah yerleşimi İdrisitler tarafından MS 8. yy'da bir noktada kıyı ticaretini korumak için bir kale olarak kurulmuştur. 860 civarında Bjorn Ironside ve kardeşi (ya da belki yarı kardeşi) Hastein, Akdeniz kıyılarına baskın yapmak için Loire'daki Viking yerleşim yerinden 62 uzun gemi filosuna öncülük etti. Yolculuk ilk başta iyi gitmedi, filo önce Asturiler ve sonra Cordoba Halifeliği güçleri tarafından yenildi. Ancak Vikinglerin yağmalanması, Algeciras kentine indiklerinde ve yine İdrisid hilafetinin kıyı kasabalarını ve Balear Adaları'ndaki Emevi kentlerini yıkmak için Afrika'ya ulaştığında başarılı oldu. Asilah korunmuş olsa da (tarihçiler belirsizdir), 10. Yüzyılda Norillerin Sicilya'dan yaptığı saldırılar, kale kentinde kalanları neredeyse ortadan kaldırdı.</Text>
		</Row>
		<Row Tag="LOC_PEDIA_CITYSTATES_PAGE_CIVILIZATION_BALARM_CHAPTER_HISTORY_PARA_1">
			<Text>Şimdi Palermo olarak bilinen şehir, her fatih tarafından yeniden adlandırıldı ve birçoğu oldu. Kurulan c. 730 yılında Fenikeliler tarafından Zis olarak M.Ö. Kartaca, sonra Roma, sonra Vandals, sonra Ostrogoths ve sonra Bizans'a sahip oldu. Müslümanlar, MS 904'te şiddetli çatışmaların ardından adaya girdiklerinde, Araplar Balarm kasabasını yeniden adlandırdılar ve Sicilya Emirliği'nin başkenti yaptılar. Sonraki onyıllar boyunca Balarm çiçek açmıştı, söylenene kadar - Cordoba ve Kahire ile birlikte etkili ve ihtişam içinde rekabet edebildi. Fatimi halifelerinin egemenliği altında, gelişen liman bir ticaret merkezi haline geldi (çoğunlukla tarım… Müslümanlar portakal, limon, antep fıstığı ve şeker kamışı) ve kültür tanıttı. Fakat Müslümanlar arasındaki hanedan kavgalarından sonra Sicilya, 1072'de Norman Robert Guiscard dahil Hıristiyan paralı askerler tarafından istila edildi.</Text>
		</Row>
		<Row Tag="LOC_PEDIA_CITYSTATES_PAGE_CIVILIZATION_DUMBARTON_CHAPTER_HISTORY_PARA_1">
			<Text>Dumbarton’un tarihinin anahtarı - en azından yerel tarihçilere göre - kırsal kesime yapışan çift uçlu volkanik kaya tapası. Demir Çağı gibi erken bir zamanda, stratejik konumu tanındı. Dumbarton'daki bir anlaşmaya dair ilk belgelenmiş delil, St Patrick'in Strathclyde ve Alcluith kralı Ceretic'e yazdığı bir mektuptur. 450. Önümüzdeki birkaç yüzyıl boyunca, kasabanın tarihi belirsizdir. Ancak, 870 yılında Dumbarton Rock, görünüşte müreffeh ve huzurlu, küçük bir İngiliz kalesi ve yerleşimi idi. Ama sonra Vikingler geldi, Ivar Beinlaus'un altındaki York'u işten çıkarma yolunda bir güç; Beyaz Olaf ona İrlanda'dan katıldı. Birlikte kasabayı 15 hafta boyunca kuşattılar, nihayet fırtınadan önce, yaktılar ve kurtulanlar da dahil olmak üzere çivilenmemiş her şeyi İrlanda'ya geri götürecek 200 gemi filosunda götürdüler.</Text>
		</Row>
		<Row Tag="LOC_PEDIA_CITYSTATES_PAGE_CIVILIZATION_GIJON_CHAPTER_HISTORY_PARA_1">
			<Text>İberia'nın kuzey kıyısında yer alan tarifsiz bir yer Gijon'u yattı. Nitekim, çeşitli zamanlarda, özellikle bir Norman filosu oraya yerleştirilip 'civitas deserta' yeri ilan edildiğinde, özellikle MS 9. Yüzyılda kasaba terk edilmiştir. Daha önce, çeşitli barbar yerleşimleri de iz bırakmamıştı; 7. Yüzyılda Visigoth kralı Susebut, oldukça hassas olan Roman beklemesini desteklemişti. Gijon, yaklaşık bir yüzyıl boyunca, Kantabri Denizi boyunca uzanan Müslüman topraklarının başkenti, Pelagius'un Covadonga'nın Asturias'ın ilk kralı olma savaşını kazandığı 722'ye kadardı. MS 1270’e kadar hiçbir kayıtta şehirden tekrar söz edilmiyor; O yıl, Alfonso X'in “Carta Pueblo” adını verdiği görülüyor. Savaş ve karta arasında, Gijon'un tek sözleri birkaç Danimarkalı sagada.</Text>
		</Row>
		<Row Tag="LOC_PEDIA_CITYSTATES_PAGE_CIVILIZATION_KAIROUAN_CHAPTER_HISTORY_PARA_1">
			<Text>Emevi halifesi Mu’awiya’nın MS 670’te kurduğu Afrika’nın kuzey kıyısında bulunan Kairouan, Sünni İslam’ın en önemli burs ve eğitim merkezlerinden biri olacak ve üniversitesi Arap dünyasından alimleri çekecek. Bu nedenle, şöhreti Kuzey Avrupa'ya bile yayıldı - zenginliklerinin hikayeleri büyük ölçüde abartılmıştı. Berberlerin Hz. Peygamber’in sözleriyle kitlesel dönüşümünün ardından, 745’te lüks bahçeleri ve geniş zeytinlikleri ile Kairouan’ı ele geçirdiler. Güç mücadeleleri, bazıları yardımsever ve bazıları daha az, çeşitli yöneticiler gördü. İmam Şahnun ve Esed ibn el-Furat döneminde, kenti daha da ünlü yapan saraylar, surlar ve su işleri yapılmıştır. Charlemagne ve Kutsal Roma İmparatorluğu mahkemelerinin elçileri, Kairouan’ın muhteşem bahçeleri ve kütüphanelerinin muhteşem masallarıyla geri döndü. Fatimi hanedanının yükselişi ile c. 909, ancak, yeni yöneticiler başkentlerini daha savunulabilir bir yere transfer ettiklerinde kasaba önemini ve etkisini yitirdi.</Text>
		</Row>
		<Row Tag="LOC_PEDIA_CITYSTATES_PAGE_CIVILIZATION_PAMPLONA_CHAPTER_HISTORY_PARA_1">
			<Text>Pireneler'in eteklerinin ortasında, Navarre'deki yuvarlak bir vadide yer alan Pamplona, 9. yüzyıl boyunca özyönetim, Visigoth hakimiyeti ve Frank usulü sünnet arasında değişiyordu. Pamplona Krallığı hükümdarı Garcia Iniguez, devirleri de genişleterek ve daralırken, Mağribi tehdidini savuşturmak için topraklarını Christian Asturias ile birleştirdi. Ancak, Vikinglere karşı pek bir şey yapmadı, ancak kralı 859'da ele geçirdi (ya da öylesine) ve onu sadece ağır bir fidye için geri döndü (efsaneye göre, yaklaşık 70 bin altın dinarı). Tarihçi Ann Christys, bu bölümün kayıtlarla ve muhtemelen kıyametlerle desteklenmediği konusunda güçlü bir dava açtı. Pamplona’ya gelince, krallık sonunda serbest kalan Garcia ve Asturias’ın yeni arkadaşı Ordono I, Albelda’da Musa’yı Musa’nı ve Cordoban ordusunu yendiklerinde Hristiyanlık için kurtarıldı.</Text>
		</Row>
		<Row Tag="LOC_PEDIA_CITYSTATES_PAGE_CIVILIZATION_PISA_CHAPTER_HISTORY_PARA_1">
			<Text>İmparatorluğun son yıllarında, Pisa, diğer Roma şehirleri kadar, medeniyetin düşüşüne de uğramadı. Aslında, 700'lerin ortalarında, şehir gelişen bir liman ve büyük bir ticaret merkezi olma yolunda ilerliyordu. Sonra Akdeniz Müslüman kasabalarına baskın yapan ve şimdi birkaç Hristiyan olana odaklanan Vikings Bjorn Ironside ve Hastein geldi. Fransa'nın güneyini yağmaladıktan ve kışı geçirdikten sonra, korunmasız Pisa'ya inerek MS 861'de ele geçirip çuvalladılar. İç bölgelere doğru ilerleyen ordu, efsaneye göre, Roma olduğuna inanılan cahil vahşilerin hile ile duvarlı Luni kasabasını aldı. Kurtulan İskandinav savaşçılarına karşı öfkeli ve liderler her zaman Roma'nın nihai hedefini ilan ettikleri için Cebelitarık'taki boğazlarına geri döndüler. -Andalus. Pisa yeniden yapıldı ve bir daha asla Vikingler tarafından rahatsız edilmedi.</Text>
		</Row>
		<Row Tag="LOC_PEDIA_CITYSTATES_PAGE_CIVILIZATION_PRESLAV_CHAPTER_HISTORY_PARA_1">
			<Text>Küçük bir Slav yerleşimi olan Preslav, MS 9. yüzyılın başlarında takviye edildiğinde statüsündeki yükselişine başladı; ve Bulgaristan'ın başkenti Pliska'ya olan yakınlığı, Krum ve Omurtag hanları altındaki genişlemesine ve refahına yol açtı. Dahası, 864'te Bulgarlar Hristiyanlığa dönüştüğünde, şehir surlarının içinde ve çevresinde çok sayıda kilise ve manastır inşa edildi. Ancak önemli bir stratejik ve dini merkez olan Preslav’nın geri döndüğünü kanıtladı. 960'larda ve on yıllar boyunca, Bizans ve Kiev Rusları arasındaki savaşlar, perişan ve birkaç kez yandığını gördü. Fatihler hazineyi yağmaladı, taç regali'yi yürüttü ve hatta ünlü Simeon kütüphanesinin büyük bir kısmını çaldı. Eteklerinde ve manastırlarda büyük ölçüde terk edildi. İkinci Bulgar İmparatorluğu döneminde bir miktar önem kazanmış olmasına rağmen, kısa bir süre sonra gölgelere daha da daldı.</Text>
		</Row>
		<Row Tag="LOC_PEDIA_CITYSTATES_PAGE_CIVILIZATION_ROME_CHAPTER_HISTORY_PARA_1">
			<Text>Viking Çağı boyunca Ebedi Şehrin öyküsü, çoğunlukla Papalık Devletleri'nin yaratılışı ve on yılların başından kalma hikayesidir. Bir kültür merkezi olarak kaldı ve biri manzaraları seyretmek için dolaşıp arada sırada bulunan Dane ya da Rus'ı bile görebildi. Bjorn ve Hastein yanlış kasabayı kovmayı başardıklarından - duvarlı Luni kentinin Roma olduğunu düşünüyorlardı - Romalılar Norsemen'in gazabına maruz kalmak zorunda kalmıyorlardı. Bunun dışında, Roma ile Vikingler arasındaki ana etkileşim, çeşitli öğretmenlerin onları “Gerçek Kilise” ye çevirme çabaları oldu.</Text>
		</Row>
		<Row Tag="LOC_PEDIA_CITYSTATES_PAGE_CIVILIZATION_TAMWORTH_CHAPTER_HISTORY_PARA_1">
			<Text>Mercia Krallığı MS 600'lerin başında kuruldu. Tamworth, ilk kaydedilen kralı Penda'nın altında “kraliyet merkezi” olarak belirlendi. Kral Offa saltanatıyla İngiltere’nin merkezi ve en büyük krallığının resmi başkenti oldu. Ancak Danimarka Vikingleri ortaya çıktığında büyüklüğü ve konumu pek yardımcı olmadı. 868'de, bir süre kalmak isteyen Viking işgalcileri, hayati önem taşıyan Mercian şehri Nottingham'ı işgal etti. Danimarkalıların Mercia Kralı'nı (biri Burgred) kovma kampanyasının bir parçası olarak Vikingler 874'te Tamworth'u görevden aldılar. 913'e kadar Aethellaed - "Meryalıların Hanımı" denilen yer yıkıldı yeniden inşa etti ve onu asıl ikametgahı yaptı. 926 yılında, Tamworth Kilisesi, Kral Aethelstan’ın kız kardeşi Sitric Caech’le, İskandinav Kralı Dublin’in ve Northumbria’nın evlenmesi için site olarak hizmet vermiştir. 1016'da Mercia, geçmişe şan ve şeref günleri, Cnut'a verildi.</Text>
		</Row>
		<Row Tag="LOC_PEDIA_CITYSTATES_PAGE_CIVILIZATION_THETFORD_CHAPTER_HISTORY_PARA_1">
			<Text>Thetford, Demir Çağı'ndan bir süre önce Little Ouse nehrinde önemli bir geçit etrafına yerleşti; Thetford, Doğu Anglia'nın Saksonya başkentiydi… en azından Kasım 869'a kadar, Angles'ın son yerli kralı Edmund “Şehit”, kendisinin ve ordusunun çoğunun komutasındaki Viking ev sahibi tarafından öldürülmesini sağladı. Kemiksiz Ivar ve kardeşi Ubba. Kasaba daha sonra Viking yönetiminde İngiltere'nin o bölgesi olan Danelaw'a düştü. Fakat şehirler için fena değildi, çünkü Vikingler altında 900'ler boyunca zenginleşti, geniş bir ford'da gezilebilir bir nehirde olduğu gibi yatıyordu. Konumu, onu ticaret ve işçilik merkezi yaptı (özellikle seramik üretimi). Ancak Sweyn Fordbeard’ın Vikingler ve İngilizlere yönelik kampanyaları 1004 ve 1010’da tekrar görevden alınmasına neden oldu. 1010’da İngiltere kralı Sweyn’le barış döndü.</Text>
		</Row>
		<Row Tag="LOC_PEDIA_CITYSTATES_PAGE_CIVILIZATION_TMUTARAKAN_CHAPTER_HISTORY_PARA_1">
			<Text>Tmutarakan, Karadeniz ile Azak Denizi arasındaki Kırım geçişinde yatan önde gelen bir ticaret merkezi olan Kiev Rus'un bir prensliği idi. Hazar, MS 7. Yüzyılda orada “büyük” bir kale inşa etmiş olsa da, Tmutarakan’ın satın almasının kesin tarihi ve koşulları bilinmese de, 10’un sonunda Rus tarafından kontrol edildi. Baharatlardan köleye kadar her malın uluslararası ticaret portalı, 1015'te ölümünden önce Büyük Vladimir tarafından oğullarına verilen kasabalardan biriydi. Vlad'ın oğlu Mstislav vefat ettikten sonra, Tmutarakan kısa ömürlü bir başarı ile yönetildi. küçük zavallılar. Hatta bir süre Bizans tarafından bile talep edildi. Fakat nihayet, 1083'te Oleg Svyatoslavich, kasabayı Rus'a ve ardından da ilk peşinden koşarak kar elde etti.</Text>
		</Row>
		<Row Tag="LOC_PEDIA_CITYSTATES_PAGE_CIVILIZATION_VENICE_CHAPTER_HISTORY_PARA_1">
			<Text>Po ve Piave nehirlerinin ağızları arasındaki bataklık lagününde, Venedik'in kurulması için kesin bir tarih bilinmemektedir, ancak bazı arkeolojik kanıtlar kentin asıl vatandaşlarının Germen işgallerinden ve Hunlardan kaçan Roma mültecileri olabileceğini göstermektedir. Asırlar geçtikçe aslen küçük yerleşim oradaki 118 adaya yayılmaya başladı, sakinleri yollarını küçük perçinler ve kanallar olarak kullanıyordu. MS 700'lerin sonlarında, ducal koltuk Venedik'e taşındı ve “Adriyatik Kraliçesi” nin doğumunun habercisi olan Evanjelist San Marco'ya adanmış bir bazilika inşa edildi. Ortaçağda şehir bir ticaret merkezi olarak gelişti. Avrupa ile dünyanın geri kalanı arasında stratejik konumu, ticari ve deniz gücünü Adriyatik'te eşsiz kılıyor.</Text>
		</Row>
		<Row Tag="LOC_PEDIA_CITYSTATES_PAGE_CIVILIZATION_WINCHESTER_CHAPTER_HISTORY_PARA_1">
			<Text>Romalılar geldikten kısa bir süre sonra, Winchester'a dönüşecek olan tepe bölgesindeki Belgae kabilesi işgalcileri açık kollarla karşıladı. Romalılar çekildikten sonra bile Roma kenti önemli bir pazar ve askeri merkez haline geldi. Sonunda Büyük Alfred, Ashdown'daki Danimarkalı Viking ordusunu yendikten sonra Batı Saksonlarının hükümdarı olduğunda, Winchester'ı MS 871'de yeniden doğmuş bir Wessex'in başkenti yaptı. Neredeyse hemen ardından, krallığın bir sonraki Danimarka saldırısına karşı savunmasını desteklemeye başladı. Winchester'da bu, duvarları güçlendirdiği ve birliklerin hareket etmesine yardımcı olmak için sokakları ızgara şeklinde yerleştirdiği için bir çeşit kentsel dönüşüm anlamına geliyordu. Ayrıca yerel milisleri “hızlı bir tepki kuvveti” olarak örgütledi. Hastings'teki savaşın ardından, Kral Harold’ın dul eşi Winchester’a sığındı, müstahkem kasabayı Normanlar’a savaşmadan teslim etti.</Text>
		</Row>
		<Row Tag="LOC_PEDIA_CITYSTATES_PAGE_CIVILIZATION_WOLIN_CHAPTER_HISTORY_PARA_1">
			<Text>Wolin, Pomeinaia kıyılarının hemen dışındaki Swina ve Dziwna nehirlerinin denize boşaldığı Baltık bir adadır. Dziwna'nın karşısındaki adaya yapılan ford, tarihin ulaştığı yere kadar uzandığı anlamına geliyordu. MS 9. yy'da bir noktada, görünüşe göre İskandinav ve Slavların bir karışımıyla doluydu; tahkimatlar hem ticari hem de balıkçılık merkezi haline geldiğinden bu döneme aittir. Nitekim, Viking Çağı boyunca, sadece Hedeby'nin arkasındaki ikinci en büyük Viking pazarı idi. Tarihçiler, Wolin'in 960'lar ve 1043 arasında var olan yarı-efsanevi Viking kalesi Jomsborg'un temeli olabileceğini iddia ettiler. Sagalara göre, Jomsvikings özel bir kodeksi uygulayan ve sadece sadık olan seçkin bir savaşçı grubu idi. liderlerine. Sözde, son kavgaları Sigvald öldüğünde, Jomsvikings'in çoğu, erkek kardeşi Thorkell'i izleyerek, Cnut'un şiddetli katilleri olarak silahlarını tuttukları yere gitti.</Text>
		</Row>
		<Row Tag="LOC_PEDIA_CITYSTATES_PAGE_CIVILIZATION_YORK_CHAPTER_HISTORY_PARA_1">
			<Text>Kuzey İngiltere'nin Saksonya yerleşiminden sonra, York, Deira krallığının başkenti ve ardından Northumbria idi. İlk olarak Vikingler tarafından ele geçirildi, MS 866'da, Kemiksiz Ivar'ın altındaki “Büyük Heathen Ordusu” (bu nedenle denirdi ya iktidarsız ya da bir bacağını kaçırıyordu, tarihçiler bunun için hemfikir olduğu). 875'te bir Viking sürüsü döndü ve lideri Halfdan, York'u Jorvik olarak bilinen yeni bir Viking krallığının merkezi yaptı. Yaklaşık 75 yıl sonra, Jorvik'in son kralı Eric Bloodaxe, kovuldu ve toprakları İngiltere'nin içine çekildi ve yerel güç York'un Earl'üne verildi. Earls altında, kasaba hem siyasi hem de dini bir koltuk haline geldi. Küpelerin bazıları İskandinav, bazıları İngilizceydi. Ancak Fatih'in bir kez gelmesi önemli değildi. Danimarkalı Vikinglerin Jorvik'i yeniden kurmak için ara sıra girişimleri olmasına rağmen, hepsi boşa çıktı.</Text>
		</Row>
		<Row Tag="LOC_PEDIA_GOVERNMENTS_PAGE_POLICY_ILKUM_CHAPTER_HISTORY_PARA_1">
			<Text>Leiðangr, mevsimsel baskınlar için İskandinav filosunu doldurmak ya da toprağı savunmak için bir nevi tercümandı… aslında, yaz aylarının iki ya da üçünü süren bir filo vergisi. Leigangr'dan bahseden tüm kaynaklar ortaçağ olduğu için, uygulamanın ne zaman başladığı ve ne kadar yaygın olduğu belirsizdir; Bu belirsiz hesaplara göre, her bölge (skipreida) yöneticileri tarafından talep edildiğinde bir gemi ve mürettebat sağlayacaktı.</Text>
		</Row>
		<Row Tag="LOC_PEDIA_GOVERNMENTS_PAGE_POLICY_MEDINA_QUARTER_CHAPTER_HISTORY_PARA_1">
			<Text>Bir şey (ya da çeşitli değişken yazımları), liderleri seçen, anlaşmazlıkları çözen, yasaları kabul eden, hukuka aykırılık yapan ve genel olarak serbest kalan kadınlardan oluşan bir İskandinav yerleşiminin (hatta il ve ülkelerin) “meclisi” idi. Vikinglerin birbirlerini öldürmelerini engellemeye çalıştım. Çoğunlukla, bu şey klan savaşlarına ve kan davalarına kültürel bir karşı ağırlık olarak çalışıyordu.</Text>
		</Row>
		<Row Tag="LOC_PEDIA_GOVERNMENTS_PAGE_POLICY_SIEGE_TACTICS_CHAPTER_HISTORY_PARA_1">
			<Text>Saldırdıkları kasabaların çoğunun ya duvarları ya da basit ahşap duvarları olmadığı ve Viking stratejisinin hareketlilik ve vahşet ve sürprizlere dayandığı göz önüne alındığında, Viking “kuşatma silahları” en çok doğaçlama koç ya da kuleler olma eğilimindeydi. Abbo’nun MS 845’te Paris’in kuşatmasından bahsettiklerinde, ham balyalardan geçerken bahsedilir… ancak başka hiçbir eseri Viking’lere kuşatma silahları kullanmak olarak atıfta bulunmaz; bunun yerine duvarlar üzerinde savaşmak ve içeri girmek için merdivenleri kullandılar.</Text>
		</Row>
		<Row Tag="LOC_PEDIA_GOVERNMENTS_PAGE_POLICY_VOLLEY_CHAPTER_HISTORY_PARA_1">
			<Text>İskandinav tarafından avlanma ya da savaş için yaygın olarak kullanılan yay, porsuk, kül ya da karaağaçtan yapıldı ve yaklaşık 90 pound çekildi; oklar demir veya kemik başları vardı. Viking Çağının sonlarında, İsveç ve Norveç'teki yasalar, genel bir toplayıcıya çağrıldığında serbest toprak sahiplerinin yalnızca bir kılıç veya balta ve bir kalkan getirmeyeceğini, aynı zamanda yay ve oklarla da silahlandırılacağını belirtti.</Text>
		</Row>
		<Row Tag="LOC_PEDIA_GOVERNMENTS_PAGE_POLICY_TRAVELING_MONKS_CHAPTER_HISTORY_PARA_1">
			<Text>Hristiyan keşişlerin çoğunun istikrarlı, manastır topluluklarında yaşadığı halde, ani emirlerde yoksulluk, gezici seyahat, evangelizasyon ve bakanlık gibi bir yaşam tarzı benimsemiştir. Dolayısıyla, toprakları ya da ticareti olmadığı için, bu “seyahat eden keşişler”, her zaman işe yaramadığı halde, refahları için vaaz ettikleri kişilerin iyi niyetine dayanıyordu.</Text>
		</Row>
		<Row Tag="LOC_PEDIA_GREATPEOPLE_PAGE_GREAT_PERSON_INDIVIDUAL_BJARNI_CHAPTER_HISTORY_PARA_1">
			<Text>Bazıları, Leif Erikson'a değil, Kuzey Amerika'yı “keşfetme” ününü alması gereken Bjarni Herjolfsson olduğuna inanıyor. İzlanda'da doğmuş bir tüccar kaptanı ve güzel bir oğul Her yaz Herjolfsson babasını ziyaret etmek için Norveç'ten yola çıkacaktı. Babasının Grönland için Kırmızı Erik'le birlikte yola çıktığını tespit eden Bjarni, onu bulmak için yola koyuldu, ancak bunun yerine - püskürtüldüğü gibi - ağaçlarla ve tepelerle kaplı ıssız bir sahil buldu. Ekibi keşfetmek istemesine rağmen, kaptan reddetti ve Grönland'a gitti. Bu, 986’da. Grönland'da, batıda zengin bir toprak hikayesi, Bjarni’nin yolculuğunu sürdürmeye karar veren Leif'in kulağını yakaladı.</Text>
		</Row>
		<Row Tag="LOC_PEDIA_GREATPEOPLE_PAGE_GREAT_PERSON_INDIVIDUAL_ERIK_CHAPTER_HISTORY_PARA_1">
			<Text>Erik Thorvaldsson (daha iyi Kırmızı Erik olarak bilinir), İzlanda’daki “medeni adamlar” şirketinden “bazı cinayetler” nedeniyle yasaklanan bir Norveçliydi ve Grönland’da ilk İskandinav yerleşimini kurdu. (Daha önce adam öldürmek için Norveç'ten kovulmuş olan babasının mirasını sürdürüyordu.) Diğer Vikingler daha önce Grönland'ı ziyaret etmesine rağmen, sagaların Erik'in üç yıl sürgününü araştırmak için harcadığını iddia ediyor. İzlanda'da kışlaştıktan sonra, bir dizi sömürgeci topladı ve MS 985'te Grönland'a döndü. Orada, Grönland tarafından Küçük Buz Devri sırasında terk edilinceye kadar birlikte mücadele etmeyi başaran iki yerleşim kurdu.</Text>
		</Row>
		<Row Tag="LOC_PEDIA_GREATPEOPLE_PAGE_GREAT_PERSON_INDIVIDUAL_INGVAR_CHAPTER_HISTORY_PARA_1">
			<Text>MS 10. ve 11. yüzyıllarda, kuzeyden Vikinglerin yanı sıra Rus Hazar Denizi'nde Saracens ve diğerlerine karşı baskınlar düzenledi. Sonuncusu Ingvar “Far-Traveled” liderliğinde, 1036'da muhtemelen eski Kral Anund Jakob'un himayesinde İsveç'ten ayrıldı. Sefer Volga'yı, Ingvar'ın altındaki Vikinglerin Sasireti savaşında yer aldığı Saracens topraklarına kadar indirdi. Buna rağmen, mevcut İskandinav sagalarının hiçbirinde Ingvar’ın yolculuğundan söz edilmiyor, fragman hikayesinin tek kaynağı İsveç’te Uppland’a dağılmış 26 rune taşı.</Text>
		</Row>
		<Row Tag="LOC_PEDIA_GREATPEOPLE_PAGE_GREAT_PERSON_INDIVIDUAL_FREYDIS_CHAPTER_HISTORY_PARA_1">
			<Text>Freydis'in bazen doğduğuna inanılıyor c. 970, Kırmızı Erik kızı ve Leif Erikson kız kardeşi (veya kız kardeşi) kızı. Bir kadın olarak, eski sagaların ikisinde yalnızca kısaca bahsedilir; 'Groenlendinga' ve 'Eiriks Rauda.' Her ne kadar ayrıntılar değişse de, ikisi de Vinland’a gidiyor, şanlı ve güçlü bir iradeli kadın. Ancak bir tanesinde “Red Skins” tarafından yapılan bir saldırı ile savaşmaya yardımcı oluyor; diğerinde, kendini kadınları katletmek için bir balta kullanarak rakip bir Viking kampına saldırdı. Her ikisinde de Grönland'a geri döner ve masallardan kaybolur.</Text>
		</Row>
		<Row Tag="LOC_PEDIA_GREATPEOPLE_PAGE_GREAT_PERSON_INDIVIDUAL_LEIF_CHAPTER_HISTORY_PARA_1">
			<Text>Old Norse'da, o Leifr; İzlanda'da - doğduğu topraklar - o Leifur; Norveç'te - kanının ülkesi - o Leiv. Yazım ne olursa olsun, Leif Erikson, İzlanda'daki Kırmızı Erik'le dünyaya geldi, c. 970 İzlanda sagasına göre, aynı zamanda Viking kaşiflerinin en büyüğüdür. Çünkü şimdi, Columbus'tan önce Kuzey Amerika'ya ilk inen Avrupalılar tarafından kabul ediliyor. Leif’in Vinland’i keşfetmesini çevreleyen tarihin tahmin edilebileceği gibi puslu olmasına rağmen, sagalara göre Newfoundland’ın kuzey ucunda (uzun süre dayanmayan) bir İskandinav yerleşimi kurdu.</Text>
		</Row>
		<Row Tag="LOC_PEDIA_GREATPEOPLE_PAGE_GREAT_PERSON_INDIVIDUAL_HALFDAN_CHAPTER_HISTORY_PARA_1">
			<Text>İngiltere’de 865’ten 878’e kadar yol alan Büyük Heathen Ordusu’nun liderlerinden biri olarak bilinen Halfdan Ragnarsson, birkaç yıldan beri tartışmalı Kral kralı ve Jorvik’in tartışılmaz kralı oldu. Çoğunlukla, 865'te Doğu Anglia'yı, ardından 866'da Northumbria'yı, ardından Mercia… tekrar Doğu Anglia'yı… Wessex… ve benzerlerini işgal ederek orduyla İngiltere'yi doyurdu. “Ulster'in Annals'ı” na göre, 875'de Dublin Kralı öldürüldü ve bir şekilde Halfdan taht aldı. Fakat Jorvik’i almak için geri döndüğü zaman, Dublin’de imha edildi. 877'de İrlanda'ya döndüğünde, Strangford Lough savaşında öldürüldü.</Text>
		</Row>
		<Row Tag="LOC_PEDIA_GREATPEOPLE_PAGE_GREAT_PERSON_INDIVIDUAL_RORIK_CHAPTER_HISTORY_PARA_1">
			<Text>Lothar I’ye babası Louis Pious’a karşı mücadelede yardımcı olmak için, birkaç küçük Viking lorduna 841’de Hrorik adında bir tane de dahil olmak üzere 841’de Frisia’da ölü Louis’in toprakları verildi. Orada Wieringen'e baskın yapmak için bir ada üssü kurdu. Saltanatı Dorestad'a uzandı… ya da öyle iddia etti. 850'de Hrorek, resmi olarak Dorestad ve Utrecht'i ele geçirip elinde tuttu. Viking, ustaca küfür etmeye ve vergi toplamaya istekli olduğundan, Lothar onu Friesland'ın hükümdarı olarak kabul etti. Dorestad’ın ticari bir liman olarak önemi çoktan azalmaya başlamıştı, bu yüzden büyük bir fedakarlık değildi. Hrorek 882'de öldüğünde toprakları “Deniz Kralı” Godfried'e verildi.</Text>
		</Row>
		<Row Tag="LOC_PEDIA_GREATPEOPLE_PAGE_GREAT_PERSON_INDIVIDUAL_SVIATOSLAV_CHAPTER_HISTORY_PARA_1">
			<Text>945’ten 972’de ölümüne kadar Kiev’deki Büyük Prens, Sviatoslav, Rus’un İskandinav’dan ziyade Slav’a sahip olan ilk hükümdarıydı. Aslında onun saltanatı, kaygıları ve kültürü şimdi Vikinglerden çarpıcı biçimde ayrılan Rus üzerindeki Varangyan etkisinin sona erdiğine işaret ediyor. Sviatoslav, hayata tipik Viking yaklaşımını uyguladı; çünkü yönetimi, Hazarlar, Bulgarlar, çeşitli Doğu Slav kabileleri, Alalar ve Volga Bulgarlarına karşı sürekli savaşla işaretlendi. Yıla bağlı olarak ya savaşıyor ya da Perchenegs ve Magyar'larla müttefikiydi. Ölümünde, Sviatoslav, o zamanlar Avrupa'nın en büyük devletini oymuştu.</Text>
		</Row>
		<Row Tag="LOC_PEDIA_GREATPEOPLE_PAGE_GREAT_PERSON_INDIVIDUAL_OLAF_CHAPTER_HISTORY_PARA_1">
			<Text>Olağanüstü beş yıl boyunca Norveç Kralı (MS 995-1000), Olaf Harald Fairhair'in torunu ve baş oğlu Tryggvi'nin oğluydu (çocuğun doğumundan hemen önce, Vikingler için bir mesleki tehlike). Efsaneye göre, Olaf’ın annesi Astrid bebeği aldı ve çocuğun Viking yöntemleriyle eğitildiği Kiev’e kaçtı. İngiltere'ye yapılan baskınlara katıldıktan sonra Olaf, Norveç'te Kral Haakon'a karşı yapılan bir isyanı öğrendi; Ondan sonra geri döndü, 995'te Haakon’un ölümü üzerine kral ilan edildi. Ve konularına - zorla - Hristiyanlık getirmeye çalıştı. Olaf, Svolder savaşında öldürülmeden önce fazla ilerleme kaydetmedi.</Text>
		</Row>
		<Row Tag="LOC_PEDIA_GREATPEOPLE_PAGE_GREAT_PERSON_INDIVIDUAL_WILLIAM_CHAPTER_HISTORY_PARA_1">
			<Text>William I - ayrıca, sebepsiz yere, Piç William ve Fatih William olarak bilinen - Vikinglerin soyundan sekiz yaşına geldiğinde Normandiya Dükü oldular. Fransa Kralı Henri I.’in desteğiyle William, gelene kadar evinde ve yaşamında takılmayı başardı. İddialı bir tür olan MS 1064’e kadar William, Britanny ve Maine’in komşu illerini Norman varlıklarına eklemeyi başarmıştı. 1066'da William, İngiliz tahtına yönelik incelikli iddiasını sürdürmek için Kanalın karşısına geçti. Hayatının geri kalanı daha sonra İngiltere'deki tutucusunu pekiştirmek, kıtasal topraklarına yönelik tehditleri azaltmak ve en büyük en büyük oğluyla başa çıkmak için harcandı.</Text>
		</Row>
		<Row Tag="LOC_PEDIA_GREATPEOPLE_PAGE_GREAT_PERSON_INDIVIDUAL_THORFIN_CHAPTER_HISTORY_PARA_1">
			<Text>Thorfinn, Sigurd Hlodvirsson'un beş oğlu, Orkney Earl'ü olan Earl'dü… ancak, Malcolm II. İskoçya'nın kızı olan earl’ın ikinci karısının tek çocuğu oldu. Sigurd 1011'de İrlanda'da öldürüldüğünde, Orkney hayatta kalan dört kardeş arasında bölündü ve iki yaşındaki Thorfinn en az pay aldı. Kral Malcolm ve Norveç Kralı Olaf’un desteğiyle, genç Thorfinn 1030’a kadar Orkneyler’in kontrolünü ele geçirdi. Thorfinn, hayatının geri kalanını Hebridler’i ele geçirmek, İrlanda’yı basmak, kuzeni Macbeth’in İskoç tahtını kazanmasını sağlamak ve konularını açmak için harcadı. Hıristiyan.</Text>
		</Row>
		<Row Tag="LOC_PEDIA_GREATPEOPLE_PAGE_GREAT_PERSON_INDIVIDUAL_ROGER_CHAPTER_HISTORY_PARA_1">
			<Text>Roger (aynı zamanda Jarl Rogeirr olarak da bilinir), 29 yıl sonra ölümüne kadar adayı Müslümanlardan geri alma çabalarının başlamasından Sicilya'ya özgü Norman Kont idi. Roger, açgözlü kardeşi Robert Guiscard'ın Bizanslılar'dan Calabria'yı almasına yardım etmek için ilk olarak MS 1057'de İtalya'ya gitti. 1061 Mayıs'ında kardeşler Sicilya'nın tamamını ele geçirmeye karar verdi. 1072 Ocak'ında Palermo'yu aldıktan sonra, suzerain olarak Robert, Roger'a “Sicilya Kontu” olarak yatırım yaptı. Papa, 1098'de Roger'a ve mirasçılarına adanın Apostolik Mirasını verdi.</Text>
		</Row>
		<Row Tag="LOC_PEDIA_CIVICS_PAGE_CIVIC_VIKING_CHAPTER_HISTORY_PARA_1">
			<Text>Tarihçi-dilbilimcilerin çoğu şimdi “Viking” terimini “korsan” anlamına gelen İskandinav vikingriyle ilişkilendirir; ancak çoğunun varsaydığı anlamda değil; daha doğrusu, sadece bir viking yapmak, sadece bu açılardan oluşmakla birlikte, keşif, ticaret veya paralı askerlik hizmetleri için herhangi bir denizaşırı keşif gezisi yapmak anlamına gelmekteydi.</Text>
		</Row>
		<Row Tag="LOC_PEDIA_CIVICS_PAGE_CIVIC_NAVAL_EMPIRE_CHAPTER_HISTORY_PARA_1">
			<Text>Vikingler kıyıları basmaya başladığında, çok az krallığın ayakta donanması olduğu için başarılı oldular. Krallar donanma yaratmaya başladığında, Viking egemenliğinin sona erdiğini gösterdi; Zaman zaman bir araya gelen “yüz gemi” Viking filoları, bireysel şeflerin ya da klanların önderlik ettiği küçük filolardan oluşan kitleler halinde hiçbir zaman bir uyum, oluşum ya da koordinasyon sağlamamıştır.</Text>
		</Row>
		<Row Tag="LOC_PEDIA_CIVICS_PAGE_CIVIC_MONOTHEISM_CHAPTER_HISTORY_PARA_1">
			<Text>Monoteizm, basitçe, sadece bir tanrı (veya tanrıça) olduğuna inanmaktır. Bu inanç, Zerdüştlük dönemine dayanabilir ve bugün hala Hristiyanlık, Sihizm ve diğerlerinde bulunur.</Text>
		</Row>
		<Row Tag="LOC_PEDIA_TECHNOLOGIES_PAGE_TECH_GREAT_HEATHEN_ARMY_CHAPTER_HISTORY_PARA_1">
			<Text>865 yılında, binlerce efsanevi Ragnar Lodbrok'un üç intikamcı oğlu tarafından yönetilen Doğu Anglia'ya binlerce Viking indi. Bu “Büyük Heathen Ordusu” İngiltere genelinde durdu, elinden geleni yaptı ve elinden geleni yaptı. Tarihe Büyük Alfred olarak bilinen Anglo-Sakson Kralı Alfred, nihayet 878’de Büyük Heathen Ordusunu yenmek için getirdi. Ancak Vikingler için kötü bir haber değildi, ancak ardından gelen anlaşma, kuzey ve doğu İngiltere’nin çoğunu verdi. Viking kuralına geçti.</Text>
		</Row>
		<Row Tag="LOC_PEDIA_TECHNOLOGIES_PAGE_TECH_KNARRS_CHAPTER_HISTORY_PARA_1">
			<Text>Viking knarr, bir kaç düzine ton ürünü ve mürettebatı uzun deniz seferlerinde taşıyabilecek ağır yük taşıyan bir kargo gemisiydi. Düzenli olarak Akdeniz, Baltık ve Kuzey denizlerinde ticaret seferlerine yatırım yapan knarr, İskandinav sömürgecilerini İzlanda, Grönland ve Vinland gibi yerlere de taşıdı. Bir uzun ömürlülük ayrılırken ne şık ne de pitoresk olmasına rağmen, knarr Viking filolarının gerçek işgücüydü.</Text>
		</Row>
		<Row Tag="LOC_PEDIA_TECHNOLOGIES_PAGE_TECH_LONGSHIPS_CHAPTER_HISTORY_PARA_1">
			<Text>Viking uzun ömürlü tasarımı, tarih öncesi İskandinav umilerinden 6. yüzyıldaki klinker yapımı Nydam gemisine kadar binlerce yıl boyunca gelişmiştir. 9. yüzyılda, uzun ömürlü zarif, uzun ama dar, sığ su çekişi (nehirleri yönlendirebilir) ve hafiftir (portage için). Hızlı ahşap gemiler, Vikings'i denizlerin ustaları yaptı ve ufuktaki uzun gemilerin görülmesi, 13. yüzyıla kadar Avrupa'nın çoğunda korku yarattı.</Text>
		</Row>
		<Row Tag="LOC_PEDIA_TECHNOLOGIES_PAGE_TECH_PORTAGE_CHAPTER_HISTORY_PARA_1">
			<Text>Portaging tekniği (veya “karada bir su kütlesinden diğerine gemileri taşıma”), bir kayaya açılan bir saldaki ilk mağara adamından beri olmuştur. Açıkçası, bu, bazı yerlerde diğerlerinden daha kolaydır - Viking uzun gemileri söz konusu olduğunda, bir portage'ı tanımak ve kurmak çok önemliydi. 8. ve 9. yüzyıllarda Viking maceracıları, Rus krallığını kurmak ve zenginleştirmek için Volga, Dvina, Dneiper ve Don nehirlerini birbirine bağlayan bir ağ ağı kullandı. (Taşınabilirlik için özel bir teknik ya da teknoloji gerekli değildi… sadece güçlü bir sırt.)</Text>
		</Row>
		<Row Tag="LOC_PEDIA_TECHNOLOGIES_PAGE_TECH_HACKSILVER_CHAPTER_HISTORY_PARA_1">
			<Text>Vikinglerin madeni para için çok az yararı vardı. Bunun yerine, Norsemen servetlerini “bilgisayar kılıcı” içinde bırakmayı tercih etti - ticaret yaptıkları veya yağmaladıkları gümüş eşyaları kestiler ya da büktüler. Kan bir kez yıkandıktan sonra, gümüş, mücevher ve haç kesmek, gerçek para vermek yerine çok daha az çaba harcadı. Vikings, birçok kuşak için korsan gümüşü tercih etti - gümüş, en yaygın kullanılan değerli metaldi ve çalışması en kolay olanıydı.</Text>
		</Row>
		<Row Tag="LOC_PEDIA_TECHNOLOGIES_PAGE_TECH_LANCES_CHAPTER_HISTORY_PARA_1">
			<Text>Bomba, insanları eğriltmek için keskin bir noktası olan uzun bir direk - Viking Çağı boyunca ağır süvari tarafından kullanılan başlıca silahtı. Norsemenlerin birkaçı onları kullandı ama düşmanlarının çoğu kullandı. Bizans süvarileri bu dönemde kordonları ('kontarion' olarak da bilinir) genel ya da koltuk altlarında yatar. Ancak, tam dörtnal, kapalı rütbeli yükleri düşman piyadelerine karşı çok etkili kılan Avrupalılardı… ve başka bir şekilde.</Text>
		</Row>
		<Row Tag="LOC_PEDIA_TECHNOLOGIES_PAGE_TECH_MEAD_HALLS_CHAPTER_HISTORY_PARA_1">
			<Text>Eski İskandinav mead salonları, 5-11. Yüzyıllar arasında, kabile şölen odaları ve arada Viking lordlarının ve onların hizmetçilerinin ikametgahlarıydı. İskandinav sagası ve efsaneleri, bir mead salonunun kullanılabileceği birçok kullanımla doludur - kutlamalar, törenler, festivaller, savaş konseyleri ... hatta cinayet! ('Ynglinga' efsanesi, Kral Ingjald'ın, astlarının uyurken yaktıkları bir mead salonu inşa etmesini anlatıyor.) Vikingler, Valhalla ve Sessrumnir'in efsanevi salonlarının izin vermelerine izin verecek kadar salonlarını yeterince alamadı. ölümden sonra bile.</Text>
		</Row>
		<Row Tag="LOC_PEDIA_TECHNOLOGIES_PAGE_TECH_SHIELDWALL_CHAPTER_HISTORY_PARA_1">
			<Text>Hem İskandinav sagalarında hem de Hristiyan kroniklerinde söz edilen kalkan duvarı - Yunan ve Roma oluşumlarından evrimleşmiş - hafif füze ateşine, toplu piyade ve hatta süvari suçlarına karşı bir engel oluşturmak için üst üste gelen kalkanları içeren basit bir savaş taktiğiydi. Bazı Viking klanları arasında favori bir oluşumdu ve Sakson ve Cermen düşmanları tarafından da kullanılıyordu. Viking akıncıları birçok sebepten dolayı baltaları tercih etmelerine rağmen, kalkan duvarının altındaki bacakları kesmek için idealdiler. Geç Ortaçağ'da, taktik uzun anketler lehine terk edildi. Bunlar, iki el ele geçirmek zorunda kaldı ve hem düşman piyade hem de süvariyi uzak tutmada daha etkiliydi.</Text>
		</Row>
	</BaseGameText>
</GameData>
