﻿<?xml version="1.0" encoding="utf-8"?>
<!-- edited with XMLSPY v2004 rel. 2 U (http://www.xmlspy.com) by matthew beach (Firaxis Games) -->
<GameData>
	<BaseGameText>
		<!-- City-State Empire Names-->
		<Row Tag="LOC_CIVILIZATION_SCENARIO_APUOLE_DESCRIPTION">
			<Text>Apuole Şehir Devleti</Text>
		</Row>
		<Row Tag="LOC_CIVILIZATION_SCENARIO_ARLES_DESCRIPTION">
			<Text>Burgonya Krallığı</Text>
		</Row>
		<Row Tag="LOC_CIVILIZATION_SCENARIO_ASILAH_DESCRIPTION">
			<Text>Asilah Şehir Devleti</Text>
		</Row>
		<Row Tag="LOC_CIVILIZATION_SCENARIO_BALARM_DESCRIPTION">
			<Text>Sicilya Emirliği</Text>
		</Row>
		<Row Tag="LOC_CIVILIZATION_SCENARIO_DUMBARTON_DESCRIPTION">
			<Text>Strathclyde Devleti</Text>
		</Row>
		<Row Tag="LOC_CIVILIZATION_SCENARIO_GIJON_DESCRIPTION">
			<Text>Asturias Krallığı</Text>
		</Row>
		<Row Tag="LOC_CIVILIZATION_SCENARIO_KAIROUAN_DESCRIPTION">
			<Text>Zirid Hanedanlığı</Text>
		</Row>
		<Row Tag="LOC_CIVILIZATION_SCENARIO_PAMPLONA_DESCRIPTION">
			<Text>Navarre Krallığı</Text>
		</Row>
		<Row Tag="LOC_CIVILIZATION_SCENARIO_PISA_DESCRIPTION">
			<Text>Pisa Cumhuriyeti</Text>
		</Row>
		<Row Tag="LOC_CIVILIZATION_SCENARIO_PRESLAV_DESCRIPTION">
			<Text>Bulgar Hanlığı</Text>
		</Row>
		<Row Tag="LOC_CIVILIZATION_SCENARIO_ROME_DESCRIPTION">
			<Text>Papalık Devleti</Text>
		</Row>
		<Row Tag="LOC_CIVILIZATION_SCENARIO_TAMWORTH_DESCRIPTION">
			<Text>Mersiya Krallığı</Text>
		</Row>
		<Row Tag="LOC_CIVILIZATION_SCENARIO_THETFORD_DESCRIPTION">
			<Text>Doğu Anglia Krallığı</Text>
		</Row>
		<Row Tag="LOC_CIVILIZATION_SCENARIO_TMUTARAKAN_DESCRIPTION">
			<Text>Tmutarakan Şehir Devleti</Text>
		</Row>
		<Row Tag="LOC_CIVILIZATION_SCENARIO_VENICE_DESCRIPTION">
			<Text>Venedik Cumhuriyeti</Text>
		</Row>
		<Row Tag="LOC_CIVILIZATION_SCENARIO_WINCHESTER_DESCRIPTION">
			<Text>Wessex Krallığı</Text>
		</Row>
		<Row Tag="LOC_CIVILIZATION_SCENARIO_WOLIN_DESCRIPTION">
			<Text>Wolin Şehir Devleti</Text>
		</Row>
		<Row Tag="LOC_CIVILIZATION_SCENARIO_YORK_DESCRIPTION">
			<Text>Northumbria Krallığı</Text>
		</Row>
		<!--Traits-->
		<Row Tag="LOC_TRAIT_CIVILIZATION_IMPROVEMENT_ALCAZAR_NAME">
			<Text>Endülüslerin benzersiz geliştirmesi: Alkazar</Text>
		</Row>
		<Row Tag="TRAIT_CIVILIZATION_UNIT_MOORISH_FARFANES_NAME">
			<Text>Endülüslerin benzersiz birimi: Farfan</Text>
		</Row>
		<Row Tag="TRAIT_CIVILIZATION_IMPROVEMENT_MONASTERY_NAME">
			<Text>Benzersiz Geliştirme: Manastır</Text>
		</Row>
		<Row Tag="TRAIT_CIVILIZATION_UNIT_QUADRIREME_NAME">
			<Text>Bizans benzersiz birimi: Kuadrirem</Text>
		</Row>
		<Row Tag="TRAIT_CIVILIZATION_UNIT_FRANKISH_CABALLARII_NAME">
			<Text>Frank benzersiz birimi: Kavallari</Text>
		</Row>
		<!--Denmark City Names-->
		<Row Tag="LOC_CITY_NAME_SCENARIO_ODENSE">
			<Text>Odense</Text>
		</Row>
		<Row Tag="LOC_CITY_NAME_SCENARIO_RIBE">
			<Text>Ribe</Text>
		</Row>
		<Row Tag="LOC_CITY_NAME_SCENARIO_ROSKILDE">
			<Text>Roskilde</Text>
		</Row>
		<Row Tag="LOC_CITY_NAME_SCENARIO_CAEN">
			<Text>Caen</Text>
		</Row>
		<Row Tag="LOC_CITY_NAME_SCENARIO_LUND">
			<Text>Lund</Text>
		</Row>
		<!--Sweden-->
		<Row Tag="LOC_CITY_NAME_SCENARIO_KOPINGSVIK">
			<Text>Köpingsvik</Text>
		</Row>
		<Row Tag="LOC_CITY_NAME_SCENARIO_BIRKA">
			<Text>Birka</Text>
		</Row>
		<Row Tag="LOC_CITY_NAME_SCENARIO_LADOGA">
			<Text>Ladoga</Text>
		</Row>
		<Row Tag="LOC_CITY_NAME_SCENARIO_KIEV">
			<Text>Kiev</Text>
		</Row>
		<Row Tag="LOC_CITY_NAME_SCENARIO_GNEZDOVO">
			<Text>Gnezdovo</Text>
		</Row>
		<!--Byzantium-->
		<Row Tag="LOC_CITY_NAME_SCENARIO_CONSTANTINOPLE">
			<Text>İstanbul</Text>
		</Row>
		<Row Tag="LOC_CITY_NAME_SCENARIO_ATTALEIA">
			<Text>Antalya</Text>
		</Row>
		<Row Tag="LOC_CITY_NAME_SCENARIO_DYRRACHIUM">
			<Text>Dyrrhachium</Text>
		</Row>
		<Row Tag="LOC_CITY_NAME_SCENARIO_PHILIPPOPOLIS">
			<Text>Filibe</Text>
		</Row>
		<Row Tag="LOC_CITY_NAME_SCENARIO_TREBIZOND">
			<Text>Trabzon</Text>
		</Row>
		<!--Al-Andalus-->
		<Row Tag="LOC_CITY_NAME_SCENARIO_SEVILLE">
			<Text>Sevilla</Text>
		</Row>
		<!--Francia-->
		<Row Tag="LOC_CITY_NAME_SCENARIO_AACHEN">
			<Text>Aachen</Text>
		</Row>
		<Row Tag="LOC_CITY_NAME_SCENARIO_NARBONNE">
			<Text>Narbonne</Text>
		</Row>
		<Row Tag="LOC_CITY_NAME_SCENARIO_POITIERS">
			<Text>Poitiers</Text>
		</Row>
		<Row Tag="LOC_CITY_NAME_SCENARIO_RUSTRINGEN">
			<Text>Rüstringen</Text>
		</Row>
		<Row Tag="LOC_CITY_NAME_SCENARIO_UTRECHT">
			<Text>Utrecht</Text>
		</Row>
		<!--Şehir Devletleri-->
		<Row Tag="LOC_CITY_NAME_SCENARIO_APUOLE">
			<Text>Apuole</Text>
		</Row>
		<Row Tag="LOC_CITY_NAME_SCENARIO_ARLES">
			<Text>Arles</Text>
		</Row>
		<Row Tag="LOC_CITY_NAME_SCENARIO_ASILAH">
			<Text>Asilah</Text>
		</Row>
		<Row Tag="LOC_CITY_NAME_SCENARIO_BALARM">
			<Text>Sicilya</Text>
		</Row>
		<Row Tag="LOC_CITY_NAME_SCENARIO_DUMBARTON">
			<Text>Dumbarton</Text>
		</Row>
		<Row Tag="LOC_CITY_NAME_SCENARIO_GIJON">
			<Text>Gijon</Text>
		</Row>
		<Row Tag="LOC_CITY_NAME_SCENARIO_KAIROUAN">
			<Text>Kayravan</Text>
		</Row>
		<Row Tag="LOC_CITY_NAME_SCENARIO_PAMPLONA">
			<Text>Pamplona</Text>
		</Row>
		<Row Tag="LOC_CITY_NAME_SCENARIO_PISA">
			<Text>Pisa</Text>
		</Row>
		<Row Tag="LOC_CITY_NAME_SCENARIO_ROME">
			<Text>Roma</Text>
		</Row>
		<Row Tag="LOC_CITY_NAME_SCENARIO_TAMWORTH">
			<Text>Mersiya</Text>
		</Row>
		<Row Tag="LOC_CITY_NAME_SCENARIO_THETFORD">
			<Text>Thetford</Text>
		</Row>
		<Row Tag="LOC_CITY_NAME_SCENARIO_TMUTARAKAN">
			<Text>Tmutarakan</Text>
		</Row>
		<Row Tag="LOC_CITY_NAME_SCENARIO_VENICE">
			<Text>Venice</Text>
		</Row>
		<Row Tag="LOC_CITY_NAME_SCENARIO_WINCHESTER">
			<Text>Winchester</Text>
		</Row>
		<Row Tag="LOC_CITY_NAME_SCENARIO_WOLIN">
			<Text>Wolin</Text>
		</Row>
		<Row Tag="LOC_CITY_NAME_SCENARIO_YORK">
			<Text>York</Text>
		</Row>
		<!--City-States-->
		<Row Tag="LOC_CIVILIZATION_SCENARIO_APUOLE_NAME">
			<Text>Apuole</Text>
		</Row>
		<Row Tag="LOC_CIVILIZATION_SCENARIO_ARLES_NAME">
			<Text>Arles</Text>
		</Row>
		<Row Tag="LOC_CIVILIZATION_SCENARIO_ASILAH_NAME">
			<Text>Asilah</Text>
		</Row>
		<Row Tag="LOC_CIVILIZATION_SCENARIO_BALARM_NAME">
			<Text>Sicilya</Text>
		</Row>
		<Row Tag="LOC_CIVILIZATION_SCENARIO_DUMBARTON_NAME">
			<Text>Dumbarton</Text>
		</Row>
		<Row Tag="LOC_CIVILIZATION_SCENARIO_GIJON_NAME">
			<Text>Gijon</Text>
		</Row>
		<Row Tag="LOC_CIVILIZATION_SCENARIO_KAIROUAN_NAME">
			<Text>Kayravan</Text>
		</Row>
		<Row Tag="LOC_CIVILIZATION_SCENARIO_PAMPLONA_NAME">
			<Text>Pamplona</Text>
		</Row>
		<Row Tag="LOC_CIVILIZATION_SCENARIO_PISA_NAME">
			<Text>Pisa</Text>
		</Row>
		<Row Tag="LOC_CIVILIZATION_SCENARIO_PRESLAV_NAME">
			<Text>Bulgaristan</Text>
		</Row>
		<Row Tag="LOC_CIVILIZATION_SCENARIO_ROME_NAME">
			<Text>Roma</Text>
		</Row>
		<Row Tag="LOC_CIVILIZATION_SCENARIO_TAMWORTH_NAME">
			<Text>Mersiya</Text>
		</Row>
		<Row Tag="LOC_CIVILIZATION_SCENARIO_THETFORD_NAME">
			<Text>Doğu Anglia</Text>
		</Row>
		<Row Tag="LOC_CIVILIZATION_SCENARIO_TMUTARAKAN_NAME">
			<Text>Tmutarakan</Text>
		</Row>
		<Row Tag="LOC_CIVILIZATION_SCENARIO_VENICE_NAME">
			<Text>Venice</Text>
		</Row>
		<Row Tag="LOC_CIVILIZATION_SCENARIO_WINCHESTER_NAME">
			<Text>Wessex</Text>
		</Row>
		<Row Tag="LOC_CIVILIZATION_SCENARIO_WOLIN_NAME">
			<Text>Wolin</Text>
		</Row>
		<Row Tag="LOC_CIVILIZATION_SCENARIO_YORK_NAME">
			<Text>Northumbria</Text>
		</Row>
		<!-- Civilizations Adj-->
		<Row Tag="LOC_CIVILIZATION_SCENARIO_DENMARK_ADJECTIVE">
			<Text>Danimarkalı</Text>
		</Row>
		<Row Tag="LOC_CIVILIZATION_SCENARIO_SWEDEN_ADJECTIVE">
			<Text>İsveçli</Text>
		</Row>
		<Row Tag="LOC_CIVILIZATION_SCENARIO_AL_ANDALUS_ADJECTIVE">
			<Text>Endülüslü</Text>
		</Row>
		<Row Tag="LOC_CIVILIZATION_SCENARIO_BYZANTIUM_ADJECTIVE">
			<Text>Bizanslı</Text>
		</Row>
		<Row Tag="LOC_CIVILIZATION_SCENARIO_FRANCIA_ADJECTIVE">
			<Text>Frankik</Text>
		</Row>
		<!--Şehir Devletis Adj-->
		<Row Tag="LOC_CIVILIZATION_SCENARIO_APUOLE_ADJECTIVE">
			<Text>Apuoleli</Text>
		</Row>
		<Row Tag="LOC_CIVILIZATION_SCENARIO_ARLES_ADJECTIVE">
			<Text>Arlesli</Text>
		</Row>
		<Row Tag="LOC_CIVILIZATION_SCENARIO_ASILAH_ADJECTIVE">
			<Text>Asilahlı</Text>
		</Row>
		<Row Tag="LOC_CIVILIZATION_SCENARIO_BALARM_ADJECTIVE">
			<Text>Sicilyalı</Text>
		</Row>
		<Row Tag="LOC_CIVILIZATION_SCENARIO_DUMBARTON_ADJECTIVE">
			<Text>Dumbartonlu</Text>
		</Row>
		<Row Tag="LOC_CIVILIZATION_SCENARIO_GIJON_ADJECTIVE">
			<Text>Gijonlu</Text>
		</Row>
		<Row Tag="LOC_CIVILIZATION_SCENARIO_KAIROUAN_ADJECTIVE">
			<Text>Kayravanlı</Text>
		</Row>
		<Row Tag="LOC_CIVILIZATION_SCENARIO_PAMPLONA_ADJECTIVE">
			<Text>Pamplonalı</Text>
		</Row>
		<Row Tag="LOC_CIVILIZATION_SCENARIO_PISA_ADJECTIVE">
			<Text>Pisalı</Text>
		</Row>
		<Row Tag="LOC_CIVILIZATION_SCENARIO_ROME_ADJECTIVE">
			<Text>Romalı</Text>
		</Row>
		<Row Tag="LOC_CIVILIZATION_SCENARIO_PRESLAV_ADJECTIVE">
			<Text>Bulgaristanlı</Text>
		</Row>
		<Row Tag="LOC_CIVILIZATION_SCENARIO_TAMWORTH_ADJECTIVE">
			<Text>Mersiyalı</Text>
		</Row>
		<Row Tag="LOC_CIVILIZATION_SCENARIO_THETFORD_ADJECTIVE">
			<Text>Doğu Anglialı</Text>
		</Row>
		<Row Tag="LOC_CIVILIZATION_SCENARIO_TMUTARAKAN_ADJECTIVE">
			<Text>Tmutarakanlı</Text>
		</Row>
		<Row Tag="LOC_CIVILIZATION_SCENARIO_VENICE_ADJECTIVE">
			<Text>Venice</Text>
		</Row>
		<Row Tag="LOC_CIVILIZATION_SCENARIO_WINCHESTER_ADJECTIVE">
			<Text>Wessexli</Text>
		</Row>
		<Row Tag="LOC_CIVILIZATION_SCENARIO_WOLIN_ADJECTIVE">
			<Text>Wolinli</Text>
		</Row>
		<Row Tag="LOC_CIVILIZATION_SCENARIO_YORK_ADJECTIVE">
			<Text>Northumbrianlı</Text>
		</Row>
		<!--Denmark-->
		<Row Tag="LOC_CITIZEN_DENMARK_SCENARIO_MALE_1">
			<Text>Magnus</Text>
		</Row>
		<Row Tag="LOC_CITIZEN_DENMARK_SCENARIO_MALE_2">
			<Text>Bjørk</Text>
		</Row>
		<Row Tag="LOC_CITIZEN_DENMARK_SCENARIO_MALE_3">
			<Text>Hrólfr</Text>
		</Row>
		<Row Tag="LOC_CITIZEN_DENMARK_SCENARIO_MALE_4">
			<Text>Gorm</Text>
		</Row>
		<Row Tag="LOC_CITIZEN_DENMARK_SCENARIO_MALE_5">
			<Text>Fróði</Text>
		</Row>
		<Row Tag="LOC_CITIZEN_DENMARK_SCENARIO_FEMALE_1">
			<Text>Helga</Text>
		</Row>
		<Row Tag="LOC_CITIZEN_DENMARK_SCENARIO_FEMALE_2">
			<Text>Tófa</Text>
		</Row>
		<Row Tag="LOC_CITIZEN_DENMARK_SCENARIO_FEMALE_3">
			<Text>Wealhþeow</Text>
		</Row>
		<Row Tag="LOC_CITIZEN_DENMARK_SCENARIO_FEMALE_4">
			<Text>Aslaug</Text>
		</Row>
		<Row Tag="LOC_CITIZEN_DENMARK_SCENARIO_FEMALE_5">
			<Text>Thyra</Text>
		</Row>
		<!--Sweden-->
		<Row Tag="LOC_CITIZEN_SWEDEN_MALE_1">
			<Text>Eric</Text>
		</Row>
		<Row Tag="LOC_CITIZEN_SWEDEN_SCENARIO_MALE_2">
			<Text>Håkan</Text>
		</Row>
		<Row Tag="LOC_CITIZEN_SWEDEN_SCENARIO_MALE_3">
			<Text>Anund</Text>
		</Row>
		<Row Tag="LOC_CITIZEN_SWEDEN_SCENARIO_MALE_4">
			<Text>Sven</Text>
		</Row>
		<Row Tag="LOC_CITIZEN_SWEDEN_SCENARIO_MALE_5">
			<Text>Alf</Text>
		</Row>
		<Row Tag="LOC_CITIZEN_SWEDEN_SCENARIO_FEMALE_1">
			<Text>Astrid</Text>
		</Row>
		<Row Tag="LOC_CITIZEN_SWEDEN_SCENARIO_FEMALE_2">
			<Text>Gunnhildr</Text>
		</Row>
		<Row Tag="LOC_CITIZEN_SWEDEN_SCENARIO_FEMALE_3">
			<Text>Ingeborg</Text>
		</Row>
		<Row Tag="LOC_CITIZEN_SWEDEN_SCENARIO_FEMALE_4">
			<Text>Þóra</Text>
		</Row>
		<Row Tag="LOC_CITIZEN_SWEDEN_SCENARIO_FEMALE_5">
			<Text>Christina</Text>
		</Row>
		<!--Great Admirals-->
		<Row Tag="LOC_GREAT_PERSON_INDIVIDUAL_SCENARIO_BJARNI_NAME">
			<Text>Bjarni Herjolfsson</Text>
		</Row>
		<Row Tag="LOC_GREAT_PERSON_INDIVIDUAL_SCENARIO_ERIK_NAME">
			<Text>Kızıl Eric</Text>
		</Row>
		<Row Tag="LOC_GREAT_PERSON_INDIVIDUAL_SCENARIO_INGVAR_NAME">
			<Text>Yngvarr víðförli</Text>
		</Row>
		<Row Tag="LOC_GREAT_PERSON_INDIVIDUAL_SCENARIO_FREYDIS_NAME">
			<Text>Freydís Eiríksdóttir</Text>
		</Row>
		<!--Great Generals  -->
		<Row Tag="LOC_GREAT_PERSON_INDIVIDUAL_SCENARIO_HALFDAN_NAME">
			<Text>Hálfdan Ragnarsson</Text>
		</Row>
		<Row Tag="LOC_GREAT_PERSON_INDIVIDUAL_SCENARIO_RORIK_NAME">
			<Text>Dorestad'ın Rorik</Text>
		</Row>
		<Row Tag="LOC_GREAT_PERSON_INDIVIDUAL_SCENARIO_SVIATOSLAV_NAME">
			<Text>Cesur Sviatoslav</Text>
		</Row>
		<Row Tag="LOC_GREAT_PERSON_INDIVIDUAL_SCENARIO_OLAF_NAME">
			<Text>Olaf Tryggvason</Text>
		</Row>
		<Row Tag="LOC_GREAT_PERSON_INDIVIDUAL_SCENARIO_WILLIAM_NAME">
			<Text>Fatih William</Text>
		</Row>
		<Row Tag="LOC_GREAT_PERSON_INDIVIDUAL_SCENARIO_THORFIN_NAME">
			<Text>Kudretli Thorfinn</Text>
		</Row>
		<Row Tag="LOC_GREAT_PERSON_INDIVIDUAL_SCENARIO_ROGER_NAME">
			<Text>Sicilyalı I.Roger</Text>
		</Row>
		<Row Tag="LOC_GREATPERSON_ADJACENT_PIOPIOTAHI_GOLD">
			<Text>Vinland'e bitişik olması durumunda, aktivasyon sırasına göre +500 [ICON_Gold] Altın ve Zafer puanı sağlar.</Text>
		</Row>
		<Row Tag="LOC_GREATPERSON_HALFDAN_ACTIVE">
			<Text>1 Berserker birimi verir.</Text>
		</Row>
		<Row Tag="LOC_GREATPERSON_OLAF_ACTIVE">
			<Text>1 Misyoner birimi verir.</Text>
		</Row>
		<Row Tag="LOC_GREATPERSON_WILLIAM_ACTIVE">
			<Text>+1 [ICON_TradeRoute] Ticaret Yolu kapasitesi. Tüccar birimi sağlar.</Text>
		</Row>
		<Row Tag="LOC_GREATPERSON_ROGER_ACTIVE">
			<Text>1 promosyona seviyesine sahip 1 Mancınık verir.</Text>
		</Row>
		<!--Technologies Name-->
		<Row Tag="LOC_TECH_SCENARIO_LONGSHIPS_NAME">
			<Text>Uzun Gemi</Text>
		</Row>
		<Row Tag="LOC_TECH_SCENARIO_MEAD_HALLS_NAME">
			<Text>Ziyafet Salonları</Text>
		</Row>
		<Row Tag="LOC_TECH_SCENARIO_PORTAGE_NAME">
			<Text>Kara Taşımacılığı</Text>
		</Row>
		<Row Tag="LOC_TECH_SCENARIO_SHIELDWALL_NAME">
			<Text>Duval Kalkanları</Text>
		</Row>
		<Row Tag="LOC_TECH_SCENARIO_KNARRS_NAME">
			<Text>Knarrlar</Text>
		</Row>
		<Row Tag="LOC_TECH_SCENARIO_LANCES_NAME">
			<Text>Mızraklar</Text>
		</Row>
		<Row Tag="LOC_TECH_SCENARIO_GREAT_HEATHEN_ARMY_NAME">
			<Text>Büyük Kafir Ordusu</Text>
		</Row>
		<Row Tag="LOC_TECH_SCENARIO_HACKSILVER_NAME">
			<Text>Gümüş Parçalar</Text>
		</Row>
		<!--Technologies Description-->
		<Row Tag="LOC_TECH_SCENARIO_SAILING_DESCRIPTION">
			<Text>Tüm deniz birimlerine +1 Hareket ve kara birimleri için bindirme yapma izni.</Text>
		</Row>
		<Row Tag="LOC_TECH_SCENARIO_PORTAGE_DESCRIPTION">
			<Text>Nedir geçişlerinde hareket maliyeti olmaz.</Text>
		</Row>
		<Row Tag="LOC_TECH_SCENARIO_KNARRS_DESCRIPTION">
			<Text>Tüm birimler Okyanus'ta hareket edebilir.</Text>
		</Row>
		<Row Tag="LOC_TECH_SCENARIO_HACKSILVER_DESCRIPTION">
			<Text>Ticaret Merkezi ve Limanlar'a, +1 Ticaret Yolu sağlar.</Text>
		</Row>
		<!--Technologies Boost-->
		<Row Tag="LOC_BOOST_TRIGGER_SCENARIO_PORTAGE">
			<Text>2 Okçu sahibi ol.</Text>
		</Row>
		<Row Tag="LOC_BOOST_TRIGGER_SCENARIO_STIRRIPS">
			<Text>Bir petek yağmala</Text>
		</Row>
		<Row Tag="LOC_BOOST_TRIGGER_SCENARIO_SHIELDWALL">
			<Text>Bir göçmen sahibi ol.</Text>
		</Row>
		<Row Tag="LOC_BOOST_TRIGGER_SCENARIO_KNARRS">
			<Text>Donanma İmparatoru bir ülke ol.</Text>
		</Row>
		<Row Tag="LOC_BOOST_TRIGGER_SCENARIO_ENGINEERING">
			<Text>5 şehir sahibi ol.</Text>
		</Row>
		<Row Tag="LOC_BOOST_TRIGGER_SCENARIO_LANCES">
			<Text>Bir Şövalye birimi öldür.</Text>
		</Row>
		<Row Tag="LOC_BOOST_TRIGGER_SCENARIO_GREAT_HEATHEN_ARMY">
			<Text>3 uzun gemi sahibi ol.</Text>
		</Row>
		<Row Tag="LOC_BOOST_TRIGGER_SCENARIO_HACKSILVER">
			<Text>4 Ticaret Yolu oluştur</Text>
		</Row>
		<Row Tag="LOC_BOOST_TRIGGER_SCENARIO_MACHINERY">
			<Text>2 Ahır inşa et.</Text>
		</Row>
		<Row Tag="LOC_BOOST_TRIGGER_SCENARIO_MILITARY_TACTICS">
			<Text>2 Şövalye birimine sahip ol.</Text>
		</Row>
		<Row Tag="LOC_BOOST_TRIGGER_SCENARIO_SHIPBUILDING">
			<Text>Büyük Amiral sahibi ol.</Text>
		</Row>
		<Row Tag="LOC_BOOST_TRIGGER_SCENARIO_MEDIEVAL_FAIRES">
			<Text>12 nüfuslu bir şehir sahibi ol.</Text>
		</Row>
		<Row Tag="LOC_BOOST_TRIGGER_SCENARIO_MILITARY_ENGINEERING">
			<Text>Bir şehir ele geçir.</Text>
		</Row>
		<Row Tag="LOC_BOOST_TRIGGER_SCENARIO_CASTLES">
			<Text>2 Arbaletli Asker sahibi ol.</Text>
		</Row>
		<!--Technologies Boost Description-->
		<Row Tag="LOC_BOOST_TRIGGER_LONGDESC_SCENARIO_PORTAGE">
			<Text>Okçular yaptıktan sonra, büyük ordunuz nehirlerin arkasında neler olduğunu öğrenmek istiyor.</Text>
		</Row>
		<Row Tag="LOC_BOOST_TRIGGER_LONGDESC_SCENARIO_STIRRIPS">
			<Text>Belki süvari birlikleri daha fazla peteği yapmalamanıza yardım eder?</Text>
		</Row>
		<Row Tag="LOC_BOOST_TRIGGER_LONGDESC_SCENARIO_SHIELDWALL">
			<Text>Yeni şehirler kendilerini savunacak yeni bir birim yaratıyor.</Text>
		</Row>
		<Row Tag="LOC_BOOST_TRIGGER_LONGDESC_SCENARIO_KNARRS">
			<Text>Daha büyük bir donanma filosu ile Okyanusa açılabilirler mi?</Text>
		</Row>
		<Row Tag="LOC_BOOST_TRIGGER_LONGDESC_SCENARIO_ENGINEERING">
			<Text>Mühendisleriniz, çok sayıda şehir için en iyi Sıhhi tesisat'ı geliştiriyor.</Text>
		</Row>
		<Row Tag="LOC_BOOST_TRIGGER_LONGDESC_SCENARIO_LANCES">
			<Text>Artık bir Şövalyeyi öldürdüğüne göre, belki Vikinglerinizle fethetmeye gidebilirsiniz?</Text>
		</Row>
		<Row Tag="LOC_BOOST_TRIGGER_LONGDESC_SCENARIO_GREAT_HEATHEN_ARMY">
			<Text>Ordunuz, herhangi bir şehre 3 Uzun Gemi ile saldırabilir.</Text>
		</Row>
		<Row Tag="LOC_BOOST_TRIGGER_LONGDESC_SCENARIO_HACKSILVER">
			<Text>Artık dört Ticaret Yolu yaptığına göre, Ticaret İmparatorluğun nasıl genişleyecek?</Text>
		</Row>
		<Row Tag="LOC_BOOST_TRIGGER_LONGDESC_SCENARIO_MILITARY_TACTICS">
			<Text>Ordunun artık daha çok süvarisi var, belki piyade eklemelisin?</Text>
		</Row>
		<Row Tag="LOC_BOOST_TRIGGER_LONGDESC_SCENARIO_SHIPBUILDING">
			<Text>Büyük bir Amiral, halkınıza gemi inşa etmenin yeni yollarını düşünmek için ilham kaynağı oldu.</Text>
		</Row>
		<Row Tag="LOC_BOOST_TRIGGER_LONGDESC_SCENARIO_MEDIEVAL_FAIRES">
			<Text>Vatandaşların sayısı giderek artmakta ve Eğlence merkezi istemektedirler.</Text>
		</Row>
		<Row Tag="LOC_BOOST_TRIGGER_LONGDESC_SCENARIO_MILITARY_ENGINEERING">
			<Text>Bir şehrin ele geçirilmesi, halkınızın bir kuşatma gerçekleştirmek için daha iyi fikirler üretmesine ilham kaynağı oldu.</Text>
		</Row>
		<!--Civics Name-->
		<Row Tag="LOC_CIVIC_SCENARIO_NAVAL_EMPIRE_NAME">
			<Text>Deniz imparatorluğu</Text>
		</Row>
		<Row Tag="LOC_CIVIC_SCENARIO_MONOTHEISM_NAME">
			<Text>Tanrısallık</Text>
		</Row>
		<Row Tag="LOC_CIVIC_SCENARIO_VIKING_NAME">
			<Text>Viking</Text>
		</Row>
		<!--Civics Description-->
		<Row Tag="LOC_CIVIC_SCENARIO_VIKING_DESCRIPTION">
			<Text>Tüm yakın saldırı birimlerine, Kanat ve takviye mücadele bosusu verir.</Text>
		</Row>
		<Row Tag="LOC_CIVIC_SCENARIO_FEUDALISM_DESCRIPTION">
			<Text>3 Çiftlik birbirine bitişik olduğunda, Çiftlikler [ICON_Food] Gıda bonusu sağlar.</Text>
		</Row>
		<!--Civics Boost-->
		<Row Tag="LOC_BOOST_TRIGGER_SCENARIO_NAVAL_TRADITION">
			<Text>3 Liman inşa edin.</Text>
		</Row>
		<Row Tag="LOC_BOOST_TRIGGER_SCENARIO_MILITARY_TRADITION">
			<Text>Berserker birimi ile bir birimi öldür.</Text>
		</Row>
		<Row Tag="LOC_BOOST_TRIGGER_SCENARIO_NAVAL_EMPIRE">
			<Text>Viking Uzun Gemisi ile savaş kazanın.</Text>
		</Row>
		<Row Tag="LOC_BOOST_TRIGGER_SCENARIO_MILITARY_TRAINING">
			<Text>6 Kara birimine sahip ol.</Text>
		</Row>
		<Row Tag="LOC_BOOST_TRIGGER_SCENARIO_MONOTHEISM">
			<Text>Çoğunluk Dinine Sahip Olun.</Text>
		</Row>
		<Row Tag="LOC_BOOST_TRIGGER_SCENARIO_VIKING">
			<Text>2 Hüskar sahibi olun.</Text>
		</Row>
		<Row Tag="LOC_BOOST_TRIGGER_SCENARIO_FEUDALISM">
			<Text>6 Çiftlik sahibi olun.</Text>
		</Row>
		<Row Tag="LOC_BOOST_TRIGGER_SCENARIO_THEOLOGY">
			<Text>2 Kutsal Site sahibi olun.</Text>
		</Row>
		<Row Tag="LOC_BOOST_TRIGGER_SCENARIO_MERCENARIES">
			<Text>10 Kara biriminiz olsun.</Text>
		</Row>
		<Row Tag="LOC_BOOST_TRIGGER_SCENARIO_RECORDED_HISTORY">
			<Text>Makine teknolojisini araştır.</Text>
		</Row>
		<Row Tag="LOC_BOOST_TRIGGER_SCENARIO_GUILDS">
			<Text>4 Pazar inşa et.</Text>
		</Row>
		<Row Tag="LOC_BOOST_TRIGGER_SCENARIO_DIVINE_RIGHT">
			<Text>4 slotlu bir Hükümet sahibi olun.</Text>
		</Row>
		<Row Tag="LOC_BOOST_TRIGGER_SCENARIO_EXPLORATION">
			<Text>Bir Doğal Harika bulun.</Text>
		</Row>
		<Row Tag="LOC_BOOST_TRIGGER_SCENARIO_REFORMED_CHURCH">
			<Text>2 Misyoner sahibi olun.</Text>
		</Row>
		<!--Civics Boost Description-->
		<Row Tag="LOC_BOOST_TRIGGER_LONGDESC_SCENARIO_MILITARY_TRADITION">
			<Text>Berserker'la öldürüldüğüne göre, Ordunu büyütebilir misin?</Text>
		</Row>
		<Row Tag="LOC_BOOST_TRIGGER_LONGDESC_SCENARIO_NAVAL_TRADITION">
			<Text>Limanlar inşa edildikten sonra donanma büyüdü.</Text>
		</Row>
		<Row Tag="LOC_BOOST_TRIGGER_LONGDESC_SCENARIO_MILITARY_TRAINING">
			<Text>Ordunuz, geniş bir askeriye ile çeşitlenmek istiyor.</Text>
		</Row>
		<Row Tag="LOC_BOOST_TRIGGER_LONGDESC_SCENARIO_MONOTHEISM">
			<Text>Halkınız Pagan'ın fikirlerinden uzaklaşmaya başladı. Şimdi ahşap kiliseler inşa etmeye başlıyorlar.</Text>
		</Row>
		<Row Tag="LOC_BOOST_TRIGGER_LONGDESC_SCENARIO_VIKING">
			<Text>Ordu büyüdüğüne göre artık Viking'e gitme zamanı!</Text>
		</Row>
		<Row Tag="LOC_BOOST_TRIGGER_LONGDESC_SCENARIO_THEOLOGY">
			<Text>İlahiyatçılarınız, daha çok Kutsal Site ile fikirlerini yaymaya başladılar.</Text>
		</Row>
		<Row Tag="LOC_BOOST_TRIGGER_LONGDESC_SCENARIO_RECORDED_HISTORY">
			<Text>Makinenin keşfedilmesi, kilisenin kayıp belgelerinden bazılarını çözmemize yardımcı olabilir.</Text>
		</Row>
		<Row Tag="LOC_BOOST_TRIGGER_LONGDESC_SCENARIO_EXPLORATION">
			<Text>Şimdi Vinland'ı bulduğunuza göre, hükümetinizde nasıl bir değişim meydana gelecek?</Text>
		</Row>
		<Row Tag="LOC_BOOST_TRIGGER_LONGDESC_SCENARIO_REFORMED_CHURCH">
			<Text>İlahiyatçılar işe aldıktan sonra, halkınız yeni dini uygulamalar oluşturmaya başladı.</Text>
		</Row>
		<!--Scoring-->
		<Row Tag="LOC_CATEGORY_SCENARIO_VINLAND_NAME">
			<Text>Vinland</Text>
		</Row>
		<Row Tag="LOC_LINE_ITEM_PLUNDER_NAME">
			<Text>Yağma</Text>
		</Row>
		<Row Tag="LOC_LINE_ITEM_TRADE_NAME">
			<Text>Ticaret</Text>
		</Row>
		<Row Tag="LOC_LINE_ITEM_VINLAND_NAME">
			<Text>Vinland</Text>
		</Row>
		<Row Tag="LOC_VIKING_SCENARIO_RELIGION_DESCRIPTION">
			<Text>Bu senaryoda [ICON_Faith] İnancınız, öncelikle Kutsal Siteler, Alkazar, Manastırlar ve and Tarlaları yağmalamak yoluyla kazanır. Her [ICON_Faith] İnanç kazandığınızda, şehirleriniz Katolikliğin uygulanması için daha fazla baskı alacaktır.</Text>
		</Row>
		<Row Tag="LOC_VIKING_SCENARIO_SCORING_DESCRIPTION1">
			<Text>Şehirler yıkılamaz. Tüccarlar ve Amiraller, şehirler arasında nakil yapılamaz. Zafer Puanları aşağıdaki gibi kazanılır:[NEWLINE][ICON_Bullet]İmparatorluk: Şehir başına {1_CityVP} VP. Nüfus başına {2_PopVP} VP.[NEWLINE][ICON_Bullet]Prestij: Kazanılan Her [ICON_GreatPerson] Ünlü Kişi için {3_GPVP} VP.[NEWLINE][ICON_Bullet]Ticaret: [ICON_TradeRoute] Ticaret yolu kapasitesi başına {4_TradeVP} VP.[NEWLINE][ICON_Bullet]Yağma: Her Yağmalanan petek başına {5_PillageVP} VP.</Text>
		</Row>
		<Row Tag="LOC_VIKING_SCENARIO_SCORING_DESCRIPTION2">
			<Text>[NEWLINE][ICON_Bullet]Vinland: Vinland'a bitişik bir [ICON_GreatAdmiral] Büyük Amiral'i, ilk önce faliyete geçirirse {1_VinlandA} VP , ikincilik için {2_VinlandB}, üçüncülük için {3_VinlandC}, sonrası için {4_VinlandD}.</Text>
		</Row>
		<Row Tag="LOC_VIKING_SCENARIO_SCORING_DESCRIPTION3">
			<Text>[NEWLINE][ICON_Bullet]Din: Şehirlerinizin yarısı aynı dindeyken bir petek yağmalamaktan kazanılan her [ICON_Faith] İnanç başına {1_PillageEarly} VP. Şehirlerinizin yarısı veya daha fazlası aynı dine sahip olduğunda, nüfus başına {2_PopLate} VP.[NEWLINE][ICON_Bullet]Bonus: Son tur'da, Viking oyuncusunun hazinesindeki her {4_GoldPer} [ICON_Gold] Altın için {3_GoldEnd} VP ve Viking oyuncusunun şu anda sahip olduğu her {6_FaithPer} [ICON_Faith] İnanç için {5_FaithEnd} VP.</Text>
		</Row>
		<!--Features-->
		<Row Tag="LOC_FEATURE_SCENARIO_VINLAND_NAME">
			<Text>Vinland</Text>
		</Row>
		<Row Tag="LOC_FEATURE_SCENARIO_VINLAND_DESCRIPTION">
			<Text>VP Puanları: Birinci için 1000, ikinci için 500, üçüncü için 300, dörtüncü için 100 ve beşinci için 100.</Text>
		</Row>
		<!--Policies-->
		<Row Tag="LOC_POLICY_SCENARIO_LEIDANGR_NAME">
			<Text>Leiðangr</Text>
		</Row>
		<Row Tag="LOC_POLICY_SCENARIO_VOLLEY_NAME">
			<Text>Yaylık Ateşi</Text>
		</Row>
		<Row Tag="LOC_POLICY_SCENARIO_THING_NAME">
			<Text>Şey</Text>
		</Row>
		<Row Tag="LOC_POLICY_SCENARIO_TRAVELING_MONKS_NAME">
			<Text>Seyahat Rahibeleri</Text>
		</Row>
		<!--Policies Descriptions-->
		<Row Tag="LOC_POLICY_SCENARIO_CARAVANSERIES_DESCRIPTION">
			<Text>Uluslararası [ICON_TradeRoute] Ticaret yollarından, +2 [ICON_Gold] Altın.</Text>
		</Row>
		<Row Tag="LOC_POLICY_SCENARIO_CHIVALRY_DESCRIPTION">
			<Text>Monte edilen birimlere yönelik, +%100 [ICON_Production] Üretim.</Text>
		</Row>
		<Row Tag="LOC_POLICY_SCENARIO_FEUDAL_CONTRACT_DESCRIPTION">
			<Text>Yakın saldırı birimlerine yönetlik +%50 [ICON_Production] Üretim.</Text>
		</Row>
		<Row Tag="LOC_POLICY_SCENARIO_MARITIME_INDUSTRIES_DESCRIPTION">
			<Text>Deniz birimlerine yönelik +%100 [ICON_Production] Üretim.</Text>
		</Row>
		<Row Tag="LOC_POLICY_SCENARIO_MERITOCRACY_DESCRIPTION">
			<Text>Her şehire, Oluşturduğu her özel bölge için +1 [ICON_Faith] İnanç.</Text>
		</Row>
		<Row Tag="LOC_POLICY_SCENARIO_NATURAL_PHILOSOPHY_DESCRIPTION">
			<Text>Ordugahlardan +%100 [ICON_Science] Bilim.</Text>
		</Row>
		<Row Tag="LOC_POLICY_SCENARIO_SIEGE_TACTICS_DESCRIPTION">
			<Text>Kuşatma ve destek birimlerine yönelik +%100 [ICON_Production] Üretim.</Text>
		</Row>
		<Row Tag="LOC_POLICY_SCENARIO_TRADE_CONFEDERATION_DESCRIPTION">
			<Text>Uluslararası [ICON_TradeRoute] Ticaret Yollarından, +4 [ICON_Gold] Altın.</Text>
		</Row>
		<Row Tag="LOC_POLICY_SCENARIO_TRAVELING_MONKS_DESCRIPTION">
			<Text>Yerel [ICON_TradeRoute] Ticaret Yollarından +2 [ICON_Faith] İnanç.</Text>
		</Row>
		<Row Tag="LOC_POLICY_SCENARIO_VOLLEY_DESCRIPTION">
			<Text>Menzilli birimlere yönelik +%100 [ICON_Production] Üretim.</Text>
		</Row>
		<!--Units Name-->
		<Row Tag="LOC_UNIT_SCENARIO_HUSCARL_NAME">
			<Text>Hüskar</Text>
		</Row>
		<!--Units Description-->
		<Row Tag="LOC_UNIT_SCENARIO_HUSCARL_DESCRIPTION">
			<Text>Menzilli saldırılara karşı güçlü olan Yakın saldırı birimi. Düşük [ICON_Production] Üretim maliyetli.</Text>
		</Row>
		<Row Tag="LOC_UNIT_SCENARIO_MISSIONARY_DESCRIPTION">
			<Text>[ICON_Citizen] Vatandaşları dinlerinden döndürebilen benzersiz bir Viking birimi.</Text>
		</Row>
		<!--Unit Abilities-->
		<Row Tag="LOC_ABILITY_GREAT_GENERAL_POINTS_DESCRIPTION">
			<Text>Öldürülen her birim için +10 Harika General puan.</Text>
		</Row>
		<Row Tag="LOC_ABILITY_GREAT_ADMIRAL_POINTS_DESCRIPTION">
			<Text>Öldürülen her birim için +10 Harika Amiral puanı.</Text>
		</Row>
		<Row Tag="LOC_ABILITY_RANGED_DEFENSE_DESCRIPTION">
			<Text>+10 [ICON_Strength] Menzilli saldırılara karşı savunma yaparken Savaş Gücü.</Text>	
		</Row>
		<!--Continent Descriptions-->
		<Row Tag="LOC_CONTINENT_SCENARIO_BRITAIN_DESCRIPTION">
			<Text>Büyük Britanya</Text>
		</Row>
		<Row Tag="LOC_CONTINENT_SCENARIO_FAROE_DESCRIPTION">
			<Text>Faroe Adaları</Text>
		</Row>
		<Row Tag="LOC_CONTINENT_SCENARIO_GREENLAND_DESCRIPTION">
			<Text>Grönland</Text>
		</Row>
		<Row Tag="LOC_CONTINENT_SCENARIO_HEBRIDES_DESCRIPTION">
			<Text>Hebrides</Text>
		</Row>
		<Row Tag="LOC_CONTINENT_SCENARIO_ICELAND_DESCRIPTION">
			<Text>İzlanda</Text>
		</Row>
		<Row Tag="LOC_CONTINENT_SCENARIO_IRELAND_DESCRIPTION">
			<Text>İrlanda</Text>
		</Row>
		<Row Tag="LOC_CONTINENT_SCENARIO_NORTHERN_ISLES_DESCRIPTION">
			<Text>Kuzey Adaları</Text>
		</Row>
		<Row Tag="LOC_CONTINENT_SCENARIO_SCANDINAVIA_DESCRIPTION">
			<Text>İskandinavya</Text>
		</Row>
		<Row Tag="LOC_CONTINENT_SCENARIO_VINLAND_DESCRIPTION">
			<Text>Vinland</Text>
		</Row>
		<!--Continent Cities-->
		<Row Tag="LOC_CITY_NAME_SCENARIO_TORSHAVN">
			<Text>Tórshavn</Text>
		</Row>
		<Row Tag="LOC_CITY_NAME_SCENARIO_FUNNINGUR">
			<Text>Funningur</Text>
		</Row>
		<Row Tag="LOC_CITY_NAME_SCENARIO_LEIRVIK">
			<Text>Leirvik</Text>
		</Row>
		<Row Tag="LOC_CITY_NAME_SCENARIO_BRATTAHLID">
			<Text>Brattahlíð</Text>
		</Row>
		<Row Tag="LOC_CITY_NAME_SCENARIO_HVALSEY">
			<Text>Hvalsey</Text>
		</Row>
		<Row Tag="LOC_CITY_NAME_SCENARIO_SANDNAES">
			<Text>Sandnæs</Text>
		</Row>
		<Row Tag="LOC_CITY_NAME_SCENARIO_GARDAR">
			<Text>Garðar</Text>
		</Row>
		<Row Tag="LOC_CITY_NAME_SCENARIO_HERJOLFSNES">
			<Text>Herjolfsnes</Text>
		</Row>
		<Row Tag="LOC_CITY_NAME_SCENARIO_SKID">
			<Text>Skíð</Text>
		</Row>
		<Row Tag="LOC_CITY_NAME_SCENARIO_MYL">
			<Text>Myl</Text>
		</Row>
		<Row Tag="LOC_CITY_NAME_SCENARIO_BARR_OY">
			<Text>Bjarnar-øy</Text>
		</Row>
		<Row Tag="LOC_CITY_NAME_SCENARIO_REYKJAVIK">
			<Text>Reykjavík</Text>
		</Row>
		<Row Tag="LOC_CITY_NAME_SCENARIO_HUSAVIK">
			<Text>Húsavík</Text>
		</Row>
		<Row Tag="LOC_CITY_NAME_SCENARIO_AKRANES">
			<Text>Akranes</Text>
		</Row>
		<Row Tag="LOC_CITY_NAME_SCENARIO_SKALHOLT">
			<Text>Skálaholt</Text>
		</Row>
		<Row Tag="LOC_CITY_NAME_SCENARIO_DYFLIN">
			<Text>Dyflin</Text>
		</Row>
		<Row Tag="LOC_CITY_NAME_SCENARIO_INIS_SIBHTONN">
			<Text>Inis Sibhtonn</Text>
		</Row>
		<Row Tag="LOC_CITY_NAME_SCENARIO_VEDRAFJORDR">
			<Text>Veðrafjǫrðr,</Text>
		</Row>
		<Row Tag="LOC_CITY_NAME_SCENARIO_VEISAFJORDR">
			<Text>Veisafjǫrðr</Text>
		</Row>
		<Row Tag="LOC_CITY_NAME_SCENARIO_KIRKJUVAGR">
			<Text>Kirkjuvagr</Text>
		</Row>
		<Row Tag="LOC_CITY_NAME_SCENARIO_SKALAVAGR">
			<Text>Skálavágr</Text>
		</Row>
		<Row Tag="LOC_CITY_NAME_SCENARIO_BIRGISHERD">
			<Text>Birgisherað</Text>
		</Row>
		<Row Tag="LOC_CITY_NAME_SCENARIO_EID">
			<Text>Eið</Text>
		</Row>
		<!--Religion-->
		<Row Tag="LOC_BELIEF_ODIN_NAME">
			<Text>Odin</Text>
		</Row>
		<Row Tag="LOC_BELIEF_ODIN_DESCRIPTION">
			<Text>Bir peteği yağmalarken baskın bir dininiz yoksa, +100 [ICON_Gold] Altın.</Text>
		</Row>
		<Row Tag="LOC_BELIEF_POPULATION_GROWTH_NAME">
			<Text>Nüfus Artışı</Text>
		</Row>
		<Row Tag="LOC_BELIEF_POPULATION_GROWTH_DESCRIPTION">
			<Text>Eğer bu din baskın bir dinse, nüfusuntan iki kat zafer puanı.</Text>
		</Row>
		<!--Buildings-->
		<Row Tag="LOC_BUILDING_SCENARIO_HAGIA_SOPHIA_DESCRIPTION">
			<Text>Bizans için benzersiz bir Harika.</Text>
		</Row>
		<Row Tag="LOC_BUILDING_SCENARIO_ALHAMBRA_DESCRIPTION">
			<Text>Endülüs için benzersiz bir Harika.</Text>
		</Row>
		<Row Tag="LOC_BUILDING_SCENARIO_MONT_ST_MICHEL_DESCRIPTION">
			<Text>Francia için benzersiz bir Harika.</Text>
		</Row>
		<!--Float-->
		<Row Tag="LOC_PILLAGE_GOLD_DESCRIPTION">
			<Text>+100 [COLOR_FLOAT_GOLD]Altın[ENDCOLOR]</Text>
		</Row>
		<Row Tag="LOC_VINLAND_GOLD_DESCRIPTION">
			<Text>+500 [COLOR_FLOAT_GOLD]Altın[ENDCOLOR]</Text>
		</Row>
		<Row Tag="LOC_WORLD_POINTS_FLOATER">
			<Text>[COLOR_GREEN]+{1_Num} Puan[ENDCOLOR]</Text>
		</Row>
		<!--District-->
		<Row Tag="LOC_DISTRICT_SCENARIO_ENCAMPMENT_DESCRIPTION">
			<Text>Şehrin askeri faliyetleri için olan bölgesi. Ayrıca bilim sağlar.</Text>
		</Row>
		<Row Tag="LOC_DISTRICT_SCENARIO_HOLY_SITE_DESCRIPTION">
			<Text>Şehrin dini ibadetler için olan bölgesi. Ayrıca kültür sağlar.</Text>
		</Row>
	</BaseGameText>
</GameData>